transek_id,region_code,lat,lon,n_silang_pantai,domain_mangrove,Y_now_m,v_edge_m_yr,MS_current_m,MS_uncertainty,MS_pred_6m,MS_pred_12m,B_hard_tersensor,opp_space_m,v_closure_m_yr,P_closed_1yr,P_closed_5yr,RFI_score,RFI_baru,kandidat_restorasi_baru,kelas_tanpa_mangrove,PERI_index,Gi_Zscore,PSN_overlap,Intervention_Type,kawasan_id,typ_kawasan
TRS_CIR_0001,CIR,-6.829026009541451,109.08926335765429,1,False,,,,,,,,1900.0,,,,,0.40773241119676823,False,amblesan >= 1 cm/th (restorasi biasa tidak layak),,,False,ABU,CIR_K001,ABU
TRS_CIR_0002,CIR,-6.827302809506337,109.08788987859607,1,False,,,,,,,,1950.0,,,,,0.4549527828008841,False,amblesan >= 1 cm/th (restorasi biasa tidak layak),,,False,ABU,CIR_K001,ABU
TRS_CIR_0003,CIR,-6.825562269938503,109.08661122176365,1,False,,,,,,,,2830.0,,,,,0.47312797880852625,False,amblesan >= 1 cm/th (restorasi biasa tidak layak),,,False,ABU,CIR_K001,ABU
TRS_CIR_0004,CIR,-6.823794847503591,109.08546208615253,1,False,,,,,,,,2850.0,,,,,0.4749532057993084,False,amblesan >= 1 cm/th (restorasi biasa tidak layak),,,False,ABU,CIR_K001,ABU
TRS_CIR_0005,CIR,-6.822036040695469,109.08440680534508,1,False,,,,,,,,2890.0,,,,,0.477794741624622,False,amblesan >= 1 cm/th (restorasi biasa tidak layak),,,False,ABU,CIR_K001,ABU
TRS_CIR_0006,CIR,-6.820587389861818,109.08286240095427,1,False,,,,,,,,2890.0,,,,,0.4775760887626334,False,amblesan >= 1 cm/th (restorasi biasa tidak layak),,,False,ABU,CIR_K001,ABU
TRS_CIR_0007,CIR,-6.818945608062365,109.08176379901626,1,False,,,,,,,,2930.0,,,,,0.4654290281369384,False,amblesan >= 1 cm/th (restorasi biasa tidak layak),,,False,ABU,CIR_K001,ABU
TRS_CIR_0008,CIR,-6.817349760681667,109.08067238223946,1,False,,,,,,,,2990.0,,,,,0.5264474105971079,False,amblesan >= 1 cm/th (restorasi biasa tidak layak),,,False,ABU,CIR_K001,ABU
TRS_CIR_0009,CIR,-6.815824955870899,109.07950948134753,1,False,,,,,,,,2990.0,,,,,0.5295939918944872,False,amblesan >= 1 cm/th (restorasi biasa tidak layak),,,False,ABU,CIR_K001,ABU
TRS_CIR_0010,CIR,-6.8143109182817145,109.07841929417118,1,False,,,,,,,,2990.0,,,,,0.4599949063350273,False,amblesan >= 1 cm/th (restorasi biasa tidak layak),,,False,ABU,CIR_K001,ABU
TRS_CIR_0011,CIR,-6.8128152640350494,109.07739212117532,1,False,,,,,,,,2530.0,,,,,0.5471286494951878,False,lainnya,,,False,ABU,CIR_K001,ABU
TRS_CIR_0012,CIR,-6.811572093010062,109.07578773363761,1,False,,,,,,,,2870.0,,,,,0.5622252605889532,False,lainnya,,,False,ABU,CIR_K001,ABU
TRS_CIR_0013,CIR,-6.81097254307106,109.07117368248217,1,True,359.7383366249332,2.8471639621307476,3140.2616633750667,12.936563162845664,3138.8380813940016,3137.414499412936,True,2900.0,2.8471639621307476,0.0,2.50038130840022e-199,0.6381080883071213,,,,1.7476915339742024e-199,-0.3904905275998828,False,ORANGE,CIR_K002,ORANGE
TRS_CIR_0014,CIR,-6.8100294459095085,109.06672370254168,1,True,717.6335549197626,-0.590505838575224,2782.3664450802376,210.36439344990694,2782.661697999525,2782.9569509188127,True,2610.0,-0.590505838575224,8.366023621764841e-40,1.535401674944288e-31,0.5522390185926866,,,,1.8146046244525708e-31,-0.3904905275998828,False,ORANGE,CIR_K002,ORANGE
TRS_CIR_0015,CIR,-6.808542049255116,109.0652724512869,1,True,620.0555407392534,-0.9536124715771636,2879.9444592607465,12.802787624840473,2880.421265496535,2880.898071732324,True,2790.0,-0.9536124715771636,0.0,1.2718470388073594e-169,0.5945651456537411,,,,2.5251587818322022e-169,-0.3904905275998828,False,ORANGE,CIR_K002,ORANGE
TRS_CIR_0016,CIR,-6.806554162682526,109.0679369663492,1,True,650.0170943869721,2.3838441352187774,2849.982905613028,12.802784888607171,2848.7909835454184,2847.5990614778093,True,2670.0,2.3838441352187774,0.0,9.10398645950007e-165,0.5357264113908605,,,,8.461417314906023e-165,-0.3904905275998828,False,ORANGE,CIR_K002,ORANGE
TRS_CIR_0017,CIR,-6.8051785967429055,109.06792326594785,1,True,520.007044192009,0.9822850741470694,2979.992955807991,12.802784888607171,2979.5018132709174,2979.010670733844,True,2920.0,0.9822850741470694,0.0,7.919859620345009e-181,0.5565044239202142,,,,7.670248997244983e-181,-0.3904905275998828,False,ORANGE,CIR_K002,ORANGE
TRS_CIR_0018,CIR,-6.800862657867412,109.07941643419207,3,True,633.480328996308,3.920761772484026,2426.519671003692,199.4940713200649,2424.55929011745,2422.598909231208,False,2470.0,3.920761772484026,8.009187936116646e-34,5.05870381531059e-26,0.5108053010058378,,,,0.0,-0.4626951447649219,False,ORANGE,CIR_K003,ORANGE
TRS_CIR_0019,CIR,-6.79895997040668,109.08093306927739,3,True,429.97299027467085,-3.8230644633919963,2760.027009725329,12.802786501253689,2761.9385419570253,2763.850074188721,False,2430.0,-3.8230644633919963,0.0,8.373614079124827e-158,0.48738983317595214,,,,0.0,-0.494996117269504,False,ORANGE,CIR_K003,ORANGE
TRS_CIR_0020,CIR,-6.797608200336131,109.08055280210031,3,True,460.7569103411255,0.036142962080346286,2769.2430896588744,12.802786501253689,2769.2250181778345,2769.206946696794,False,2610.0,0.036142962080346286,0.0,1.118485800445591e-156,0.5431102319472936,,,,0.0,-0.5253991621009502,False,ORANGE,CIR_K003,ORANGE
TRS_CIR_0021,CIR,-6.796696422688525,109.07897999837787,3,True,529.9999999999967,-4.598914146068077e-10,2610.000000000003,12.803014340003152,2610.0000000002333,2610.000000000463,False,2110.0,-4.598914146068077e-10,0.0,1.8732484334515623e-139,0.5144579971268612,,,,0.0,-0.5542170602455946,False,ORANGE,CIR_K003,ORANGE
TRS_CIR_0022,CIR,-6.795927690024489,109.0773342517342,1,True,488.40817217373007,-2.3657271340136754,3011.5918278262698,12.802786501253689,3012.774691393277,3013.9575549602837,True,2760.0,-2.3657271340136754,0.0,2.4827207727238284e-186,0.5980339327503387,,,,3.6279510965569026e-187,-0.5816857845188755,False,ORANGE,CIR_K003,ORANGE
TRS_CIR_0023,CIR,-6.79507233542253,109.07626668936993,1,True,409.24359151321863,-4.8550566463953935,3010.7564084867813,12.802786501209317,3013.183936809979,3015.611465133177,False,2740.0,-4.8550566463953935,0.0,9.533739441070024e-188,0.5698561340749777,,,,1.3931466171917054e-188,-0.5816857845188755,False,ORANGE,CIR_K003,ORANGE
TRS_CIR_0024,CIR,-6.793903599651057,109.075806243653,1,True,407.6152340959881,-3.9320566991432284,3092.384765904012,12.802786501209317,3094.3507942535834,3096.3168226031553,True,2900.0,-3.9320566991432284,0.0,2.835323730111642e-197,0.6118601641105793,,,,1.0780219560801299e-197,-0.5816857845188755,False,ORANGE,CIR_K003,ORANGE
TRS_CIR_0025,CIR,-6.79245235314296,109.07582347190034,1,True,380.7464851016318,-5.712846205644592,3119.2535148983684,12.802786501209317,3122.1099380011906,3124.966361104013,True,2760.0,-5.712846205644592,0.0,8.840178515722048e-202,0.5865921501005871,,,,1.2917979215474247e-202,-0.5542170602455946,False,ORANGE,CIR_K003,ORANGE
TRS_CIR_0026,CIR,-6.790845575010275,109.07603981004796,1,True,389.9873039272158,-6.182696822121763,3110.0126960727844,12.803014335460045,3113.104044483845,3116.195392894906,True,2810.0,-6.182696822121763,0.0,6.586782920554342e-201,0.6173665228393133,,,,9.625136496195735e-202,-0.5253991621009502,False,ORANGE,CIR_K003,ORANGE
TRS_CIR_0027,CIR,-6.7890642238697305,109.07671234079092,1,True,409.996652756233,-0.47766635936092117,3090.003347243767,12.803014338775274,3090.2421804234473,3090.481013603128,True,2910.0,-0.47766635936092117,0.0,8.062992372044347e-195,0.6334754631387323,,,,1.1782292370154574e-195,-0.494996117269504,False,ORANGE,CIR_K003,ORANGE
TRS_CIR_0028,CIR,-6.787180133472003,109.07772809064781,1,True,421.4956541327,-2.292660184779407,3078.5043458673,12.802786501253689,3079.6506759596896,3080.7970060520793,True,2790.0,-2.292660184779407,0.0,1.614209036336867e-194,0.5863667286037751,,,,2.3588119565396788e-195,-0.4626951447649219,False,ORANGE,CIR_K003,ORANGE
TRS_CIR_0029,CIR,-6.78431875870258,109.08724555664212,3,True,539.9998440991654,-0.021739001722032483,2960.0001559008347,12.803014338775274,2960.0110254016954,2960.0218949025566,True,2810.0,-0.021739001722032483,0.0,1.044420082304125e-178,0.5579129827709617,,,,0.0,-0.3904905275998828,False,ORANGE,CIR_K004,ORANGE
TRS_CIR_0030,CIR,-6.782743240740559,109.0874536219214,1,True,511.51166301865135,-0.40586162706976614,2988.4883369813488,12.802787624840601,2988.6912677948835,2988.8941986084183,True,2080.0,-0.40586162706976614,0.0,4.0720362508112244e-182,0.5011133961647418,,,,0.0,-0.3904905275998828,False,ORANGE,CIR_K004,ORANGE
TRS_CIR_0031,CIR,-6.7810238703334775,109.0889804271284,1,True,649.9931402714889,-0.9566627558784534,2850.0068597285112,12.802787624840477,2850.48519110645,2850.9635224843896,True,1630.0,-0.9566627558784534,0.0,3.602189387622457e-166,0.47741314586628203,,,,0.0,-0.3904905275998828,False,ORANGE,CIR_K004,ORANGE
TRS_CIR_0032,CIR,-6.780710687439996,109.08897461781405,1,True,509.98285211433665,-2.3914908637430154,2990.0171478856632,12.802787624840601,2991.212893317535,2992.4086387494062,True,1240.0,-2.3914908637430154,0.0,1.6979017545483456e-183,0.48680092296445215,,,,0.0,-0.3904905275998828,False,ORANGE,CIR_K004,ORANGE
TRS_CIR_0033,CIR,-6.780346393690529,109.08865832682788,1,True,489.98136652532116,-2.3670656796093135,3010.0186334746786,12.802786501253689,3011.2021663144833,3012.385699154288,True,1280.0,-2.3670656796093135,0.0,3.850388007984175e-186,0.49254714058073656,,,,0.0,-0.3904905275998828,False,ORANGE,CIR_K004,ORANGE
TRS_CIR_0034,CIR,-6.774947064554304,109.06640241246457,1,True,337.65366983561546,-25.848558221892745,3162.3463301643847,30.20493200024265,3175.270609275331,3188.1948883862774,True,2910.0,-25.848558221892745,0.0,6.882858794008559e-206,0.6205304556915199,,,,3.9905686265959225e-206,,False,ORANGE,CIR_K005,ORANGE
TRS_CIR_0035,CIR,-6.7524326670459764,109.06571164330866,3,True,88.84054052245492,-51.53288810274876,3411.159459477545,12.802784888562794,3436.9259035289197,3462.6923475802937,True,3310.0,-51.53288810274876,0.0,9.73137812414089e-274,0.5550931591965287,,,,0.0,,False,ORANGE,CIR_K006,ORANGE
TRS_CIR_0036,CIR,-6.790617583314154,109.02564174017256,1,False,,,,,,,,2990.0,,,,,0.5078095023059249,False,amblesan >= 1 cm/th (restorasi biasa tidak layak),,,False,ABU,CIR_K007,ABU
TRS_CIR_0037,CIR,-6.789853911764079,109.0228590363882,1,False,,,,,,,,2990.0,,,,,0.49598722686229574,False,amblesan >= 1 cm/th (restorasi biasa tidak layak),,,False,ABU,CIR_K007,ABU
TRS_CIR_0038,CIR,-6.789220986873271,109.02021544560542,1,True,439.340346877315,0.42413885781887783,3060.659653122685,12.802786501209317,3060.4475836937754,3060.235514264866,True,2950.0,0.42413885781887783,0.0,1.2492079689938862e-190,0.6164936140586739,,,,9.720727430618045e-191,,False,ORANGE,CIR_K007,ABU
TRS_CIR_0039,CIR,-6.789084192808032,109.01785867865705,1,False,,,,,,,,2990.0,,,,,0.5686616630480141,False,amblesan >= 1 cm/th (restorasi biasa tidak layak),,,False,ABU,CIR_K007,ABU
TRS_CIR_0040,CIR,-6.789490390167334,109.01576723080636,1,False,,,,,,,,2990.0,,,,,0.6186182190585052,False,amblesan >= 1 cm/th (restorasi biasa tidak layak),,,False,ABU,CIR_K007,ABU
TRS_CIR_0041,CIR,-6.790901067764073,109.0140806396501,1,False,,,,,,,,2990.0,,,,,0.5729103037853727,False,amblesan >= 1 cm/th (restorasi biasa tidak layak),,,False,ABU,CIR_K007,ABU
TRS_CIR_0042,CIR,-6.793252242711353,109.01270311745122,1,False,,,,,,,,1790.0,,,,,0.4832076714899712,False,amblesan >= 1 cm/th (restorasi biasa tidak layak),,,False,ABU,CIR_K007,ABU
TRS_CIR_0043,CIR,-6.796691388110397,109.01162250609032,1,True,400.0,0.0,1750.0,204.89409924198603,1750.0,1750.0,False,1740.0,0.0,1.0455903865008927e-17,4.2063532737440037e-14,0.49403511771026665,,,,3.656295689932522e-14,-0.24644055807718246,False,ORANGE,CIR_K007,ABU
TRS_CIR_0044,CIR,-6.7998455177293415,109.010322635502,1,True,500.0,0.0,1500.0,265.2697519208128,1500.0,1500.0,False,1490.0,0.0,8.92626528279242e-09,1.2886697570288935e-07,0.5150460079971539,,,,1.2358876380230754e-07,-0.24644055807718246,False,ORANGE,CIR_K007,ABU
TRS_CIR_0045,CIR,-6.802342278604755,109.00878561168574,1,False,,,,,,,,1140.0,,,,,0.34068293095608215,False,amblesan >= 1 cm/th (restorasi biasa tidak layak),,,False,ABU,CIR_K007,ABU
TRS_CIR_0046,CIR,-6.80348686692337,109.00678713135798,1,False,,,,,,,,1050.0,,,,,0.3075145670082379,False,amblesan >= 1 cm/th (restorasi biasa tidak layak),,,False,ABU,CIR_K007,ABU
TRS_CIR_0047,CIR,-6.803125610376375,109.00427477189419,1,False,,,,,,,,1590.0,,,,,0.44920407459218065,False,amblesan >= 1 cm/th (restorasi biasa tidak layak),,,False,ABU,CIR_K007,ABU
TRS_CIR_0048,CIR,-6.801243112568551,109.00124330565218,1,False,,,,,,,,1750.0,,,,,0.4806751054852321,False,amblesan >= 1 cm/th (restorasi biasa tidak layak),,,False,ABU,CIR_K007,ABU
TRS_CIR_0049,CIR,-6.798969350698003,108.99807835619798,1,False,,,,,,,,1970.0,,,,,0.49480911686142043,False,amblesan >= 1 cm/th (restorasi biasa tidak layak),,,False,ABU,CIR_K007,ABU
TRS_CIR_0050,CIR,-6.798807763832306,108.99563418529958,1,False,,,,,,,,2140.0,,,,,0.45363625950399883,False,amblesan >= 1 cm/th (restorasi biasa tidak layak),,,False,ABU,CIR_K007,ABU
TRS_CIR_0051,CIR,-6.800802873883582,108.99392594929539,1,False,,,,,,,,2990.0,,,,,0.5417310934647203,False,amblesan >= 1 cm/th (restorasi biasa tidak layak),,,False,ABU,CIR_K007,ABU
TRS_CIR_0052,CIR,-6.801747731279232,108.99185932991112,1,False,,,,,,,,2990.0,,,,,0.5646011788004083,False,amblesan >= 1 cm/th (restorasi biasa tidak layak),,,False,ABU,CIR_K007,ABU
TRS_CIR_0053,CIR,-6.8025960191338966,108.98975975691921,1,False,,,,,,,,2900.0,,,,,0.5568774985623524,False,amblesan >= 1 cm/th (restorasi biasa tidak layak),,,False,ABU,CIR_K007,ABU
TRS_CIR_0054,CIR,-6.8034150920339025,108.9876502140845,1,True,459.982283532413,-2.4704922853614124,3040.017716467587,12.802784888619993,3041.252962610268,3042.4882087529486,True,2900.0,-2.4704922853614124,0.0,3.2078349065305345e-190,0.6438641691901924,,,,3.655114628969776e-191,,False,ORANGE,CIR_K007,ABU
TRS_CIR_0055,CIR,-6.804389320879605,108.98559361099332,1,False,,,,,,,,2900.0,,,,,0.5305882923517143,False,amblesan >= 1 cm/th (restorasi biasa tidak layak),,,False,ABU,CIR_K007,ABU
TRS_CIR_0056,CIR,-6.805334644793362,108.98352714292056,1,False,,,,,,,,2990.0,,,,,0.613364957063361,False,amblesan >= 1 cm/th (restorasi biasa tidak layak),,,False,ABU,CIR_K007,ABU
TRS_CIR_0057,CIR,-6.8061285914875835,108.98140902269539,1,False,,,,,,,,2990.0,,,,,0.5974072707699564,False,amblesan >= 1 cm/th (restorasi biasa tidak layak),,,False,ABU,CIR_K007,ABU
TRS_CIR_0058,CIR,-6.80652669807133,108.97915584297186,1,False,,,,,,,,2990.0,,,,,0.5168480696824119,False,amblesan >= 1 cm/th (restorasi biasa tidak layak),,,False,ABU,CIR_K007,ABU
TRS_CIR_0059,CIR,-6.806271804233206,108.97667986954036,1,False,,,,,,,,2990.0,,,,,0.5336027331074111,False,amblesan >= 1 cm/th (restorasi biasa tidak layak),,,False,ABU,CIR_K007,ABU
TRS_CIR_0060,CIR,-6.805741425978583,108.97410991576832,1,True,500.0,0.0,3000.0,265.2697519208128,3000.0,3000.0,True,2990.0,0.0,9.964837669410188e-30,3.380106589899986e-25,0.6581635432556112,,,,1.920582391911383e-25,-0.24644112259437068,False,ORANGE,CIR_K007,ABU
TRS_CIR_0061,CIR,-6.80531902664479,108.97169880437005,1,False,,,,,,,,2990.0,,,,,0.545169317321216,False,amblesan >= 1 cm/th (restorasi biasa tidak layak),,,False,ABU,CIR_K007,ABU
TRS_CIR_0062,CIR,-6.80550564962448,108.96952325413758,1,True,530.00360285007,0.4767776186176249,2969.99639714993,12.936647289495937,2969.758008340621,2969.5196195313124,True,2940.0,0.4767776186176249,0.0,7.138520808253639e-180,0.6431666859378312,,,,4.056119830537836e-180,-0.24644112259437068,False,ORANGE,CIR_K007,ABU
TRS_CIR_0063,CIR,-6.809437992734539,108.96844248308092,1,False,,,,,,,,2990.0,,,,,0.542462887812365,False,amblesan >= 1 cm/th (restorasi biasa tidak layak),,,False,ABU,CIR_K007,ABU
TRS_CIR_0064,CIR,-6.812434116670065,108.96699202595138,1,False,,,,,,,,2990.0,,,,,0.6070029157536038,False,amblesan >= 1 cm/th (restorasi biasa tidak layak),,,False,ABU,CIR_K007,ABU
TRS_CIR_0065,CIR,-6.814488711381203,108.96522246307227,1,False,,,,,,,,2990.0,,,,,0.5899693775312929,False,amblesan >= 1 cm/th (restorasi biasa tidak layak),,,False,ABU,CIR_K007,ABU
TRS_CIR_0066,CIR,-6.81595081306217,108.96326678268288,1,False,,,,,,,,2970.0,,,,,0.5849940027155217,False,amblesan >= 1 cm/th (restorasi biasa tidak layak),,,False,ABU,CIR_K007,ABU
TRS_CIR_0067,CIR,-6.817293028759396,108.96125851499181,1,False,,,,,,,,2840.0,,,,,0.6004168470740052,False,amblesan >= 1 cm/th (restorasi biasa tidak layak),,,False,ABU,CIR_K007,ABU
TRS_CIR_0068,CIR,-6.818123884947061,108.95912810145816,1,False,,,,,,,,2930.0,,,,,0.5859095182549626,False,amblesan >= 1 cm/th (restorasi biasa tidak layak),,,False,ABU,CIR_K007,ABU
TRS_CIR_0069,CIR,-6.819133136527236,108.9570253874189,1,False,,,,,,,,2840.0,,,,,0.603855906182524,True,kandidat restorasi baru,,,False,ABU,CIR_K007,ABU
TRS_CIR_0070,CIR,-6.820074257927775,108.95490161025926,1,False,,,,,,,,2990.0,,,,,0.5802050636943318,False,amblesan >= 1 cm/th (restorasi biasa tidak layak),,,False,ABU,CIR_K007,ABU
TRS_CIR_0071,CIR,-6.8207289657941175,108.95273011726526,1,False,,,,,,,,2990.0,,,,,0.5681623763627065,False,amblesan >= 1 cm/th (restorasi biasa tidak layak),,,False,ABU,CIR_K007,ABU
TRS_CIR_0072,CIR,-6.82138286003156,108.95056128135104,1,False,,,,,,,,2980.0,,,,,0.4327706105804823,False,amblesan >= 1 cm/th (restorasi biasa tidak layak),,,False,ABU,CIR_K007,ABU
TRS_CIR_0073,CIR,-6.822235237179876,108.94841558259378,1,False,,,,,,,,2140.0,,,,,0.4689525086425595,False,amblesan >= 1 cm/th (restorasi biasa tidak layak),,,False,ABU,CIR_K007,ABU
TRS_CIR_0074,CIR,-6.823727272544392,108.94631918209278,1,False,,,,,,,,1820.0,,,,,0.4277831872768581,False,amblesan >= 1 cm/th (restorasi biasa tidak layak),,,False,ABU,CIR_K007,ABU
TRS_CIR_0075,CIR,-6.824288574164479,108.9441335312963,1,False,,,,,,,,1950.0,,,,,0.48800173103970573,False,amblesan >= 1 cm/th (restorasi biasa tidak layak),,,False,ABU,CIR_K007,ABU
TRS_CIR_0076,CIR,-6.8246133519103935,108.94194286957148,1,False,,,,,,,,2970.0,,,,,0.4988898427716993,False,amblesan >= 1 cm/th (restorasi biasa tidak layak),,,False,ABU,CIR_K007,ABU
TRS_CIR_0077,CIR,-6.8247496159278,108.93976162912942,1,False,,,,,,,,2990.0,,,,,0.4972865146227831,False,amblesan >= 1 cm/th (restorasi biasa tidak layak),,,False,ABU,CIR_K007,ABU
TRS_CIR_0078,CIR,-6.824816304857344,108.93760145498649,1,False,,,,,,,,2990.0,,,,,0.48792707323252166,False,amblesan >= 1 cm/th (restorasi biasa tidak layak),,,False,ABU,CIR_K007,ABU
TRS_CIR_0079,CIR,-6.824775463395513,108.93544366260748,1,False,,,,,,,,2990.0,,,,,0.5290362422998637,False,amblesan >= 1 cm/th (restorasi biasa tidak layak),,,False,ABU,CIR_K007,ABU
TRS_CIR_0080,CIR,-6.824583183059729,108.93326614071728,1,False,,,,,,,,2990.0,,,,,0.5572990270293517,False,amblesan >= 1 cm/th (restorasi biasa tidak layak),,,False,ABU,CIR_K007,ABU
TRS_CIR_0081,CIR,-6.824033102618195,108.93108631789225,1,False,,,,,,,,2970.0,,,,,0.5633510106083945,False,amblesan >= 1 cm/th (restorasi biasa tidak layak),,,False,ABU,CIR_K007,ABU
TRS_CIR_0082,CIR,-6.824511035257725,108.92883679497167,1,False,,,,,,,,2830.0,,,,,0.5487386855862054,False,amblesan >= 1 cm/th (restorasi biasa tidak layak),,,False,ABU,CIR_K007,ABU
TRS_CIR_0083,CIR,-6.822196817953859,108.92677120177814,1,False,,,,,,,,2990.0,,,,,0.630534236753279,False,amblesan >= 1 cm/th (restorasi biasa tidak layak),,,False,ABU,CIR_K007,ABU
TRS_CIR_0084,CIR,-6.821224714184004,108.92463164707283,1,False,,,,,,,,2990.0,,,,,0.607122865515821,False,amblesan >= 1 cm/th (restorasi biasa tidak layak),,,False,ABU,CIR_K007,ABU
TRS_CIR_0085,CIR,-6.820289812573723,108.9224981006605,1,False,,,,,,,,2990.0,,,,,0.6062187063838137,False,amblesan >= 1 cm/th (restorasi biasa tidak layak),,,False,ABU,CIR_K007,ABU
TRS_CIR_0086,CIR,-6.819298113430372,108.9203813141386,1,False,,,,,,,,2960.0,,,,,0.530972880656425,False,amblesan >= 1 cm/th (restorasi biasa tidak layak),,,False,ABU,CIR_K007,ABU
TRS_CIR_0087,CIR,-6.818179415703253,108.91829525148113,1,False,,,,,,,,2980.0,,,,,0.5241378798850551,False,amblesan >= 1 cm/th (restorasi biasa tidak layak),,,False,ABU,CIR_K007,ABU
TRS_CIR_0088,CIR,-6.816948681944925,108.91624429786793,1,False,,,,,,,,2990.0,,,,,0.5649700999178159,False,amblesan >= 1 cm/th (restorasi biasa tidak layak),,,False,ABU,CIR_K007,ABU
TRS_CIR_0089,CIR,-6.815776984020477,108.9142018991196,1,False,,,,,,,,2990.0,,,,,0.643061427046017,True,kandidat restorasi baru,,,False,ABU,CIR_K007,ABU
TRS_CIR_0090,CIR,-6.815632438596934,108.911962039032,1,False,,,,,,,,2990.0,,,,,0.6530948718620705,True,kandidat restorasi baru,,,False,ABU,CIR_K007,ABU
TRS_CIR_0091,CIR,-6.815931216170156,108.90960129081141,1,False,,,,,,,,2990.0,,,,,0.5579864702044118,False,amblesan >= 1 cm/th (restorasi biasa tidak layak),,,False,ABU,CIR_K007,ABU
TRS_CIR_0092,CIR,-6.816213964626336,108.90720835280112,1,False,,,,,,,,2990.0,,,,,0.5460442449985653,False,amblesan >= 1 cm/th (restorasi biasa tidak layak),,,False,ABU,CIR_K007,ABU
TRS_CIR_0093,CIR,-6.816430496717309,108.90479738733166,1,False,,,,,,,,2990.0,,,,,0.5616518258235375,False,amblesan >= 1 cm/th (restorasi biasa tidak layak),,,False,ABU,CIR_K007,ABU
TRS_CIR_0094,CIR,-6.815800567529768,108.90259253437141,1,False,,,,,,,,2990.0,,,,,0.5033599373170095,False,amblesan >= 1 cm/th (restorasi biasa tidak layak),,,False,ABU,CIR_K007,ABU
TRS_CIR_0095,CIR,-6.81516026297784,108.90038866029197,1,False,,,,,,,,2990.0,,,,,0.4943700890316191,False,amblesan >= 1 cm/th (restorasi biasa tidak layak),,,False,ABU,CIR_K007,ABU
TRS_CIR_0096,CIR,-6.8145566849927555,108.89817130275044,1,False,,,,,,,,2990.0,,,,,0.4445724580562225,False,amblesan >= 1 cm/th (restorasi biasa tidak layak),,,False,ABU,CIR_K007,ABU
TRS_CIR_0097,CIR,-6.813917229130652,108.89599955846646,1,False,,,,,,,,2990.0,,,,,0.5136917445668133,False,amblesan >= 1 cm/th (restorasi biasa tidak layak),,,False,ABU,CIR_K007,ABU
TRS_CIR_0098,CIR,-6.813314480329232,108.89381852412863,1,False,,,,,,,,1760.0,,,,,0.3930363764224524,False,amblesan >= 1 cm/th (restorasi biasa tidak layak),,,False,ABU,CIR_K007,ABU
TRS_CIR_0099,CIR,-6.812999452275528,108.89154533404388,1,False,,,,,,,,1760.0,,,,,0.4847343233419183,False,amblesan >= 1 cm/th (restorasi biasa tidak layak),,,False,ABU,CIR_K007,ABU
TRS_CIR_0100,CIR,-6.813520074525444,108.88900447042595,1,False,,,,,,,,2950.0,,,,,0.4997095112091894,False,amblesan >= 1 cm/th (restorasi biasa tidak layak),,,False,ABU,CIR_K007,ABU
TRS_CIR_0101,CIR,-6.813492403416164,108.88663923423078,1,False,,,,,,,,2990.0,,,,,0.48605122022843544,False,amblesan >= 1 cm/th (restorasi biasa tidak layak),,,False,ABU,CIR_K007,ABU
TRS_CIR_0102,CIR,-6.812592299231838,108.88455346643566,1,False,,,,,,,,2990.0,,,,,0.513208921574359,False,amblesan >= 1 cm/th (restorasi biasa tidak layak),,,False,ABU,CIR_K007,ABU
TRS_CIR_0103,CIR,-6.811744088249563,108.88245108337354,1,False,,,,,,,,2990.0,,,,,0.524658579969532,False,amblesan >= 1 cm/th (restorasi biasa tidak layak),,,False,ABU,CIR_K007,ABU
TRS_CIR_0104,CIR,-6.810942925658108,108.88033363646045,1,False,,,,,,,,2990.0,,,,,0.5417925803176216,False,amblesan >= 1 cm/th (restorasi biasa tidak layak),,,False,ABU,CIR_K007,ABU
TRS_CIR_0105,CIR,-6.809975659185072,108.87826940681012,1,False,,,,,,,,2990.0,,,,,0.6073869565889379,True,kandidat restorasi baru,,,False,ABU,CIR_K007,ABU
TRS_CIR_0106,CIR,-6.809104832012829,108.8761638004524,1,False,,,,,,,,2990.0,,,,,0.5832098556369333,False,amblesan >= 1 cm/th (restorasi biasa tidak layak),,,False,ABU,CIR_K007,ABU
TRS_CIR_0107,CIR,-6.808579508961315,108.87384380427908,1,False,,,,,,,,2990.0,,,,,0.5111771674787635,False,amblesan >= 1 cm/th (restorasi biasa tidak layak),,,False,ABU,CIR_K007,ABU
TRS_CIR_0108,CIR,-6.808101119584866,108.87148811977252,1,False,,,,,,,,2990.0,,,,,0.5051719515120726,False,amblesan >= 1 cm/th (restorasi biasa tidak layak),,,False,ABU,CIR_K007,ABU
TRS_CIR_0109,CIR,-6.807736665764012,108.86906189037938,1,True,500.0,0.0,3000.0,265.2697519208128,3000.0,3000.0,True,2990.0,0.0,9.964837669410188e-30,3.380106589899986e-25,0.6087151932314514,,,,5.995587251756201e-25,,False,ORANGE,CIR_K007,ABU
TRS_CIR_0110,CIR,-6.807341271858919,108.86661661273526,1,False,,,,,,,,1080.0,,,,,0.3964347107807023,False,amblesan >= 1 cm/th (restorasi biasa tidak layak),,,False,ABU,CIR_K007,ABU
TRS_CIR_0111,CIR,-6.806209549536762,108.864504121624,1,False,,,,,,,,1270.0,,,,,0.5095533944332908,False,amblesan >= 1 cm/th (restorasi biasa tidak layak),,,False,ABU,CIR_K007,ABU
TRS_CIR_0112,CIR,-6.804721061515348,108.86260942158897,1,False,,,,,,,,1530.0,,,,,0.484660812285533,False,amblesan >= 1 cm/th (restorasi biasa tidak layak),,,False,ABU,CIR_K007,ABU
TRS_CIR_0113,CIR,-6.80347334959379,108.86063361729524,1,False,,,,,,,,1890.0,,,,,0.49523363025472733,False,amblesan >= 1 cm/th (restorasi biasa tidak layak),,,False,ABU,CIR_K007,ABU
TRS_CIR_0114,CIR,-6.802370710877078,108.85860896453622,1,False,,,,,,,,2120.0,,,,,0.4177101459164989,False,amblesan >= 1 cm/th (restorasi biasa tidak layak),,,False,ABU,CIR_K007,ABU
TRS_CIR_0115,CIR,-6.80132716335787,108.85657679780785,1,False,,,,,,,,2280.0,,,,,0.45188657297251567,False,amblesan >= 1 cm/th (restorasi biasa tidak layak),,,False,ABU,CIR_K007,ABU
TRS_CIR_0116,CIR,-6.800335369618391,108.85453654386068,1,False,,,,,,,,2830.0,,,,,0.5004235028835825,False,amblesan >= 1 cm/th (restorasi biasa tidak layak),,,False,ABU,CIR_K007,ABU
TRS_CIR_0117,CIR,-6.799388322189891,108.85248814443209,1,False,,,,,,,,2140.0,,,,,0.4333907939136852,False,amblesan >= 1 cm/th (restorasi biasa tidak layak),,,False,ABU,CIR_K007,ABU
TRS_CIR_0118,CIR,-6.798527635662358,108.85038970238362,1,False,,,,,,,,2690.0,,,,,0.513483959298274,False,amblesan >= 1 cm/th (restorasi biasa tidak layak),,,False,ABU,CIR_K007,ABU
TRS_CIR_0119,CIR,-6.797734032188327,108.84824385254039,1,False,,,,,,,,2990.0,,,,,0.5531972155527467,False,amblesan >= 1 cm/th (restorasi biasa tidak layak),,,False,ABU,CIR_K007,ABU
TRS_CIR_0120,CIR,-6.796955496920446,108.84609035339139,1,False,,,,,,,,2990.0,,,,,0.5186600838774752,False,amblesan >= 1 cm/th (restorasi biasa tidak layak),,,False,ABU,CIR_K007,ABU
TRS_CIR_0121,CIR,-6.796144403373929,108.84398004456048,1,False,,,,,,,,2990.0,,,,,0.42750364049208295,False,amblesan >= 1 cm/th (restorasi biasa tidak layak),,,False,ABU,CIR_K007,ABU
TRS_CIR_0122,CIR,-6.7952744172115285,108.84195632685667,1,False,,,,,,,,2990.0,,,,,0.44513020765084604,False,amblesan >= 1 cm/th (restorasi biasa tidak layak),,,False,ABU,CIR_K007,ABU
TRS_CIR_0123,CIR,-6.794230875736864,108.84019586021806,1,False,,,,,,,,1110.0,,,,,0.4222260234918463,False,amblesan >= 1 cm/th (restorasi biasa tidak layak),,,False,ABU,CIR_K007,ABU
TRS_CIR_0124,CIR,-6.793095455944978,108.8386488041897,1,False,,,,,,,,1840.0,,,,,0.32480824837731825,False,amblesan >= 1 cm/th (restorasi biasa tidak layak),,,False,ABU,CIR_K007,ABU
TRS_CIR_0125,CIR,-6.79165089499964,108.83745517284471,1,False,,,,,,,,840.0,,,,,0.29078762306610406,False,amblesan >= 1 cm/th (restorasi biasa tidak layak),,,False,ABU,CIR_K007,ABU
TRS_CIR_0126,CIR,-6.789798762420557,108.83671634076367,1,False,,,,,,,,1120.0,,,,,0.39045860960417916,False,amblesan >= 1 cm/th (restorasi biasa tidak layak),,,False,ABU,CIR_K007,ABU
TRS_CIR_0127,CIR,-6.787458561744169,108.83676308998517,1,False,,,,,,,,1060.0,,,,,0.33989938623327687,False,amblesan >= 1 cm/th (restorasi biasa tidak layak),,,False,ABU,CIR_K007,ABU
TRS_CIR_0128,CIR,-6.784671773349467,108.83778821996975,1,False,,,,,,,,1140.0,,,,,0.45431617017226616,False,amblesan >= 1 cm/th (restorasi biasa tidak layak),,,False,ABU,CIR_K007,ABU
TRS_CIR_0129,CIR,-6.782405180754548,108.83776207514597,1,False,,,,,,,,850.0,,,,,0.4082331666843954,False,amblesan >= 1 cm/th (restorasi biasa tidak layak),,,False,ABU,CIR_K007,ABU
TRS_CIR_0130,CIR,-6.780305123982206,108.83724105812134,1,False,,,,,,,,850.0,,,,,0.37223226843480006,False,amblesan >= 1 cm/th (restorasi biasa tidak layak),,,False,ABU,CIR_K007,ABU
TRS_CIR_0131,CIR,-6.7782622814746505,108.83636608013855,1,False,,,,,,,,2540.0,,,,,0.4838074038213578,False,amblesan >= 1 cm/th (restorasi biasa tidak layak),,,False,ABU,CIR_K007,ABU
TRS_CIR_0132,CIR,-6.776175975332504,108.8353565593251,1,False,,,,,,,,2990.0,,,,,0.5038464562405124,False,amblesan >= 1 cm/th (restorasi biasa tidak layak),,,False,ABU,CIR_K007,ABU
TRS_CIR_0133,CIR,-6.774078300610076,108.83438987408583,1,False,,,,,,,,2820.0,,,,,0.46878406627935315,False,amblesan >= 1 cm/th (restorasi biasa tidak layak),,,False,ABU,CIR_K007,ABU
TRS_CIR_0134,CIR,-6.772078596959577,108.83351675230695,1,False,,,,,,,,2940.0,,,,,0.44626711444071293,False,amblesan >= 1 cm/th (restorasi biasa tidak layak),,,False,ABU,CIR_K007,ABU
TRS_CIR_0135,CIR,-6.770014634878669,108.83291425838297,2,False,,,,,,,,2990.0,,,,,0.47582659497904406,False,amblesan >= 1 cm/th (restorasi biasa tidak layak),,,False,ABU,CIR_K007,ABU
TRS_CIR_0136,CIR,-6.767880779017509,108.83260149673134,2,False,,,,,,,,2990.0,,,,,0.4812515497710874,False,amblesan >= 1 cm/th (restorasi biasa tidak layak),,,False,ABU,CIR_K007,ABU
TRS_CIR_0137,CIR,-6.7656324515950645,108.83275073321609,2,False,,,,,,,,2990.0,,,,,0.4667490523296796,False,amblesan >= 1 cm/th (restorasi biasa tidak layak),,,False,ABU,CIR_K007,ABU
TRS_CIR_0138,CIR,-6.76334479943275,108.83305818487747,2,False,,,,,,,,2980.0,,,,,0.46011990727817764,False,amblesan >= 1 cm/th (restorasi biasa tidak layak),,,False,ABU,CIR_K007,ABU
TRS_CIR_0139,CIR,-6.757706808567478,108.84644324002143,7,False,,,,,,,,2910.0,,,,,0.5257338395795919,False,amblesan >= 1 cm/th (restorasi biasa tidak layak),,,False,ABU,CIR_K008,ABU
TRS_CIR_0140,CIR,-6.75517841405153,108.84758398512984,3,False,,,,,,,,2720.0,,,,,0.5110279343805032,False,amblesan >= 1 cm/th (restorasi biasa tidak layak),,,False,ABU,CIR_K008,ABU
TRS_CIR_0141,CIR,-6.753255582156881,108.84637874655793,1,False,,,,,,,,2990.0,,,,,0.49439932048627705,False,amblesan >= 1 cm/th (restorasi biasa tidak layak),,,False,ABU,CIR_K008,ABU
TRS_CIR_0142,CIR,-6.750651508578821,108.84763984081255,1,False,,,,,,,,2990.0,,,,,0.5211551733290863,False,amblesan >= 1 cm/th (restorasi biasa tidak layak),,,False,ABU,CIR_K008,ABU
TRS_CIR_0143,CIR,-6.7486396158718005,108.84574656321357,1,False,,,,,,,,2890.0,,,,,0.4967069975172993,False,amblesan >= 1 cm/th (restorasi biasa tidak layak),,,False,ABU,CIR_K008,ABU
TRS_CIR_0144,CIR,-6.747031171245951,108.84345775834781,1,False,,,,,,,,2990.0,,,,,0.5884348941586146,False,lainnya,,,False,ABU,CIR_K008,ABU
TRS_CIR_0145,CIR,-6.789229999764969,108.79739322253981,1,False,,,,,,,,2990.0,,,,,0.6062721293871541,True,kandidat restorasi baru,,,False,ABU,CIR_K009,ABU
TRS_CIR_0146,CIR,-6.790774145319359,108.79574121765572,1,False,,,,,,,,2990.0,,,,,0.5402308814526756,False,amblesan >= 1 cm/th (restorasi biasa tidak layak),,,False,ABU,CIR_K009,ABU
TRS_CIR_0147,CIR,-6.791998955467628,108.79380741965272,1,False,,,,,,,,2990.0,,,,,0.46741398392471584,False,amblesan >= 1 cm/th (restorasi biasa tidak layak),,,False,ABU,CIR_K009,ABU
TRS_CIR_0148,CIR,-6.793235383308863,108.79188387471595,1,False,,,,,,,,2990.0,,,,,0.49136664106394434,False,amblesan >= 1 cm/th (restorasi biasa tidak layak),,,False,ABU,CIR_K009,ABU
TRS_CIR_0149,CIR,-6.794551050169861,108.79003025278251,1,False,,,,,,,,2990.0,,,,,0.4778005581527871,False,amblesan >= 1 cm/th (restorasi biasa tidak layak),,,False,ABU,CIR_K009,ABU
TRS_CIR_0150,CIR,-6.795871086642442,108.78818048689025,1,False,,,,,,,,2430.0,,,,,0.4187968358151199,False,amblesan >= 1 cm/th (restorasi biasa tidak layak),,,False,ABU,CIR_K009,ABU
TRS_CIR_0151,CIR,-6.797276840219719,108.78609655364573,1,False,,,,,,,,2910.0,,,,,0.42885727956848935,False,amblesan >= 1 cm/th (restorasi biasa tidak layak),,,False,ABU,CIR_K009,ABU
TRS_CIR_0152,CIR,-6.798744246622594,108.78404579352916,1,False,,,,,,,,2990.0,,,,,0.5053570840582399,False,amblesan >= 1 cm/th (restorasi biasa tidak layak),,,False,ABU,CIR_K009,ABU
TRS_CIR_0153,CIR,-6.800172895145896,108.78197279041224,1,False,,,,,,,,2990.0,,,,,0.5176201832778607,False,amblesan >= 1 cm/th (restorasi biasa tidak layak),,,False,ABU,CIR_K009,ABU
TRS_CIR_0154,CIR,-6.801517687730465,108.7798488570154,1,False,,,,,,,,2990.0,,,,,0.5426584361642148,False,amblesan >= 1 cm/th (restorasi biasa tidak layak),,,False,ABU,CIR_K009,ABU
TRS_CIR_0155,CIR,-6.802833914335864,108.77772144733166,1,False,,,,,,,,2990.0,,,,,0.5031274296546724,False,amblesan >= 1 cm/th (restorasi biasa tidak layak),,,False,ABU,CIR_K009,ABU
TRS_CIR_0156,CIR,-6.804085489563633,108.77556966014444,1,False,,,,,,,,2990.0,,,,,0.5386782544184855,False,amblesan >= 1 cm/th (restorasi biasa tidak layak),,,False,ABU,CIR_K009,ABU
TRS_CIR_0157,CIR,-6.805351906576594,108.77344934849543,1,False,,,,,,,,2990.0,,,,,0.5694915675653155,False,amblesan >= 1 cm/th (restorasi biasa tidak layak),,,False,ABU,CIR_K009,ABU
TRS_CIR_0158,CIR,-6.806611004625935,108.77134546131076,1,False,,,,,,,,2990.0,,,,,0.5587451440505926,False,amblesan >= 1 cm/th (restorasi biasa tidak layak),,,False,ABU,CIR_K009,ABU
TRS_CIR_0159,CIR,-6.807684454514444,108.7691604125734,1,False,,,,,,,,2890.0,,,,,0.5322424328381141,False,amblesan >= 1 cm/th (restorasi biasa tidak layak),,,False,ABU,CIR_K009,ABU
TRS_CIR_0160,CIR,-6.808925869436324,108.76709482982692,1,False,,,,,,,,2590.0,,,,,0.4840971170085095,False,amblesan >= 1 cm/th (restorasi biasa tidak layak),,,False,ABU,CIR_K009,ABU
TRS_CIR_0161,CIR,-6.809846753304704,108.76489620815065,1,False,,,,,,,,2010.0,,,,,0.43923840712051554,False,amblesan >= 1 cm/th (restorasi biasa tidak layak),,,False,ABU,CIR_K009,ABU
TRS_CIR_0162,CIR,-6.810681544417825,108.7627010356791,1,False,,,,,,,,2090.0,,,,,0.46268529013365783,False,amblesan >= 1 cm/th (restorasi biasa tidak layak),,,False,ABU,CIR_K009,ABU
TRS_CIR_0163,CIR,-6.811515347804455,108.76055210351575,1,False,,,,,,,,1910.0,,,,,0.45019971449821,False,amblesan >= 1 cm/th (restorasi biasa tidak layak),,,False,ABU,CIR_K009,ABU
TRS_CIR_0164,CIR,-6.812271235826331,108.7584191419068,1,False,,,,,,,,1780.0,,,,,0.3988459272202694,False,amblesan >= 1 cm/th (restorasi biasa tidak layak),,,False,ABU,CIR_K009,ABU
TRS_CIR_0165,CIR,-6.812863276061814,108.7562786267075,1,False,,,,,,,,1250.0,,,,,0.45396825396825397,False,amblesan >= 1 cm/th (restorasi biasa tidak layak),,,False,ABU,CIR_K009,ABU
TRS_CIR_0166,CIR,-6.813494811573063,108.75420955523845,1,False,,,,,,,,1500.0,,,,,0.39866988145469157,False,amblesan >= 1 cm/th (restorasi biasa tidak layak),,,False,ABU,CIR_K009,ABU
TRS_CIR_0167,CIR,-6.813917667547664,108.75213586795483,1,False,,,,,,,,1480.0,,,,,0.40737799282103077,False,amblesan >= 1 cm/th (restorasi biasa tidak layak),,,False,ABU,CIR_K009,ABU
TRS_CIR_0168,CIR,-6.81429603587373,108.75011755919084,1,False,,,,,,,,1460.0,,,,,0.41048136496376486,False,amblesan >= 1 cm/th (restorasi biasa tidak layak),,,False,ABU,CIR_K009,ABU
TRS_CIR_0169,CIR,-6.814212814774546,108.74801244878589,1,False,,,,,,,,1170.0,,,,,0.39083373260588444,False,amblesan >= 1 cm/th (restorasi biasa tidak layak),,,False,ABU,CIR_K009,ABU
TRS_CIR_0170,CIR,-6.813950448406526,108.74584734167226,1,False,,,,,,,,1050.0,,,,,0.397166968053044,False,amblesan >= 1 cm/th (restorasi biasa tidak layak),,,False,ABU,CIR_K009,ABU
TRS_CIR_0171,CIR,-6.81361525525448,108.74365581451359,1,False,,,,,,,,1260.0,,,,,0.39793048020896116,False,amblesan >= 1 cm/th (restorasi biasa tidak layak),,,False,ABU,CIR_K009,ABU
TRS_CIR_0172,CIR,-6.813043928792469,108.74142205626667,1,False,,,,,,,,1200.0,,,,,0.5134267631103074,False,amblesan >= 1 cm/th (restorasi biasa tidak layak),,,False,ABU,CIR_K009,ABU
TRS_CIR_0173,CIR,-6.812103393607028,108.73915201497272,1,False,,,,,,,,1240.0,,,,,0.5133047502381924,False,amblesan >= 1 cm/th (restorasi biasa tidak layak),,,False,ABU,CIR_K009,ABU
TRS_CIR_0174,CIR,-6.8108754221569425,108.73688339782214,1,False,,,,,,,,1260.0,,,,,0.46457035697542026,False,amblesan >= 1 cm/th (restorasi biasa tidak layak),,,False,ABU,CIR_K009,ABU
TRS_CIR_0175,CIR,-6.809613234296163,108.73465304399353,1,False,,,,,,,,1100.0,,,,,0.5309843461742196,False,amblesan >= 1 cm/th (restorasi biasa tidak layak),,,False,ABU,CIR_K009,ABU
TRS_CIR_0176,CIR,-6.805852450635912,108.73240003290144,3,False,,,,,,,,1420.0,,,,,0.4606216766138321,False,amblesan >= 1 cm/th (restorasi biasa tidak layak),,,False,ABU,CIR_K009,ABU
TRS_CIR_0177,CIR,-6.805392016288108,108.73031740827523,1,False,,,,,,,,40.0,,,,,0.11944946755073338,False,amblesan >= 1 cm/th (restorasi biasa tidak layak),,,False,ABU,CIR_K009,ABU
TRS_CIR_0178,CIR,-6.807585299428301,108.72815590368057,1,False,,,,,,,,330.0,,,,,0.26570405684329734,False,amblesan >= 1 cm/th (restorasi biasa tidak layak),,,False,ABU,CIR_K009,ABU
TRS_CIR_0179,CIR,-6.807160231014114,108.72599328470746,1,False,,,,,,,,270.0,,,,,0.35849351461165807,False,amblesan >= 1 cm/th (restorasi biasa tidak layak),,,False,ABU,CIR_K009,ABU
TRS_CIR_0180,CIR,-6.809072265031521,108.723636053739,1,False,,,,,,,,340.0,,,,,0.22340412958432318,False,amblesan >= 1 cm/th (restorasi biasa tidak layak),,,False,ABU,CIR_K009,ABU
TRS_CIR_0181,CIR,-6.80969993668033,108.72125004060075,1,False,,,,,,,,580.0,,,,,0.363468506855674,False,amblesan >= 1 cm/th (restorasi biasa tidak layak),,,False,ABU,CIR_K009,ABU
TRS_CIR_0182,CIR,-6.81014390112659,108.7187895894377,1,False,,,,,,,,810.0,,,,,0.3336496029885622,False,amblesan >= 1 cm/th (restorasi biasa tidak layak),,,False,ABU,CIR_K009,ABU
TRS_CIR_0183,CIR,-6.810557576793694,108.7162443451751,1,False,,,,,,,,820.0,,,,,0.31026134854476933,False,amblesan >= 1 cm/th (restorasi biasa tidak layak),,,False,ABU,CIR_K009,ABU
TRS_CIR_0184,CIR,-6.810574130197784,108.71371603335541,1,False,,,,,,,,770.0,,,,,0.2666812793395072,False,amblesan >= 1 cm/th (restorasi biasa tidak layak),,,False,ABU,CIR_K009,ABU
TRS_CIR_0185,CIR,-6.810352449522982,108.71120998746294,1,False,,,,,,,,920.0,,,,,0.3450371709865381,False,amblesan >= 1 cm/th (restorasi biasa tidak layak),,,False,ABU,CIR_K009,ABU
TRS_CIR_0186,CIR,-6.810044292350009,108.70870437576465,1,False,,,,,,,,250.0,,,,,0.194193289129998,False,amblesan >= 1 cm/th (restorasi biasa tidak layak),,,False,ABU,CIR_K009,ABU
TRS_CIR_0187,CIR,-6.809401296629846,108.70642276301395,1,True,510.7562861581226,0.03394837081372071,809.2437138418775,12.802784888563078,809.2267396564705,809.2097654710637,False,0.0,0.03394837081372071,3.3820877636954015e-244,3.311274927018433e-15,0.29320113314447593,,,,1.010830890975721e-14,,False,ORANGE,CIR_K009,ABU
TRS_CIR_0188,CIR,-6.80861930887909,108.7042134428358,1,False,,,,,,,,1030.0,,,,,0.2904789214854349,False,amblesan >= 1 cm/th (restorasi biasa tidak layak),,,False,ABU,CIR_K009,ABU
TRS_CIR_0189,CIR,-6.807732844590766,108.70206205476168,1,False,,,,,,,,670.0,,,,,0.42473887344471145,False,amblesan >= 1 cm/th (restorasi biasa tidak layak),,,False,ABU,CIR_K009,ABU
TRS_CIR_0190,CIR,-6.806947394771263,108.69987977655268,1,False,,,,,,,,870.0,,,,,0.33451462936404014,False,amblesan >= 1 cm/th (restorasi biasa tidak layak),,,False,ABU,CIR_K009,ABU
TRS_CIR_0191,CIR,-6.805334574599876,108.69812778159405,1,False,,,,,,,,740.0,,,,,0.3850849040722459,False,amblesan >= 1 cm/th (restorasi biasa tidak layak),,,False,ABU,CIR_K009,ABU
TRS_CIR_0192,CIR,-6.803903417617344,108.69634009410736,1,False,,,,,,,,840.0,,,,,0.35965441028732165,False,amblesan >= 1 cm/th (restorasi biasa tidak layak),,,False,ABU,CIR_K009,ABU
TRS_CIR_0193,CIR,-6.803086634931113,108.69425878001935,1,False,,,,,,,,820.0,,,,,0.37577245573540724,False,amblesan >= 1 cm/th (restorasi biasa tidak layak),,,False,ABU,CIR_K009,ABU
TRS_CIR_0194,CIR,-6.802226193653596,108.69222102879162,1,False,,,,,,,,580.0,,,,,0.31077785399042496,False,amblesan >= 1 cm/th (restorasi biasa tidak layak),,,False,ABU,CIR_K009,ABU
TRS_CIR_0195,CIR,-6.801312142274356,108.69023817408477,1,False,,,,,,,,830.0,,,,,0.3615050920983512,False,amblesan >= 1 cm/th (restorasi biasa tidak layak),,,False,ABU,CIR_K009,ABU
TRS_CIR_0196,CIR,-6.800520058500377,108.68820048502985,1,False,,,,,,,,650.0,,,,,0.28353193922814174,False,amblesan >= 1 cm/th (restorasi biasa tidak layak),,,False,ABU,CIR_K009,ABU
TRS_CIR_0197,CIR,-6.800007038191375,108.68598734052145,1,False,,,,,,,,1020.0,,,,,0.33332742379652286,False,amblesan >= 1 cm/th (restorasi biasa tidak layak),,,False,ABU,CIR_K009,ABU
TRS_CIR_0198,CIR,-6.799013511284857,108.68412491559398,1,False,,,,,,,,1020.0,,,,,0.488783699133662,False,amblesan >= 1 cm/th (restorasi biasa tidak layak),,,False,ABU,CIR_K009,ABU
TRS_CIR_0199,CIR,-6.797605396391646,108.68255265314161,1,False,,,,,,,,750.0,,,,,0.5032107695398835,False,amblesan >= 1 cm/th (restorasi biasa tidak layak),,,False,ABU,CIR_K009,ABU
TRS_CIR_0200,CIR,-6.79600694930396,108.68109340501206,1,False,,,,,,,,810.0,,,,,0.486642258090922,False,amblesan >= 1 cm/th (restorasi biasa tidak layak),,,False,ABU,CIR_K009,ABU
TRS_CIR_0201,CIR,-6.794131264734563,108.67984109376714,1,False,,,,,,,,870.0,,,,,0.4797516853387653,False,amblesan >= 1 cm/th (restorasi biasa tidak layak),,,False,ABU,CIR_K009,ABU
TRS_CIR_0202,CIR,-6.792034758013356,108.67877825382408,1,False,,,,,,,,970.0,,,,,0.5007643407095319,False,amblesan >= 1 cm/th (restorasi biasa tidak layak),,,False,ABU,CIR_K009,ABU
TRS_CIR_0203,CIR,-6.789645440660723,108.67799964855492,1,False,,,,,,,,1140.0,,,,,0.4725579772215349,False,amblesan >= 1 cm/th (restorasi biasa tidak layak),,,False,ABU,CIR_K009,ABU
TRS_CIR_0204,CIR,-6.787117410992543,108.6773947045039,1,False,,,,,,,,1310.0,,,,,0.5211514953519012,False,amblesan >= 1 cm/th (restorasi biasa tidak layak),,,False,ABU,CIR_K009,ABU
TRS_CIR_0205,CIR,-6.784476757117033,108.6769581840005,1,False,,,,,,,,1280.0,,,,,0.4491897101667672,False,amblesan >= 1 cm/th (restorasi biasa tidak layak),,,False,ABU,CIR_K009,ABU
TRS_CIR_0206,CIR,-6.781841877415333,108.67658301942294,1,False,,,,,,,,1270.0,,,,,0.4804423181279555,False,amblesan >= 1 cm/th (restorasi biasa tidak layak),,,False,ABU,CIR_K009,ABU
TRS_CIR_0207,CIR,-6.779199624703043,108.6762615446814,1,False,,,,,,,,2080.0,,,,,0.5415082456221697,False,amblesan >= 1 cm/th (restorasi biasa tidak layak),,,False,ABU,CIR_K009,ABU
TRS_CIR_0208,CIR,-6.774035575340866,108.67853717414391,1,False,,,,,,,,1010.0,,,,,0.5411268070749209,False,amblesan >= 1 cm/th (restorasi biasa tidak layak),,,False,ABU,CIR_K009,ABU
TRS_CIR_0209,CIR,-6.772298040151827,108.67703142120054,1,False,,,,,,,,2510.0,,,,,0.5016093952500226,False,amblesan >= 1 cm/th (restorasi biasa tidak layak),,,False,ABU,CIR_K009,ABU
TRS_CIR_0210,CIR,-6.769223562881686,108.67691890339142,1,False,,,,,,,,2990.0,,,,,0.5374465013980699,False,amblesan >= 1 cm/th (restorasi biasa tidak layak),,,False,ABU,CIR_K009,ABU
TRS_CIR_0211,CIR,-6.76670968105794,108.67618485292438,1,False,,,,,,,,2240.0,,,,,0.46078837653204746,False,amblesan >= 1 cm/th (restorasi biasa tidak layak),,,False,ABU,CIR_K009,ABU
TRS_CIR_0212,CIR,-6.765221590494468,108.67440965321651,1,False,,,,,,,,2990.0,,,,,0.5557568158008444,False,amblesan >= 1 cm/th (restorasi biasa tidak layak),,,False,ABU,CIR_K009,ABU
TRS_CIR_0213,CIR,-6.765054459190377,108.67138232293638,1,False,,,,,,,,2990.0,,,,,0.5334407841287313,False,amblesan >= 1 cm/th (restorasi biasa tidak layak),,,False,ABU,CIR_K009,ABU
TRS_CIR_0214,CIR,-6.7639552830547425,108.66931539095981,1,False,,,,,,,,2820.0,,,,,0.48000589947802447,False,amblesan >= 1 cm/th (restorasi biasa tidak layak),,,False,ABU,CIR_K009,ABU
TRS_CIR_0215,CIR,-6.762799460627124,108.66734034773442,1,False,,,,,,,,2970.0,,,,,0.5112101525603635,False,amblesan >= 1 cm/th (restorasi biasa tidak layak),,,False,ABU,CIR_K009,ABU
TRS_CIR_0216,CIR,-6.761558215887107,108.66546586517799,1,False,,,,,,,,2950.0,,,,,0.5064176568145674,False,amblesan >= 1 cm/th (restorasi biasa tidak layak),,,False,ABU,CIR_K009,ABU
TRS_CIR_0217,CIR,-6.760238434827112,108.66362383687736,1,False,,,,,,,,2990.0,,,,,0.46814880221594585,False,amblesan >= 1 cm/th (restorasi biasa tidak layak),,,False,ABU,CIR_K009,ABU
TRS_CIR_0218,CIR,-6.758925627509924,108.66186546385643,1,False,,,,,,,,2990.0,,,,,0.48626793618538255,False,amblesan >= 1 cm/th (restorasi biasa tidak layak),,,False,ABU,CIR_K009,ABU
TRS_CIR_0219,CIR,-6.7574589499117454,108.66029764019775,1,True,521.1918064192904,0.08338854780258442,2978.8081935807095,30.204931997223227,2978.7664993068083,2978.724805032907,True,2850.0,0.08338854780258442,0.0,5.30501617197087e-169,0.5989538293325382,,,,1.2482458553524135e-168,-0.3020420957639734,False,ORANGE,CIR_K009,ABU
TRS_CIR_0220,CIR,-6.756000198083331,108.65878629201106,1,False,,,,,,,,2900.0,,,,,0.5054277261610304,False,amblesan >= 1 cm/th (restorasi biasa tidak layak),,,False,ABU,CIR_K009,ABU
TRS_CIR_0221,CIR,-6.754613190206768,108.65729369058792,1,False,,,,,,,,2990.0,,,,,0.5335052949252179,False,amblesan >= 1 cm/th (restorasi biasa tidak layak),,,False,ABU,CIR_K009,ABU
TRS_CIR_0222,CIR,-6.753168182549269,108.65589491612909,1,True,509.9958987523055,-0.045122808227834946,2990.0041012476945,30.2205468989564,2990.0266626518082,2990.0492240559224,True,2810.0,-0.045122808227834946,0.0,2.5919850221554556e-170,0.5943236921960219,,,,4.535290322676478e-170,-0.34901649256749107,False,ORANGE,CIR_K009,ABU
TRS_CIR_0223,CIR,-6.751682024418518,108.65456941546199,1,True,538.8386224388418,1.8648770912268517,2961.161377561158,12.936570155498595,2960.2289390155447,2959.2965004699313,True,2930.0,1.8648770912268517,0.0,1.0384731983402385e-176,0.621461944909068,,,,1.5630579119676135e-176,-0.34901649256749107,False,ORANGE,CIR_K010,ORANGE
TRS_CIR_0224,CIR,-6.749576770166835,108.65353641362658,1,False,,,,,,,,2990.0,,,,,0.5170842732757978,False,amblesan >= 1 cm/th (restorasi biasa tidak layak),,,False,ABU,CIR_K010,ORANGE
TRS_CIR_0225,CIR,-6.746959363624268,108.65265637330057,3,True,857.6598642886379,4.097960188940899,2642.340135711362,12.802784888563073,2640.2911556168915,2638.2421755224213,True,2320.0,4.097960188940899,0.0,5.843860191492214e-141,0.5476366367099736,,,,4.8274656546981445e-141,-0.3020420957639734,False,ORANGE,CIR_K010,ORANGE
TRS_CIR_0226,CIR,-6.747683434500488,108.65055181103625,3,False,,,,,,,,2990.0,,,,,0.4816009832520564,False,amblesan >= 1 cm/th (restorasi biasa tidak layak),,,False,ABU,CIR_K010,ORANGE
TRS_CIR_0227,CIR,-6.7601771171069265,108.64557883841682,1,False,,,,,,,,2850.0,,,,,0.48878208178674537,False,amblesan >= 1 cm/th (restorasi biasa tidak layak),,,False,ABU,CIR_K011,ABU
TRS_CIR_0228,CIR,-6.761334443605693,108.64393863558853,1,True,497.57609422667895,-21.603650345726727,2842.423905773321,12.80278650576523,2853.2257309461843,2864.027556119048,False,2780.0,-21.603650345726727,0.0,1.4776143973339703e-177,0.5703820796054375,,,,1.2930031213368296e-177,-0.24644112259437068,False,ORANGE,CIR_K011,ABU
TRS_CIR_0229,CIR,-6.762846853664019,108.64226291547861,1,False,,,,,,,,2600.0,,,,,0.46763805814438725,False,amblesan >= 1 cm/th (restorasi biasa tidak layak),,,False,ABU,CIR_K011,ABU
TRS_CIR_0230,CIR,-6.764512504251188,108.64023886245235,1,False,,,,,,,,2260.0,,,,,0.5373434613380844,False,amblesan >= 1 cm/th (restorasi biasa tidak layak),,,False,ABU,CIR_K011,ABU
TRS_CIR_0231,CIR,-6.765731851692267,108.6380482764412,1,True,399.31657799424016,-7.658267527829829,2260.68342200576,30.205096422297153,2264.5125557696747,2268.3416895335895,False,2210.0,-7.658267527829829,0.0,1.2829871631014392e-101,0.5905297834976222,,,,2.6291204174819568e-101,-0.3020420957639734,False,ORANGE,CIR_K011,ABU
TRS_CIR_0232,CIR,-6.766944035895578,108.63585771468497,1,True,380.1376350221204,-7.592493036821386,2259.8623649778797,30.204932001365368,2263.65861149629,2267.454858014701,False,2210.0,-7.592493036821386,0.0,1.6125897319550267e-101,0.5257056516221655,,,,3.567780539996776e-101,-0.24644112259437068,False,ORANGE,CIR_K011,ABU
TRS_CIR_0233,CIR,-6.767928952187274,108.6336970724657,1,False,,,,,,,,930.0,,,,,0.44063984651979754,False,amblesan >= 1 cm/th (restorasi biasa tidak layak),,,False,ABU,CIR_K011,ABU
TRS_CIR_0234,CIR,-6.7680288624547975,108.63165702021558,1,False,,,,,,,,380.0,,,,,0.23909985935302394,False,amblesan >= 1 cm/th (restorasi biasa tidak layak),,,False,ABU,CIR_K011,ABU
TRS_CIR_0235,CIR,-6.764999196228274,108.6300496668196,3,False,,,,,,,,860.0,,,,,0.39797487045058433,False,amblesan >= 1 cm/th (restorasi biasa tidak layak),,,False,ABU,CIR_K011,ABU
TRS_CIR_0236,CIR,-6.75946119021336,108.62879853047535,3,False,,,,,,,,2000.0,,,,,0.34855234076753067,False,amblesan >= 1 cm/th (restorasi biasa tidak layak),,,False,ABU,CIR_K011,ABU
TRS_CIR_0237,CIR,-6.769243335265142,108.62541719510976,1,False,,,,,,,,50.0,,,,,0.16706851516978097,False,amblesan >= 1 cm/th (restorasi biasa tidak layak),,,False,ABU,CIR_K012,ABU
TRS_CIR_0238,CIR,-6.768753435814001,108.62346489072242,1,False,,,,,,,,1210.0,,,,,0.39705953169704616,False,amblesan >= 1 cm/th (restorasi biasa tidak layak),,,False,ABU,CIR_K012,ABU
TRS_CIR_0239,CIR,-6.76788248605161,108.62156935039265,1,False,,,,,,,,400.0,,,,,0.24763914004420332,False,lainnya,,,False,ABU,CIR_K012,ABU
TRS_CIR_0240,CIR,-6.766599776197062,108.61973618704579,1,False,,,,,,,,1100.0,,,,,0.3107293550331525,False,lainnya,,,False,ABU,CIR_K012,ABU
TRS_CIR_0241,CIR,-6.764358845710923,108.61804548698854,1,False,,,,,,,,1570.0,,,,,0.3506800070131522,False,lainnya,,,False,ABU,CIR_K012,ABU
TRS_CIR_0242,CIR,-6.766746736857124,108.61568910295134,1,False,,,,,,,,190.0,,,,,0.22794856339160138,False,lainnya,,,False,ABU,CIR_K012,ABU
TRS_CIR_0243,CIR,-6.76754875356912,108.61351738046558,1,False,,,,,,,,0.0,,,,,0.13713080168776373,False,lainnya,,,False,ABU,CIR_K012,ABU
TRS_CIR_0244,CIR,-6.768024849461663,108.6111551325571,1,False,,,,,,,,0.0,,,,,0.13050030138637733,False,lainnya,,,False,ABU,CIR_K012,ABU
TRS_CIR_0245,CIR,-6.766902874505375,108.60921486396671,1,False,,,,,,,,0.0,,,,,0.13311231665662046,False,lainnya,,,False,ABU,CIR_K012,ABU
TRS_CIR_0246,CIR,-6.765866107328507,108.60743542344775,1,True,509.1784108246128,-0.04126893830526088,350.8215891753872,12.802784888623563,350.84222364453984,350.8628581136925,False,250.0,-0.04126893830526088,1.0669538033509107e-47,0.0003618439705462737,0.43703966005665723,,,,0.0013622849774667359,-0.20436997431011752,False,YELLOW,CIR_K012,ABU
TRS_CIR_0247,CIR,-6.765014643177999,108.6057775751859,1,True,559.6959859814573,2.3730157636262668,320.3040140185427,30.205119986480582,319.1175061367296,317.9309982549164,False,100.0,2.3730157636262668,1.8697163708557266e-18,0.0020882452600494627,0.42623937677053825,,,,0.007848280891600834,-0.20436997431011752,False,YELLOW,CIR_K012,ABU
TRS_CIR_0248,CIR,-6.764032179467311,108.60429206070886,1,False,,,,,,,,330.0,,,,,0.35729811679178763,False,lainnya,,,False,ABU,CIR_K012,ABU
TRS_CIR_0249,CIR,-6.763004645124151,108.60273474192692,1,False,,,,,,,,400.0,,,,,0.2930229053646775,False,lainnya,,,False,ABU,CIR_K012,ABU
TRS_CIR_0250,CIR,-6.761694416180286,108.60121056795846,1,False,,,,,,,,0.0,,,,,0.13622664255575648,False,lainnya,,,False,ABU,CIR_K012,ABU
TRS_CIR_0251,CIR,-6.760132328953382,108.59974719843368,1,False,,,,,,,,0.0,,,,,0.13713080168776373,False,lainnya,,,False,ABU,CIR_K012,ABU
TRS_CIR_0252,CIR,-6.758216527908922,108.59845510289857,1,False,,,,,,,,0.0,,,,,0.13210769539883466,False,lainnya,,,False,ABU,CIR_K012,ABU
TRS_CIR_0253,CIR,-6.755976178885342,108.59738087938237,1,False,,,,,,,,0.0,,,,,0.1308016877637131,False,lainnya,,,False,ABU,CIR_K012,ABU
TRS_CIR_0254,CIR,-6.753105545289962,108.59683449492208,1,False,,,,,,,,160.0,,,,,0.20223025919228452,False,lainnya,,,False,ABU,CIR_K012,ABU
TRS_CIR_0255,CIR,-6.750617420777579,108.59607768382187,1,False,,,,,,,,0.0,,,,,0.12437211171388386,False,lainnya,,,False,ABU,CIR_K012,ABU
TRS_CIR_0256,CIR,-6.747890770580341,108.59561669253321,1,False,,,,,,,,480.0,,,,,0.2644414305806711,False,amblesan >= 1 cm/th (restorasi biasa tidak layak),,,False,ABU,CIR_K012,ABU
TRS_CIR_0257,CIR,-6.745163177929802,108.59527016448304,1,False,,,,,,,,650.0,,,,,0.26491862567811936,False,amblesan >= 1 cm/th (restorasi biasa tidak layak),,,False,ABU,CIR_K012,ABU
TRS_CIR_0258,CIR,-6.744470731618015,108.59279358870842,1,False,,,,,,,,0.0,,,,,0.12196102069519793,False,amblesan >= 1 cm/th (restorasi biasa tidak layak),,,False,ABU,CIR_K012,ABU
TRS_CIR_0259,CIR,-6.743192565216559,108.59079123238129,1,False,,,,,,,,250.0,,,,,0.2229254571026723,False,lainnya,,,False,ABU,CIR_K012,ABU
TRS_CIR_0260,CIR,-6.741428750193286,108.58927888441248,1,False,,,,,,,,350.0,,,,,0.24412296564195302,False,lainnya,,,False,ABU,CIR_K012,ABU
TRS_CIR_0261,CIR,-6.739577346245085,108.58783673615272,1,False,,,,,,,,60.0,,,,,0.21709865380751459,False,lainnya,,,False,ABU,CIR_K012,ABU
TRS_CIR_0262,CIR,-6.737539574444753,108.58663366875585,1,False,,,,,,,,100.0,,,,,0.24522804902551734,False,lainnya,,,False,ABU,CIR_K012,ABU
TRS_CIR_0263,CIR,-6.734801982109987,108.5865404464227,1,False,,,,,,,,200.0,,,,,0.36873618645770545,False,lainnya,,,False,ABU,CIR_K012,ABU
TRS_CIR_0264,CIR,-6.732514415530851,108.5858384413604,3,False,,,,,,,,50.0,,,,,0.2632107695398835,False,lainnya,,,False,ABU,CIR_K012,ABU
TRS_CIR_0265,CIR,-6.727423603229013,108.59028562721952,5,False,,,,,,,,820.0,,,,,0.40901071759361357,False,amblesan >= 1 cm/th (restorasi biasa tidak layak),,,False,ABU,CIR_K012,ABU
TRS_CIR_0266,CIR,-6.7286577237915255,108.58331529844403,1,False,,,,,,,,280.0,,,,,0.38220815752461323,False,lainnya,,,False,ABU,CIR_K012,ABU
TRS_CIR_0267,CIR,-6.7267299456165075,108.58212898545274,1,False,,,,,,,,80.0,,,,,0.2656218605585694,False,lainnya,,,False,ABU,CIR_K012,ABU
TRS_CIR_0268,CIR,-6.725724235276111,108.57922648834862,1,False,,,,,,,,0.0,,,,,0.23317259393208759,False,lainnya,,,False,ABU,CIR_K012,ABU
TRS_CIR_0269,CIR,-6.723862366405363,108.57791752081953,1,False,,,,,,,,0.0,,,,,0.23950170785613822,False,lainnya,,,False,ABU,CIR_K012,ABU
TRS_CIR_0270,CIR,-6.7217920798831505,108.57699647901742,1,False,,,,,,,,0.0,,,,,0.23317259393208759,False,lainnya,,,False,ABU,CIR_K012,ABU
TRS_CIR_0271,CIR,-6.719924528116425,108.57569810562494,1,False,,,,,,,,0.0,,,,,0.23528229857343783,False,lainnya,,,False,ABU,CIR_K012,ABU
TRS_CIR_0272,CIR,-6.717972469500784,108.57455702853402,1,False,,,,,,,,30.0,,,,,0.2754671488848704,False,lainnya,,,False,ABU,CIR_K012,ABU
TRS_CIR_0273,CIR,-6.715540773325133,108.57424387108732,5,False,,,,,,,,0.0,,,,,0.23528229857343783,False,lainnya,,,False,ABU,CIR_K012,ABU
TRS_CIR_0274,CIR,-6.713244920612288,108.57367083265811,3,False,,,,,,,,40.0,,,,,0.27084589109905566,False,lainnya,,,False,ABU,CIR_K012,ABU
TRS_CIR_0275,CIR,-6.7107586418743175,108.57350826607164,5,False,,,,,,,,460.0,,,,,0.6388867049296328,True,kandidat restorasi baru,,,False,ABU,CIR_K012,ABU
TRS_CIR_0276,CIR,-6.708949506437537,108.57200279887444,1,False,,,,,,,,340.0,,,,,0.3622605160207543,False,lainnya,,,False,ABU,CIR_K012,ABU
TRS_CIR_0277,CIR,-6.704977643583907,108.5750629585058,3,False,,,,,,,,850.0,,,,,0.443678568473803,False,lainnya,,,False,ABU,CIR_K012,ABU
TRS_CIR_0278,CIR,-6.703138882792013,108.5737086472178,3,False,,,,,,,,130.0,,,,,0.5005795891871841,False,amblesan >= 1 cm/th (restorasi biasa tidak layak),,,False,ABU,CIR_K012,ABU
TRS_CIR_0279,CIR,-6.703607986142817,108.56713249772041,1,False,,,,,,,,70.0,,,,,0.20042194092827004,False,lainnya,,,False,ABU,CIR_K012,ABU
TRS_CIR_0280,CIR,-6.7015503648968995,108.56608465191715,1,False,,,,,,,,100.0,,,,,0.23717098653807514,False,lainnya,,,False,ABU,CIR_K012,ABU
TRS_CIR_0281,CIR,-6.699346293919432,108.56539103740246,1,False,,,,,,,,230.0,,,,,0.2825519127115164,False,lainnya,,,False,ABU,CIR_K012,ABU
TRS_CIR_0282,CIR,-6.6972121709058925,108.56454992594897,1,False,,,,,,,,130.0,,,,,0.4048005440410504,False,lainnya,,,False,ABU,CIR_K012,ABU
TRS_CIR_0283,CIR,-6.695096461113484,108.56367817336162,1,False,,,,,,,,300.0,,,,,0.3680932288527225,False,lainnya,,,False,ABU,CIR_K012,ABU
TRS_CIR_0284,CIR,-6.692979688559553,108.56282412669707,1,False,,,,,,,,290.0,,,,,0.34842690167875673,False,lainnya,,,False,ABU,CIR_K012,ABU
TRS_CIR_0285,CIR,-6.690507146960431,108.56296663886653,1,False,,,,,,,,500.0,,,,,0.3755354631303998,False,lainnya,,,False,ABU,CIR_K012,ABU
TRS_CIR_0286,CIR,-6.68857515870452,108.56165595253302,1,False,,,,,,,,370.0,,,,,0.4550038284215499,False,lainnya,,,False,ABU,CIR_K012,ABU
TRS_CIR_0287,CIR,-6.68641602658144,108.56100135538887,1,False,,,,,,,,340.0,,,,,0.525251450791287,False,lainnya,,,False,ABU,CIR_K012,ABU
TRS_CIR_0288,CIR,-6.684228062100141,108.56046942716142,1,False,,,,,,,,290.0,,,,,0.4305945279319352,False,lainnya,,,False,ABU,CIR_K012,ABU
TRS_CIR_0289,CIR,-6.682048821424903,108.5599542866723,1,False,,,,,,,,110.0,,,,,0.4314391656163808,False,lainnya,,,False,ABU,CIR_K012,ABU
TRS_CIR_0290,CIR,-6.679886857268833,108.55942894773574,1,False,,,,,,,,350.0,,,,,0.6487844082780791,True,kandidat restorasi baru,,,False,ABU,CIR_K012,ABU
TRS_CIR_0291,CIR,-6.677690318575183,108.55905451988772,1,False,,,,,,,,910.0,,,,,0.5792414336718135,False,lainnya,,,False,ABU,CIR_K012,ABU
TRS_CIR_0292,CIR,-6.675491851721079,108.5586733757625,1,False,,,,,,,,970.0,,,,,0.5700262444357446,False,lainnya,,,False,ABU,CIR_K012,ABU
TRS_CIR_0293,CIR,-6.67318825107574,108.55867608682578,1,False,,,,,,,,910.0,,,,,0.5064450317614875,False,lainnya,,,False,ABU,CIR_K012,ABU
TRS_CIR_0294,CIR,-6.670953239213823,108.55842107633829,1,False,,,,,,,,1270.0,,,,,0.4925555191676991,False,lainnya,,,False,ABU,CIR_K012,ABU
TRS_CIR_0295,CIR,-6.668806623740118,108.55778401868602,1,False,,,,,,,,1000.0,,,,,0.5907454289732771,False,lainnya,,,False,ABU,CIR_K012,ABU
TRS_CIR_0296,CIR,-6.6665990923470915,108.55736918163961,1,False,,,,,,,,1120.0,,,,,0.5481967048422745,False,lainnya,,,False,ABU,CIR_K012,ABU
TRS_CIR_0297,CIR,-6.664359491451668,108.55707910189345,1,False,,,,,,,,1410.0,,,,,0.4735228861272492,False,lainnya,,,False,ABU,CIR_K012,ABU
TRS_CIR_0298,CIR,-6.662136177347199,108.55669458323433,1,False,,,,,,,,1290.0,,,,,0.6656620454088807,True,kandidat restorasi baru,,,False,ABU,CIR_K012,ABU
TRS_CIR_0299,CIR,-6.659832446766186,108.55671263731416,1,False,,,,,,,,1290.0,,,,,0.6484386316591203,True,kandidat restorasi baru,,,False,ABU,CIR_K012,ABU
TRS_CIR_0300,CIR,-6.657525194160404,108.55677805161119,1,False,,,,,,,,1490.0,,,,,0.6320112787277855,True,kandidat restorasi baru,,,False,ABU,CIR_K012,ABU
TRS_CIR_0301,CIR,-6.655227995158394,108.55681803270602,1,False,,,,,,,,1590.0,,,,,0.5922412910710021,False,lainnya,,,False,ABU,CIR_K012,ABU
TRS_CIR_0302,CIR,-6.652926477406309,108.55692065713762,1,False,,,,,,,,2280.0,,,,,0.5778052726753593,False,lainnya,,,False,ABU,CIR_K012,ABU
TRS_CIR_0303,CIR,-6.6506086922451,108.55718605795082,1,False,,,,,,,,1210.0,,,,,0.4387994692942909,False,lainnya,,,False,ABU,CIR_K012,ABU
TRS_CIR_0304,CIR,-6.648243172566786,108.55790125147549,1,False,,,,,,,,1960.0,,,,,0.5617411521570653,False,lainnya,,,False,ABU,CIR_K012,ABU
TRS_CIR_0305,CIR,-6.645932222271962,108.55832752503727,1,False,,,,,,,,1740.0,,,,,0.5267263896683364,False,lainnya,,,False,ABU,CIR_K012,ABU
TRS_CIR_0306,CIR,-6.643428939349306,108.56069501248054,1,False,,,,,,,,2980.0,,,,,0.5623943967755028,False,lainnya,,,False,ABU,CIR_K012,ABU
TRS_CIR_0307,CIR,-6.641392338046547,108.55874978734379,1,False,,,,,,,,2830.0,,,,,0.5992196613254894,False,lainnya,,,False,ABU,CIR_K012,ABU
TRS_CIR_0308,CIR,-6.639240232291541,108.55770659621658,1,False,,,,,,,,2770.0,,,,,0.6079677708796202,True,kandidat restorasi baru,,,False,ABU,CIR_K012,ABU
TRS_CIR_0309,CIR,-6.63707318266954,108.55653282874252,1,False,,,,,,,,2910.0,,,,,0.6458927561628854,True,kandidat restorasi baru,,,False,ABU,CIR_K012,ABU
TRS_CIR_0310,CIR,-6.634885457227776,108.55554545868272,1,False,,,,,,,,2840.0,,,,,0.6556023907156017,True,kandidat restorasi baru,,,False,ABU,CIR_K012,ABU
TRS_CIR_0311,CIR,-6.632687482940132,108.55468624356146,1,False,,,,,,,,2810.0,,,,,0.688593866304574,True,kandidat restorasi baru,,,False,ABU,CIR_K012,ABU
TRS_CIR_0312,CIR,-6.630489549257455,108.55382653949141,1,False,,,,,,,,2790.0,,,,,0.6020695197910387,True,kandidat restorasi baru,,,False,ABU,CIR_K012,ABU
TRS_CIR_0313,CIR,-6.628283647749387,108.55306647070547,1,False,,,,,,,,2740.0,,,,,0.5934554424806665,False,lainnya,,,False,ABU,CIR_K012,ABU
TRS_CIR_0314,CIR,-6.6260774854349,108.55230968044114,1,False,,,,,,,,2690.0,,,,,0.45426583100104345,False,lainnya,,,False,ABU,CIR_K012,ABU
TRS_CIR_0315,CIR,-6.623857147342923,108.55173013582291,1,False,,,,,,,,2470.0,,,,,0.6114434089117634,True,kandidat restorasi baru,,,False,ABU,CIR_K012,ABU
TRS_CIR_0316,CIR,-6.621529754876791,108.5524889761163,1,False,,,,,,,,2970.0,,,,,0.5606436070571091,False,lainnya,,,False,ABU,CIR_K012,ABU
TRS_CIR_0317,CIR,-6.619312861440833,108.55186638406029,1,False,,,,,,,,2990.0,,,,,0.6398607507578338,True,kandidat restorasi baru,,,False,ABU,CIR_K012,ABU
TRS_CIR_0318,CIR,-6.61711636445422,108.55098882434915,1,False,,,,,,,,2800.0,,,,,0.6558569419328913,True,kandidat restorasi baru,,,False,ABU,CIR_K012,ABU
TRS_CIR_0319,CIR,-6.614913200465934,108.55019463011074,1,False,,,,,,,,2990.0,,,,,0.6978025337959295,True,kandidat restorasi baru,,,False,ABU,CIR_K012,ABU
TRS_CIR_0320,CIR,-6.612704053601416,108.54947524769489,1,False,,,,,,,,2990.0,,,,,0.7578886288297406,True,kandidat restorasi baru,,,False,ABU,CIR_K012,ABU
TRS_CIR_0321,CIR,-6.610486333259341,108.54886306103104,1,False,,,,,,,,2900.0,,,,,0.7265975210104411,True,kandidat restorasi baru,,,False,ABU,CIR_K012,ABU
TRS_CIR_0322,CIR,-6.608267569554515,108.54826393307339,1,False,,,,,,,,2990.0,,,,,0.7233289855744451,True,kandidat restorasi baru,,,False,ABU,CIR_K012,ABU
TRS_CIR_0323,CIR,-6.606046486548731,108.54769381378053,1,False,,,,,,,,2990.0,,,,,0.6564393534674217,True,kandidat restorasi baru,,,False,ABU,CIR_K012,ABU
TRS_CIR_0324,CIR,-6.603823110095289,108.54715237902839,1,False,,,,,,,,2930.0,,,,,0.6805012957214106,True,kandidat restorasi baru,,,False,ABU,CIR_K012,ABU
TRS_CIR_0325,CIR,-6.601595988915846,108.54665776962993,1,False,,,,,,,,2960.0,,,,,0.6952949785228267,True,kandidat restorasi baru,,,False,ABU,CIR_K012,ABU
TRS_CIR_0326,CIR,-6.599364581268466,108.54621675576931,1,False,,,,,,,,2990.0,,,,,0.7177548495655265,True,kandidat restorasi baru,,,False,ABU,CIR_K012,ABU
TRS_CIR_0327,CIR,-6.597132577003693,108.54578321128402,1,False,,,,,,,,2900.0,,,,,0.704758440550671,True,kandidat restorasi baru,,,False,ABU,CIR_K012,ABU
TRS_CIR_0328,CIR,-6.594899467294884,108.54536349619866,1,False,,,,,,,,2990.0,,,,,0.7088362319512567,True,kandidat restorasi baru,,,False,ABU,CIR_K012,ABU
TRS_CIR_0329,CIR,-6.5926668484328035,108.54493765652852,1,False,,,,,,,,2990.0,,,,,0.7043769231441218,True,kandidat restorasi baru,,,False,ABU,CIR_K012,ABU
TRS_CIR_0330,CIR,-6.59042680605222,108.54460461927509,1,False,,,,,,,,2990.0,,,,,0.6965731327316358,True,kandidat restorasi baru,,,False,ABU,CIR_K012,ABU
TRS_CIR_0331,CIR,-6.588190118874937,108.54422965208718,1,False,,,,,,,,2780.0,,,,,0.7315138847330815,True,kandidat restorasi baru,,,False,ABU,CIR_K012,ABU
TRS_CIR_0332,CIR,-6.585954153714585,108.54384566979417,1,False,,,,,,,,2850.0,,,,,0.7025929803411483,True,kandidat restorasi baru,,,False,ABU,CIR_K012,ABU
TRS_CIR_0333,CIR,-6.58371341430495,108.54352137077693,1,False,,,,,,,,2990.0,,,,,0.6943434783280683,True,kandidat restorasi baru,,,False,ABU,CIR_K012,ABU
TRS_CIR_0334,CIR,-6.581466888039414,108.54326940826914,1,False,,,,,,,,2930.0,,,,,0.7078050499876222,True,kandidat restorasi baru,,,False,ABU,CIR_K012,ABU
TRS_CIR_0335,CIR,-6.579209528131507,108.54315285533231,1,False,,,,,,,,2980.0,,,,,0.7304365180501448,True,kandidat restorasi baru,,,False,ABU,CIR_K012,ABU
TRS_CIR_0336,CIR,-6.576946701180831,108.54310463005152,1,False,,,,,,,,2990.0,,,,,0.7367069119958498,True,kandidat restorasi baru,,,False,ABU,CIR_K012,ABU
TRS_CIR_0337,CIR,-6.574679838909624,108.54310683393777,1,False,,,,,,,,2920.0,,,,,0.7320055818408515,True,kandidat restorasi baru,,,False,ABU,CIR_K012,ABU
TRS_CIR_0338,CIR,-6.572417250817689,108.54305561484048,1,False,,,,,,,,2920.0,,,,,0.7297224768180204,True,kandidat restorasi baru,,,False,ABU,CIR_K012,ABU
TRS_CIR_0339,CIR,-6.570140974827143,108.54317545278089,1,False,,,,,,,,2990.0,,,,,0.7333624303904985,True,kandidat restorasi baru,,,False,ABU,CIR_K012,ABU
TRS_CIR_0340,CIR,-6.567850863294229,108.54346817797325,1,False,,,,,,,,2980.0,,,,,0.6979980393029411,True,kandidat restorasi baru,,,False,ABU,CIR_K012,ABU
TRS_CIR_0341,CIR,-6.565570956528346,108.54363335711672,1,False,,,,,,,,2990.0,,,,,0.7289031215833637,True,kandidat restorasi baru,,,False,ABU,CIR_K012,ABU
TRS_CIR_0342,CIR,-6.56327648880036,108.54398047445908,1,False,,,,,,,,2970.0,,,,,0.5458482758060818,False,lainnya,,,False,ABU,CIR_K012,ABU
TRS_CIR_0343,CIR,-6.560895701569523,108.54540615661418,1,False,,,,,,,,2820.0,,,,,0.6327254305977711,True,kandidat restorasi baru,,,False,ABU,CIR_K012,ABU
TRS_CIR_0344,CIR,-6.558582548460089,108.54598665017748,1,False,,,,,,,,2960.0,,,,,0.677629935541328,True,kandidat restorasi baru,,,False,ABU,CIR_K012,ABU
TRS_CIR_0345,CIR,-6.55633461449273,108.54575223264395,1,False,,,,,,,,2990.0,,,,,0.6811829398510741,True,kandidat restorasi baru,,,False,ABU,CIR_K012,ABU
TRS_CIR_0346,CIR,-6.554114730693692,108.54516735455657,1,False,,,,,,,,2000.0,,,,,0.658986337150894,True,kandidat restorasi baru,,,False,ABU,CIR_K012,ABU
TRS_CIR_0347,CIR,-6.551897636295746,108.54454764040337,1,False,,,,,,,,2170.0,,,,,0.6354974819654281,True,kandidat restorasi baru,,,False,ABU,CIR_K012,ABU
TRS_CIR_0348,CIR,-6.54966371267836,108.54413820645017,1,False,,,,,,,,2500.0,,,,,0.5403672895318465,False,lainnya,,,False,ABU,CIR_K012,ABU
TRS_CIR_0349,CIR,-6.547430296557163,108.5437224425845,1,False,,,,,,,,2400.0,,,,,0.5943540285312437,False,lainnya,,,False,ABU,CIR_K012,ABU
TRS_CIR_0350,CIR,-6.545182503264638,108.5434863116949,1,False,,,,,,,,2020.0,,,,,0.5931154598280804,False,lainnya,,,False,ABU,CIR_K012,ABU
TRS_CIR_0351,CIR,-6.542920646034948,108.54342588987642,1,False,,,,,,,,1620.0,,,,,0.67398551857061,True,kandidat restorasi baru,,,False,ABU,CIR_K012,ABU
TRS_CIR_0352,CIR,-6.540694433734835,108.54292015269638,1,False,,,,,,,,2990.0,,,,,0.6635587246484329,True,kandidat restorasi baru,,,False,ABU,CIR_K012,ABU
TRS_CIR_0353,CIR,-6.53832873777405,108.54415694737574,1,False,,,,,,,,2990.0,,,,,0.7042368137580025,True,kandidat restorasi baru,,,False,ABU,CIR_K012,ABU
TRS_CIR_0354,CIR,-6.536075833122574,108.54398465937321,1,False,,,,,,,,2990.0,,,,,0.7413822647724685,True,kandidat restorasi baru,,,False,ABU,CIR_K012,ABU
TRS_CIR_0355,CIR,-6.533826951217264,108.54376212190247,1,False,,,,,,,,2990.0,,,,,0.7753519030348969,True,kandidat restorasi baru,,,False,ABU,CIR_K012,ABU
TRS_CIR_0356,CIR,-6.531588248490539,108.5434124341965,1,False,,,,,,,,2990.0,,,,,0.7820408662455994,True,kandidat restorasi baru,,,False,ABU,CIR_K012,ABU
TRS_CIR_0357,CIR,-6.529353984816922,108.54300730511899,1,False,,,,,,,,2990.0,,,,,0.7218401973492782,True,kandidat restorasi baru,,,False,ABU,CIR_K012,ABU
TRS_CIR_0358,CIR,-6.5271454496699555,108.54228080387458,1,False,,,,,,,,2990.0,,,,,0.7028881349189549,True,kandidat restorasi baru,,,False,ABU,CIR_K012,ABU
TRS_CIR_0359,CIR,-6.525016220293404,108.54161246049513,1,False,,,,,,,,2990.0,,,,,0.6917398629011178,True,kandidat restorasi baru,,,False,ABU,CIR_K012,ABU
TRS_CIR_0360,CIR,-6.522947329443475,108.54104035393017,1,False,,,,,,,,2990.0,,,,,0.7410906222133519,True,kandidat restorasi baru,,,False,ABU,CIR_K012,ABU
TRS_CIR_0361,CIR,-6.520894346125144,108.5405338593696,1,False,,,,,,,,2990.0,,,,,0.7476176364453745,True,kandidat restorasi baru,,,False,ABU,CIR_K012,ABU
TRS_CIR_0362,CIR,-6.5188691779336825,108.5400022458172,1,False,,,,,,,,2990.0,,,,,0.7498472908489419,True,kandidat restorasi baru,,,False,ABU,CIR_K012,ABU
TRS_CIR_0363,CIR,-6.516861584767315,108.53951238645999,1,False,,,,,,,,2990.0,,,,,0.7551395281169634,True,kandidat restorasi baru,,,False,ABU,CIR_K012,ABU
TRS_CIR_0364,CIR,-6.5148842544341745,108.53900043949915,1,False,,,,,,,,2990.0,,,,,0.7160396015651932,True,kandidat restorasi baru,,,False,ABU,CIR_K012,ABU
TRS_CIR_0365,CIR,-6.5129261856236065,108.53852101117434,1,False,,,,,,,,2990.0,,,,,0.7676845260774815,True,kandidat restorasi baru,,,False,ABU,CIR_K012,ABU
TRS_CIR_0366,CIR,-6.5109696700410336,108.53812868977595,1,False,,,,,,,,2990.0,,,,,0.7989709183985463,True,kandidat restorasi baru,,,False,ABU,CIR_K012,ABU
TRS_CIR_0367,CIR,-6.509032354554278,108.53774861216797,1,False,,,,,,,,2990.0,,,,,0.7718619361437193,True,kandidat restorasi baru,,,False,ABU,CIR_K012,ABU
TRS_CIR_0368,CIR,-6.5070971519362875,108.53742800102374,1,False,,,,,,,,2990.0,,,,,0.7564942548431816,True,kandidat restorasi baru,,,False,ABU,CIR_K012,ABU
TRS_CIR_0369,CIR,-6.505146680343828,108.53719788399576,1,False,,,,,,,,2990.0,,,,,0.7765611444752887,True,kandidat restorasi baru,,,False,ABU,CIR_K012,ABU
TRS_CIR_0370,CIR,-6.5031674131048085,108.53706892686145,1,False,,,,,,,,2990.0,,,,,0.7442311556235607,True,kandidat restorasi baru,,,False,ABU,CIR_K012,ABU
TRS_CIR_0371,CIR,-6.501201148399966,108.53693075000874,1,False,,,,,,,,2990.0,,,,,0.7421409386186492,True,kandidat restorasi baru,,,False,ABU,CIR_K012,ABU
TRS_CIR_0372,CIR,-6.499201766426204,108.5368756797476,1,False,,,,,,,,2990.0,,,,,0.7297384020003722,True,kandidat restorasi baru,,,False,ABU,CIR_K012,ABU
TRS_CIR_0373,CIR,-6.497189980898117,108.5368489941888,1,False,,,,,,,,2990.0,,,,,0.7439102816097863,True,kandidat restorasi baru,,,False,ABU,CIR_K012,ABU
TRS_CIR_0374,CIR,-6.495004615959063,108.53711125029645,1,False,,,,,,,,2990.0,,,,,0.7231693885518871,True,kandidat restorasi baru,,,False,ABU,CIR_K012,ABU
TRS_CIR_0375,CIR,-6.492620511968064,108.53763918867973,1,False,,,,,,,,2990.0,,,,,0.7321074938025957,True,kandidat restorasi baru,,,False,ABU,CIR_K012,ABU
TRS_CIR_0376,CIR,-6.490211066875281,108.53812703820799,1,False,,,,,,,,2990.0,,,,,0.7687926334046312,True,kandidat restorasi baru,,,False,ABU,CIR_K012,ABU
TRS_CIR_0377,CIR,-6.48469012220629,108.5426309589298,3,False,,,,,,,,2990.0,,,,,0.7667316478543776,True,kandidat restorasi baru,,,False,ABU,CIR_K012,ABU
TRS_CIR_0378,CIR,-6.483532530786114,108.54087448516397,1,False,,,,,,,,2990.0,,,,,0.7532045402160977,True,kandidat restorasi baru,,,False,ABU,CIR_K012,ABU
TRS_CIR_0379,CIR,-6.482429983754507,108.53901151169718,1,False,,,,,,,,710.0,,,,,0.6874510070266889,True,kandidat restorasi baru,,,False,ABU,CIR_K012,ABU
TRS_CIR_0380,CIR,-6.481754717571448,108.5366555894892,1,False,,,,,,,,2990.0,,,,,0.8769100403662868,True,kandidat restorasi baru,,,False,ABU,CIR_K012,ABU
TRS_CIR_0381,CIR,-6.480954232565409,108.53446011441068,1,False,,,,,,,,2990.0,,,,,0.8955929718175177,True,kandidat restorasi baru,,,False,ABU,CIR_K012,ABU
TRS_CIR_0382,CIR,-6.4803277166134245,108.53211254311488,1,False,,,,,,,,2990.0,,,,,0.9045115894317876,True,kandidat restorasi baru,,,False,ABU,CIR_K012,ABU
TRS_CIR_0383,CIR,-6.4797475474121,108.52975638136323,1,False,,,,,,,,2990.0,,,,,0.9105490607967218,True,kandidat restorasi baru,,,False,ABU,CIR_K012,ABU
TRS_CIR_0384,CIR,-6.479145797954282,108.5274528033392,1,False,,,,,,,,2990.0,,,,,0.9105490607967218,True,kandidat restorasi baru,,,False,ABU,CIR_K012,ABU
TRS_CIR_0385,CIR,-6.478636149451369,108.5251057559581,1,False,,,,,,,,2990.0,,,,,0.929501123227045,True,kandidat restorasi baru,,,False,ABU,CIR_K012,ABU
TRS_CIR_0386,CIR,-6.477936772424739,108.52293347199114,1,False,,,,,,,,2990.0,,,,,0.9261566416216939,True,kandidat restorasi baru,,,False,ABU,CIR_K012,ABU
TRS_CIR_0387,CIR,-6.477201402876841,108.52080055595265,1,False,,,,,,,,2990.0,,,,,0.9288593751994961,True,kandidat restorasi baru,,,False,ABU,CIR_K012,ABU
TRS_CIR_0388,CIR,-6.47660869535987,108.51858519038575,1,False,,,,,,,,2990.0,,,,,0.9240694485603677,True,kandidat restorasi baru,,,False,ABU,CIR_K012,ABU
TRS_CIR_0389,CIR,-6.475910301261436,108.51642948298189,1,False,,,,,,,,2990.0,,,,,0.9040025589282606,True,kandidat restorasi baru,,,False,ABU,CIR_K012,ABU
TRS_CIR_0390,CIR,-6.475213289362611,108.51427682780644,1,False,,,,,,,,370.0,,,,,0.69204014140723,True,kandidat restorasi baru,,,False,ABU,CIR_K012,ABU
TRS_CIR_0391,CIR,-6.474333876061014,108.51223646774554,1,False,,,,,,,,360.0,,,,,0.6958341705177148,True,kandidat restorasi baru,,,False,ABU,CIR_K012,ABU
TRS_CIR_0392,CIR,-6.473339172105839,108.51025917699698,1,False,,,,,,,,630.0,,,,,0.7163284441765455,True,kandidat restorasi baru,,,False,ABU,CIR_K012,ABU
TRS_CIR_0393,CIR,-6.472428600932024,108.50823080611875,1,False,,,,,,,,2990.0,,,,,0.9009886951549032,True,kandidat restorasi baru,,,False,ABU,CIR_K012,ABU
TRS_CIR_0394,CIR,-6.471606837250078,108.5061541054423,1,False,,,,,,,,2990.0,,,,,0.9032183495584706,True,kandidat restorasi baru,,,False,ABU,CIR_K012,ABU
TRS_CIR_0395,CIR,-6.470380233397862,108.50424920240589,1,False,,,,,,,,370.0,,,,,0.7602267728850007,True,kandidat restorasi baru,,,False,ABU,CIR_K012,ABU
TRS_CIR_0396,CIR,-6.469703487196716,108.5020366255343,1,False,,,,,,,,2990.0,,,,,0.8754901308561188,True,kandidat restorasi baru,,,False,ABU,CIR_K012,ABU
TRS_CIR_0397,CIR,-6.468469666475674,108.50012400006838,1,False,,,,,,,,0.0,,,,,0.35011050833835644,False,lainnya,,,False,ABU,CIR_K012,ABU
TRS_CIR_0398,CIR,-6.466894600886483,108.49841391867712,1,False,,,,,,,,440.0,,,,,0.6709500063930444,True,kandidat restorasi baru,,,False,ABU,CIR_K012,ABU
TRS_CIR_0399,CIR,-6.466251911864833,108.4961834466142,1,False,,,,,,,,360.0,,,,,0.47118411358917694,False,lainnya,,,False,ABU,CIR_K012,ABU
TRS_CIR_0400,CIR,-6.465249426064767,108.4941594072154,1,False,,,,,,,,400.0,,,,,0.7768886879646374,True,kandidat restorasi baru,,,False,ABU,CIR_K012,ABU
TRS_CIR_0401,CIR,-6.465014934163893,108.49166981816184,1,False,,,,,,,,0.0,,,,,0.3487040385774563,False,lainnya,,,False,ABU,CIR_K012,ABU
TRS_CIR_0402,CIR,-6.463736137431448,108.48981337034947,1,False,,,,,,,,630.0,,,,,0.6702498158194361,True,kandidat restorasi baru,,,False,ABU,CIR_K012,ABU
TRS_CIR_0403,CIR,-6.462326480879913,108.48805296121635,1,False,,,,,,,,710.0,,,,,0.6794819550212668,True,kandidat restorasi baru,,,False,ABU,CIR_K012,ABU
TRS_CIR_0404,CIR,-6.461272478491629,108.48607500576195,1,False,,,,,,,,1030.0,,,,,0.7156736521981698,True,kandidat restorasi baru,,,False,ABU,CIR_K012,ABU
TRS_CIR_0405,CIR,-6.460454034801887,108.48394340411163,1,False,,,,,,,,220.0,,,,,0.6258607777595119,True,kandidat restorasi baru,,,False,ABU,CIR_K012,ABU
TRS_JPR_0001,JPR,-6.4070082851582955,110.83828399078986,1,False,,,,,,,,2040.0,,,,,0.5284573745109858,False,lainnya,,,False,ABU,JPR_K013,ABU
TRS_JPR_0002,JPR,-6.407893045170604,110.8361842833948,1,False,,,,,,,,60.0,,,,,0.3546313039983926,False,lainnya,,,False,ABU,JPR_K013,ABU
TRS_JPR_0003,JPR,-6.4099838703949805,110.83431633462419,1,False,,,,,,,,1700.0,,,,,0.5115566901866231,False,lainnya,,,False,ABU,JPR_K013,ABU
TRS_JPR_0004,JPR,-6.411932403864058,110.83244878893325,1,False,,,,,,,,2270.0,,,,,0.5334538878842676,False,lainnya,,,False,ABU,JPR_K013,ABU
TRS_JPR_0005,JPR,-6.413543574573917,110.83053543230398,1,False,,,,,,,,1540.0,,,,,0.5032147880249146,False,lainnya,,,False,ABU,JPR_K013,ABU
TRS_JPR_0006,JPR,-6.415231950032333,110.82865795954544,1,False,,,,,,,,1520.0,,,,,0.5045036113490476,False,lainnya,,,False,ABU,JPR_K013,ABU
TRS_JPR_0007,JPR,-6.416964549041537,110.82681133265245,1,False,,,,,,,,2990.0,,,,,0.5820775567611011,False,lainnya,,,False,ABU,JPR_K013,ABU
TRS_JPR_0008,JPR,-6.418495928991765,110.82493651886038,1,False,,,,,,,,2990.0,,,,,0.5957081504687448,False,lainnya,,,False,ABU,JPR_K013,ABU
TRS_JPR_0009,JPR,-6.42014111316562,110.82310818989261,1,False,,,,,,,,2470.0,,,,,0.5197910387783805,False,lainnya,,,False,ABU,JPR_K013,ABU
TRS_JPR_0010,JPR,-6.421432118903574,110.82120396438525,1,False,,,,,,,,2990.0,,,,,0.5921110015771546,False,lainnya,,,False,ABU,JPR_K013,ABU
TRS_JPR_0011,JPR,-6.4227170386138175,110.81930972834779,1,False,,,,,,,,2990.0,,,,,0.5954554831825057,False,lainnya,,,False,ABU,JPR_K013,ABU
TRS_JPR_0012,JPR,-6.424004903815914,110.81742798441259,1,False,,,,,,,,2990.0,,,,,0.5838828510815302,False,lainnya,,,False,ABU,JPR_K013,ABU
TRS_JPR_0013,JPR,-6.424931961037995,110.81544801106588,1,False,,,,,,,,2990.0,,,,,0.5738494062654768,False,lainnya,,,False,ABU,JPR_K013,ABU
TRS_JPR_0014,JPR,-6.425519005080273,110.8133638253916,1,False,,,,,,,,2990.0,,,,,0.559301885664021,False,lainnya,,,False,ABU,JPR_K013,ABU
TRS_JPR_0015,JPR,-6.426289028304032,110.8113351613058,1,False,,,,,,,,2990.0,,,,,0.5581870584622374,False,lainnya,,,False,ABU,JPR_K013,ABU
TRS_JPR_0016,JPR,-6.426326461907283,110.80905716569879,1,False,,,,,,,,2990.0,,,,,0.5604167128658047,False,lainnya,,,False,ABU,JPR_K013,ABU
TRS_JPR_0017,JPR,-6.426277218355373,110.80673112632661,1,False,,,,,,,,2450.0,,,,,0.512692672005511,False,lainnya,,,False,ABU,JPR_K013,ABU
TRS_JPR_0018,JPR,-6.4273386370516805,110.80478925525297,1,False,,,,,,,,2990.0,,,,,0.5648760216729397,False,lainnya,,,False,ABU,JPR_K013,ABU
TRS_JPR_0019,JPR,-6.427022482838101,110.80233667046521,1,False,,,,,,,,2990.0,,,,,0.5604167128658047,False,lainnya,,,False,ABU,JPR_K013,ABU
TRS_JPR_0020,JPR,-6.427430558055022,110.80007771898028,1,False,,,,,,,,2180.0,,,,,0.5125218205580533,False,lainnya,,,False,ABU,JPR_K013,ABU
TRS_JPR_0021,JPR,-6.426950244148291,110.79748164430521,1,False,,,,,,,,2190.0,,,,,0.5142614932800471,False,lainnya,,,False,ABU,JPR_K013,ABU
TRS_JPR_0022,JPR,-6.426812593901691,110.79501443463754,1,False,,,,,,,,2670.0,,,,,0.5228748874034039,False,lainnya,,,False,ABU,JPR_K013,ABU
TRS_JPR_0023,JPR,-6.426994745699411,110.79266748748636,1,False,,,,,,,,2900.0,,,,,0.5203376913110653,False,lainnya,,,False,ABU,JPR_K013,ABU
TRS_JPR_0024,JPR,-6.4263118757791515,110.78999527051117,1,False,,,,,,,,2990.0,,,,,0.5559574040586699,False,lainnya,,,False,ABU,JPR_K013,ABU
TRS_JPR_0025,JPR,-6.425911609859348,110.78742933139145,1,False,,,,,,,,2580.0,,,,,0.5066305003013863,False,lainnya,,,False,ABU,JPR_K013,ABU
TRS_JPR_0026,JPR,-6.425642238991312,110.78491262007745,1,False,,,,,,,,2850.0,,,,,0.5157725537472373,False,lainnya,,,False,ABU,JPR_K013,ABU
TRS_JPR_0027,JPR,-6.427401731614918,110.78315879247322,1,False,,,,,,,,2990.0,,,,,0.5581870584622374,False,lainnya,,,False,ABU,JPR_K013,ABU
TRS_JPR_0028,JPR,-6.428261321779058,110.78106658326931,1,False,,,,,,,,2990.0,,,,,0.5559574040586699,False,lainnya,,,False,ABU,JPR_K013,ABU
TRS_JPR_0029,JPR,-6.429855548317428,110.77925059786442,1,False,,,,,,,,2990.0,,,,,0.5559574040586699,False,lainnya,,,False,ABU,JPR_K013,ABU
TRS_JPR_0030,JPR,-6.431144077443729,110.77731966072795,1,False,,,,,,,,2990.0,,,,,0.47026321076953986,False,lainnya,,,False,ABU,JPR_K013,ABU
TRS_JPR_0031,JPR,-6.432492111698353,110.77541109077565,1,False,,,,,,,,2990.0,,,,,0.47026321076953986,False,lainnya,,,False,ABU,JPR_K013,ABU
TRS_JPR_0032,JPR,-6.433221356477472,110.77326985174656,1,False,,,,,,,,2990.0,,,,,0.47137803797132366,False,lainnya,,,False,ABU,JPR_K013,ABU
TRS_JPR_0033,JPR,-6.433804752287112,110.77107377252322,1,False,,,,,,,,2990.0,,,,,0.47026321076953986,False,lainnya,,,False,ABU,JPR_K013,ABU
TRS_JPR_0034,JPR,-6.435195948070316,110.76918141410162,1,False,,,,,,,,2990.0,,,,,0.4747225195766747,False,lainnya,,,False,ABU,JPR_K013,ABU
TRS_JPR_0035,JPR,-6.436610080308052,110.76729767203592,1,False,,,,,,,,2990.0,,,,,0.559301885664021,False,lainnya,,,False,ABU,JPR_K013,ABU
TRS_JPR_0036,JPR,-6.437818285276225,110.76533649781615,1,False,,,,,,,,2990.0,,,,,0.5905718142922325,False,lainnya,,,False,ABU,JPR_K013,ABU
TRS_JPR_0037,JPR,-6.438604130752464,110.76321652027772,1,False,,,,,,,,2990.0,,,,,0.5827680238797465,False,lainnya,,,False,ABU,JPR_K013,ABU
TRS_JPR_0038,JPR,-6.439473471582144,110.7611279318135,1,False,,,,,,,,2310.0,,,,,0.5240652455842328,False,lainnya,,,False,ABU,JPR_K013,ABU
TRS_JPR_0039,JPR,-6.440632196471199,110.75914813900519,1,False,,,,,,,,60.0,,,,,0.45639943741209565,False,lainnya,,,False,ABU,JPR_K013,ABU
TRS_JPR_0040,JPR,-6.442014008805947,110.75727347485845,1,False,,,,,,,,1350.0,,,,,0.5067086375103252,False,lainnya,,,False,ABU,JPR_K013,ABU
TRS_JPR_0041,JPR,-6.44217205933547,110.75498176417369,1,False,,,,,,,,0.0,,,,,0.29455495278280086,False,lainnya,,,False,ABU,JPR_K013,ABU
TRS_JPR_0042,JPR,-6.442079360621605,110.75255977685848,1,False,,,,,,,,20.0,,,,,0.33433795459111915,False,lainnya,,,False,ABU,JPR_K013,ABU
TRS_JPR_0043,JPR,-6.44220200848222,110.75019727760774,1,False,,,,,,,,160.0,,,,,0.3790436005625879,False,lainnya,,,False,ABU,JPR_K013,ABU
TRS_JPR_0044,JPR,-6.44252347583842,110.7478992598012,1,False,,,,,,,,180.0,,,,,0.3581474784006429,False,lainnya,,,False,ABU,JPR_K013,ABU
TRS_JPR_0045,JPR,-6.443225441778382,110.74576663137883,1,False,,,,,,,,70.0,,,,,0.34900542495479203,False,lainnya,,,False,ABU,JPR_K013,ABU
TRS_JPR_0046,JPR,-6.442676534159149,110.74299124608244,1,False,,,,,,,,30.0,,,,,0.31374321880650996,False,lainnya,,,False,ABU,JPR_K013,ABU
TRS_JPR_0047,JPR,-6.4421500337967395,110.74016479782478,1,False,,,,,,,,130.0,,,,,0.3476994173196705,False,lainnya,,,False,ABU,JPR_K013,ABU
TRS_JPR_0048,JPR,-6.443081083966295,110.73808870705972,1,False,,,,,,,,610.0,,,,,0.417420132610006,False,lainnya,,,False,ABU,JPR_K013,ABU
TRS_JPR_0049,JPR,-6.442747896567245,110.73527975482304,1,False,,,,,,,,820.0,,,,,0.442126464664285,False,lainnya,,,False,ABU,JPR_K013,ABU
TRS_JPR_0050,JPR,-6.444699756258781,110.73380555686555,1,False,,,,,,,,710.0,,,,,0.4254571026722925,False,lainnya,,,False,ABU,JPR_K013,ABU
TRS_JPR_0051,JPR,-6.445209690145428,110.73147294141555,1,False,,,,,,,,1270.0,,,,,0.5064177104444223,False,lainnya,,,False,ABU,JPR_K013,ABU
TRS_JPR_0052,JPR,-6.445634703497507,110.72906723743174,1,False,,,,,,,,1870.0,,,,,0.5319131104685834,False,lainnya,,,False,ABU,JPR_K013,ABU
TRS_JPR_0053,JPR,-6.446454970570794,110.72691290852248,1,False,,,,,,,,2520.0,,,,,0.5047217199115933,False,lainnya,,,False,ABU,JPR_K013,ABU
TRS_JPR_0054,JPR,-6.447331956941453,110.7247992134251,1,False,,,,,,,,790.0,,,,,0.43640747438215793,False,lainnya,,,False,ABU,JPR_K013,ABU
TRS_JPR_0055,JPR,-6.448399384399234,110.72283172143318,1,False,,,,,,,,850.0,,,,,0.6340932997671642,True,kandidat restorasi baru,,,False,ABU,JPR_K013,ABU
TRS_JPR_0056,JPR,-6.4500024239347145,110.72129831503663,1,False,,,,,,,,980.0,,,,,0.5839145784896237,False,lainnya,,,False,ABU,JPR_K013,ABU
TRS_JPR_0057,JPR,-6.451320783833971,110.71958311869759,1,False,,,,,,,,1020.0,,,,,0.5152288763606708,False,lainnya,,,False,ABU,JPR_K013,ABU
TRS_JPR_0058,JPR,-6.452539024511215,110.71781402688637,1,False,,,,,,,,1070.0,,,,,0.5746799764899847,False,lainnya,,,False,ABU,JPR_K013,ABU
TRS_JPR_0059,JPR,-6.454791699686345,110.71692800412158,1,False,,,,,,,,1160.0,,,,,0.5638263598761198,False,lainnya,,,False,ABU,JPR_K013,ABU
TRS_JPR_0060,JPR,-6.456257011368308,110.7153416717797,1,False,,,,,,,,1620.0,,,,,0.5270764033070644,False,lainnya,,,False,ABU,JPR_K013,ABU
TRS_JPR_0061,JPR,-6.457856941234838,110.71384879463784,1,False,,,,,,,,1900.0,,,,,0.550994575045208,False,lainnya,,,False,ABU,JPR_K013,ABU
TRS_JPR_0062,JPR,-6.4606592087472245,110.7135209651033,1,False,,,,,,,,2230.0,,,,,0.574400538440954,False,lainnya,,,False,ABU,JPR_K013,ABU
TRS_JPR_0063,JPR,-6.463488193829455,110.71328685121411,1,False,,,,,,,,2990.0,,,,,0.664095642631691,True,kandidat restorasi baru,,,False,ABU,JPR_K013,ABU
TRS_JPR_0064,JPR,-6.467127508110324,110.71389878959286,1,False,,,,,,,,0.0,,,,,0.27777777777777773,False,lainnya,,,False,ABU,JPR_K013,ABU
TRS_JPR_0065,JPR,-6.469441713813711,110.7130960106758,1,False,,,,,,,,0.0,,,,,0.27777777777777773,False,lainnya,,,False,ABU,JPR_K013,ABU
TRS_JPR_0066,JPR,-6.471317205910127,110.71183977705097,1,False,,,,,,,,1790.0,,,,,0.583487393967558,False,lainnya,,,False,ABU,JPR_K013,ABU
TRS_JPR_0067,JPR,-6.473083107385227,110.71047483802175,1,False,,,,,,,,0.0,,,,,0.27777777777777773,False,lainnya,,,False,ABU,JPR_K013,ABU
TRS_JPR_0068,JPR,-6.4746789687398385,110.70894432931082,1,False,,,,,,,,30.0,,,,,0.31374321880650996,False,lainnya,,,False,ABU,JPR_K013,ABU
TRS_JPR_0069,JPR,-6.475578508253508,110.70673454962093,1,False,,,,,,,,1630.0,,,,,0.48839569997448384,False,lainnya,,,False,ABU,JPR_K013,ABU
TRS_JPR_0070,JPR,-6.474807093929188,110.70291560744067,1,False,,,,,,,,2010.0,,,,,0.5940805316395719,False,lainnya,,,False,ABU,JPR_K013,ABU
TRS_JPR_0071,JPR,-6.476709804408764,110.7017339008291,1,False,,,,,,,,940.0,,,,,0.6792906946421624,True,kandidat restorasi baru,,,False,ABU,JPR_K013,ABU
TRS_JPR_0072,JPR,-6.478399168788771,110.70034911957237,1,False,,,,,,,,970.0,,,,,0.6976110727905064,True,kandidat restorasi baru,,,False,ABU,JPR_K013,ABU
TRS_JPR_0073,JPR,-6.479910874638051,110.69880140672375,1,False,,,,,,,,1080.0,,,,,0.6633625789743933,True,kandidat restorasi baru,,,False,ABU,JPR_K013,ABU
TRS_JPR_0074,JPR,-6.48148777831368,110.69732327278989,1,False,,,,,,,,1160.0,,,,,0.6725575578696487,True,kandidat restorasi baru,,,False,ABU,JPR_K013,ABU
TRS_JPR_0075,JPR,-6.483221751256222,110.69599777448238,1,False,,,,,,,,850.0,,,,,0.6340932997671642,True,kandidat restorasi baru,,,False,ABU,JPR_K013,ABU
TRS_JPR_0076,JPR,-6.485495354806371,110.69507988200029,1,False,,,,,,,,270.0,,,,,0.37723528229857345,False,lainnya,,,False,ABU,JPR_K013,ABU
TRS_JPR_0077,JPR,-6.486199131334358,110.69258210601913,1,False,,,,,,,,1100.0,,,,,0.7045007032348805,True,kandidat restorasi baru,,,False,ABU,JPR_K013,ABU
TRS_JPR_0078,JPR,-6.487489910499569,110.69056491724693,1,False,,,,,,,,0.0,,,,,0.29455495278280086,False,lainnya,,,False,ABU,JPR_K013,ABU
TRS_JPR_0079,JPR,-6.489964002213354,110.68976575880392,1,False,,,,,,,,0.0,,,,,0.29455495278280086,False,lainnya,,,False,ABU,JPR_K013,ABU
TRS_JPR_0080,JPR,-6.494658220929974,110.6916136635991,1,False,,,,,,,,2070.0,,,,,0.6894992327023147,True,kandidat restorasi baru,,,False,ABU,JPR_K013,ABU
TRS_JPR_0081,JPR,-6.497427189837357,110.69142954192239,1,False,,,,,,,,1450.0,,,,,0.48412698412698413,False,lainnya,,,False,ABU,JPR_K013,ABU
TRS_JPR_0082,JPR,-6.498772709389198,110.69015580358138,1,False,,,,,,,,1280.0,,,,,0.6541858172593932,True,kandidat restorasi baru,,,False,ABU,JPR_K013,ABU
TRS_JPR_0083,JPR,-6.499612725254057,110.68865447624871,1,False,,,,,,,,220.0,,,,,0.3849708659835242,False,lainnya,,,False,ABU,JPR_K013,ABU
TRS_JPR_0084,JPR,-6.496239832131111,110.6807478994185,1,False,,,,,,,,1050.0,,,,,0.6678521197508539,True,kandidat restorasi baru,,,False,ABU,JPR_K013,ABU
TRS_JPR_0085,JPR,-6.496274429214792,110.67757571144487,1,False,,,,,,,,1420.0,,,,,0.6848559712706619,True,kandidat restorasi baru,,,False,ABU,JPR_K013,ABU
TRS_JPR_0086,JPR,-6.496847669587638,110.67520901048181,1,False,,,,,,,,2030.0,,,,,0.5617010662842178,False,lainnya,,,False,ABU,JPR_K013,ABU
TRS_JPR_0087,JPR,-6.497794776462848,110.67357573809564,1,False,,,,,,,,2080.0,,,,,0.6041908162161326,True,kandidat restorasi baru,,,False,ABU,JPR_K013,ABU
TRS_JPR_0088,JPR,-6.498484882595313,110.67197995636946,1,False,,,,,,,,2120.0,,,,,0.579896770426983,False,lainnya,,,False,ABU,JPR_K013,ABU
TRS_JPR_0089,JPR,-6.50054454086824,110.67331643514278,1,False,,,,,,,,2990.0,,,,,0.6953108042816353,True,kandidat restorasi baru,,,False,ABU,JPR_K013,ABU
TRS_JPR_0090,JPR,-6.502026143791216,110.67329941856656,1,False,,,,,,,,20.0,,,,,0.3082178018886879,False,lainnya,,,False,ABU,JPR_K013,ABU
TRS_JPR_0091,JPR,-6.503099452603397,110.67237068147408,1,False,,,,,,,,30.0,,,,,0.31374321880650996,False,lainnya,,,False,ABU,JPR_K013,ABU
TRS_JPR_0092,JPR,-6.50167990412121,110.66677361939024,3,False,,,,,,,,2990.0,,,,,0.7031145946941214,True,kandidat restorasi baru,,,False,ABU,JPR_K013,ABU
TRS_JPR_0093,JPR,-6.501962336436488,110.6644158308808,3,False,,,,,,,,2990.0,,,,,0.6685549514388258,True,kandidat restorasi baru,,,False,ABU,JPR_K013,ABU
TRS_JPR_0094,JPR,-6.502780936629859,110.66396586458622,1,False,,,,,,,,2990.0,,,,,0.5960911833228839,False,lainnya,,,False,ABU,JPR_K013,ABU
TRS_JPR_0095,JPR,-6.503346443647521,110.66385828095652,5,False,,,,,,,,2990.0,,,,,0.637394556767149,True,kandidat restorasi baru,,,False,ABU,JPR_K013,ABU
TRS_JPR_0096,JPR,-6.504658947610678,110.66506959805326,3,False,,,,,,,,2990.0,,,,,0.6307055935564466,True,kandidat restorasi baru,,,False,ABU,JPR_K013,ABU
TRS_JPR_0097,JPR,-6.505230186208305,110.66513068721109,3,False,,,,,,,,2990.0,,,,,0.6095238767225558,True,kandidat restorasi baru,,,False,ABU,JPR_K013,ABU
TRS_JPR_0098,JPR,-6.505810139345777,110.66529515725276,3,True,610.1561362505308,-0.5905958447543112,2889.843863749469,34.370530001405186,2890.1391616718465,2890.4344595942234,True,1880.0,-0.5905958447543112,0.0,2.733318289544996e-159,0.6384033512145139,,,,5.584084733280373e-159,-0.34901649256749107,False,GREEN,JPR_K014,GREEN
TRS_JPR_0099,JPR,-6.506272704863473,110.66536833793131,3,True,741.1271122166604,3.0470116006107,2758.8728877833396,22.570251804107063,2757.349381983034,2755.8258761827287,True,1780.0,3.0470116006107,0.0,7.948344714079542e-153,0.6310059044466372,,,,1.6238222435532664e-152,-0.34901649256749107,False,GREEN,JPR_K014,GREEN
TRS_JPR_0100,JPR,-6.506983487432301,110.66544670903339,3,True,549.8724820651934,-8.371302588089073,2950.1275179348067,22.78509076368399,2954.313169228851,2958.4988205228956,True,2920.0,-8.371302588089073,0.0,3.927028037222843e-181,0.7475042686949436,,,,7.757576097637703e-181,-0.34901649256749107,False,GREEN,JPR_K014,GREEN
TRS_JPR_0101,JPR,-6.508111860273593,110.66584973793066,3,True,585.4920260146608,-4.912979287782608,2914.507973985339,22.570200697509577,2916.9644636292305,2919.420953273122,True,2590.0,-4.912979287782608,0.0,2.2273188079954027e-175,0.7082734039178799,,,,4.399916421005054e-175,-0.34901649256749107,False,GREEN,JPR_K014,GREEN
TRS_JPR_0102,JPR,-6.509649871836058,110.66684911500437,3,False,,,,,,,,2990.0,,,,,0.6300151264378012,True,kandidat restorasi baru,,,False,ABU,JPR_K014,GREEN
TRS_JPR_0103,JPR,-6.519924570007538,110.68318549029473,1,False,,,,,,,,0.0,,,,,0.27777777777777773,False,lainnya,,,False,ABU,JPR_K015,ABU
TRS_JPR_0104,JPR,-6.520523974745164,110.68312476484712,1,False,,,,,,,,0.0,,,,,0.27777777777777773,False,lainnya,,,False,ABU,JPR_K015,ABU
TRS_JPR_0105,JPR,-6.521205712160972,110.68305569808939,1,False,,,,,,,,730.0,,,,,0.48980515852372974,False,lainnya,,,False,ABU,JPR_K015,ABU
TRS_JPR_0106,JPR,-6.522940926758833,110.68274484844635,1,False,,,,,,,,970.0,,,,,0.5017347841307126,False,lainnya,,,False,ABU,JPR_K015,ABU
TRS_JPR_0107,JPR,-6.524984313308214,110.68221962722158,1,False,,,,,,,,1990.0,,,,,0.5518647083114993,False,lainnya,,,False,ABU,JPR_K015,ABU
TRS_JPR_0108,JPR,-6.5268898529355805,110.68149552071958,1,False,,,,,,,,1760.0,,,,,0.5233528777832576,False,lainnya,,,False,ABU,JPR_K015,ABU
TRS_JPR_0109,JPR,-6.528806625204273,110.68088338478233,1,False,,,,,,,,1530.0,,,,,0.5841557438727952,False,lainnya,,,False,ABU,JPR_K015,ABU
TRS_JPR_0110,JPR,-6.530528693812892,110.67989172446275,1,False,,,,,,,,1480.0,,,,,0.6021482603761085,True,kandidat restorasi baru,,,False,ABU,JPR_K015,ABU
TRS_JPR_0111,JPR,-6.532034604124047,110.6788526941122,1,False,,,,,,,,1830.0,,,,,0.6179079503420654,True,kandidat restorasi baru,,,False,ABU,JPR_K015,ABU
TRS_JPR_0112,JPR,-6.533510539815097,110.67757713755184,1,False,,,,,,,,2010.0,,,,,0.5478394645218753,False,lainnya,,,False,ABU,JPR_K015,ABU
TRS_JPR_0113,JPR,-6.534963522698402,110.67569649548909,1,False,,,,,,,,1830.0,,,,,0.5996930140943422,False,lainnya,,,False,ABU,JPR_K015,ABU
TRS_JPR_0114,JPR,-6.533534028132179,110.66497002821598,3,False,,,,,,,,1940.0,,,,,0.6414858866248662,True,kandidat restorasi baru,,,False,ABU,JPR_K016,ABU
TRS_JPR_0115,JPR,-6.535778515529806,110.66551373011603,1,False,,,,,,,,30.0,,,,,0.33052039381153303,False,lainnya,,,False,ABU,JPR_K016,ABU
TRS_JPR_0116,JPR,-6.537855664488323,110.66554610000003,1,False,,,,,,,,650.0,,,,,0.46284292360241724,False,lainnya,,,False,ABU,JPR_K016,ABU
TRS_JPR_0117,JPR,-6.539901208845305,110.66548347648445,1,False,,,,,,,,2050.0,,,,,0.51810180488785,False,lainnya,,,False,ABU,JPR_K016,ABU
TRS_JPR_0118,JPR,-6.541815005252297,110.6650175847062,1,False,,,,,,,,60.0,,,,,0.3546313039983926,False,lainnya,,,False,ABU,JPR_K016,ABU
TRS_JPR_0119,JPR,-6.5434130402122825,110.66358117044439,1,False,,,,,,,,110.0,,,,,0.35935302390998597,False,lainnya,,,False,ABU,JPR_K016,ABU
TRS_JPR_0120,JPR,-6.544876870627448,110.66173165905549,1,False,,,,,,,,90.0,,,,,0.3378541289933695,False,lainnya,,,False,ABU,JPR_K016,ABU
TRS_JPR_0121,JPR,-6.544947003434675,110.65558612364626,1,False,,,,,,,,760.0,,,,,0.4302792847096644,False,lainnya,,,False,ABU,JPR_K016,ABU
TRS_JPR_0122,JPR,-6.547089132892292,110.65572542393242,1,False,,,,,,,,2990.0,,,,,0.5928270042194093,False,lainnya,,,False,ABU,JPR_K016,ABU
TRS_JPR_0123,JPR,-6.549047278119619,110.6549435749063,1,False,,,,,,,,650.0,,,,,0.46574241510950376,False,lainnya,,,False,ABU,JPR_K016,ABU
TRS_JPR_0124,JPR,-6.551034170532934,110.65418638354191,1,False,,,,,,,,830.0,,,,,0.604601649515482,True,kandidat restorasi baru,,,False,ABU,JPR_K016,ABU
TRS_JPR_0125,JPR,-6.553178967732631,110.65379065497488,1,False,,,,,,,,0.0,,,,,0.31464737793851716,False,lainnya,,,False,ABU,JPR_K016,ABU
TRS_JPR_0126,JPR,-6.554523184160281,110.6516920799818,1,False,,,,,,,,0.0,,,,,0.31464737793851716,False,lainnya,,,False,ABU,JPR_K016,ABU
TRS_JPR_0127,JPR,-6.554052128805636,110.64589116310357,1,False,,,,,,,,1470.0,,,,,0.5141077528057636,False,lainnya,,,False,ABU,JPR_K016,ABU
TRS_JPR_0128,JPR,-6.5558210468745814,110.64472891600401,1,False,,,,,,,,620.0,,,,,0.435201928872815,False,lainnya,,,False,ABU,JPR_K016,ABU
TRS_JPR_0129,JPR,-6.5571065319792625,110.64431992096016,3,False,,,,,,,,180.0,,,,,0.3900944343982318,False,lainnya,,,False,ABU,JPR_K016,ABU
TRS_JPR_0130,JPR,-6.5584756334036065,110.6455337492024,3,False,,,,,,,,1270.0,,,,,0.5411159048156955,False,lainnya,,,False,ABU,JPR_K016,ABU
TRS_JPR_0131,JPR,-6.563000566627908,110.65299021128543,3,False,,,,,,,,120.0,,,,,0.5286317058468958,False,lainnya,,,False,ABU,JPR_K016,ABU
TRS_JPR_0132,JPR,-6.569802732313343,110.66025190205538,1,False,,,,,,,,40.0,,,,,0.35643962226240705,False,lainnya,,,False,ABU,JPR_K017,ABU
TRS_JPR_0133,JPR,-6.570913915609634,110.66066119203114,1,False,,,,,,,,20.0,,,,,0.3401647578862768,False,lainnya,,,False,ABU,JPR_K017,ABU
TRS_JPR_0134,JPR,-6.572077597294878,110.66094769775209,1,False,,,,,,,,70.0,,,,,0.34900542495479203,False,lainnya,,,False,ABU,JPR_K017,ABU
TRS_JPR_0135,JPR,-6.57340458310826,110.66157917215406,1,False,,,,,,,,30.0,,,,,0.33052039381153303,False,lainnya,,,False,ABU,JPR_K017,ABU
TRS_JPR_0136,JPR,-6.574826909532506,110.66122898634666,1,False,,,,,,,,20.0,,,,,0.32499497689371104,False,lainnya,,,False,ABU,JPR_K017,ABU
TRS_JPR_0137,JPR,-6.576233679213178,110.66082496167445,1,False,,,,,,,,20.0,,,,,0.3401647578862768,False,lainnya,,,False,ABU,JPR_K017,ABU
TRS_JPR_0138,JPR,-6.577544355985159,110.66037148925624,1,False,,,,,,,,20.0,,,,,0.3082178018886879,False,lainnya,,,False,ABU,JPR_K017,ABU
TRS_JPR_0139,JPR,-6.578769784112737,110.65990234411598,1,False,,,,,,,,630.0,,,,,0.39371107092626084,False,lainnya,,,False,ABU,JPR_K017,ABU
TRS_JPR_0140,JPR,-6.579902200058567,110.65924037290272,1,False,,,,,,,,100.0,,,,,0.3167570825798674,False,lainnya,,,False,ABU,JPR_K017,ABU
TRS_JPR_0141,JPR,-6.580964880738839,110.65849311358075,1,False,,,,,,,,690.0,,,,,0.42425155716294954,False,lainnya,,,False,ABU,JPR_K017,ABU
TRS_JPR_0142,JPR,-6.581961339793783,110.65722119719166,1,False,,,,,,,,80.0,,,,,0.40312939521800284,False,lainnya,,,False,ABU,JPR_K017,ABU
TRS_JPR_0143,JPR,-6.583179989939856,110.6557970143807,3,False,,,,,,,,220.0,,,,,0.48940581219062235,False,lainnya,,,False,ABU,JPR_K017,ABU
TRS_JPR_0144,JPR,-6.584214499368669,110.64389891099398,3,False,,,,,,,,1230.0,,,,,0.5364481492916194,False,lainnya,,,False,ABU,JPR_K018,ABU
TRS_JPR_0145,JPR,-6.585834883144121,110.64360369748692,1,False,,,,,,,,20.0,,,,,0.352622061482821,False,lainnya,,,False,ABU,JPR_K018,ABU
TRS_JPR_0146,JPR,-6.588151992926773,110.64431973652687,1,False,,,,,,,,0.0,,,,,0.32891299979907573,False,lainnya,,,False,ABU,JPR_K018,ABU
TRS_JPR_0147,JPR,-6.590737529275429,110.64723665681866,3,False,,,,,,,,30.0,,,,,0.354530841872614,False,lainnya,,,False,ABU,JPR_K018,ABU
TRS_JPR_0148,JPR,-6.594074735261916,110.65494829681218,1,False,,,,,,,,0.0,,,,,0.31856540084388185,False,lainnya,,,False,ABU,JPR_K018,ABU
TRS_JPR_0149,JPR,-6.596616418833291,110.65523073379158,3,False,,,,,,,,30.0,,,,,0.3648784408278079,False,lainnya,,,False,ABU,JPR_K018,ABU
TRS_JPR_0150,JPR,-6.598976088070555,110.6544289340493,1,False,,,,,,,,0.0,,,,,0.32559774964838256,False,lainnya,,,False,ABU,JPR_K018,ABU
TRS_JPR_0151,JPR,-6.601523060719366,110.65479644645686,1,False,,,,,,,,70.0,,,,,0.373015873015873,False,lainnya,,,False,ABU,JPR_K018,ABU
TRS_JPR_0152,JPR,-6.603974580466932,110.65467554160048,1,False,,,,,,,,0.0,,,,,0.31856540084388185,False,lainnya,,,False,ABU,JPR_K018,ABU
TRS_JPR_0153,JPR,-6.606338659786696,110.654227160814,1,False,,,,,,,,120.0,,,,,0.389592123769339,False,lainnya,,,False,ABU,JPR_K018,ABU
TRS_JPR_0154,JPR,-6.608263446463674,110.65360401092829,1,False,,,,,,,,200.0,,,,,0.400642957604983,False,lainnya,,,False,ABU,JPR_K018,ABU
TRS_JPR_0155,JPR,-6.610063383319597,110.65269270889758,1,False,,,,,,,,120.0,,,,,0.38597548724131,False,lainnya,,,False,ABU,JPR_K018,ABU
TRS_JPR_0156,JPR,-6.611835225859903,110.65120390622458,1,False,,,,,,,,0.0,,,,,0.32559774964838256,False,lainnya,,,False,ABU,JPR_K018,ABU
TRS_JPR_0157,JPR,-6.613674292665661,110.64951941090176,1,False,,,,,,,,30.0,,,,,0.3690978501105083,False,lainnya,,,False,ABU,JPR_K018,ABU
TRS_JPR_0158,JPR,-6.615630935909751,110.64794979616599,1,False,,,,,,,,0.0,,,,,0.3380550532449267,False,lainnya,,,False,ABU,JPR_K018,ABU
TRS_JPR_0159,JPR,-6.6177173595332075,110.64648081217351,1,False,,,,,,,,160.0,,,,,0.4082780791641551,False,lainnya,,,False,ABU,JPR_K018,ABU
TRS_JPR_0160,JPR,-6.619239991455219,110.63827320728764,1,False,,,,,,,,0.0,,,,,0.32891299979907573,False,lainnya,,,False,ABU,JPR_K018,ABU
TRS_JPR_0161,JPR,-6.621561366838119,110.6384685895643,1,False,,,,,,,,0.0,,,,,0.32891299979907573,False,lainnya,,,False,ABU,JPR_K018,ABU
TRS_JPR_0162,JPR,-6.6238844419424865,110.6387333900646,1,False,,,,,,,,240.0,,,,,0.4273658830620856,False,lainnya,,,False,ABU,JPR_K018,ABU
TRS_JPR_0163,JPR,-6.626095642326952,110.63820225681049,1,False,,,,,,,,230.0,,,,,0.4254571026722925,False,lainnya,,,False,ABU,JPR_K018,ABU
TRS_JPR_0164,JPR,-6.628207155162713,110.63779796106016,1,False,,,,,,,,170.0,,,,,0.41068917018284107,False,lainnya,,,False,ABU,JPR_K018,ABU
TRS_JPR_0165,JPR,-6.6303287830166235,110.63764352562204,1,False,,,,,,,,300.0,,,,,0.4333936106088005,False,lainnya,,,False,ABU,JPR_K018,ABU
TRS_JPR_0166,JPR,-6.6326842793119205,110.63938771511667,1,False,,,,,,,,0.0,,,,,0.31856540084388185,False,lainnya,,,False,ABU,JPR_K018,ABU
TRS_JPR_0167,JPR,-6.634956931689759,110.6401401657559,1,False,,,,,,,,390.0,,,,,0.5579743744300706,False,lainnya,,,False,ABU,JPR_K018,ABU
TRS_JPR_0168,JPR,-6.637181791524409,110.64044576017636,1,False,,,,,,,,290.0,,,,,0.4283705043198714,False,lainnya,,,False,ABU,JPR_K018,ABU
TRS_JPR_0169,JPR,-6.639670674344891,110.64213634837357,1,False,,,,,,,,0.0,,,,,0.32559774964838256,False,lainnya,,,False,ABU,JPR_K018,ABU
TRS_JPR_0170,JPR,-6.6423399651184685,110.64440631219055,1,False,,,,,,,,0.0,,,,,0.30389793048020897,False,lainnya,,,False,ABU,JPR_K018,ABU
TRS_JPR_0171,JPR,-6.6450258884141595,110.64636286582072,1,False,,,,,,,,60.0,,,,,0.3692987743620655,False,lainnya,,,False,ABU,JPR_K018,ABU
TRS_JPR_0172,JPR,-6.647510846092811,110.64717758220635,1,False,,,,,,,,90.0,,,,,0.3786417520594736,False,lainnya,,,False,ABU,JPR_K018,ABU
TRS_JPR_0173,JPR,-6.649669382686591,110.64662678087979,1,False,,,,,,,,200.0,,,,,0.5304400241109102,False,lainnya,,,False,ABU,JPR_K018,ABU
TRS_JPR_0174,JPR,-6.65178074317869,110.64599022225879,1,False,,,,,,,,210.0,,,,,0.6197508539280691,True,kandidat restorasi baru,,,False,ABU,JPR_K018,ABU
TRS_JPR_0175,JPR,-6.653858671264413,110.64533201882917,1,False,,,,,,,,240.0,,,,,0.45534458509142056,False,lainnya,,,False,ABU,JPR_K018,ABU
TRS_JPR_0176,JPR,-6.6559111763650565,110.64468185126611,1,False,,,,,,,,230.0,,,,,0.5295227612233666,False,lainnya,,,False,ABU,JPR_K018,ABU
TRS_JPR_0177,JPR,-6.6579710993646835,110.64403750807548,1,False,,,,,,,,210.0,,,,,0.36578259995981516,False,lainnya,,,False,ABU,JPR_K018,ABU
TRS_JPR_0178,JPR,-6.660004390994619,110.64323906765954,1,False,,,,,,,,240.0,,,,,0.555455093429777,False,lainnya,,,False,ABU,JPR_K018,ABU
TRS_JPR_0179,JPR,-6.662082993184209,110.64249675024048,1,False,,,,,,,,260.0,,,,,0.5295745042580485,False,lainnya,,,False,ABU,JPR_K018,ABU
TRS_JPR_0180,JPR,-6.664198958980946,110.6417810862448,1,False,,,,,,,,270.0,,,,,0.6364945415578327,True,kandidat restorasi baru,,,False,ABU,JPR_K018,ABU
TRS_JPR_0181,JPR,-6.666081938667238,110.64045851520098,1,False,,,,,,,,350.0,,,,,0.5792646172393008,False,lainnya,,,False,ABU,JPR_K018,ABU
TRS_JPR_0182,JPR,-6.668207182619398,110.63966756760118,1,False,,,,,,,,290.0,,,,,0.6908953600354734,True,kandidat restorasi baru,,,False,ABU,JPR_K018,ABU
TRS_JPR_0183,JPR,-6.670127001165996,110.63839008020258,1,False,,,,,,,,440.0,,,,,0.6075995031691234,True,kandidat restorasi baru,,,False,ABU,JPR_K018,ABU
TRS_JPR_0184,JPR,-6.672066123871823,110.63714335822476,1,False,,,,,,,,520.0,,,,,0.6475672709849926,True,kandidat restorasi baru,,,False,ABU,JPR_K018,ABU
TRS_JPR_0185,JPR,-6.674023215798392,110.6359206025069,1,False,,,,,,,,490.0,,,,,0.6383650506616149,True,kandidat restorasi baru,,,False,ABU,JPR_K018,ABU
TRS_JPR_0186,JPR,-6.675986309714176,110.63469653844125,1,False,,,,,,,,430.0,,,,,0.598712215727229,False,lainnya,,,False,ABU,JPR_K018,ABU
TRS_JPR_0187,JPR,-6.6783378189782105,110.63414456640076,1,False,,,,,,,,280.0,,,,,0.5218002812939522,False,lainnya,,,False,ABU,JPR_K018,ABU
TRS_JPR_0188,JPR,-6.680420507874427,110.63307221521056,1,False,,,,,,,,270.0,,,,,0.6149844841827964,True,kandidat restorasi baru,,,False,ABU,JPR_K018,ABU
TRS_JPR_0189,JPR,-6.682416883096063,110.63183601083824,1,False,,,,,,,,290.0,,,,,0.6219298427940941,True,kandidat restorasi baru,,,False,ABU,JPR_K018,ABU
TRS_JPR_0190,JPR,-6.684401377325555,110.63057055474864,1,False,,,,,,,,290.0,,,,,0.6198132097302765,True,kandidat restorasi baru,,,False,ABU,JPR_K018,ABU
TRS_PKL_0001,PKL,-6.91652894321443,109.87825713011513,1,False,,,,,,,,480.0,,,,,0.3341621458710066,False,lainnya,,,True,ABU,PKL_K019,ABU
TRS_PKL_0002,PKL,-6.9162235447043,109.87600789580543,1,False,,,,,,,,0.0,,,,,0.1920835844886478,False,lainnya,,,True,ABU,PKL_K019,ABU
TRS_PKL_0003,PKL,-6.915833186215698,109.87377724716951,1,False,,,,,,,,0.0,,,,,0.1920835844886478,False,lainnya,,,True,ABU,PKL_K019,ABU
TRS_PKL_0004,PKL,-6.915444360382367,109.87154626643577,1,False,,,,,,,,0.0,,,,,0.1920835844886478,False,lainnya,,,True,ABU,PKL_K019,ABU
TRS_PKL_0005,PKL,-6.914997682873782,109.86932794327826,1,False,,,,,,,,340.0,,,,,0.30118545308418726,False,lainnya,,,True,ABU,PKL_K019,ABU
TRS_PKL_0006,PKL,-6.914394475324862,109.86714386375772,1,False,,,,,,,,410.0,,,,,0.31494876431585295,False,lainnya,,,True,ABU,PKL_K019,ABU
TRS_PKL_0007,PKL,-6.9137573226031135,109.86496721472713,1,False,,,,,,,,480.0,,,,,0.3341621458710066,False,lainnya,,,True,ABU,PKL_K019,ABU
TRS_PKL_0008,PKL,-6.913078727914023,109.86279963656398,1,False,,,,,,,,560.0,,,,,0.35211975085392805,False,lainnya,,,True,ABU,PKL_K019,ABU
TRS_PKL_0009,PKL,-6.912234548122651,109.86066828687758,1,False,,,,,,,,650.0,,,,,0.3510285776108561,False,lainnya,,,True,ABU,PKL_K019,ABU
TRS_PKL_0010,PKL,-6.911288446918544,109.85855924058906,1,False,,,,,,,,760.0,,,,,0.3533570212450958,False,lainnya,,,True,ABU,PKL_K019,ABU
TRS_PKL_0011,PKL,-6.91052479986414,109.856410287771,1,False,,,,,,,,840.0,,,,,0.35081374321880654,False,lainnya,,,True,ABU,PKL_K019,ABU
TRS_PKL_0012,PKL,-6.909845876502831,109.85424280651488,1,False,,,,,,,,890.0,,,,,0.3817526915948193,False,lainnya,,,True,ABU,PKL_K019,ABU
TRS_PKL_0013,PKL,-6.909164538634188,109.85207585920142,1,False,,,,,,,,830.0,,,,,0.3736041211258536,False,lainnya,,,True,ABU,PKL_K019,ABU
TRS_PKL_0014,PKL,-6.908608539118704,109.84988149650238,1,False,,,,,,,,710.0,,,,,0.605241859030413,True,kandidat restorasi baru,,,True,ABU,PKL_K019,ABU
TRS_PKL_0015,PKL,-6.908112146507502,109.84767409759435,1,False,,,,,,,,580.0,,,,,0.5335820636999161,False,lainnya,,,True,ABU,PKL_K019,ABU
TRS_PKL_0016,PKL,-6.907411738192004,109.84551133853641,1,False,,,,,,,,370.0,,,,,0.5869458970724794,False,lainnya,,,True,ABU,PKL_K019,ABU
TRS_PKL_0017,PKL,-6.906730013599428,109.84334449757867,1,False,,,,,,,,260.0,,,,,0.5325806401755769,False,lainnya,,,True,ABU,PKL_K019,ABU
TRS_PKL_0018,PKL,-6.906761735623155,109.84102156426627,1,False,,,,,,,,30.0,,,,,0.46925858951175403,False,lainnya,,,True,ABU,PKL_K019,ABU
TRS_PKL_0019,PKL,-6.90601470003167,109.83886902180129,1,False,,,,,,,,510.0,,,,,0.5298727085771017,False,lainnya,,,True,ABU,PKL_K019,ABU
TRS_PKL_0020,PKL,-6.905825183201451,109.83659449861483,1,False,,,,,,,,470.0,,,,,0.6155635070259363,True,kandidat restorasi baru,,,True,ABU,PKL_K019,ABU
TRS_PKL_0021,PKL,-6.9056182159662205,109.8343237950366,1,False,,,,,,,,430.0,,,,,0.5900421006396868,False,lainnya,,,True,ABU,PKL_K019,ABU
TRS_PKL_0022,PKL,-6.905362660621229,109.83206372467029,1,False,,,,,,,,400.0,,,,,0.538240908177617,False,lainnya,,,True,ABU,PKL_K019,ABU
TRS_PKL_0023,PKL,-6.905177491675273,109.82978825442935,1,False,,,,,,,,340.0,,,,,0.46634518786417517,False,lainnya,,,True,ABU,PKL_K019,ABU
TRS_PKL_0024,PKL,-6.904893365372047,109.827534439615,1,False,,,,,,,,280.0,,,,,0.47141852521599353,False,lainnya,,,True,ABU,PKL_K019,ABU
TRS_PKL_0025,PKL,-6.90461266654388,109.8252798770027,1,False,,,,,,,,220.0,,,,,0.47796226277238935,False,lainnya,,,True,ABU,PKL_K019,ABU
TRS_PKL_0026,PKL,-6.904280526049155,109.82303657369272,1,False,,,,,,,,190.0,,,,,0.5810782229836193,False,lainnya,,,True,ABU,PKL_K019,ABU
TRS_PKL_0027,PKL,-6.90388071513793,109.82080808185714,1,False,,,,,,,,170.0,,,,,0.5346476143199895,False,lainnya,,,True,ABU,PKL_K019,ABU
TRS_PKL_0028,PKL,-6.903479965668917,109.81857979873048,1,False,,,,,,,,140.0,,,,,0.4966847498493068,False,lainnya,,,True,ABU,PKL_K019,ABU
TRS_PKL_0029,PKL,-6.9027537027429595,109.81642275619356,1,False,,,,,,,,0.0,,,,,0.3469961824392204,False,lainnya,,,True,ABU,PKL_K019,ABU
TRS_PKL_0030,PKL,-6.901954181120144,109.81428175246073,1,False,,,,,,,,270.0,,,,,0.5819659321769026,False,lainnya,,,True,ABU,PKL_K019,ABU
TRS_PKL_0031,PKL,-6.90130194239856,109.81210852206806,1,False,,,,,,,,470.0,,,,,0.6179938354729629,True,kandidat restorasi baru,,,True,ABU,PKL_K019,ABU
TRS_PKL_0032,PKL,-6.900600723687801,109.80994601688819,1,False,,,,,,,,190.0,,,,,0.5532872265050813,False,lainnya,,,True,ABU,PKL_K019,ABU
TRS_PKL_0033,PKL,-6.899766246171969,109.80781268297359,1,False,,,,,,,,900.0,,,,,0.6128591520996585,True,kandidat restorasi baru,,,True,ABU,PKL_K019,ABU
TRS_PKL_0034,PKL,-6.898801794551526,109.80570780301139,1,False,,,,,,,,520.0,,,,,0.5823905349221805,False,lainnya,,,True,ABU,PKL_K019,ABU
TRS_PKL_0035,PKL,-6.896631001157418,109.80386696175941,1,False,,,,,,,,30.0,,,,,0.39140044203335345,False,lainnya,,,True,ABU,PKL_K019,ABU
TRS_PKL_0036,PKL,-6.894850189002858,109.80194078043331,1,False,,,,,,,,440.0,,,,,0.4958627870020275,False,lainnya,,,True,ABU,PKL_K019,ABU
TRS_PKL_0037,PKL,-6.892697137911645,109.80009608565254,1,False,,,,,,,,0.0,,,,,0.3548322282499498,False,lainnya,,,True,ABU,PKL_K019,ABU
TRS_PKL_0038,PKL,-6.891580422275826,109.79802457722906,1,False,,,,,,,,0.0,,,,,0.35362668274060677,False,lainnya,,,True,ABU,PKL_K019,ABU
TRS_PKL_0039,PKL,-6.89085499142731,109.79586743340107,1,False,,,,,,,,0.0,,,,,0.35834840265220014,False,lainnya,,,False,ABU,PKL_K019,ABU
TRS_PKL_0040,PKL,-6.890898360668238,109.7935420166581,1,False,,,,,,,,0.0,,,,,0.3590516375326502,False,lainnya,,,False,ABU,PKL_K019,ABU
TRS_PKL_0041,PKL,-6.89052625540989,109.7913075424929,1,False,,,,,,,,2010.0,,,,,0.7058094098524856,True,kandidat restorasi baru,,,False,ABU,PKL_K019,ABU
TRS_PKL_0042,PKL,-6.889838782879832,109.78914210370276,1,False,,,,,,,,1550.0,,,,,0.7273788459170247,True,kandidat restorasi baru,,,False,ABU,PKL_K019,ABU
TRS_PKL_0043,PKL,-6.889356950130664,109.78693165645004,1,False,,,,,,,,2150.0,,,,,0.6909658849311483,True,kandidat restorasi baru,,,False,ABU,PKL_K019,ABU
TRS_PKL_0044,PKL,-6.889447446775395,109.78459592815594,1,False,,,,,,,,2150.0,,,,,0.6688151543612245,True,kandidat restorasi baru,,,False,ABU,PKL_K019,ABU
TRS_PKL_0045,PKL,-6.8891128521909435,109.78235325483051,1,False,,,,,,,,20.0,,,,,0.3876833433795459,False,lainnya,,,False,ABU,PKL_K019,ABU
TRS_PKL_0046,PKL,-6.8888427377705765,109.78009646868989,1,False,,,,,,,,1400.0,,,,,0.5823990355635925,False,lainnya,,,False,ABU,PKL_K019,ABU
TRS_PKL_0047,PKL,-6.888560262629821,109.77784239070832,1,False,,,,,,,,1010.0,,,,,0.5150723028903251,False,lainnya,,,False,ABU,PKL_K019,ABU
TRS_PKL_0048,PKL,-6.88805856921902,109.77563630692232,1,False,,,,,,,,0.0,,,,,0.35603777375929274,False,lainnya,,,False,ABU,PKL_K019,ABU
TRS_PKL_0049,PKL,-6.887627092022536,109.7734148551878,1,False,,,,,,,,1130.0,,,,,0.6665990992192404,True,kandidat restorasi baru,,,False,ABU,PKL_K019,ABU
TRS_PKL_0050,PKL,-6.887106248831244,109.77121297217597,1,False,,,,,,,,1360.0,,,,,0.6760938552636245,True,kandidat restorasi baru,,,False,ABU,PKL_K019,ABU
TRS_PKL_0051,PKL,-6.886506832665751,109.76902829608618,1,False,,,,,,,,1610.0,,,,,0.5794000227131763,False,lainnya,,,False,ABU,PKL_K019,ABU
TRS_PKL_0052,PKL,-6.88592135434707,109.76684057359338,1,False,,,,,,,,1670.0,,,,,0.6404213874842238,True,kandidat restorasi baru,,,False,ABU,PKL_K019,ABU
TRS_PKL_0053,PKL,-6.8853851673886135,109.76464206406003,1,False,,,,,,,,60.0,,,,,0.3796463733172594,False,lainnya,,,False,ABU,PKL_K019,ABU
TRS_PKL_0054,PKL,-6.884784719366822,109.7624576290307,1,False,,,,,,,,2990.0,,,,,0.672627531460773,True,kandidat restorasi baru,,,False,ABU,PKL_K019,ABU
TRS_PKL_0055,PKL,-6.883786404201621,109.76036031334148,1,False,,,,,,,,2990.0,,,,,0.5728316812521546,False,lainnya,,,False,ABU,PKL_K019,ABU
TRS_PKL_0056,PKL,-6.883147795544934,109.75818424589167,1,False,,,,,,,,2990.0,,,,,0.510045204596663,False,amblesan >= 1 cm/th (restorasi biasa tidak layak),,,False,ABU,PKL_K019,ABU
TRS_PKL_0057,PKL,-6.88209356200928,109.7560991895049,1,False,,,,,,,,30.0,,,,,0.1525015069318867,False,amblesan >= 1 cm/th (restorasi biasa tidak layak),,,False,ABU,PKL_K019,ABU
TRS_PKL_0058,PKL,-6.881745488717658,109.75385951775087,1,False,,,,,,,,2990.0,,,,,0.4849064895845303,False,amblesan >= 1 cm/th (restorasi biasa tidak layak),,,False,ABU,PKL_K019,ABU
TRS_PKL_0059,PKL,-6.880693147344128,109.75177406201762,1,False,,,,,,,,540.0,,,,,0.3736074833121246,False,amblesan >= 1 cm/th (restorasi biasa tidak layak),,,False,ABU,PKL_K019,ABU
TRS_PKL_0060,PKL,-6.879299863806028,109.7497632719304,1,False,,,,,,,,70.0,,,,,0.16937914406268836,False,amblesan >= 1 cm/th (restorasi biasa tidak layak),,,False,ABU,PKL_K019,ABU
TRS_PKL_0061,PKL,-6.877317637541822,109.74788145659438,1,False,,,,,,,,200.0,,,,,0.4697006228651799,False,amblesan >= 1 cm/th (restorasi biasa tidak layak),,,False,ABU,PKL_K019,ABU
TRS_PKL_0062,PKL,-6.878382500013438,109.74533240754617,1,False,,,,,,,,690.0,,,,,0.2970271946606564,False,amblesan >= 1 cm/th (restorasi biasa tidak layak),,,False,ABU,PKL_K019,ABU
TRS_PKL_0063,PKL,-6.8782955865894575,109.74303556932117,1,False,,,,,,,,360.0,,,,,0.24162815618511824,False,amblesan >= 1 cm/th (restorasi biasa tidak layak),,,False,ABU,PKL_K019,ABU
TRS_PKL_0064,PKL,-6.877962349910221,109.74079267405497,1,False,,,,,,,,50.0,,,,,0.16566204540888083,False,amblesan >= 1 cm/th (restorasi biasa tidak layak),,,False,ABU,PKL_K019,ABU
TRS_PKL_0065,PKL,-6.877516297004332,109.73857448781023,1,False,,,,,,,,0.0,,,,,0.22905364677516574,False,lainnya,,,False,ABU,PKL_K019,ABU
TRS_PKL_0066,PKL,-6.876956418262043,109.73638123320923,1,False,,,,,,,,2550.0,,,,,0.7430025174626813,True,kandidat restorasi baru,,,False,ABU,PKL_K019,ABU
TRS_PKL_0067,PKL,-6.876118059631647,109.73424897152752,1,False,,,,,,,,2270.0,,,,,0.6962906019672873,True,kandidat restorasi baru,,,False,ABU,PKL_K019,ABU
TRS_PKL_0068,PKL,-6.875010762276396,109.73217561648413,1,False,,,,,,,,2330.0,,,,,0.6647630602919351,True,kandidat restorasi baru,,,False,ABU,PKL_K019,ABU
TRS_PKL_0069,PKL,-6.873728831444984,109.73014051716422,1,False,,,,,,,,2450.0,,,,,0.5984471425701082,False,lainnya,,,False,ABU,PKL_K019,ABU
TRS_PKL_0070,PKL,-6.873476722458676,109.72787988258256,1,False,,,,,,,,2510.0,,,,,0.5358325588543955,False,lainnya,,,False,ABU,PKL_K019,ABU
TRS_PKL_0071,PKL,-6.872672704537215,109.72574012879579,1,False,,,,,,,,2580.0,,,,,0.5287929125138427,False,amblesan >= 1 cm/th (restorasi biasa tidak layak),,,False,ABU,PKL_K019,ABU
TRS_PKL_0072,PKL,-6.872136808849868,109.72354165694401,1,False,,,,,,,,2630.0,,,,,0.5031678038368128,False,amblesan >= 1 cm/th (restorasi biasa tidak layak),,,False,ABU,PKL_K019,ABU
TRS_PKL_0073,PKL,-6.87130336732751,109.72140836045875,1,False,,,,,,,,2460.0,,,,,0.47305899822108527,False,amblesan >= 1 cm/th (restorasi biasa tidak layak),,,False,ABU,PKL_K019,ABU
TRS_PKL_0074,PKL,-6.870469942261259,109.71927506750627,1,False,,,,,,,,2440.0,,,,,0.4236570190087517,False,amblesan >= 1 cm/th (restorasi biasa tidak layak),,,False,ABU,PKL_K019,ABU
TRS_PKL_0075,PKL,-6.869538177742406,109.7171633214805,1,False,,,,,,,,2600.0,,,,,0.40636157091853303,False,amblesan >= 1 cm/th (restorasi biasa tidak layak),,,False,ABU,PKL_K019,ABU
TRS_PKL_0076,PKL,-6.868599489549562,109.71505309991203,1,False,,,,,,,,2620.0,,,,,0.4176624687302047,False,amblesan >= 1 cm/th (restorasi biasa tidak layak),,,False,ABU,PKL_K019,ABU
TRS_PKL_0077,PKL,-6.867712906590092,109.71293147303523,1,False,,,,,,,,2640.0,,,,,0.34660575008676275,False,amblesan >= 1 cm/th (restorasi biasa tidak layak),,,False,ABU,PKL_K019,ABU
TRS_PKL_0078,PKL,-6.867017732751202,109.71076792619144,1,False,,,,,,,,2560.0,,,,,0.3951622777275467,False,amblesan >= 1 cm/th (restorasi biasa tidak layak),,,False,ABU,PKL_K019,ABU
TRS_PKL_0079,PKL,-6.866151880525494,109.70864177261758,1,False,,,,,,,,0.0,,,,,0.049226441631504934,False,amblesan >= 1 cm/th (restorasi biasa tidak layak),,,False,ABU,PKL_K019,ABU
TRS_PKL_0080,PKL,-6.864718667227324,109.7066399092707,1,False,,,,,,,,20.0,,,,,0.09744826200522404,False,amblesan >= 1 cm/th (restorasi biasa tidak layak),,,False,ABU,PKL_K019,ABU
TRS_PKL_0081,PKL,-6.863297925792969,109.7046353252639,1,False,,,,,,,,130.0,,,,,0.2320597826926941,False,amblesan >= 1 cm/th (restorasi biasa tidak layak),,,False,ABU,PKL_K019,ABU
TRS_PKL_0082,PKL,-6.8626298796812994,109.70246586667834,1,False,,,,,,,,30.0,,,,,0.10237090616837452,False,amblesan >= 1 cm/th (restorasi biasa tidak layak),,,False,ABU,PKL_K019,ABU
TRS_PKL_0083,PKL,-6.861916794902362,109.70030628031671,1,False,,,,,,,,1900.0,,,,,0.448974757569028,False,amblesan >= 1 cm/th (restorasi biasa tidak layak),,,False,ABU,PKL_K019,ABU
TRS_PKL_0084,PKL,-6.858740671422095,109.69868627220738,3,False,,,,,,,,340.0,,,,,0.2327825645025943,False,amblesan >= 1 cm/th (restorasi biasa tidak layak),,,False,ABU,PKL_K019,ABU
TRS_PKL_0085,PKL,-6.860121587942447,109.69606797235943,1,False,,,,,,,,780.0,,,,,0.2596945951376331,False,amblesan >= 1 cm/th (restorasi biasa tidak layak),,,False,ABU,PKL_K019,ABU
TRS_PKL_0086,PKL,-6.85884875671889,109.69403103345054,3,False,,,,,,,,840.0,,,,,0.31037773759292747,False,amblesan >= 1 cm/th (restorasi biasa tidak layak),,,False,ABU,PKL_K019,ABU
TRS_PKL_0087,PKL,-6.857622104677163,109.69198398798213,1,False,,,,,,,,110.0,,,,,0.11332127787823992,False,amblesan >= 1 cm/th (restorasi biasa tidak layak),,,False,ABU,PKL_K019,ABU
TRS_PKL_0088,PKL,-6.859209062397887,109.6893205330364,1,False,,,,,,,,0.0,,,,,0.04641350210970465,False,amblesan >= 1 cm/th (restorasi biasa tidak layak),,,False,ABU,PKL_K019,ABU
TRS_PKL_0089,PKL,-6.859084421351452,109.6870320574268,1,False,,,,,,,,0.0,,,,,0.04560980510347599,False,amblesan >= 1 cm/th (restorasi biasa tidak layak),,,False,ABU,PKL_K019,ABU
TRS_PKL_0090,PKL,-6.858783670864772,109.68478216770401,1,False,,,,,,,,0.0,,,,,0.04410287321679727,False,amblesan >= 1 cm/th (restorasi biasa tidak layak),,,False,ABU,PKL_K019,ABU
TRS_PKL_0091,PKL,-6.858457260741711,109.68253790264028,1,False,,,,,,,,50.0,,,,,0.08770343580470162,False,amblesan >= 1 cm/th (restorasi biasa tidak layak),,,False,ABU,PKL_K019,ABU
TRS_PKL_0092,PKL,-6.8579045836232195,109.68034321676386,1,False,,,,,,,,250.0,,,,,0.13461924854329918,False,amblesan >= 1 cm/th (restorasi biasa tidak layak),,,False,ABU,PKL_K019,ABU
TRS_PKL_0093,PKL,-6.857471100225704,109.67812241925532,1,False,,,,,,,,340.0,,,,,0.2531113711307308,False,amblesan >= 1 cm/th (restorasi biasa tidak layak),,,False,ABU,PKL_K019,ABU
TRS_PKL_0094,PKL,-6.857130606852481,109.6758812501267,1,True,500.0,0.0,560.0,256.48944237372706,560.0,560.0,False,550.0,0.0,0.014858954791234434,0.023987428431249104,0.4877094178821554,,,,0.08707340006194134,,False,ORANGE,PKL_K019,ABU
TRS_PKL_0095,PKL,-6.85624746864343,109.67375898757756,1,False,,,,,,,,810.0,,,,,0.30710527686617695,False,amblesan >= 1 cm/th (restorasi biasa tidak layak),,,False,ABU,PKL_K019,ABU
TRS_PKL_0096,PKL,-6.855328170962052,109.67164465594526,1,False,,,,,,,,2080.0,,,,,0.33657903278156437,False,amblesan >= 1 cm/th (restorasi biasa tidak layak),,,False,ABU,PKL_K019,ABU
TRS_PKL_0097,PKL,-6.85437227465235,109.66953835187508,1,False,,,,,,,,1810.0,,,,,0.36804605050636247,False,amblesan >= 1 cm/th (restorasi biasa tidak layak),,,False,ABU,PKL_K019,ABU
TRS_PKL_0098,PKL,-6.8534257546707105,109.66743000130947,1,False,,,,,,,,2030.0,,,,,0.3104452897119855,False,amblesan >= 1 cm/th (restorasi biasa tidak layak),,,False,ABU,PKL_K019,ABU
TRS_PKL_0099,PKL,-6.852450973849276,109.6653278517026,1,False,,,,,,,,2050.0,,,,,0.32556148527127227,False,amblesan >= 1 cm/th (restorasi biasa tidak layak),,,False,ABU,PKL_K019,ABU
TRS_PKL_0100,PKL,-6.850947684360839,109.66334152600815,1,False,,,,,,,,2430.0,,,,,0.2961561454294694,False,amblesan >= 1 cm/th (restorasi biasa tidak layak),,,False,ABU,PKL_K019,ABU
TRS_PKL_0101,PKL,-6.849889643064565,109.66125764063065,1,False,,,,,,,,2480.0,,,,,0.301752577987776,False,amblesan >= 1 cm/th (restorasi biasa tidak layak),,,False,ABU,PKL_K019,ABU
TRS_PKL_0102,PKL,-6.84900799808387,109.65913510801386,1,False,,,,,,,,2350.0,,,,,0.3169178219811131,False,amblesan >= 1 cm/th (restorasi biasa tidak layak),,,False,ABU,PKL_K019,ABU
TRS_PKL_0103,PKL,-6.850158232747681,109.65656729855623,1,False,,,,,,,,2990.0,,,,,0.4256862503973126,False,amblesan >= 1 cm/th (restorasi biasa tidak layak),,,False,ABU,PKL_K019,ABU
TRS_PKL_0104,PKL,-6.849633738466029,109.65436650209939,1,False,,,,,,,,2610.0,,,,,0.38196970431802385,False,amblesan >= 1 cm/th (restorasi biasa tidak layak),,,False,ABU,PKL_K019,ABU
TRS_PKL_0105,PKL,-6.849311897594796,109.65212129694203,1,False,,,,,,,,2550.0,,,,,0.4150527721637178,False,amblesan >= 1 cm/th (restorasi biasa tidak layak),,,False,ABU,PKL_K019,ABU
TRS_PKL_0106,PKL,-6.84940787686169,109.64978452339439,1,False,,,,,,,,2510.0,,,,,0.3542950960874205,False,amblesan >= 1 cm/th (restorasi biasa tidak layak),,,False,ABU,PKL_K019,ABU
TRS_PKL_0107,PKL,-6.84895655001711,109.64756770133725,1,False,,,,,,,,1520.0,,,,,0.31342332624810976,False,amblesan >= 1 cm/th (restorasi biasa tidak layak),,,False,ABU,PKL_K019,ABU
TRS_PKL_0108,PKL,-6.8487898869258395,109.64528849252646,1,False,,,,,,,,1480.0,,,,,0.357600367094038,False,amblesan >= 1 cm/th (restorasi biasa tidak layak),,,False,ABU,PKL_K019,ABU
TRS_PKL_0109,PKL,-6.848432749259013,109.64305103304687,1,False,,,,,,,,1410.0,,,,,0.31995904565255495,False,amblesan >= 1 cm/th (restorasi biasa tidak layak),,,False,ABU,PKL_K019,ABU
TRS_PKL_0110,PKL,-6.84791460638798,109.64084886633434,1,False,,,,,,,,1860.0,,,,,0.40720864363167336,False,amblesan >= 1 cm/th (restorasi biasa tidak layak),,,False,ABU,PKL_K019,ABU
TRS_PKL_0111,PKL,-6.847325418275154,109.63866227644421,1,False,,,,,,,,2120.0,,,,,0.3551203460446355,False,amblesan >= 1 cm/th (restorasi biasa tidak layak),,,False,ABU,PKL_K019,ABU
TRS_PKL_0112,PKL,-6.846730719190232,109.63647689975167,1,False,,,,,,,,2100.0,,,,,0.41074944745830816,False,amblesan >= 1 cm/th (restorasi biasa tidak layak),,,False,ABU,PKL_K019,ABU
TRS_PKL_0113,PKL,-6.84613269979345,109.63429225614703,1,False,,,,,,,,1900.0,,,,,0.3783382506900162,False,amblesan >= 1 cm/th (restorasi biasa tidak layak),,,False,ABU,PKL_K019,ABU
TRS_PKL_0114,PKL,-6.845366750200678,109.63214442808794,1,False,,,,,,,,1630.0,,,,,0.3379471951344282,False,amblesan >= 1 cm/th (restorasi biasa tidak layak),,,False,ABU,PKL_K019,ABU
TRS_PKL_0115,PKL,-6.844490565405116,109.63002077066211,1,False,,,,,,,,1550.0,,,,,0.36849961435506556,False,amblesan >= 1 cm/th (restorasi biasa tidak layak),,,False,ABU,PKL_K019,ABU
TRS_PKL_0116,PKL,-6.843437341964146,109.62793592892135,1,True,700.0,0.0,130.0,244.37071477451735,130.0,130.0,False,120.0,0.0,0.2982476946980638,0.31639708365535346,0.2652633832187796,,,,0.9267463975086911,3.01096878446362,False,RED,PKL_K019,ABU
TRS_PKL_0117,PKL,-6.842184890569122,109.6258947689031,1,True,500.0,0.0,2870.0,256.48944237372706,2870.0,2870.0,False,2860.0,0.0,3.9666487161082543e-29,1.9288210098707206e-24,0.5979219081202084,,,,5.627953448700555e-24,2.6169144552508934,False,ORANGE,PKL_K019,ABU
TRS_PKL_0118,PKL,-6.840821175335997,109.62387800968958,1,True,500.0,0.0,500.0,256.48944237372706,500.0,500.0,False,490.0,0.0,0.026134016086025714,0.03872256618093612,0.37090911608602667,,,,0.11206461673886671,2.3192664862645618,False,RED,PKL_K020,ORANGE
TRS_PKL_0119,PKL,-6.842464840244569,109.62120198773736,1,True,580.0496481712405,1.569391010816561,2919.9503518287593,22.57058373555593,2919.165656323351,2918.3809608179427,True,2840.0,1.569391010816561,0.0,1.5043018852461056e-170,0.5702280253760523,,,,4.333183367248239e-170,2.082659599652306,False,ORANGE,PKL_K020,ORANGE
TRS_PKL_0120,PKL,-6.8420424010878795,109.61899201587188,1,True,730.0,0.0,2510.0,43.25459779645302,2510.0,2510.0,False,2470.0,0.0,0.0,2.552189561506595e-112,0.5208113509421844,,,,7.025513512406603e-112,-0.18810794845551077,False,ORANGE,PKL_K020,ORANGE
TRS_PKL_0121,PKL,-6.842160534037994,109.61671943916123,1,True,841.4761318484136,0.5573509335853141,2378.5238681515866,148.14561984471786,2378.245192684794,2377.966517218001,False,2350.0,0.5573509335853141,4.3276808826158046e-57,1.831816261887386e-38,0.4763817732505575,,,,4.665475997385985e-38,-0.13169023000637614,False,ORANGE,PKL_K020,ORANGE
TRS_PKL_0122,PKL,-6.842550343176081,109.61435659420448,1,True,500.0,0.0,3000.0,256.48944237372706,3000.0,3000.0,True,2990.0,0.0,1.2092455087701963e-31,1.584558515236084e-26,0.6020167555686092,,,,3.4393715007685376e-26,-0.3904905275998828,False,ORANGE,PKL_K020,ORANGE
TRS_PKL_0123,PKL,-6.8423033330709675,109.61213890162456,1,True,500.0,0.0,3000.0,256.48944237372706,3000.0,3000.0,True,2990.0,0.0,1.2092455087701963e-31,1.584558515236084e-26,0.5900061110216301,,,,3.095846556260914e-26,-0.34901649256749107,False,ORANGE,PKL_K020,ORANGE
TRS_PKL_0124,PKL,-6.842163754711408,109.60988172946556,1,False,,,,,,,,2990.0,,,,,0.43375547585784235,False,amblesan >= 1 cm/th (restorasi biasa tidak layak),,,False,ABU,PKL_K021,ABU
TRS_PKL_0125,PKL,-6.841909160060956,109.60764857240876,1,False,,,,,,,,2990.0,,,,,0.4025403142078981,False,amblesan >= 1 cm/th (restorasi biasa tidak layak),,,False,ABU,PKL_K021,ABU
TRS_PKL_0126,PKL,-6.84174103154886,109.60537857450242,1,False,,,,,,,,2900.0,,,,,0.3843195942715803,False,amblesan >= 1 cm/th (restorasi biasa tidak layak),,,False,ABU,PKL_K021,ABU
TRS_PKL_0127,PKL,-6.841512132223819,109.60311839525666,1,False,,,,,,,,2820.0,,,,,0.42155404221119275,False,amblesan >= 1 cm/th (restorasi biasa tidak layak),,,False,ABU,PKL_K021,ABU
TRS_PKL_0128,PKL,-6.841280968548188,109.60084951058016,1,False,,,,,,,,2990.0,,,,,0.529138048400569,False,amblesan >= 1 cm/th (restorasi biasa tidak layak),,,False,ABU,PKL_K021,ABU
TRS_PKL_0129,PKL,-6.841192009151392,109.59851477565394,1,False,,,,,,,,2990.0,,,,,0.373152958458407,False,amblesan >= 1 cm/th (restorasi biasa tidak layak),,,False,ABU,PKL_K021,ABU
TRS_PKL_0130,PKL,-6.840903354250317,109.59624698903727,1,False,,,,,,,,2240.0,,,,,0.32430429977898334,False,amblesan >= 1 cm/th (restorasi biasa tidak layak),,,False,ABU,PKL_K021,ABU
TRS_PKL_0131,PKL,-6.841080642705999,109.59376755958833,1,False,,,,,,,,2250.0,,,,,0.36520661710535124,False,amblesan >= 1 cm/th (restorasi biasa tidak layak),,,False,ABU,PKL_K021,ABU
TRS_PKL_0132,PKL,-6.8412299522516635,109.59127228842273,1,True,701.0417861056695,0.5526023140453791,2368.9582138943306,234.3939167932085,2368.681912737308,2368.405611580285,False,2370.0,0.5526023140453791,4.445730355359151e-24,1.0226995784580246e-19,0.48964944836901303,,,,1.622602167674657e-19,-0.34901649256749107,False,ORANGE,PKL_K022,ORANGE
TRS_PKL_0133,PKL,-6.840758769274924,109.58904753047051,1,True,880.0,0.0,2240.0,22.57548959216401,2240.0,2240.0,False,2200.0,0.0,0.0,1.5641606351712524e-101,0.47871491115117176,,,,2.5798246602132717e-101,-0.4280663751318816,False,ORANGE,PKL_K022,ORANGE
TRS_PKL_0134,PKL,-6.840256792778117,109.58683753129415,1,True,551.544839876317,-1.883237434700804,2508.455160123683,22.575032297200497,2509.396778841033,2510.338397558384,False,2420.0,-1.883237434700804,0.0,4.498523023888715e-129,0.5153407627654344,,,,7.554945059870613e-129,-0.46269514451511445,False,ORANGE,PKL_K022,ORANGE
TRS_PKL_0135,PKL,-6.8396859732781135,109.58466451945091,1,True,562.0910742030754,-10.908983670092534,2437.9089257969244,22.570331613092495,2443.363417631971,2448.817909467017,False,1920.0,-10.908983670092534,0.0,1.5750245592713422e-126,0.5159680417847026,,,,2.6961384264780993e-126,-0.49499611703566315,False,ORANGE,PKL_K022,ORANGE
TRS_PKL_0136,PKL,-6.83920225212251,109.58244738919196,1,True,681.3652581863739,-0.48353619006501136,2228.634741813626,22.570384865831866,2228.8765099086586,2229.118278003691,False,1800.0,-0.48353619006501136,0.0,7.867271829197952e-102,0.5191454202077431,,,,1.3795914599386938e-101,-0.46269514451511445,False,ORANGE,PKL_K022,ORANGE
TRS_PKL_0137,PKL,-6.838535502527951,109.58033557849436,1,True,1344.3604841848355,23.664505581097412,1685.6395158151645,213.6436817428424,1673.8072630246158,1661.975010234067,False,1770.0,23.664505581097412,5.224720336582012e-15,5.738247826257473e-11,0.5565071781821661,,,,1.0195151706930576e-10,-0.46269514451511445,False,ORANGE,PKL_K022,ORANGE
TRS_PKL_0138,PKL,-6.837873126356673,109.57822928246053,1,True,1107.9945660846206,19.42219518950279,1942.0054339153794,22.571455331550844,1932.294336320628,1922.5832387258765,False,1270.0,19.42219518950279,0.0,2.5185446791261978e-70,0.5215657134572059,,,,4.4260804174341814e-70,-0.4280663751318816,False,ORANGE,PKL_K022,ORANGE
TRS_PKL_0139,PKL,-6.837093460514058,109.57616476638562,1,True,581.9458041820226,3.2017124458643966,2448.0541958179774,22.57038099000817,2446.4533395950452,2444.852483372113,False,1250.0,3.2017124458643966,0.0,1.4024422835509608e-120,0.4968682719546742,,,,2.3814880069031995e-120,-0.3904905273047285,False,ORANGE,PKL_K022,ORANGE
TRS_PKL_0140,PKL,-6.8361377266842585,109.5741662960073,1,False,,,,,,,,2390.0,,,,,0.34875994427924945,False,amblesan >= 1 cm/th (restorasi biasa tidak layak),,,False,ABU,PKL_K023,ABU
TRS_PKL_0141,PKL,-6.835184693192567,109.57212477466086,1,False,,,,,,,,2990.0,,,,,0.4334796250041159,False,amblesan >= 1 cm/th (restorasi biasa tidak layak),,,False,ABU,PKL_K023,ABU
TRS_PKL_0142,PKL,-6.834125680921723,109.57011540479206,1,False,,,,,,,,1710.0,,,,,0.3094726972142029,False,amblesan >= 1 cm/th (restorasi biasa tidak layak),,,False,ABU,PKL_K023,ABU
TRS_PKL_0143,PKL,-6.832971692331303,109.56813749304256,1,False,,,,,,,,1210.0,,,,,0.4798212272320443,False,amblesan >= 1 cm/th (restorasi biasa tidak layak),,,False,ABU,PKL_K023,ABU
TRS_PKL_0144,PKL,-6.831851834482445,109.56609921357153,1,False,,,,,,,,1490.0,,,,,0.36893198646660547,False,amblesan >= 1 cm/th (restorasi biasa tidak layak),,,False,ABU,PKL_K023,ABU
TRS_PKL_0145,PKL,-6.830542816497007,109.56417345371607,1,False,,,,,,,,1580.0,,,,,0.38597548724131,False,amblesan >= 1 cm/th (restorasi biasa tidak layak),,,False,ABU,PKL_K023,ABU
TRS_PKL_0146,PKL,-6.829136873539943,109.5622999688047,1,False,,,,,,,,1650.0,,,,,0.44682813670155436,False,amblesan >= 1 cm/th (restorasi biasa tidak layak),,,False,ABU,PKL_K023,ABU
TRS_PKL_0147,PKL,-6.827622124384476,109.56049685136813,1,False,,,,,,,,1730.0,,,,,0.4334737480270516,False,amblesan >= 1 cm/th (restorasi biasa tidak layak),,,False,ABU,PKL_K023,ABU
TRS_PKL_0148,PKL,-6.826011559613872,109.55876206100409,1,False,,,,,,,,1630.0,,,,,0.49994268111842083,False,amblesan >= 1 cm/th (restorasi biasa tidak layak),,,False,ABU,PKL_K023,ABU
TRS_PKL_0149,PKL,-6.824321037030062,109.5570897202025,1,False,,,,,,,,1100.0,,,,,0.40745976948508594,False,amblesan >= 1 cm/th (restorasi biasa tidak layak),,,False,ABU,PKL_K023,ABU
TRS_PKL_0150,PKL,-6.822612369372686,109.55542856751048,1,False,,,,,,,,1190.0,,,,,0.35612641681145035,False,amblesan >= 1 cm/th (restorasi biasa tidak layak),,,False,ABU,PKL_K023,ABU
TRS_PKL_0151,PKL,-6.820933903343965,109.55373257647855,1,False,,,,,,,,1280.0,,,,,0.4174593756278883,False,amblesan >= 1 cm/th (restorasi biasa tidak layak),,,False,ABU,PKL_K023,ABU
TRS_PKL_0152,PKL,-6.819418821418586,109.55186246961428,1,False,,,,,,,,2990.0,,,,,0.508629663005007,False,amblesan >= 1 cm/th (restorasi biasa tidak layak),,,False,ABU,PKL_K023,ABU
TRS_PKL_0153,PKL,-6.817681835036899,109.55020735678842,1,False,,,,,,,,2990.0,,,,,0.4847257249568752,False,amblesan >= 1 cm/th (restorasi biasa tidak layak),,,False,ABU,PKL_K023,ABU
TRS_PKL_0154,PKL,-6.815909635332827,109.54858690243493,1,False,,,,,,,,2990.0,,,,,0.5139578516023205,False,amblesan >= 1 cm/th (restorasi biasa tidak layak),,,False,ABU,PKL_K023,ABU
TRS_PKL_0155,PKL,-6.814145716152266,109.54695575326262,1,False,,,,,,,,2080.0,,,,,0.47809346068839736,False,amblesan >= 1 cm/th (restorasi biasa tidak layak),,,False,ABU,PKL_K023,ABU
TRS_PKL_0156,PKL,-6.812360321657101,109.54538296519674,1,False,,,,,,,,2280.0,,,,,0.4925235028499519,False,amblesan >= 1 cm/th (restorasi biasa tidak layak),,,False,ABU,PKL_K023,ABU
TRS_PKL_0157,PKL,-6.81069719989613,109.54384885131286,1,False,,,,,,,,2360.0,,,,,0.4204093065388925,False,amblesan >= 1 cm/th (restorasi biasa tidak layak),,,False,ABU,PKL_K023,ABU
TRS_PKL_0158,PKL,-6.809369313521931,109.54208894704304,1,False,,,,,,,,2190.0,,,,,0.3935858373174135,False,amblesan >= 1 cm/th (restorasi biasa tidak layak),,,False,ABU,PKL_K023,ABU
TRS_PKL_0159,PKL,-6.807516216145973,109.5411480617125,1,False,,,,,,,,2020.0,,,,,0.3881359202828059,False,amblesan >= 1 cm/th (restorasi biasa tidak layak),,,False,ABU,PKL_K023,ABU
TRS_PKL_0160,PKL,-6.805881763535329,109.5399664023916,1,False,,,,,,,,1740.0,,,,,0.44462804763983294,False,amblesan >= 1 cm/th (restorasi biasa tidak layak),,,False,ABU,PKL_K023,ABU
TRS_PKL_0161,PKL,-6.80423130357995,109.53880734815166,1,False,,,,,,,,1870.0,,,,,0.48577467043587674,False,amblesan >= 1 cm/th (restorasi biasa tidak layak),,,False,ABU,PKL_K023,ABU
TRS_PKL_0162,PKL,-6.802716676806881,109.53753428254623,1,False,,,,,,,,1890.0,,,,,0.4271426338936888,False,amblesan >= 1 cm/th (restorasi biasa tidak layak),,,False,ABU,PKL_K023,ABU
TRS_PKL_0163,PKL,-6.801144124985376,109.53633096067655,1,False,,,,,,,,2130.0,,,,,0.3603067066251235,False,amblesan >= 1 cm/th (restorasi biasa tidak layak),,,False,ABU,PKL_K023,ABU
TRS_PKL_0164,PKL,-6.799673963342679,109.53506547147137,1,False,,,,,,,,2020.0,,,,,0.4159301101900425,False,amblesan >= 1 cm/th (restorasi biasa tidak layak),,,False,ABU,PKL_K023,ABU
TRS_PKL_0165,PKL,-6.797962406712646,109.53399440573612,1,False,,,,,,,,1670.0,,,,,0.3828653723294821,False,amblesan >= 1 cm/th (restorasi biasa tidak layak),,,False,ABU,PKL_K023,ABU
TRS_PKL_0166,PKL,-6.796330627377391,109.53287057162052,1,False,,,,,,,,2000.0,,,,,0.39130198915009046,False,amblesan >= 1 cm/th (restorasi biasa tidak layak),,,False,ABU,PKL_K023,ABU
TRS_PKL_0167,PKL,-6.794666063588364,109.53177263172833,1,False,,,,,,,,2990.0,,,,,0.4788374348088162,False,amblesan >= 1 cm/th (restorasi biasa tidak layak),,,False,ABU,PKL_K023,ABU
TRS_PKL_0168,PKL,-6.792841106484429,109.53075928356989,1,False,,,,,,,,2850.0,,,,,0.464878440827808,False,amblesan >= 1 cm/th (restorasi biasa tidak layak),,,False,ABU,PKL_K023,ABU
TRS_PKL_0169,PKL,-6.791177117029066,109.52965775629445,1,False,,,,,,,,2940.0,,,,,0.46446511093889037,False,amblesan >= 1 cm/th (restorasi biasa tidak layak),,,False,ABU,PKL_K023,ABU
TRS_PKL_0170,PKL,-6.789471014032835,109.5285757967647,1,False,,,,,,,,2990.0,,,,,0.4768056807132206,False,amblesan >= 1 cm/th (restorasi biasa tidak layak),,,False,ABU,PKL_K023,ABU
TRS_PKL_0171,PKL,-6.7874725125556985,109.52758781661299,1,False,,,,,,,,2970.0,,,,,0.4805894995768414,False,amblesan >= 1 cm/th (restorasi biasa tidak layak),,,False,ABU,PKL_K023,ABU
TRS_PKL_0172,PKL,-6.783570343298045,109.52707434891906,1,False,,,,,,,,2850.0,,,,,0.4646627116313991,False,amblesan >= 1 cm/th (restorasi biasa tidak layak),,,False,ABU,PKL_K023,ABU
TRS_PKL_0173,PKL,-6.781885096076231,109.52583655440552,1,False,,,,,,,,2990.0,,,,,0.5280097814495173,False,amblesan >= 1 cm/th (restorasi biasa tidak layak),,,False,ABU,PKL_K023,ABU
TRS_PKL_0174,PKL,-6.778688021237587,109.52482920457419,1,False,,,,,,,,2970.0,,,,,0.4670007286041042,False,amblesan >= 1 cm/th (restorasi biasa tidak layak),,,False,ABU,PKL_K023,ABU
TRS_PKL_0175,PKL,-6.773730083423584,109.52381280365657,1,False,,,,,,,,2990.0,,,,,0.5614545975030291,False,amblesan >= 1 cm/th (restorasi biasa tidak layak),,,False,ABU,PKL_K023,ABU
TRS_PKL_0176,PKL,-6.773741850698548,109.522210537319,1,False,,,,,,,,2990.0,,,,,0.5190911638352474,False,amblesan >= 1 cm/th (restorasi biasa tidak layak),,,False,ABU,PKL_K023,ABU
TRS_PKL_0177,PKL,-6.775727423271474,109.52053865810747,1,False,,,,,,,,2990.0,,,,,0.496794619799573,False,amblesan >= 1 cm/th (restorasi biasa tidak layak),,,False,ABU,PKL_K023,ABU
TRS_PKL_0178,PKL,-6.785305032418979,109.51075608561281,3,False,,,,,,,,2970.0,,,,,0.5044599095232006,False,amblesan >= 1 cm/th (restorasi biasa tidak layak),,,False,ABU,PKL_K024,ABU
TRS_PKL_0179,PKL,-6.785313407656054,109.5085006213001,3,False,,,,,,,,2990.0,,,,,0.5556570256625292,False,amblesan >= 1 cm/th (restorasi biasa tidak layak),,,False,ABU,PKL_K024,ABU
TRS_PKL_0180,PKL,-6.786661386327985,109.5067031322636,1,False,,,,,,,,2990.0,,,,,0.5161162753347673,False,amblesan >= 1 cm/th (restorasi biasa tidak layak),,,False,ABU,PKL_K024,ABU
TRS_PKL_0181,PKL,-6.790002861669758,109.50592023473115,1,False,,,,,,,,2990.0,,,,,0.4908381229239787,False,amblesan >= 1 cm/th (restorasi biasa tidak layak),,,False,ABU,PKL_K024,ABU
TRS_PKL_0182,PKL,-6.7923714584236485,109.50477543001708,1,False,,,,,,,,2890.0,,,,,0.43563506315904377,False,amblesan >= 1 cm/th (restorasi biasa tidak layak),,,False,ABU,PKL_K024,ABU
TRS_PKL_0183,PKL,-6.793950327393209,109.50322640371785,1,False,,,,,,,,2330.0,,,,,0.46418762358350557,False,amblesan >= 1 cm/th (restorasi biasa tidak layak),,,False,ABU,PKL_K024,ABU
TRS_PKL_0184,PKL,-6.795724967358306,109.50181509991178,1,False,,,,,,,,2340.0,,,,,0.4711828256132054,False,amblesan >= 1 cm/th (restorasi biasa tidak layak),,,False,ABU,PKL_K024,ABU
TRS_PKL_0185,PKL,-6.797504488198902,109.50043289473514,1,False,,,,,,,,2270.0,,,,,0.39778531907567766,False,amblesan >= 1 cm/th (restorasi biasa tidak layak),,,False,ABU,PKL_K024,ABU
TRS_PKL_0186,PKL,-6.798835250795127,109.49872562444915,1,False,,,,,,,,2300.0,,,,,0.4741812336749045,False,amblesan >= 1 cm/th (restorasi biasa tidak layak),,,False,ABU,PKL_K024,ABU
TRS_PKL_0187,PKL,-6.800226264174179,109.49704774645654,1,False,,,,,,,,2010.0,,,,,0.419831223628692,False,amblesan >= 1 cm/th (restorasi biasa tidak layak),,,False,ABU,PKL_K024,ABU
TRS_PKL_0188,PKL,-6.801732707526265,109.49543791884895,1,False,,,,,,,,2990.0,,,,,0.5115686001761951,False,amblesan >= 1 cm/th (restorasi biasa tidak layak),,,False,ABU,PKL_K024,ABU
TRS_PKL_0189,PKL,-6.80330663931173,109.49383375262549,1,False,,,,,,,,2990.0,,,,,0.4550107753189756,False,amblesan >= 1 cm/th (restorasi biasa tidak layak),,,False,ABU,PKL_K024,ABU
TRS_PKL_0190,PKL,-6.804877275924055,109.4921713365137,1,False,,,,,,,,2990.0,,,,,0.43470398616243416,False,amblesan >= 1 cm/th (restorasi biasa tidak layak),,,False,ABU,PKL_K024,ABU
TRS_PKL_0191,PKL,-6.806555170516937,109.49059923658018,1,False,,,,,,,,2990.0,,,,,0.4474499083745093,False,amblesan >= 1 cm/th (restorasi biasa tidak layak),,,False,ABU,PKL_K024,ABU
TRS_PKL_0192,PKL,-6.808166101090439,109.48896654337743,1,False,,,,,,,,2990.0,,,,,0.5471862876926168,False,lainnya,,,False,ABU,PKL_K024,ABU
TRS_PKL_0193,PKL,-6.809616186968916,109.48719973291686,1,False,,,,,,,,2580.0,,,,,0.4502595660970698,False,amblesan >= 1 cm/th (restorasi biasa tidak layak),,,False,ABU,PKL_K024,ABU
TRS_PKL_0194,PKL,-6.811134860538506,109.48549090439069,1,False,,,,,,,,2970.0,,,,,0.44222210044994853,False,amblesan >= 1 cm/th (restorasi biasa tidak layak),,,False,ABU,PKL_K024,ABU
TRS_PKL_0195,PKL,-6.812549690521952,109.48370099338634,1,False,,,,,,,,2310.0,,,,,0.41030558752077734,False,amblesan >= 1 cm/th (restorasi biasa tidak layak),,,False,ABU,PKL_K024,ABU
TRS_PKL_0196,PKL,-6.813953207941667,109.48190626621178,1,False,,,,,,,,2340.0,,,,,0.46107994209260034,False,amblesan >= 1 cm/th (restorasi biasa tidak layak),,,False,ABU,PKL_K024,ABU
TRS_PKL_0197,PKL,-6.815304900053084,109.48007655104212,1,False,,,,,,,,2760.0,,,,,0.5057045015768186,False,amblesan >= 1 cm/th (restorasi biasa tidak layak),,,False,ABU,PKL_K024,ABU
TRS_PKL_0198,PKL,-6.816669588289377,109.4782621492981,1,False,,,,,,,,2540.0,,,,,0.5203874832101684,False,lainnya,,,False,ABU,PKL_K024,ABU
TRS_PKL_0199,PKL,-6.818095453092286,109.47649730836885,1,False,,,,,,,,2870.0,,,,,0.46206207089195667,False,amblesan >= 1 cm/th (restorasi biasa tidak layak),,,False,ABU,PKL_K024,ABU
TRS_PKL_0200,PKL,-6.819400180822273,109.47464966268534,1,False,,,,,,,,2990.0,,,,,0.5795162765443448,False,lainnya,,,False,ABU,PKL_K024,ABU
TRS_PKL_0201,PKL,-6.820725551935221,109.4728231432248,1,False,,,,,,,,390.0,,,,,0.42316965734687256,False,lainnya,,,False,ABU,PKL_K024,ABU
TRS_PKL_0202,PKL,-6.821988113755889,109.47095987493047,1,False,,,,,,,,220.0,,,,,0.49597238204833144,False,lainnya,,,False,ABU,PKL_K024,ABU
TRS_PKL_0203,PKL,-6.823190912523511,109.4690644810629,1,False,,,,,,,,230.0,,,,,0.39622262407072534,False,lainnya,,,False,ABU,PKL_K024,ABU
TRS_PKL_0204,PKL,-6.8247477020289935,109.46740937050062,1,False,,,,,,,,2990.0,,,,,0.6206173817621258,True,kandidat restorasi baru,,,False,ABU,PKL_K024,ABU
TRS_PKL_0205,PKL,-6.825877443095749,109.4654807335802,1,False,,,,,,,,180.0,,,,,0.3581474784006429,False,lainnya,,,False,ABU,PKL_K024,ABU
TRS_PKL_0206,PKL,-6.827088009372967,109.46361013616692,1,False,,,,,,,,220.0,,,,,0.5213345023471606,False,lainnya,,,False,ABU,PKL_K024,ABU
TRS_PKL_0207,PKL,-6.828258413367564,109.46170666036174,1,False,,,,,,,,210.0,,,,,0.42244323889893515,False,lainnya,,,False,ABU,PKL_K024,ABU
TRS_PKL_0208,PKL,-6.829357184174003,109.45975191106213,1,False,,,,,,,,2430.0,,,,,0.6235981812634415,True,kandidat restorasi baru,,,False,ABU,PKL_K024,ABU
TRS_PKL_0209,PKL,-6.830480164795087,109.45780490482647,1,False,,,,,,,,240.0,,,,,0.5377988748241913,False,lainnya,,,False,ABU,PKL_K024,ABU
TRS_PKL_0210,PKL,-6.83160328483497,109.45585105529268,1,False,,,,,,,,100.0,,,,,0.3663853727144866,False,lainnya,,,False,ABU,PKL_K024,ABU
TRS_PKL_0211,PKL,-6.832792583732477,109.45392733728588,1,False,,,,,,,,210.0,,,,,0.38255977496483823,False,lainnya,,,False,ABU,PKL_K024,ABU
TRS_PKL_0212,PKL,-6.834005323641307,109.45200801942664,1,False,,,,,,,,80.0,,,,,0.35211975085392805,False,lainnya,,,False,ABU,PKL_K024,ABU
TRS_PKL_0213,PKL,-6.835040860902031,109.44998551046605,1,False,,,,,,,,0.0,,,,,0.27777777777777773,False,lainnya,,,False,ABU,PKL_K024,ABU
TRS_PKL_0214,PKL,-6.836184395595234,109.44801493561448,1,False,,,,,,,,130.0,,,,,0.3476994173196705,False,lainnya,,,False,ABU,PKL_K024,ABU
TRS_PKL_0215,PKL,-6.837204924124937,109.44597509960828,1,False,,,,,,,,170.0,,,,,0.43093524329563043,False,lainnya,,,False,ABU,PKL_K024,ABU
TRS_PKL_0216,PKL,-6.838226495463556,109.44393208860514,1,False,,,,,,,,190.0,,,,,0.4809280585429819,False,lainnya,,,False,ABU,PKL_K024,ABU
TRS_PKL_0217,PKL,-6.839232208760128,109.44187776226767,1,False,,,,,,,,510.0,,,,,0.6326572823222115,True,kandidat restorasi baru,,,False,ABU,PKL_K024,ABU
TRS_PKL_0218,PKL,-6.840572470117344,109.43997787708248,1,False,,,,,,,,1260.0,,,,,0.6907775768535261,True,kandidat restorasi baru,,,False,ABU,PKL_K024,ABU
TRS_PKL_0219,PKL,-6.841388702490125,109.4378261793715,1,False,,,,,,,,2990.0,,,,,0.6820094844310584,True,kandidat restorasi baru,,,False,ABU,PKL_K024,ABU
TRS_PKL_0220,PKL,-6.842354613891261,109.43574287123828,1,False,,,,,,,,420.0,,,,,0.6471770142656218,True,kandidat restorasi baru,,,False,ABU,PKL_K024,ABU
TRS_PKL_0221,PKL,-6.84331535898164,109.43365520162138,1,False,,,,,,,,390.0,,,,,0.5750683915240877,False,lainnya,,,False,ABU,PKL_K024,ABU
TRS_PKL_0222,PKL,-6.844191850408366,109.43152979453775,1,False,,,,,,,,400.0,,,,,0.5327807916415511,False,lainnya,,,False,ABU,PKL_K024,ABU
TRS_PKL_0223,PKL,-6.845087988943429,109.42941249253384,1,False,,,,,,,,340.0,,,,,0.5633502346086113,False,lainnya,,,False,ABU,PKL_K024,ABU
TRS_PKL_0224,PKL,-6.845903199685274,109.42728663858858,1,False,,,,,,,,250.0,,,,,0.45422141852521597,False,lainnya,,,False,ABU,PKL_K024,ABU
TRS_PKL_0225,PKL,-6.846722363413154,109.4251781227134,1,False,,,,,,,,300.0,,,,,0.4528229857343781,False,lainnya,,,False,ABU,PKL_K024,ABU
TRS_PKL_0226,PKL,-6.847462865754397,109.42303743026437,1,False,,,,,,,,120.0,,,,,0.45187864175205944,False,lainnya,,,False,ABU,PKL_K024,ABU
TRS_PKL_0227,PKL,-6.84813062060679,109.42086698140808,1,False,,,,,,,,20.0,,,,,0.32499497689371104,False,lainnya,,,False,ABU,PKL_K024,ABU
TRS_PKL_0228,PKL,-6.848890841436436,109.41873435446531,1,False,,,,,,,,0.0,,,,,0.29455495278280086,False,lainnya,,,False,ABU,PKL_K024,ABU
TRS_PKL_0229,PKL,-6.849499827236173,109.41651812196562,1,False,,,,,,,,240.0,,,,,0.3981314044605184,False,lainnya,,,False,ABU,PKL_K024,ABU
TRS_PKL_0230,PKL,-6.849795564430115,109.41417923769254,1,False,,,,,,,,180.0,,,,,0.6211573236889693,False,lainnya,,,False,ABU,PKL_K024,ABU
TRS_PKL_0231,PKL,-6.85141348534748,109.41235799777662,1,False,,,,,,,,0.0,,,,,0.33313240908177616,False,lainnya,,,False,ABU,PKL_K024,ABU
TRS_PKL_0232,PKL,-6.852221387494901,109.41021954333677,1,False,,,,,,,,0.0,,,,,0.30972473377536663,False,lainnya,,,False,ABU,PKL_K024,ABU
TRS_PKL_0233,PKL,-6.852629903351533,109.40793555761158,1,False,,,,,,,,30.0,,,,,0.2902350813743219,False,lainnya,,,False,ABU,PKL_K024,ABU
TRS_PKL_0234,PKL,-6.853464139784392,109.40581182614686,1,False,,,,,,,,670.0,,,,,0.4594222977937317,False,lainnya,,,False,ABU,PKL_K024,ABU
TRS_PKL_0235,PKL,-6.854186428111569,109.4036494182672,1,False,,,,,,,,360.0,,,,,0.44655414908579466,False,lainnya,,,False,ABU,PKL_K024,ABU
TRS_PKL_0236,PKL,-6.854952706515586,109.40150437158049,1,False,,,,,,,,310.0,,,,,0.38356439622262406,False,lainnya,,,False,ABU,PKL_K024,ABU
TRS_PKL_0237,PKL,-6.855691006214887,109.39935162156505,1,False,,,,,,,,370.0,,,,,0.49773009899592174,False,lainnya,,,False,ABU,PKL_K024,ABU
TRS_PKL_0238,PKL,-6.85642986810013,109.39720111667283,1,False,,,,,,,,460.0,,,,,0.48693118781176015,False,lainnya,,,False,ABU,PKL_K024,ABU
TRS_PKL_0239,PKL,-6.8571337174291624,109.3950416048239,1,False,,,,,,,,470.0,,,,,0.45720099692628646,False,lainnya,,,False,ABU,PKL_K024,ABU
TRS_PKL_0240,PKL,-6.857876874460652,109.39289678278656,1,False,,,,,,,,770.0,,,,,0.4753867791842475,False,lainnya,,,False,ABU,PKL_K024,ABU
TRS_PKL_0241,PKL,-6.858563565597842,109.3907370343477,1,False,,,,,,,,960.0,,,,,0.507974181233675,False,lainnya,,,False,ABU,PKL_K024,ABU
TRS_PKL_0242,PKL,-6.859124162111726,109.38854354032904,1,False,,,,,,,,1160.0,,,,,0.4982921438617642,False,lainnya,,,False,ABU,PKL_K024,ABU
TRS_PKL_0243,PKL,-6.859722009500088,109.38636550646696,1,False,,,,,,,,920.0,,,,,0.48283408024739893,False,lainnya,,,False,ABU,PKL_K024,ABU
TRS_PKL_0244,PKL,-6.860228272922463,109.38416670060934,1,False,,,,,,,,850.0,,,,,0.47488446855535466,False,lainnya,,,False,ABU,PKL_K024,ABU
TRS_PKL_0245,PKL,-6.860679858341121,109.38195916367341,1,False,,,,,,,,110.0,,,,,0.35935302390998597,False,lainnya,,,False,ABU,PKL_K024,ABU
TRS_PKL_0246,PKL,-6.86116057758863,109.37976577829687,1,False,,,,,,,,0.0,,,,,0.30389793048020897,False,lainnya,,,False,ABU,PKL_K024,ABU
TRS_PKL_0247,PKL,-6.861471222600293,109.3775325770709,1,False,,,,,,,,0.0,,,,,0.30389793048020897,False,lainnya,,,False,ABU,PKL_K024,ABU
TRS_PKL_0248,PKL,-6.861788406745711,109.37530015917095,1,False,,,,,,,,0.0,,,,,0.30389793048020897,False,lainnya,,,False,ABU,PKL_K024,ABU
TRS_PKL_0249,PKL,-6.862097674176395,109.37306489859148,1,False,,,,,,,,0.0,,,,,0.29455495278280086,False,lainnya,,,False,ABU,PKL_K024,ABU
TRS_PKL_0250,PKL,-6.8622757290394425,109.37079927234008,1,False,,,,,,,,20.0,,,,,0.32499497689371104,False,lainnya,,,False,ABU,PKL_K024,ABU
TRS_PKL_0251,PKL,-6.862160967060191,109.36847142345476,1,False,,,,,,,,20.0,,,,,0.32499497689371104,False,lainnya,,,False,ABU,PKL_K024,ABU
TRS_PKL_0252,PKL,-6.862060049267169,109.3661524083266,1,False,,,,,,,,80.0,,,,,0.335342575848905,False,lainnya,,,False,ABU,PKL_K024,ABU
TRS_PKL_0253,PKL,-6.862520514658587,109.36395178561715,1,False,,,,,,,,0.0,,,,,0.27777777777777773,False,lainnya,,,False,ABU,PKL_K024,ABU
TRS_PKL_0254,PKL,-6.86244548674599,109.36164463527531,1,False,,,,,,,,630.0,,,,,0.6571897394682206,True,kandidat restorasi baru,,,False,ABU,PKL_K024,ABU
TRS_PKL_0255,PKL,-6.862304352227852,109.35933049158477,1,False,,,,,,,,740.0,,,,,0.5372117144269043,False,lainnya,,,False,ABU,PKL_K024,ABU
TRS_PKL_0256,PKL,-6.862159924408884,109.35702200688225,1,False,,,,,,,,600.0,,,,,0.47550733373518184,False,lainnya,,,False,ABU,PKL_K024,ABU
TRS_PKL_0257,PKL,-6.8620416653016765,109.3547242047995,1,False,,,,,,,,1140.0,,,,,0.5927847043769762,False,lainnya,,,False,ABU,PKL_K024,ABU
TRS_PKL_0258,PKL,-6.8618431142447935,109.3524192650466,1,False,,,,,,,,840.0,,,,,0.6033755274261603,True,kandidat restorasi baru,,,False,ABU,PKL_K024,ABU
TRS_PKL_0259,PKL,-6.8616307459266785,109.35011923589887,1,False,,,,,,,,990.0,,,,,0.6035277427682492,True,kandidat restorasi baru,,,False,ABU,PKL_K024,ABU
TRS_PKL_0260,PKL,-6.861862882238138,109.34789116790117,1,False,,,,,,,,760.0,,,,,0.6113490477247973,True,kandidat restorasi baru,,,False,ABU,PKL_K024,ABU
TRS_PKL_0261,PKL,-6.8619376283810185,109.34564166597978,1,False,,,,,,,,500.0,,,,,0.5579867389993972,False,lainnya,,,False,ABU,PKL_K024,ABU
TRS_PKL_0262,PKL,-6.86205629704089,109.34340058660744,1,False,,,,,,,,620.0,,,,,0.5256405270696818,False,lainnya,,,False,ABU,PKL_K024,ABU
TRS_PKL_0263,PKL,-6.862444463225981,109.34119453918039,1,False,,,,,,,,920.0,,,,,0.5408050947401525,False,lainnya,,,False,ABU,PKL_K024,ABU
TRS_PKL_0264,PKL,-6.863256325517694,109.33903503037094,1,False,,,,,,,,550.0,,,,,0.6852631194403346,True,kandidat restorasi baru,,,False,ABU,PKL_K024,ABU
TRS_PKL_0265,PKL,-6.8637634786624195,109.33681916611658,1,False,,,,,,,,580.0,,,,,0.6242924348555078,True,kandidat restorasi baru,,,False,ABU,PKL_K024,ABU
TRS_PKL_0266,PKL,-6.864529894419975,109.3346299201141,1,False,,,,,,,,540.0,,,,,0.6960797446029513,True,kandidat restorasi baru,,,False,ABU,PKL_K024,ABU
TRS_PKL_0267,PKL,-6.865415640627483,109.33245424235277,1,False,,,,,,,,370.0,,,,,0.43958968009600924,False,lainnya,,,False,ABU,PKL_K024,ABU
TRS_PKL_0268,PKL,-6.866137793934861,109.33025995476952,1,False,,,,,,,,220.0,,,,,0.4455769265895848,False,lainnya,,,False,ABU,PKL_K024,ABU
TRS_PKL_0269,PKL,-6.866852467896719,109.32806481348292,1,False,,,,,,,,180.0,,,,,0.3581474784006429,False,lainnya,,,False,ABU,PKL_K024,ABU
TRS_PKL_0270,PKL,-6.867565798821513,109.32586951641528,1,False,,,,,,,,300.0,,,,,0.4711472774763914,False,lainnya,,,False,ABU,PKL_K024,ABU
TRS_PKL_0271,PKL,-6.868177729334766,109.32366268570706,1,False,,,,,,,,270.0,,,,,0.46365503538499314,False,lainnya,,,False,ABU,PKL_K024,ABU
TRS_PKL_0272,PKL,-6.868793953696933,109.32145634119354,1,False,,,,,,,,250.0,,,,,0.494221418525216,False,lainnya,,,False,ABU,PKL_K024,ABU
TRS_PKL_0273,PKL,-6.869603076882122,109.31927192793464,1,False,,,,,,,,100.0,,,,,0.49037572835041193,False,lainnya,,,False,ABU,PKL_K024,ABU
TRS_PKL_0274,PKL,-6.870017995196111,109.31704268999889,1,False,,,,,,,,180.0,,,,,0.5012055455093429,False,lainnya,,,False,ABU,PKL_K024,ABU
TRS_PKL_0275,PKL,-6.870494671887705,109.31482047349458,1,False,,,,,,,,70.0,,,,,0.373015873015873,False,lainnya,,,False,ABU,PKL_K024,ABU
TRS_PKL_0276,PKL,-6.871016867357141,109.31258804007898,1,False,,,,,,,,180.0,,,,,0.40928270042194087,False,lainnya,,,False,ABU,PKL_K024,ABU
TRS_PKL_0277,PKL,-6.871428708590048,109.31033428630354,1,False,,,,,,,,220.0,,,,,0.40014064697609,False,lainnya,,,False,ABU,PKL_K024,ABU
TRS_PKL_0278,PKL,-6.871742467758415,109.30806887715823,1,False,,,,,,,,280.0,,,,,0.4108900944343982,False,lainnya,,,False,ABU,PKL_K024,ABU
TRS_PKL_0279,PKL,-6.872088053003866,109.3058046737433,1,False,,,,,,,,230.0,,,,,0.402049427365883,False,lainnya,,,False,ABU,PKL_K024,ABU
TRS_PKL_0280,PKL,-6.872387756365834,109.30353557687845,1,False,,,,,,,,180.0,,,,,0.3900944343982318,False,lainnya,,,False,ABU,PKL_K024,ABU
TRS_PKL_0281,PKL,-6.8726562337139665,109.30126379777333,1,False,,,,,,,,0.0,,,,,0.30389793048020897,False,lainnya,,,False,ABU,PKL_K024,ABU
TRS_PKL_0282,PKL,-6.872888456092843,109.29899005646632,1,False,,,,,,,,0.0,,,,,0.30972473377536663,False,lainnya,,,False,ABU,PKL_K024,ABU
TRS_PKL_0283,PKL,-6.872973701123845,109.2967115276681,1,False,,,,,,,,140.0,,,,,0.38135422945549524,False,lainnya,,,False,ABU,PKL_K024,ABU
TRS_PKL_0284,PKL,-6.87313969060928,109.29443847073222,1,False,,,,,,,,140.0,,,,,0.3755274261603376,False,lainnya,,,False,ABU,PKL_K024,ABU
TRS_PKL_0285,PKL,-6.873093275784209,109.29216399175444,1,False,,,,,,,,190.0,,,,,0.4314372428962702,False,lainnya,,,False,ABU,PKL_K024,ABU
TRS_PKL_0286,PKL,-6.873133632108233,109.28989606898975,1,False,,,,,,,,100.0,,,,,0.42370906168374517,False,lainnya,,,False,ABU,PKL_K024,ABU
TRS_PKL_0287,PKL,-6.873491981795677,109.28763081293789,1,False,,,,,,,,0.0,,,,,0.2197106690777577,False,lainnya,,,False,ABU,PKL_K024,ABU
TRS_PKL_0288,PKL,-6.8733752160034145,109.28537082855453,1,False,,,,,,,,0.0,,,,,0.1762105686156319,False,lainnya,,,False,ABU,PKL_K024,ABU
TRS_PKL_0289,PKL,-6.873579597739912,109.2831101444075,1,False,,,,,,,,0.0,,,,,0.131303998392606,False,lainnya,,,False,ABU,PKL_K024,ABU
TRS_PKL_0290,PKL,-6.873272357208029,109.28086897640705,1,False,,,,,,,,0.0,,,,,0.13461924854329918,False,lainnya,,,False,ABU,PKL_K024,ABU
TRS_SBY_0001,SBY,-7.500068081646303,112.83148578111437,1,True,499.9999044095954,-0.0018728305008607503,3000.0000955904047,20.09250027444302,3000.001032005655,3000.0019684209055,True,2920.0,-0.0018728305008607503,0.0,2.4549101057091612e-201,0.6628046295936978,,,,2.0119066894343907e-201,-0.34901649256749107,False,ORANGE,SBY_K025,ORANGE
TRS_SBY_0002,SBY,-7.498170685372713,112.83011505860883,1,True,1313.855992662871,51.53932770240146,2186.144007337129,20.118149162783904,2160.3743434859284,2134.6046796347277,True,2920.0,51.53932770240146,0.0,1.5975195405565097e-84,0.6747909309635609,,,,1.5009003647872907e-84,-0.3904905275998828,False,ORANGE,SBY_K025,ORANGE
TRS_SBY_0003,SBY,-7.496448018051843,112.82849802195307,1,True,509.98521735654913,-0.13542815104550193,2990.014782643451,20.09250027444282,2990.0824967189737,2990.150210794496,True,2740.0,-0.13542815104550193,0.0,4.206393062457881e-200,0.6057024255081573,,,,4.2780419827147615e-200,-0.3904905275998828,False,ORANGE,SBY_K025,ORANGE
TRS_SBY_0004,SBY,-7.49481993506683,112.82669686442134,1,True,538.5696792143254,-0.5345904988235559,2961.4303207856747,20.092500274945486,2961.6976160350864,2961.964911284498,True,2800.0,-0.5345904988235559,0.0,1.3300157531044455e-196,0.6099529542695266,,,,1.3636729525525284e-196,-0.3904905275998828,False,ORANGE,SBY_K025,ORANGE
TRS_SBY_0005,SBY,-7.493210110527973,112.82478224135012,1,True,785.1283561147627,17.44157299382137,2714.871643885237,20.118184696416254,2706.1508573883266,2697.430070891416,True,2670.0,17.44157299382137,0.0,5.4244293403892715e-155,0.5887059553744788,,,,5.471080364427004e-155,-0.4280663754015117,False,ORANGE,SBY_K025,ORANGE
TRS_SBY_0006,SBY,-7.483276342015173,112.84085071803398,3,False,,,,,,,,2610.0,,,,,0.5893466266665742,False,lainnya,,,False,ABU,SBY_K026,ABU
TRS_SBY_0007,SBY,-7.482027087641685,112.84142658892918,3,False,,,,,,,,2250.0,,,,,0.5331498225169111,False,lainnya,,,False,ABU,SBY_K026,ABU
TRS_SBY_0008,SBY,-7.487500781011865,112.82058318167009,1,True,520.0570274792746,1.2714677838419666,2979.9429725207256,20.092500274442813,2979.3072386288045,2978.6715047368834,True,2770.0,1.2714677838419666,0.0,7.572502319694155e-198,0.6343167384256655,,,,5.723864097978426e-198,-0.4280663754015117,False,ORANGE,SBY_K027,GREEN
TRS_SBY_0009,SBY,-7.485458142408367,112.82027291953759,1,True,500.522808371335,0.03311868500732407,2999.477191628665,20.092500274442813,2999.4606322861614,2999.444072943658,True,2820.0,0.03311868500732407,0.0,3.037963495318043e-201,0.6448438410383139,,,,2.2963202185618235e-201,-0.4626951447649219,False,ORANGE,SBY_K027,GREEN
TRS_SBY_0010,SBY,-7.483590306979242,112.81976481445217,1,True,489.9350770968501,-1.2720167374283848,3010.06492290315,20.092500274442813,3010.700931271864,3011.3369396405783,True,2890.0,-1.2720167374283848,0.0,1.61023882088758e-203,0.7260744532773948,,,,1.2530093518899544e-203,-0.4626951447649219,False,GREEN,SBY_K027,GREEN
TRS_SBY_0011,SBY,-7.481827511901499,112.81923622558789,1,True,478.7614522253908,-24.265929253616548,3021.2385477746093,20.092572174690087,3033.3715124014175,3045.5044770282257,True,2560.0,-24.265929253616548,0.0,4.4452820360940845e-220,0.6917382259206799,,,,3.5224045428768297e-220,-0.4626951447649219,False,GREEN,SBY_K027,GREEN
TRS_SBY_0012,SBY,-7.48018787794796,112.81841218872458,1,True,499.96754255612524,-0.6358885292863153,3000.0324574438746,20.0924905679523,3000.350401708518,3000.668345973161,True,2960.0,-0.6358885292863153,0.0,9.424571463927655e-202,0.7046335464359543,,,,8.854566338040068e-202,-0.4626951447649219,False,GREEN,SBY_K027,GREEN
TRS_SBY_0013,SBY,-7.478766548303264,112.81462988749207,1,True,1281.460291605404,28.612758052676867,2218.539708394596,20.092612965079688,2204.2333293682577,2189.926950341919,True,2160.0,28.612758052676867,0.0,1.4568152996087204e-97,0.6782768072605183,,,,1.696247054449874e-97,-0.4280663754015117,False,GREEN,SBY_K027,GREEN
TRS_SBY_0014,SBY,-7.477649097498632,112.81385994923963,1,True,696.9382607585375,0.4353664278410703,2803.0617392414624,20.092497466100085,2802.844056027542,2802.6263728136214,True,2740.0,0.4353664278410703,0.0,9.593231539664693e-176,0.7107224829924939,,,,1.0874301207214257e-175,-0.3904905275998828,False,GREEN,SBY_K027,GREEN
TRS_SBY_0015,SBY,-7.476794170145199,112.84124033804727,1,True,540.1211513848797,2.5434343765310965,2959.87884861512,20.092489159249087,2958.6071314268547,2957.3354142385892,True,1520.0,2.5434343765310965,0.0,2.1759560414436044e-194,0.579953779633219,,,,9.029637635551805e-195,-0.34901649256749107,False,GREEN,SBY_K028,GREEN
TRS_SBY_0016,SBY,-7.4743455353189665,112.84086275385832,1,True,520.0605751126119,1.2717123982912633,2979.939424887388,20.092489159247574,2979.303568688242,2978.6677124890966,True,1320.0,1.2717123982912633,0.0,7.583275335863368e-198,0.5993540218044467,,,,3.146857154707751e-198,-0.3904905275998828,False,GREEN,SBY_K028,GREEN
TRS_SBY_0017,SBY,-7.4718833242684175,112.84049563704954,1,True,540.0876101172065,1.8879562915627912,2959.9123898827934,20.0924891593201,2958.968411737012,2958.0244335912307,True,2240.0,1.8879562915627912,0.0,8.053731458268358e-195,0.5987201537838931,,,,3.2049019663455727e-195,-0.4280663754015117,False,GREEN,SBY_K028,GREEN
TRS_SBY_0018,SBY,-7.4694228804079685,112.84016482276968,1,True,540.0897143791265,1.907485583010313,2959.9102856208738,20.092489159308546,2958.956542829368,2958.0028000378634,True,2500.0,1.907485583010313,0.0,8.298667891613135e-195,0.6537393767705382,,,,3.443725998680632e-195,-0.494996117269504,False,GREEN,SBY_K028,GREEN
TRS_SBY_0019,SBY,-7.467007544099053,112.83986274173715,1,True,540.0800408444991,1.6530910476362675,2959.9199591555007,20.092489159247574,2959.093413631683,2958.266868107865,True,2560.0,1.6530910476362675,0.0,5.646679533450913e-195,0.6868554134206799,,,,9.943309085293181e-196,-0.494996117269504,False,GREEN,SBY_K028,GREEN
TRS_SBY_0020,SBY,-7.464773259974716,112.83966066516933,1,True,550.1546374342958,3.179511264190018,2949.8453625657044,20.092489159247574,2948.255606933609,2946.665851301514,True,1680.0,3.179511264190018,0.0,1.1364638590261045e-192,0.5984166329421287,,,,2.0012135180718497e-193,-0.494996117269504,False,GREEN,SBY_K028,GREEN
TRS_SBY_0021,SBY,-7.462586547173498,112.83954356603996,1,True,560.7566447137882,3.851484693009648,2939.2433552862117,30.063756196788052,2937.317612939707,2935.391870593202,True,1770.0,3.851484693009648,0.0,7.115517916611401e-181,0.6169375490149005,,,,2.952750292402573e-181,-0.494996117269504,False,GREEN,SBY_K028,GREEN
TRS_SBY_0022,SBY,-7.460414078886109,112.83946187057334,1,True,570.4844682972142,4.4613591531173755,2929.5155317027857,20.092566197914685,2927.284852126227,2925.0541725496682,True,1850.0,4.4613591531173755,0.0,3.2236235179553645e-189,0.6406496439782559,,,,1.3377178438434037e-189,-0.5253991621009502,False,GREEN,SBY_K028,GREEN
TRS_SBY_0023,SBY,-7.458270153228598,112.83948343369231,1,True,570.1875268831658,3.815552038980746,2929.812473116834,20.118147992567234,2927.904697097344,2925.9969210778536,True,1950.0,3.815552038980746,0.0,1.1923658064093396e-189,0.6532187477300792,,,,4.744900593427737e-190,-0.5253991621009502,False,GREEN,SBY_K028,GREEN
TRS_SBY_0024,SBY,-7.456075504530011,112.83934668587095,1,True,580.2205817610339,4.451509142232252,2919.779418238966,20.09248915926352,2917.55366366785,2915.327909096734,True,2420.0,4.451509142232252,0.0,5.6406415948142376e-188,0.7150399175894926,,,,2.2446369651562338e-188,-0.5253991621009502,False,GREEN,SBY_K028,GREEN
TRS_SBY_0025,SBY,-7.453779988340391,112.83869733094963,1,True,500.1584333140901,3.1889776303352164,2999.84156668591,20.092560814356993,2998.2470778707425,2996.652589055575,True,2850.0,3.1889776303352164,0.0,1.1827211112028105e-198,0.7737363948113911,,,,5.468878738930082e-199,-0.5253991621009502,False,GREEN,SBY_K028,GREEN
TRS_SBY_0026,SBY,-7.451539047366255,112.83810786107317,1,True,480.57535695351487,3.854643535689991,3019.424643046485,20.092489159247574,3017.49732127864,3015.5699995107952,True,2940.0,3.854643535689991,0.0,2.3506947513249044e-201,0.7695855254283016,,,,1.0869565466842202e-201,-0.5253991621009502,False,GREEN,SBY_K028,GREEN
TRS_SBY_0027,SBY,-7.449376788153064,112.8378617677155,1,True,479.9923556190934,0.6354194289324756,3020.0076443809066,20.093131970320773,3019.6899346664404,3019.372224951974,True,2900.0,0.6354194289324756,0.0,5.212858934846021e-203,0.8008010159226335,,,,2.4104155348024846e-203,-0.5253991621009502,False,GREEN,SBY_K028,GREEN
TRS_SBY_0028,SBY,-7.447227826334452,112.83767679043942,1,True,439.69561266817925,-5.78199636371318,3060.3043873318206,20.09256081435717,3063.195385513677,3066.086383695534,True,2080.0,-5.78199636371318,0.0,9.426025194390711e-213,0.6854740956635432,,,,3.911549232973594e-213,-0.5253991621009502,False,GREEN,SBY_K028,GREEN
TRS_SBY_0029,SBY,-7.445084929623986,112.83754478320677,1,True,489.6583053906112,-13.63775203504448,3010.341694609389,20.092491361037066,3017.160570626911,3023.979446644433,True,2660.0,-13.63775203504448,0.0,7.208430796081372e-212,0.7327871733157256,,,,2.0093760416269496e-212,-0.5253991621009502,False,GREEN,SBY_K028,GREEN
TRS_SBY_0030,SBY,-7.442938824969097,112.83731750932878,1,True,530.065111826434,1.275703218617684,2969.934888173566,20.092560814356993,2969.2970365642573,2968.6591849549486,True,2760.0,1.275703218617684,0.0,5.489819984509532e-196,0.776093628115121,,,,1.5303070892648354e-196,-0.5253991621009502,False,GREEN,SBY_K028,GREEN
TRS_SBY_0031,SBY,-7.440797599428309,112.83719758794834,1,True,520.0247712556011,0.6375077661046462,2979.975228744399,20.118232645022108,2979.6564748613464,2979.3377209782943,True,2920.0,0.6375077661046462,0.0,1.3339212432297053e-197,0.7960218673600061,,,,4.015503060655306e-198,-0.5253991621009502,False,GREEN,SBY_K028,GREEN
TRS_SBY_0032,SBY,-7.438549614652086,112.83709133524324,1,True,519.9706156105627,-0.49079790973290227,2980.0293843894374,20.092560814356993,2980.2747833443036,2980.5201822991703,True,2880.0,-0.49079790973290227,0.0,1.8145093493858605e-198,0.7505311614730878,,,,4.631943471510986e-199,-0.494996117269504,False,GREEN,SBY_K028,GREEN
TRS_SBY_0033,SBY,-7.436289395779383,112.83706438285941,1,True,570.1960798536774,3.9958158278212688,2929.8039201463225,20.092571929723363,2927.8060122324123,2925.808104318501,True,2620.0,3.9958158278212688,0.0,4.970460137814098e-189,0.7838429600155699,,,,1.1454371775129656e-189,-0.494996117269504,False,GREEN,SBY_K028,GREEN
TRS_SBY_0034,SBY,-7.434029143192354,112.83704726240576,1,True,550.2869740239868,5.740350040764698,2949.7130259760133,20.092571929723363,2946.8428509556306,2943.9726759352484,True,2640.0,5.740350040764698,0.0,1.8134818946464117e-190,0.7495815091424156,,,,4.1791494656029417e-191,-0.494996117269504,False,GREEN,SBY_K028,GREEN
TRS_SBY_0035,SBY,-7.431769923878391,112.83672610629915,1,True,577.3675750769058,6.190486043788759,2922.6324249230943,20.092678426221276,2919.5371819012,2916.4419388793053,True,2730.0,6.190486043788759,0.0,1.0401213452518315e-186,0.7606517656092726,,,,6.147789141911475e-187,-0.494996117269504,False,GREEN,SBY_K028,GREEN
TRS_SBY_0036,SBY,-7.4295116958407155,112.83611275386107,1,True,671.2414375279703,8.982304801991258,2088.7585624720296,20.092578479551626,2084.267410071034,2079.7762576700384,False,2040.0,8.982304801991258,0.0,2.135900890018053e-94,0.7209631728045325,,,,1.2624554202060703e-94,-0.4626951447649219,False,GREEN,SBY_K028,GREEN
TRS_SBY_0037,SBY,-7.427253892418024,112.83537352327339,1,True,710.4521137067491,8.97356322702495,2789.547886293251,20.092870703713906,2785.0611046797385,2780.574323066226,True,2650.0,8.97356322702495,0.0,1.590984047766473e-166,0.7294443850553209,,,,9.224264533740165e-167,-0.4626951447649219,False,GREEN,SBY_K028,GREEN
TRS_SBY_0038,SBY,-7.424993880691867,112.83528449252894,1,True,540.1258623750717,2.55083893156829,2959.874137624928,20.09256174091963,2958.598718159144,2957.32329869336,True,2670.0,2.55083893156829,0.0,7.727982328141676e-194,0.7424390722644851,,,,4.480557388801131e-194,-0.4626951447649219,False,GREEN,SBY_K028,GREEN
TRS_SBY_0039,SBY,-7.422731350362595,112.83593796102883,1,True,540.0976702299508,1.9135963356775854,2959.902329770049,20.092560814356993,2958.9455316022104,2957.9887334343716,True,2530.0,1.9135963356775854,0.0,2.9056623065060473e-194,0.6961959321009081,,,,1.616427207494558e-194,-0.4626951447649219,False,GREEN,SBY_K028,GREEN
TRS_SBY_0040,SBY,-7.4204702513507,112.83616959908409,1,True,578.7271709096415,2.4622105924312145,2921.2728290903588,20.092560814356997,2920.041723794143,2918.8106184979274,True,2550.0,2.4622105924312145,0.0,6.413503147165282e-189,0.6110509359551186,,,,3.718443921576718e-189,-0.4626951447649219,False,ORANGE,SBY_K028,GREEN
TRS_SBY_0041,SBY,-7.418209798813424,112.83621064534331,1,True,570.2018358680006,3.708408981024152,2929.7981641319993,20.092560814417965,2927.9439596414873,2926.089755150975,True,2350.0,3.708408981024152,0.0,3.256270983005333e-189,0.5860489120607558,,,,1.887932502085788e-189,-0.4626951447649219,False,ORANGE,SBY_K028,GREEN
TRS_SBY_0042,SBY,-7.41595240901617,112.83534773843029,1,True,630.5306135311373,-3.776618738812858,2869.4693864688625,20.272627620889992,2871.357695838269,2873.246005207676,True,2440.0,-3.776618738812858,0.0,3.900855738001451e-186,0.5889042400037152,,,,2.305657763848892e-186,-0.4626951447649219,False,GREEN,SBY_K028,GREEN
TRS_SBY_0043,SBY,-7.413692776621991,112.83514618836804,1,True,660.9207598020485,-1.2834132052094307,2839.0792401979515,20.09287070366136,2839.7209468005562,2840.362653403161,True,2480.0,-1.2834132052094307,0.0,8.314803230841084e-179,0.648519601571781,,,,1.6972174912667093e-179,-0.4626951447649219,False,ORANGE,SBY_K028,GREEN
TRS_SBY_0044,SBY,-7.411430682620616,112.83567167549289,1,True,701.398003028471,15.252261489956135,2798.601996971529,20.092525097393903,2790.9758662265513,2783.3497354815727,True,2370.0,15.252261489956135,0.0,9.782891892285596e-167,0.6393854364638242,,,,1.7226817505181867e-167,-0.4626951447649219,False,GREEN,SBY_K028,GREEN
TRS_SBY_0045,SBY,-7.409169711178671,112.83586568349642,1,True,620.4694434837344,9.507374084581757,2879.5305565162657,20.09241938781738,2874.776869473975,2870.023182431684,True,2310.0,9.507374084581757,0.0,3.0702463475511823e-180,0.6511280857952246,,,,6.266986312115638e-181,-0.4626951447649219,False,GREEN,SBY_K028,GREEN
TRS_SBY_0046,SBY,-7.406910748738594,112.83546594107565,1,True,560.154882792284,3.188723942003306,2939.845117207716,20.092571929736188,2938.250755236714,2936.6563932657127,True,2740.0,3.188723942003306,0.0,7.693338167870389e-191,0.6404566696304873,,,,1.1242123942793144e-191,-0.4626951447649219,False,ORANGE,SBY_K028,GREEN
TRS_SBY_0047,SBY,-7.404656890928349,112.83355494356714,1,True,679.3194468047825,2.9367426827987,2450.6805531952177,20.092577916104922,2449.212181853818,2447.743810512419,False,2340.0,2.9367426827987,0.0,3.534426341885992e-133,0.558722851746931,,,,6.223815845822699e-134,-0.4626951447649219,False,GREEN,SBY_K028,GREEN
TRS_SBY_0048,SBY,-7.40239292052115,112.83463646448652,1,True,524.9799061712342,-31.46449180248166,2975.0200938287658,20.092571948769802,2990.7523397300065,3006.4845856312477,True,2720.0,-31.46449180248166,0.0,1.148788688868074e-218,0.718968713547742,,,,1.6787023451367017e-219,-0.4626951447649219,False,GREEN,SBY_K028,GREEN
TRS_SBY_0049,SBY,-7.400127691224072,112.8360904022022,1,True,489.82807579495403,-3.761696461646809,3010.171924205046,20.092560814356993,3012.0527724358694,3013.9336206666926,True,2840.0,-3.761696461646809,0.0,1.2513928894249535e-204,0.7658425767066992,,,,9.90868482798054e-206,-0.4626951447649219,False,GREEN,SBY_K028,GREEN
TRS_SBY_0050,SBY,-7.397865900809814,112.83652687242312,1,True,480.33013095292847,-1.8863969397843159,2289.6698690470716,20.09257192972357,2290.613067516964,2291.556265986856,False,2110.0,-1.8863969397843159,0.0,7.009249035349015e-119,0.6278521608957749,,,,0.0,-0.4626951447649219,False,GREEN,SBY_K028,GREEN
TRS_SBY_0051,SBY,-7.395604112223026,112.83696293304874,1,True,489.6179558415765,-7.485182014351655,1480.3820441584235,20.092571929723363,1484.1246351655993,1487.8672261727752,False,1290.0,-7.485182014351655,0.0,4.882364230384693e-53,0.6253225399125986,,,,0.0,-0.4626951447649219,False,GREEN,SBY_K028,GREEN
TRS_SBY_0052,SBY,-7.393343645241483,112.83700801224155,1,True,499.693838827162,-7.222312603433368,880.3061611728381,20.092571946413976,883.9173174745547,887.5284737762713,False,660.0,-7.222312603433368,2.380342441924074e-221,1.3764519665550732e-20,0.7057848313159928,,,,0.0,-0.4626951447649219,False,GREEN,SBY_K028,GREEN
TRS_SBY_0053,SBY,-7.391085277713091,112.83643133713238,1,True,490.0136551870197,-1.271665117680828,1319.9863448129804,20.092571929723363,1320.6221773718207,1321.258009930661,False,1120.0,-1.271665117680828,0.0,5.459128377392333e-41,0.6617639619587212,,,,4.3226058725587317e-42,-0.4626951447649219,False,GREEN,SBY_K028,GREEN
TRS_SBY_0054,SBY,-7.388825768824737,112.83619224100069,1,True,509.9998882583973,-0.002211591033717707,2990.0001117416027,20.092571929723363,2990.0012175371194,2990.0023233326365,True,2320.0,-0.002211591033717707,0.0,1.852277517790916e-199,0.6439752857282407,,,,3.261698802283344e-200,-0.4626951447649219,False,GREEN,SBY_K028,GREEN
TRS_SBY_0055,SBY,-7.3865652719705945,112.83624578232198,1,True,520.0077499852473,0.151839627339036,2779.9922500147527,20.092571929723363,2779.916330201083,2779.8404103874136,False,2150.0,0.151839627339036,0.0,1.1891070778178322e-172,0.6446933263060808,,,,3.314678798602165e-173,-0.4626951447649219,False,GREEN,SBY_K028,GREEN
TRS_SBY_0056,SBY,-7.3843106505528135,112.83455593591678,1,True,520.0325559529442,0.6378199556033319,2479.967444047056,20.092571929723363,2479.6485340692543,2479.3296240914524,False,2090.0,0.6378199556033319,0.0,1.3456365163754427e-137,0.6792284519565719,,,,3.75101024513275e-138,-0.4626951447649219,False,GREEN,SBY_K028,GREEN
TRS_SBY_0057,SBY,-7.382048194650612,112.8351905593292,1,True,638.8835702728904,-22.430319170214123,2301.11642972711,20.092578492997138,2312.3315893122167,2323.5467488973236,False,1970.0,-22.430319170214123,0.0,1.026771295016951e-130,0.6482120259990509,,,,2.862161958409745e-131,-0.4626951447649219,False,GREEN,SBY_K028,GREEN
TRS_SBY_0058,SBY,-7.379784728788031,112.83612510526063,1,True,544.8868367607737,-25.759394202405986,2955.113163239226,20.092578477850108,2967.992860340429,2980.872557441632,True,2590.0,-25.759394202405986,0.0,5.620021209597683e-212,0.7821137355485797,,,,1.691794960356673e-212,-0.494996117269504,False,GREEN,SBY_K028,GREEN
TRS_SBY_0059,SBY,-7.377523688318656,112.83633984731176,1,True,530.1548969287732,3.1889446674347535,2099.8451030712267,20.092572847044934,2098.2506307375097,2096.6561584037922,False,1080.0,3.1889446674347535,0.0,4.5773949089251834e-98,0.5876154128632882,,,,1.1684830652484511e-98,-0.494996117269504,False,GREEN,SBY_K028,GREEN
TRS_SBY_0060,SBY,-7.375263498272809,112.83630211439907,1,True,540.5715082574544,4.4073556798802755,2959.4284917425457,30.064143710369834,2957.2248139026055,2955.0211360626654,True,2550.0,4.4073556798802755,0.0,1.594641089474418e-182,0.6560010831528079,,,,4.070680256507999e-183,-0.494996117269504,False,GREEN,SBY_K028,GREEN
TRS_SBY_0061,SBY,-7.373002381932496,112.83653946815824,1,True,540.5777961311725,3.852257663128189,2369.4222038688276,20.09257847630226,2367.4960750372634,2365.569946205699,False,1940.0,3.852257663128189,0.0,4.368307462063817e-124,0.5851446365468298,,,,1.1151087889024959e-124,-0.494996117269504,False,GREEN,SBY_K028,GREEN
TRS_SBY_0062,SBY,-7.370780836650526,112.83658964875029,1,True,540.4959776398421,3.2104841204153582,2959.504022360158,20.092571929723363,2957.89878029995,2956.2935382397427,True,2670.0,3.2104841204153582,0.0,2.2776096793783005e-193,0.6328056200995215,,,,0.0,-0.5253991621009502,False,GREEN,SBY_K028,GREEN
TRS_SBY_0063,SBY,-7.368629988736395,112.83656499895768,1,True,557.2267618420279,3.6453969031422577,2942.773238157972,20.093131981159033,2940.950539706401,2939.12784125483,True,2660.0,3.6453969031422577,0.0,6.360086317211874e-191,0.6756972991970011,,,,7.246895559439647e-192,-0.5253991621009502,False,GREEN,SBY_K028,GREEN
TRS_SBY_0064,SBY,-7.366463424651641,112.83699410790182,1,True,530.1238110918438,2.5436248627216127,2969.876188908156,20.092500274442813,2968.6043764767956,2967.3325640454345,True,2650.0,2.5436248627216127,0.0,1.0787839729022487e-195,0.6366153990058261,,,,1.2292026228737e-196,-0.5253991621009502,False,GREEN,SBY_K028,GREEN
TRS_SBY_0065,SBY,-7.364346523647105,112.83673352076354,1,True,530.0895330455331,1.9075765828712092,2889.9104669544668,20.09250143989204,2888.956678663031,2888.0028903715956,False,2600.0,1.9075765828712092,0.0,8.917044910711306e-186,0.6260405317062541,,,,1.0160379897970644e-186,-0.5253991621009502,False,GREEN,SBY_K028,GREEN
TRS_SBY_0066,SBY,-7.362180826816156,112.83712049949725,1,True,580.2517828082033,5.087355376392582,2869.748217191797,20.09250027464397,2867.2045395036002,2864.660861815404,False,2540.0,5.087355376392582,0.0,3.203721459088614e-181,0.603279538712052,,,,2.536746571201511e-182,-0.5253991621009502,False,GREEN,SBY_K028,GREEN
TRS_SBY_0067,SBY,-7.360002728867701,112.83751633422771,1,True,550.2459206162189,5.101944411617647,2949.754079383781,20.093131981159033,2947.203107177972,2944.6521349721634,True,2570.0,5.101944411617647,0.0,6.956444330232559e-191,0.6223765721277322,,,,5.508199301287488e-192,-0.5253991621009502,False,GREEN,SBY_K028,GREEN
TRS_SBY_0068,SBY,-7.357881872686566,112.83755136452191,1,True,559.9795991395772,0.9197862921711502,2940.020400860423,20.09360668672454,2939.5605077143373,2939.100614568252,True,2790.0,0.9197862921711502,0.0,6.6421899877327e-192,0.6336185232568765,,,,5.25936879713733e-193,-0.494996117269504,False,GREEN,SBY_K028,GREEN
TRS_SBY_0069,SBY,-7.356121893281504,112.83616560817845,1,True,530.096819898625,1.7383048911674455,2969.9031801013753,20.092560814356993,2969.0340276557913,2968.1648752102074,True,2750.0,1.7383048911674455,0.0,1.1111882375890402e-195,0.624743110996652,,,,1.2661251283482106e-196,-0.494996117269504,False,GREEN,SBY_K028,GREEN
TRS_SBY_0070,SBY,-7.353338659759029,112.83882145674096,1,True,690.4168112555842,8.927582590703029,2809.5831887444156,20.092581402003436,2805.1193974490643,2800.6556061537126,True,2140.0,8.927582590703029,0.0,6.63250911455119e-171,0.6050557967753039,,,,2.745373615876756e-172,-0.494996117269504,False,GREEN,SBY_K028,GREEN
TRS_SBY_0071,SBY,-7.351069784499658,112.83884983544912,1,True,610.2525547847223,5.102366208773632,2889.747445215278,20.092571929723363,2887.196262110891,2884.645079006504,True,2200.0,5.102366208773632,0.0,3.1580838177212887e-183,0.5604590522791656,,,,6.446280140992262e-184,-0.494996117269504,False,GREEN,SBY_K028,GREEN
TRS_SBY_0072,SBY,-7.348858088862193,112.83856076482789,1,True,570.0897740136509,1.913066740132765,2309.9102259863494,20.092571929723363,2308.9536926162828,2307.997159246216,False,1720.0,1.913066740132765,0.0,5.242618995485198e-119,0.4948613215626853,,,,1.0701232984300605e-119,-0.4626951447649219,False,ORANGE,SBY_K029,ORANGE
TRS_SBY_0073,SBY,-7.34662604251153,112.83831888276224,1,True,540.0783414672583,1.2733596727459535,2369.9216585327417,20.09262982069085,2369.284978696369,2368.6482988599955,False,1880.0,1.2733596727459535,0.0,3.0982855652299155e-125,0.5238984991863058,,,,1.2329317846960416e-125,-0.4626951447649219,False,ORANGE,SBY_K029,ORANGE
TRS_SBY_0074,SBY,-7.343787420689004,112.84042498658383,1,True,660.3502245414991,7.015934961798173,2839.6497754585007,20.092571929723363,2836.1418079776017,2832.6338404967028,True,2310.0,7.015934961798173,0.0,9.038524600829276e-176,0.5070231350330501,,,,3.436548661722197e-176,-0.4626951447649219,False,ORANGE,SBY_K029,ORANGE
TRS_SBY_0075,SBY,-7.341645907517527,112.83988657044247,1,True,580.1489739133165,3.1883938656091506,2919.8510260866833,20.118256747099245,2918.256829153879,2916.6626322210745,True,2640.0,3.1883938656091506,0.0,2.992325830584828e-188,0.5660464417546571,,,,1.470314288620208e-188,-0.494996117269504,False,ORANGE,SBY_K029,ORANGE
TRS_SBY_0076,SBY,-7.3393861943088465,112.83980219962,3,True,559.9015568149007,-1.928769227232063,2940.0984431850993,20.093131970320773,2941.0628277987153,2942.027212412331,True,2760.0,-1.928769227232063,0.0,3.47328496224327e-194,0.5443866239684689,,,,1.7066391822169608e-194,-0.5253991621009502,False,ORANGE,SBY_K029,ORANGE
TRS_SBY_0077,SBY,-7.336921308696189,112.84066216851738,3,True,570.122349635085,2.5513122322863024,2929.877650364915,20.092578476302275,2928.601994248772,2927.3263381326287,True,2820.0,2.5513122322863024,0.0,6.41489740314255e-190,0.598419323729733,,,,3.152034853781201e-190,-0.494996117269504,False,ORANGE,SBY_K029,ORANGE
TRS_SBY_0078,SBY,-7.334520523969972,112.84132105781505,3,True,894.7049038776594,22.55204908220519,2605.2950961223405,21.34435243811504,2594.0190715812378,2582.7430470401355,True,2560.0,22.55204908220519,0.0,1.5549993536166673e-138,0.5288293422450425,,,,6.4528328786276625e-139,-0.4626951447649219,False,ORANGE,SBY_K029,ORANGE
TRS_SBY_0079,SBY,-7.3322366819641,112.8414539202543,3,True,1001.5301805508602,29.979620101020938,2418.46981944914,20.092571929723363,2403.4800093986296,2388.490199348119,False,2060.0,29.979620101020938,0.0,8.35699178367512e-116,0.4632776616518606,,,,3.4679288594362825e-116,-0.4280663754015117,False,ORANGE,SBY_K029,ORANGE
TRS_SBY_0080,SBY,-7.331297391222248,112.84130259241266,3,True,880.000000037249,2.0260697690323466e-09,2009.999999962751,20.09257193011894,2009.999999961738,2009.9999999607248,False,1740.0,2.0260697690323466e-09,0.0,2.1599926498195783e-91,0.44076633779427565,,,,8.963393814879891e-92,-0.494996117269504,False,ORANGE,SBY_K029,ORANGE
TRS_SBY_0081,SBY,-7.3336420230589,112.841441211245,3,True,1029.935720903014,-1.275652659022054,2370.064279096986,20.092571929723412,2370.702105426497,2371.339931756008,False,1990.0,-1.275652659022054,0.0,7.396852082852366e-127,0.4668339929107293,,,,3.069496473266165e-127,-0.4626951447649219,False,ORANGE,SBY_K029,ORANGE
TRS_SBY_0082,SBY,-7.328602153653286,112.83311051551662,1,True,500.1007620238814,0.006259500144943276,2559.8992379761185,20.092571929723363,2559.896108226046,2559.892978475974,False,2310.0,0.006259500144943276,0.0,7.940044778878298e-147,0.49694639637982413,,,,6.001680201267753e-147,-0.3904905275998828,False,ORANGE,SBY_K030,ORANGE
TRS_SBY_0083,SBY,-7.326498594540646,112.83406760314136,1,True,509.9999986188196,-2.7646357441963763e-05,2660.0000013811805,20.09257192972357,2660.000015204359,2660.000029027538,False,1110.0,-2.7646357441963763e-05,0.0,2.3678578999900242e-158,0.48156407115330624,,,,2.4374345101134987e-158,-0.4280663754015117,False,ORANGE,SBY_K030,ORANGE
TRS_SBY_0084,SBY,-7.324415423692677,112.83519842228537,1,True,519.9427819199182,-1.2752288976578336,2880.057218080082,20.09257192972354,2880.694832528911,2881.33244697774,False,1780.0,-1.2752288976578336,0.0,4.845118878159359e-186,0.451966690008594,,,,5.331426101119609e-186,-0.4280663754015117,False,ORANGE,SBY_K030,ORANGE
TRS_SBY_0085,SBY,-7.322515719871164,112.83767505013543,1,True,520.0,0.0,2980.0,20.092571929723363,2980.0,2980.0,True,380.0,0.0,0.0,3.847403945486478e-198,0.4693696883852691,,,,4.138063622817616e-198,-0.4626951447649219,False,ORANGE,SBY_K030,ORANGE
TRS_SBY_0086,SBY,-7.320558587191033,112.83966419999442,1,True,499.96685736858893,-0.649365037226723,2870.033142631411,20.092571929723363,2870.3578251500244,2870.6825076686378,False,2150.0,-0.649365037226723,0.0,2.266951485397384e-184,0.5235703933065419,,,,2.7777166962796467e-184,-0.4626951447649219,False,ORANGE,SBY_K030,ORANGE
TRS_SBY_0087,SBY,-7.3184640133603205,112.84104771723787,1,True,500.013837905998,-1.6758944778116183,2999.986162094002,20.092571929723363,3000.824109332908,3001.6620565718135,True,2800.0,-1.6758944778116183,0.0,6.931418992834343e-202,0.6457709429380818,,,,8.79952613320111e-202,-0.4626951447649219,False,GREEN,SBY_K031,GREEN
TRS_SBY_0088,SBY,-7.316402162712432,112.84276009924507,1,True,510.00000000001415,-1.0288721040250548e-08,2989.999999999986,20.092571929723363,2990.0000000051305,2990.0000000102746,True,2870.0,-1.0288721040250548e-08,0.0,1.8585678844619452e-199,0.6779779589580598,,,,2.385102449758971e-199,-0.494996117269504,False,GREEN,SBY_K031,GREEN
TRS_SBY_0089,SBY,-7.314211730576286,112.84323010489287,1,True,510.92865229134804,0.21843118421910923,2989.071347708652,20.092571929723363,2988.9621321165423,2988.8529165244327,True,2850.0,0.21843118421910923,0.0,3.4313838131622127e-199,0.6828599473187217,,,,4.96042286335228e-199,-0.494996117269504,False,GREEN,SBY_K031,GREEN
TRS_SBY_0090,SBY,-7.312048002424064,112.8439462781067,1,True,507.48936363550087,0.47566657082919894,2652.510636364499,20.092571932918,2652.2728030790845,2652.03496979367,False,2310.0,0.47566657082919894,0.0,3.3865160315636595e-157,0.5440427136602775,,,,4.89556180968185e-157,-0.494996117269504,False,GREEN,SBY_K031,GREEN
TRS_SBY_0091,SBY,-7.309853802678238,112.84434249378387,1,True,510.08650661135493,-0.015100980817078,2989.9134933886453,20.092572848376264,2989.9210438790537,2989.928594369462,True,2610.0,-0.015100980817078,0.0,1.8954326943576223e-199,0.5282275351936874,,,,2.700767239660322e-199,-0.4626951447649219,False,GREEN,SBY_K031,GREEN
TRS_SBY_0092,SBY,-7.307657296909521,112.84469664567601,1,True,757.1858253119143,13.492618971820768,2742.8141746880856,20.09256081441467,2736.067865202175,2729.321555716265,True,2680.0,13.492618971820768,0.0,3.702002373128697e-160,0.5702163756289375,,,,5.419335319232291e-160,-0.494996117269504,False,GREEN,SBY_K031,GREEN
TRS_SBY_0093,SBY,-7.30543788525461,112.84479488849743,1,True,510.59053009453413,0.037545637887156036,2989.409469905466,20.092571946413976,2989.3906970865223,2989.371924267579,True,2960.0,0.037545637887156036,0.0,2.353717119865586e-199,0.6773911836765945,,,,3.4767255853510048e-199,-0.494996117269504,False,GREEN,SBY_K031,GREEN
TRS_SBY_0094,SBY,-7.30311063870194,112.84526336666127,1,True,539.9326784601782,-1.3553173476172817,2960.067321539822,20.092571929723363,2960.7449802136307,2961.422638887439,True,2790.0,-1.3553173476172817,0.0,2.040773874851086e-196,0.6540228659620051,,,,2.7789785924022074e-196,-0.494996117269504,False,GREEN,SBY_K031,GREEN
TRS_SBY_0095,SBY,-7.300771655250715,112.84609915964799,1,True,510.0,0.0,2990.0,20.092571929723363,2990.0,2990.0,True,2440.0,0.0,0.0,1.8585679134741803e-199,0.6161995541726653,,,,2.617309614000596e-199,-0.4626951447649219,False,GREEN,SBY_K031,GREEN
TRS_SBY_0096,SBY,-7.298409183283768,112.84591558997106,1,True,551.0247582139865,1.9574442125335125,2948.9752417860136,20.092571929723363,2947.9965196797466,2947.01779757348,True,2780.0,1.9574442125335125,0.0,8.135228933881963e-193,0.6874312164998879,,,,1.0756556663456382e-192,-0.4626951447649219,False,GREEN,SBY_K031,GREEN
TRS_SBY_0097,SBY,-7.296090529519973,112.84609898384029,1,True,940.0549041014801,0.0027164687188879254,2559.94509589852,20.09257194710332,2559.9437376641604,2559.942379429801,True,2480.0,0.0027164687188879254,0.0,7.809898982778282e-147,0.6215959974412867,,,,8.283942984412792e-147,-0.494996117269504,False,GREEN,SBY_K031,GREEN
TRS_SBY_0098,SBY,-7.293805669664444,112.84618885457084,1,True,519.9980529115385,-0.05830027075653521,2980.0019470884617,20.092560814356993,2980.03109722384,2980.060247359218,True,2860.0,-0.05830027075653521,0.0,3.5204904345232675e-198,0.817285405812318,,,,3.861661208327655e-198,-0.494996117269504,False,GREEN,SBY_K031,GREEN
TRS_SBY_0099,SBY,-7.291572672457963,112.84608221699384,1,True,520.9342644984793,0.04419215906736004,2979.065735501521,20.092560814357,2979.043639421987,2979.0215433424532,True,2810.0,0.04419215906736004,0.0,5.456334752230651e-198,0.6852058613006966,,,,5.309711325959657e-198,-0.494996117269504,False,GREEN,SBY_K031,GREEN
TRS_SBY_0100,SBY,-7.289344431079074,112.84636077858029,1,True,519.9994305987342,-0.011155846984658173,2980.0005694012657,20.092572707372724,2980.006147324758,2980.0117252482505,True,2740.0,-0.011155846984658173,0.0,3.7825664743474204e-198,0.622738363557412,,,,3.1966395136946428e-198,-0.494996117269504,False,ORANGE,SBY_K032,ORANGE
TRS_SBY_0101,SBY,-7.2871368259852405,112.84666813461011,1,True,540.0896004285283,1.9033557157613363,2959.9103995714718,20.118226626060622,2958.958721713591,2958.0070438557104,True,2850.0,1.9033557157613363,0.0,3.3631224537667824e-194,0.6622893991352318,,,,2.5675018269856368e-194,-0.5253991621009502,False,ORANGE,SBY_K032,ORANGE
TRS_SBY_0102,SBY,-7.285134998390211,112.84596845659846,1,True,996.5163923944791,26.455382554875687,2503.483607605521,39.86294611714072,2490.255916328083,2477.0282250506452,True,2450.0,26.455382554875687,0.0,8.21154896613133e-112,0.5993857316297624,,,,4.943845099338167e-112,-0.5253991621009502,False,ORANGE,SBY_K032,ORANGE
TRS_SBY_0103,SBY,-7.283189762929741,112.84543338318944,1,True,578.9248006811575,-21.049878402729128,2921.0751993188424,20.093549558648867,2931.600138520207,2942.125077721572,True,2850.0,-21.049878402729128,0.0,2.8364481127475967e-204,0.6425003727448934,,,,1.644526088425765e-204,-0.5253991621009502,False,ORANGE,SBY_K032,ORANGE
TRS_SBY_0104,SBY,-7.281322741741943,112.844770883234,1,True,530.2879307154749,1.289847197311019,2969.712069284525,30.064143710369795,2969.0671456858695,2968.4222220872143,True,2800.0,1.289847197311019,0.0,1.0358166210129175e-185,0.5774711655200324,,,,7.416481640377486e-186,-0.5253991621009502,False,ORANGE,SBY_K032,ORANGE
TRS_SBY_0105,SBY,-7.279572017663244,112.84350887436686,1,True,530.7815804003037,1.9563787301301585,2929.218419599696,21.34622556787946,2928.2402302346313,2927.262040869566,False,2880.0,1.9563787301301585,0.0,3.5055594990884496e-189,0.6383429729304375,,,,2.7022675918035588e-189,-0.5253991621009502,False,ORANGE,SBY_K032,ORANGE
TRS_SBY_0106,SBY,-7.277546916555653,112.8430439051919,1,True,530.0441243808938,0.7975202351621836,2689.9558756191063,20.0931321021384,2689.557115501525,2689.158355383944,False,2560.0,0.7975202351621836,0.0,2.0633645599839876e-161,0.5877854992917847,,,,1.5437846591289365e-161,-0.5253991621009502,False,ORANGE,SBY_K032,ORANGE
TRS_SBY_0107,SBY,-7.275628114077459,112.84206002915498,1,True,1098.3456482512306,36.66635045419363,2401.6543517487694,20.092571929723363,2383.321176521673,2364.988001294576,True,2240.0,36.66635045419363,0.0,7.8742851149817e-111,0.5706697693241602,,,,6.294235390363631e-111,-0.5253991621009502,False,GREEN,SBY_K032,ORANGE
TRS_SBY_0108,SBY,-7.274407343863907,112.83918361063675,1,True,506.56416386635703,0.4058146008146561,2843.435836133643,20.092571929723363,2843.2329288332357,2843.0300215328284,False,2680.0,0.4058146008146561,0.0,2.3493320623989917e-180,0.5711729947993742,,,,1.8779163816069263e-180,-0.5253991621009502,False,ORANGE,SBY_K032,ORANGE
TRS_SBY_0109,SBY,-7.271639979357379,112.84014877498123,1,True,510.0666321661884,1.2691224822845852,2989.9333678338116,20.092571929723363,2989.2988065926693,2988.664245351527,True,2640.0,1.2691224822845852,0.0,1.2987602759382305e-198,0.5748427976650357,,,,1.01063193266994e-198,-0.494996117269504,False,ORANGE,SBY_K033,GREEN
TRS_SBY_0110,SBY,-7.269653500409612,112.83903002559197,1,True,510.008122015758,0.0005131762901417513,2989.991877984242,20.09240748940326,2989.991621396097,2989.991364807952,True,2280.0,0.0005131762901417513,0.0,1.2072468592143516e-200,0.565090577009095,,,,9.216460474651703e-201,-0.494996117269504,False,GREEN,SBY_K033,GREEN
TRS_SBY_0111,SBY,-7.267584887526694,112.83800584259963,1,True,531.8543998270007,1.2713068170044726,2178.1456001729994,20.092407489410213,2177.509946764497,2176.8742933559947,False,1260.0,1.2713068170044726,0.0,5.967467747562948e-107,0.5873043976797518,,,,4.5557319291735214e-107,-0.494996117269504,False,GREEN,SBY_K033,GREEN
TRS_SBY_0112,SBY,-7.2659105384018785,112.83617530471503,1,True,530.1883536178678,0.7881634921918402,2009.811646382132,20.092407489403325,2009.4175646360363,2009.0234828899402,False,1180.0,0.7881634921918402,0.0,1.4612633959896632e-91,0.5772494838430884,,,,1.0213792822309605e-91,-0.494996117269504,False,GREEN,SBY_K033,GREEN
TRS_SBY_0113,SBY,-7.263496559834699,112.83565135122046,1,True,540.048052291365,0.9447942361231716,2069.951947708635,20.092407494460627,2069.479550590573,2069.007153472512,False,1460.0,0.9447942361231716,0.0,6.297182526441446e-97,0.594420621677209,,,,4.113398427798987e-97,-0.4626951447649219,False,GREEN,SBY_K033,GREEN
TRS_SBY_0114,SBY,-7.261246912229371,112.8347273435233,1,True,550.0933652450739,1.828384194834997,2109.906634754926,20.096145217459696,2108.9924426575085,2108.078250560091,False,1550.0,1.828384194834997,0.0,3.265337512957977e-100,0.5981860550123366,,,,1.1181256249763861e-100,-0.4626951447649219,False,GREEN,SBY_K033,GREEN
TRS_SBY_0115,SBY,-7.259342392771028,112.83320033367137,1,True,530.0402869373391,0.7893317380598268,2069.9597130626607,20.09241860440346,2069.565047193631,2069.1703813246013,False,1310.0,0.7893317380598268,0.0,5.335074607445648e-97,0.5132628181562615,,,,1.8268505494680185e-97,-0.4626951447649219,False,GREEN,SBY_K033,GREEN
TRS_SBY_0116,SBY,-7.258291025881481,112.83045126789122,1,True,520.0000001063212,-6.372241267344197e-07,2309.9999998936787,20.09240749171853,2310.0000002122906,2310.000000530903,False,1760.0,-6.372241267344197e-07,0.0,1.0654145504253288e-120,0.7206493046613442,,,,3.6482210654362676e-121,-0.4626951447649219,False,GREEN,SBY_K033,GREEN
TRS_SBY_0117,SBY,-7.256961416410852,112.82820588136836,1,True,470.82152462814906,-1.843594264988698,2809.178475371851,20.09241860440346,2810.1002725043454,2811.0220696368397,False,2020.0,-1.843594264988698,0.0,1.5335521224168497e-178,0.6749905337559252,,,,5.251230289385619e-179,-0.4626951447649219,False,GREEN,SBY_K033,GREEN
TRS_SBY_0118,SBY,-7.255502525676628,112.82619628344251,1,True,461.34292358665743,-2.9246338688228875,3038.6570764133426,20.092407489403257,3040.119393347754,3041.5817102821657,True,2350.0,-2.9246338688228875,0.0,3.980828861089293e-209,0.6617435657886805,,,,0.0,-0.4626951447649219,False,GREEN,SBY_K033,GREEN
TRS_SBY_0119,SBY,-7.253500100831238,112.82488642753403,1,True,480.56956499902196,-9.13253386799586,2449.430435000978,20.09241860440346,2453.996701934976,2458.5629688689737,False,1230.0,-9.13253386799586,0.0,1.9610929932555699e-140,0.5828813422695134,,,,0.0,-0.4626951447649219,False,GREEN,SBY_K033,GREEN
TRS_SBY_0120,SBY,-7.251625164120864,112.82340408491352,1,True,469.8059474816641,-10.61720527923885,1840.1940525183359,20.09241860440346,1845.5026551579554,1850.8112577975749,False,400.0,-10.61720527923885,0.0,8.213988463182028e-82,0.6666607648725212,,,,1.676639182640682e-82,-0.4626951447649219,False,GREEN,SBY_K033,GREEN
TRS_SBY_0121,SBY,-7.249703359252219,112.82196357904564,1,True,509.68391590856686,-9.556998094424289,1650.3160840914331,20.092571929723363,1655.0945831386452,1659.8730821858574,False,360.0,-9.556998094424289,0.0,7.472460215368709e-66,0.7535214038401008,,,,0.0,-0.4626951447649219,False,GREEN,SBY_K033,GREEN
TRS_SBY_0122,SBY,-7.2479918062554045,112.82042213741802,1,True,499.33201841957606,-13.241458367803157,1660.6679815804239,20.09241860440346,1667.2887107643255,1673.9094399482271,False,150.0,-13.241458367803157,0.0,1.989825184754023e-68,0.5327549575070821,,,,0.0,-0.4626951447649219,False,GREEN,SBY_K033,GREEN
TRS_SBY_0123,SBY,-7.246657636531896,112.81853646173107,1,True,469.377553657063,-12.36618229724656,2240.622446342937,20.092407489403325,2246.8055374915602,2252.9886286401834,False,890.0,-12.36618229724656,0.0,6.30955493580411e-120,0.5927105547951745,,,,0.0,-0.4280663754015117,False,GREEN,SBY_K033,GREEN
TRS_SBY_0124,SBY,-7.24563740364105,112.81631418978154,1,True,469.2954270850335,-20.717678337848987,2340.7045729149663,20.092407489403257,2351.063412083891,2361.4222512528154,False,300.0,-20.717678337848987,0.0,7.240695088003827e-135,0.5276676109537299,,,,0.0,-0.4280663754015117,False,GREEN,SBY_K033,GREEN
TRS_SBY_0125,SBY,-7.244928319596855,112.81375830208448,1,True,470.76388307703627,-38.09908093603782,2249.236116922964,20.092560814356993,2268.2856573909826,2287.3351978590017,False,0.0,-38.09908093603782,0.0,1.3996501301414223e-133,0.46529745042492915,,,,0.0,-0.3904905275998828,False,GREEN,SBY_K033,GREEN
TRS_SBY_0126,SBY,-7.246688833670113,112.80855448504023,3,True,438.4554508781837,-31.10447736788622,951.5445491218163,20.092407489403257,967.0967878057595,982.6490264897025,False,570.0,-31.10447736788622,1.3211339120661896e-271,2.5102350914952766e-29,0.6012654689130759,,,,7.853342034975547e-29,-0.3489115494096489,False,GREEN,SBY_K033,GREEN
TRS_SBY_0127,SBY,-7.247732955662688,112.80411870381697,1,True,525.9914521952975,-4.177600472441809,404.0085478047025,20.092396603816535,406.0973480409234,408.1861482771443,False,0.0,-4.177600472441809,1.0447358811388e-48,8.835950263512283e-06,0.48937677053824363,,,,3.244541247891299e-05,-0.24629292151976265,False,YELLOW,SBY_K033,GREEN
TRS_SBY_0128,SBY,-7.245918588199393,112.80274786283488,1,False,,,,,,,,0.0,,,,,0.2520594735784609,False,lainnya,,,False,ABU,SBY_K034,ABU
TRS_SBY_0129,SBY,-7.244339838757357,112.80112438593311,1,False,,,,,,,,50.0,,,,,0.3412698412698412,False,lainnya,,,False,ABU,SBY_K034,ABU
TRS_SBY_0130,SBY,-7.242212374587873,112.80008927003763,1,False,,,,,,,,0.0,,,,,0.29455495278280086,False,lainnya,,,False,ABU,SBY_K034,ABU
TRS_SBY_0131,SBY,-7.24023365150933,112.79889467273709,3,False,,,,,,,,30.0,,,,,0.354530841872614,False,lainnya,,,False,ABU,SBY_K034,ABU
TRS_SBY_0132,SBY,-7.238885351742047,112.79702410565234,1,False,,,,,,,,0.0,,,,,0.3448864777978702,False,lainnya,,,False,ABU,SBY_K034,ABU
TRS_SBY_0133,SBY,-7.237036736303419,112.79569000786748,1,False,,,,,,,,0.0,,,,,0.33313240908177616,False,lainnya,,,False,ABU,SBY_K034,ABU
TRS_SBY_0134,SBY,-7.234187529813975,112.79542881141191,1,False,,,,,,,,0.0,,,,,0.24201326100060275,False,lainnya,,,False,ABU,SBY_K034,ABU
TRS_SBY_0135,SBY,-7.231864416945205,112.79460351248598,1,False,,,,,,,,10.0,,,,,0.26421539079766926,False,lainnya,,,False,ABU,SBY_K034,ABU
TRS_SBY_0136,SBY,-7.230422067544285,112.7928338089375,1,False,,,,,,,,10.0,,,,,0.24352019288728152,False,lainnya,,,False,ABU,SBY_K034,ABU
TRS_SBY_0137,SBY,-7.2282354742757695,112.79186213725971,1,False,,,,,,,,10.0,,,,,0.2750653003817561,False,lainnya,,,False,ABU,SBY_K034,ABU
TRS_SBY_0138,SBY,-7.2264927922098945,112.79042920069982,1,True,520.2282044377454,-0.6723340269321532,9.771795562254624,20.092489159247574,10.107962575720649,10.444129589186787,False,0.0,-0.6723340269321532,0.35429959435465896,0.44731913609095464,0.4133726934793239,,,,1.8615184811341003,,False,YELLOW,SBY_K034,ABU
TRS_SBY_0139,SBY,-7.225153832214029,112.78862048937667,1,False,,,,,,,,40.0,,,,,0.28571428571428575,False,lainnya,,,False,ABU,SBY_K034,ABU
TRS_SBY_0140,SBY,-7.222591980707954,112.78802559754524,1,False,,,,,,,,0.0,,,,,0.2164958810528431,False,lainnya,,,False,ABU,SBY_K034,ABU
TRS_SBY_0141,SBY,-7.219908726026549,112.78746402567148,1,False,,,,,,,,70.0,,,,,0.28350411894715694,False,lainnya,,,False,ABU,SBY_K034,ABU
TRS_SBY_0142,SBY,-7.218380559083902,112.78579149498191,1,False,,,,,,,,360.0,,,,,0.44690576652601965,False,lainnya,,,False,ABU,SBY_K034,ABU
TRS_SBY_0143,SBY,-7.216306968049289,112.78459097071325,1,False,,,,,,,,610.0,,,,,0.4920931366251972,False,lainnya,,,False,ABU,SBY_K034,ABU
TRS_SBY_0144,SBY,-7.214081840875299,112.78347945238734,1,False,,,,,,,,190.0,,,,,0.35037488235356323,False,lainnya,,,True,ABU,SBY_K034,ABU
TRS_SBY_0145,SBY,-7.211953304169758,112.7822500161136,1,False,,,,,,,,550.0,,,,,0.4353316163442746,False,lainnya,,,True,ABU,SBY_K034,ABU
TRS_SBY_0146,SBY,-7.210090174865985,112.78079198094461,1,False,,,,,,,,220.0,,,,,0.34076753064094834,False,lainnya,,,False,ABU,SBY_K034,ABU
TRS_SBY_0147,SBY,-7.208458980614221,112.77915921170703,1,False,,,,,,,,70.0,,,,,0.298372513562387,False,lainnya,,,False,ABU,SBY_K034,ABU
TRS_SBY_0148,SBY,-7.207786264355004,112.77690036963766,1,False,,,,,,,,130.0,,,,,0.31193490054249545,False,lainnya,,,False,ABU,SBY_K034,ABU
TRS_SBY_0149,SBY,-7.206757305205547,112.77493367959842,1,True,510.02818644168246,0.633328855704258,59.971813558317535,20.092397055291134,59.65514913046542,59.3384847026133,False,0.0,0.633328855704258,0.01677900872196458,0.2830307262607546,0.4589780523520868,,,,1.1533934092883775,3.3847393304897664,False,YELLOW,SBY_K034,ABU
TRS_SBY_0150,SBY,-7.203308924105772,112.77443005047024,1,True,530.0646820955186,1.2671794810592412,349.9353179044814,20.092930553763544,349.3017281639518,348.6681384234222,False,0.0,1.2671794810592412,4.329672782877637e-36,0.0002591194260762178,0.4562677053824363,,,,0.00097673037188692,2.6248845229983,False,YELLOW,SBY_K034,ABU
TRS_SBY_0151,SBY,-7.202048323179339,112.77259588913928,1,True,557.3677611512516,2.3241275034262494,872.6322388487484,20.09248915926352,871.4701750970353,870.3081113453222,False,710.0,2.3241275034262494,3.100791096452626e-213,1.937256100076122e-18,0.690637094521805,,,,7.0250704345842e-18,2.365809242942326,False,GREEN,SBY_K035,GREEN
TRS_SBY_0152,SBY,-7.200577320430015,112.77089856761843,1,True,510.0056861418032,0.07501694422363425,1249.9943138581968,20.092473640935676,1249.9568053860849,1249.919296913973,False,1140.0,0.07501694422363425,0.0,7.780075786020825e-37,0.675811341384623,,,,2.6223135191343636e-36,2.1527220774349347,False,GREEN,SBY_K035,GREEN
TRS_SBY_0153,SBY,-7.1991527485168,112.76919161078645,1,True,510.0491934185877,0.0031187241569972874,1349.9508065814123,20.092490324694023,1349.9492472193338,1349.9476878572552,False,1280.0,0.0031187241569972874,0.0,1.6899049487696497e-42,0.7016477071529745,,,,5.1570053386761553e-42,-0.492755842085559,False,GREEN,SBY_K035,GREEN
TRS_SBY_0154,SBY,-7.1980059771431755,112.76737360033542,1,True,510.0011093574238,7.030004717020185e-05,799.9988906425763,20.092489159247574,799.9988554925526,799.998820342529,False,720.0,7.030004717020185e-05,1.5249751950827174e-180,3.597566189003004e-16,0.794676581680831,,,,9.622990000196356e-16,-0.5232854957715827,False,GREEN,SBY_K035,GREEN
TRS_SBY_0155,SBY,-7.196715112125224,112.76564903637914,1,True,509.99994530592204,-0.0010715814131151296,1630.000054694078,20.092396835403605,1630.0005904847844,1630.001126275491,False,1550.0,-0.0010715814131151296,0.0,3.1751496595355564e-61,0.817146806177465,,,,7.709176734974726e-61,-0.49499611726950177,False,GREEN,SBY_K035,GREEN
TRS_SBY_0156,SBY,-7.195819774661124,112.76378717793865,1,True,519.9409962899656,-0.988486638033008,1650.0590037100344,21.345889431186464,1650.553247029051,1651.0474903480674,False,1550.0,-0.988486638033008,0.0,1.0679564657683204e-62,0.7842410673489902,,,,2.167726789523338e-62,-0.49499611726950177,False,GREEN,SBY_K035,GREEN
TRS_SBY_0157,SBY,-7.195754388707883,112.76159053446804,1,True,520.387589170558,-0.03399083366005587,1629.612410829442,20.092396603800584,1629.629406246272,1629.646401663102,False,1480.0,-0.03399083366005587,0.0,3.295614515651873e-61,0.7608146390016078,,,,5.042948337244192e-61,-0.49499611726950177,False,GREEN,SBY_K035,GREEN
TRS_SBY_0158,SBY,-7.196097525780486,112.75924589070468,1,True,530.1822655970576,0.6253436832234309,1749.8177344029423,30.06332391406472,1749.5050625613308,1749.192390719719,False,1620.0,0.6253436832234309,0.0,2.2165967576854185e-66,0.7488983317595216,,,,2.625983184407989e-66,-0.49499611726950177,False,GREEN,SBY_K035,GREEN
TRS_SBY_0159,SBY,-7.198239000866587,112.75639801335349,1,True,519.9381502180009,-1.2718089380233006,1610.0618497819992,20.092489159247574,1610.6977542510108,1611.3336587200224,False,660.0,-1.2718089380233006,0.0,4.9394244815231016e-60,0.713162073997768,,,,9.238718840071643e-60,-0.46269514476219076,False,GREEN,SBY_K035,GREEN
TRS_SBY_0160,SBY,-7.199552120931927,112.75395322151586,1,True,463.0071073916916,-2.5652501919701063,1616.9928926083085,20.092489159247638,1618.2755177042934,1619.5581428002786,False,1400.0,-2.5652501919701063,0.0,5.3669929420817125e-61,0.6519981788749494,,,,1.6332437899752644e-60,-0.46269514476218604,False,GREEN,SBY_K035,GREEN
TRS_SBY_0161,SBY,-7.199766397234224,112.75183672180334,1,True,479.93684731992624,-1.9059044745237548,1550.0631526800737,20.093025049739065,1551.0161049173357,1551.9690571545975,False,1390.0,-1.9059044745237548,0.0,4.9776071549920885e-56,0.6858351845435833,,,,1.689424119720837e-55,-0.4626951250514853,False,GREEN,SBY_K035,GREEN
TRS_SBY_0162,SBY,-7.19918431828001,112.74983567142853,1,True,509.9724361001493,-0.6356827311928561,710.0275638998507,20.092500274442813,710.3454052654472,710.6632466310435,False,530.0,-0.6356827311928561,5.767320867086343e-143,3.193673970036336e-13,0.5965678283179219,,,,1.114646268741262e-12,-0.42806635412378125,False,GREEN,SBY_K035,GREEN
TRS_SBY_0163,SBY,-7.194560076795098,112.74805638721092,1,True,886.1491062676006,-1.9258484415328576,783.8508937323994,20.092489416505302,784.8138179531659,785.7767421739322,False,780.0,-1.9258484415328576,2.9046248610518936e-174,6.151133502477723e-16,0.5465651558073654,,,,1.9092121391525766e-15,-0.3904905043079281,False,GREEN,SBY_K035,GREEN
TRS_SBY_0164,SBY,-7.1945968263061,112.74566525326767,1,True,930.0030243493153,-0.000764007711317234,579.9969756506847,20.092489159247574,579.9973576545403,579.997739658396,False,0.0,-0.000764007711317234,5.531445591436869e-96,2.4769874014214447e-09,0.5152266288951841,,,,8.04433765490527e-09,-0.3490164665448485,False,GREEN,SBY_K035,GREEN
TRS_SBY_0165,SBY,-7.194706293922314,112.743263856058,3,False,,,,,,,,0.0,,,,,0.3448864777978702,False,lainnya,,,False,ABU,SBY_K036,ABU
TRS_SBY_0166,SBY,-7.195121285862319,112.74088791886909,3,False,,,,,,,,0.0,,,,,0.3448864777978702,False,lainnya,,,False,ABU,SBY_K036,ABU
TRS_SBY_0167,SBY,-7.198794249954129,112.73906647603812,3,False,,,,,,,,590.0,,,,,0.4985884219954162,False,lainnya,,,False,ABU,SBY_K036,ABU
TRS_SBY_0168,SBY,-7.195856454032818,112.73621105605085,5,False,,,,,,,,550.0,,,,,0.47347799879445446,False,lainnya,,,False,ABU,SBY_K036,ABU
TRS_SBY_0169,SBY,-7.196260267913913,112.73392429651355,1,False,,,,,,,,0.0,,,,,0.3221820373719108,False,lainnya,,,False,ABU,SBY_K036,ABU
TRS_SBY_0170,SBY,-7.196652833983796,112.73167670518384,1,False,,,,,,,,0.0,,,,,0.24804098854731768,False,lainnya,,,False,ABU,SBY_K036,ABU
TRS_SBY_0171,SBY,-7.197034069342683,112.72949363072311,5,False,,,,,,,,140.0,,,,,0.38135422945549524,False,lainnya,,,False,ABU,SBY_K036,ABU
TRS_SBY_0172,SBY,-7.1974142439088356,112.72731657018088,3,False,,,,,,,,1140.0,,,,,0.7218150862388036,True,kandidat restorasi baru,,,False,ABU,SBY_K036,ABU
TRS_SBY_0173,SBY,-7.197793394202484,112.72514531491065,3,False,,,,,,,,1310.0,,,,,0.649637952903969,True,kandidat restorasi baru,,,False,ABU,SBY_K036,ABU
TRS_SBY_0174,SBY,-7.203087716321327,112.72486457836212,1,False,,,,,,,,790.0,,,,,0.3798472975688165,False,lainnya,,,False,ABU,SBY_K036,ABU
TRS_SBY_0175,SBY,-7.2023487739712335,112.72222579113247,1,False,,,,,,,,530.0,,,,,0.3534257584890496,False,lainnya,,,False,ABU,SBY_K036,ABU
TRS_SBY_0176,SBY,-7.198934597446474,112.718647409101,1,False,,,,,,,,70.0,,,,,0.21569218404661442,False,lainnya,,,False,ABU,SBY_K036,ABU
TRS_SBY_0177,SBY,-7.199686877016738,112.71727302036969,5,False,,,,,,,,1280.0,,,,,0.3559435905163753,False,lainnya,,,False,ABU,SBY_K036,ABU
TRS_SBY_0178,SBY,-7.206970647046805,112.71820468214062,1,False,,,,,,,,0.0,,,,,0.20805706248744218,False,lainnya,,,False,ABU,SBY_K036,ABU
TRS_SBY_0179,SBY,-7.207333003582982,112.71677852140357,1,False,,,,,,,,0.0,,,,,0.2520594735784609,False,lainnya,,,True,ABU,SBY_K036,ABU
TRS_SBY_0180,SBY,-7.207545743579597,112.71534883566866,1,False,,,,,,,,0.0,,,,,0.2520594735784609,False,lainnya,,,True,ABU,SBY_K036,ABU
TRS_SBY_0181,SBY,-7.20716155943803,112.71378821928877,3,False,,,,,,,,1100.0,,,,,0.4951778179626281,False,lainnya,,,True,ABU,SBY_K036,ABU
TRS_SBY_0182,SBY,-7.208038953494437,112.71264930701193,3,False,,,,,,,,930.0,,,,,0.5673355499815279,False,lainnya,,,True,ABU,SBY_K036,ABU
TRS_SBY_0183,SBY,-7.2161105128744065,112.71350427197207,1,False,,,,,,,,0.0,,,,,0.3469961824392204,False,lainnya,,,True,ABU,SBY_K036,ABU
TRS_SBY_0184,SBY,-7.216871136176395,112.71230688210241,1,False,,,,,,,,100.0,,,,,0.4467349809121961,False,lainnya,,,True,ABU,SBY_K036,ABU
TRS_SBY_0185,SBY,-7.217272806737984,112.71105416214102,1,False,,,,,,,,140.0,,,,,0.4165159734779988,False,lainnya,,,True,ABU,SBY_K036,ABU
TRS_SBY_0186,SBY,-7.217585670406231,112.70982337332339,3,False,,,,,,,,390.0,,,,,0.4236487844082781,False,lainnya,,,True,ABU,SBY_K036,ABU
TRS_SBY_0187,SBY,-7.22161023860441,112.7094647574463,1,False,,,,,,,,0.0,,,,,0.15270243118344387,False,lainnya,,,True,ABU,SBY_K036,ABU
TRS_SBY_0188,SBY,-7.223296301907248,112.70844594147584,1,False,,,,,,,,160.0,,,,,0.20644966847498494,False,lainnya,,,True,ABU,SBY_K036,ABU
TRS_SBY_0189,SBY,-7.222577953627233,112.70628074386337,1,False,,,,,,,,240.0,,,,,0.3175356640546514,False,lainnya,,,True,ABU,SBY_K036,ABU
TRS_SBY_0190,SBY,-7.220790472473789,112.70391887846941,1,False,,,,,,,,0.0,,,,,0.13311231665662046,False,lainnya,,,True,ABU,SBY_K036,ABU
TRS_SBY_0191,SBY,-7.220432605989889,112.70183105894166,1,False,,,,,,,,100.0,,,,,0.20514366083986335,False,lainnya,,,True,ABU,SBY_K036,ABU
TRS_SBY_0192,SBY,-7.221406929326685,112.69994701258075,1,False,,,,,,,,0.0,,,,,0.20805706248744218,False,lainnya,,,True,ABU,SBY_K036,ABU
TRS_SBY_0193,SBY,-7.222162754668477,112.69796736073442,1,False,,,,,,,,0.0,,,,,0.20624874422342776,False,lainnya,,,True,ABU,SBY_K036,ABU
TRS_SBY_0194,SBY,-7.2231374499146375,112.69591960197843,1,False,,,,,,,,110.0,,,,,0.20012055455093428,False,lainnya,,,True,ABU,SBY_K036,ABU
TRS_SBY_0195,SBY,-7.223281425171345,112.69352548446163,1,False,,,,,,,,0.0,,,,,0.1231665662045409,False,amblesan >= 1 cm/th (restorasi biasa tidak layak),,,True,ABU,SBY_K036,ABU
TRS_SBY_0196,SBY,-7.223666060926512,112.6909568865089,1,False,,,,,,,,590.0,,,,,0.35917934362474163,False,amblesan >= 1 cm/th (restorasi biasa tidak layak),,,True,ABU,SBY_K036,ABU
TRS_SBY_0197,SBY,-7.224041579275189,112.68818555454972,1,False,,,,,,,,490.0,,,,,0.3939119951778179,False,amblesan >= 1 cm/th (restorasi biasa tidak layak),,,True,ABU,SBY_K036,ABU
TRS_SBY_0198,SBY,-7.225512325673497,112.68496226144487,1,False,,,,,,,,0.0,,,,,0.11533052039381154,False,amblesan >= 1 cm/th (restorasi biasa tidak layak),,,True,ABU,SBY_K036,ABU
TRS_SBY_0199,SBY,-7.22420281907518,112.68211663561499,1,False,,,,,,,,40.0,,,,,0.16335141651597349,False,amblesan >= 1 cm/th (restorasi biasa tidak layak),,,True,ABU,SBY_K036,ABU
TRS_SBY_0200,SBY,-7.200844362051219,112.68828219921782,3,False,,,,,,,,2460.0,,,,,0.49312447012354393,False,lainnya,,,False,ABU,SBY_K037,ABU
TRS_SBY_0201,SBY,-7.200258579358686,112.68767008039481,3,False,,,,,,,,2990.0,,,,,0.5844059933217886,False,lainnya,,,False,ABU,SBY_K037,ABU
TRS_SBY_0202,SBY,-7.1997447262587535,112.68713312735107,3,False,,,,,,,,2970.0,,,,,0.5526441834458712,False,lainnya,,,False,ABU,SBY_K037,ABU
TRS_SBY_0203,SBY,-7.19929637394956,112.68666462141093,3,False,,,,,,,,2990.0,,,,,0.5297794604343862,False,lainnya,,,False,ABU,SBY_K037,ABU
TRS_SBY_0204,SBY,-7.218146874357603,112.66844919192056,1,True,448.9879534825683,-20.606504344884392,821.0120465174317,20.092489159247606,831.3152986898739,841.6185508623162,False,710.0,-20.606504344884392,1.455273743636017e-199,5.925570480621552e-21,0.4405473207517057,,,,1.987591674774211e-20,-0.39049052655880306,True,YELLOW,SBY_K038,YELLOW
TRS_SBY_0205,SBY,-7.216128597074835,112.6667768166882,1,True,479.90660923740586,-1.9077405985540623,730.0933907625941,20.093023136514777,731.0472610618712,732.0011313611483,False,0.0,-1.9077405985540623,1.5575710175483704e-151,4.378336633834765e-14,0.35286827195467424,,,,1.3156000130645842e-13,-0.39049052655880306,True,YELLOW,SBY_K038,YELLOW
TRS_SBY_0206,SBY,-7.214290583099298,112.66527132553433,1,True,479.9475443887208,-1.2712492227932453,620.0524556112791,20.092489162736726,620.6880802226758,621.3237048340725,False,540.0,-1.2712492227932453,8.098221443052755e-110,1.3361559649894926e-10,0.47725186234393036,,,,3.594758342084399e-10,-0.39049052655880306,True,YELLOW,SBY_K038,YELLOW
TRS_SBY_0207,SBY,-7.212513621652098,112.66408498424306,1,True,509.9617753919463,-0.7701409784394584,1190.0382246080537,20.092396603800584,1190.4232950972735,1190.8083655864932,False,1010.0,-0.7701409784394584,0.0,8.48032869364372e-34,0.5653381202142878,,,,2.133992582455391e-33,-0.39049052655880306,True,YELLOW,SBY_K038,YELLOW
TRS_SBY_0208,SBY,-7.210777484908923,112.66328754664265,1,True,479.9579203189226,-1.2742458645204835,1190.0420796810774,20.092396603800584,1190.6792026133376,1191.316325545598,False,1030.0,-1.2742458645204835,0.0,6.2199249950411345e-34,0.5822818971918919,,,,1.6514164221738477e-33,-0.4280663744504617,True,YELLOW,SBY_K038,YELLOW
TRS_SBY_0209,SBY,-7.20468886520077,112.67006367583912,3,True,1269.917951615204,-1.6924087276939175,1290.082048384796,20.092396603800584,1290.928252748643,1291.77445711249,False,1090.0,-1.6924087276939175,0.0,1.2931892158398974e-39,0.5227002494997011,,,,3.095799295235475e-39,-0.34901649256749107,True,YELLOW,SBY_K039,YELLOW
TRS_SBY_0210,SBY,-7.203440063579587,112.66938888437527,3,True,1359.6570357910182,-6.719478860680265,1000.3429642089818,20.09239660380059,1003.702703639322,1007.0624430696621,False,150.0,-6.719478860680265,3.313137196212643e-285,7.706660238046991e-26,0.5085221907459867,,,,1.9060072867709933e-25,-0.34901649256749107,True,YELLOW,SBY_K039,YELLOW
TRS_SBY_0211,SBY,-7.198711882331929,112.6760235269616,6,False,,,,,,,,750.0,,,,,0.4931203536266828,False,lainnya,,,False,ABU,SBY_K039,YELLOW
TRS_SBY_0212,SBY,-7.198561043773292,112.67439561414206,6,False,,,,,,,,2700.0,,,,,0.6386801509164378,True,kandidat restorasi baru,,,False,ABU,SBY_K039,YELLOW
TRS_SBY_0213,SBY,-7.202859780389794,112.66256168567314,1,True,469.9073307777975,-1.9005096580544594,1180.0926692222024,20.092396603800584,1181.0429240512299,1181.993178880257,False,790.0,-1.9005096580544594,0.0,1.4346828599601793e-33,0.630674687130204,,,,3.9627060897706015e-33,-0.3904905275998828,True,YELLOW,SBY_K040,YELLOW
TRS_SBY_0214,SBY,-7.200754741803343,112.6638815238845,1,True,369.81031299114323,-3.8012939479883956,1690.1896870088567,20.09239660380059,1692.090333982851,1693.990980956845,False,970.0,-3.8012939479883956,0.0,4.179129873077196e-67,0.573367819280979,,,,1.154245513682676e-66,-0.3904905275998828,True,YELLOW,SBY_K040,YELLOW
TRS_SBY_0215,SBY,-7.192767475606005,112.68011081599907,3,False,,,,,,,,0.0,,,,,0.1920835844886478,False,lainnya,,,False,ABU,SBY_K041,ABU
TRS_SBY_0216,SBY,-7.191911694910727,112.6792451100104,3,False,,,,,,,,200.0,,,,,0.25236085995579666,False,lainnya,,,False,ABU,SBY_K041,ABU
TRS_SBY_0217,SBY,-7.190989372811887,112.67821439099187,3,False,,,,,,,,2320.0,,,,,0.5083409545980476,False,lainnya,,,False,ABU,SBY_K041,ABU
TRS_SBY_0218,SBY,-7.193388869602102,112.66625784724314,1,True,469.9646671019512,-0.6922529479248973,1420.0353328980489,20.092396603800584,1420.3814593720112,1420.7275858459736,False,1190.0,-0.6922529479248973,0.0,3.4238880219722978e-47,0.5462973432999262,,,,1.1451161028432229e-46,0.9473959105704947,False,GREEN,SBY_K042,ABU
TRS_SBY_0219,SBY,-7.191760273280106,112.66591931325809,1,True,389.76389090462834,-5.075767036540035,1400.2361090953716,20.092396603800584,1402.7739926136417,1405.3118761319117,False,860.0,-5.075767036540035,0.0,2.5126207647656316e-47,0.609999835298768,,,,8.680446883088898e-47,1.1938609252753978,False,GREEN,SBY_K042,ABU
TRS_SBY_0220,SBY,-7.1900715205457715,112.66556641468965,1,True,510.0186771896067,-0.016191451989185528,119.9813228103933,20.09239663771691,119.98941853638786,119.99751426238248,False,0.0,-0.016191451989185528,8.617622216086025e-06,0.1125826954872442,0.5092046444613015,,,,0.4008135073070486,1.1938609252753978,False,YELLOW,SBY_K042,ABU
TRS_SBY_0221,SBY,-7.187983901551121,112.66659365438461,1,False,,,,,,,,350.0,,,,,0.572875226039783,False,lainnya,,,False,ABU,SBY_K042,ABU
TRS_SBY_0222,SBY,-7.1860355387997625,112.66700873356072,1,False,,,,,,,,190.0,,,,,0.43510146674703637,False,lainnya,,,False,ABU,SBY_K042,ABU
TRS_SBY_0223,SBY,-7.18443011834307,112.6656203448435,1,False,,,,,,,,0.0,,,,,0.3548322282499498,False,lainnya,,,False,ABU,SBY_K042,ABU
TRS_SBY_0224,SBY,-7.180514709248596,112.67633942735885,3,False,,,,,,,,70.0,,,,,0.3065099457504521,False,lainnya,,,False,ABU,SBY_K043,ABU
TRS_SBY_0225,SBY,-7.178746981942393,112.67624484004192,1,False,,,,,,,,160.0,,,,,0.4113672895318465,False,lainnya,,,False,ABU,SBY_K043,ABU
TRS_SBY_0226,SBY,-7.176842716992112,112.67527382226923,1,False,,,,,,,,0.0,,,,,0.3221820373719108,False,lainnya,,,False,ABU,SBY_K043,ABU
TRS_SBY_0227,SBY,-7.1748568792025695,112.67428613561141,1,False,,,,,,,,370.0,,,,,0.44484629294755873,False,lainnya,,,False,ABU,SBY_K043,ABU
TRS_SBY_0228,SBY,-7.173164933080223,112.67068953558491,1,False,,,,,,,,170.0,,,,,0.4298774362065501,False,lainnya,,,False,ABU,SBY_K043,ABU
TRS_SBY_0229,SBY,-7.171154931568628,112.67018721659049,1,False,,,,,,,,330.0,,,,,0.46232670283303196,False,lainnya,,,False,ABU,SBY_K043,ABU
TRS_SBY_0230,SBY,-7.168810293727308,112.67187564458426,3,False,,,,,,,,1090.0,,,,,0.6947739417835807,True,kandidat restorasi baru,,,False,ABU,SBY_K043,ABU
TRS_SBY_0231,SBY,-7.167354976755516,112.667854610151,1,False,,,,,,,,0.0,,,,,0.35362668274060677,False,lainnya,,,False,ABU,SBY_K043,ABU
TRS_SBY_0232,SBY,-7.165093043446817,112.66837969356258,1,False,,,,,,,,240.0,,,,,0.6826652601969058,True,kandidat restorasi baru,,,False,ABU,SBY_K043,ABU
TRS_SBY_0233,SBY,-7.162835666466991,112.6684572479307,3,False,,,,,,,,200.0,,,,,0.43962226240707253,False,lainnya,,,False,ABU,SBY_K043,ABU
TRS_SBY_0234,SBY,-7.160930504471994,112.66698659873315,1,False,,,,,,,,330.0,,,,,0.5406232304966482,False,lainnya,,,False,ABU,SBY_K043,ABU
TRS_SBY_0235,SBY,-7.159866606778479,112.66334788385916,1,False,,,,,,,,0.0,,,,,0.35161744022503516,False,lainnya,,,False,ABU,SBY_K043,ABU
TRS_SBY_0236,SBY,-7.158247425346424,112.66172690733465,1,False,,,,,,,,0.0,,,,,0.35011050833835644,False,lainnya,,,False,ABU,SBY_K043,ABU
TRS_SBY_0237,SBY,-7.155268084584649,112.66297360027043,3,False,,,,,,,,20.0,,,,,0.36849507735583686,False,lainnya,,,False,ABU,SBY_K043,ABU
TRS_SBY_0238,SBY,-7.15318819622932,112.66207632061368,1,False,,,,,,,,30.0,,,,,0.3615631906771147,False,lainnya,,,False,ABU,SBY_K043,ABU
TRS_SBY_0239,SBY,-7.151704854887204,112.66021257090439,1,False,,,,,,,,60.0,,,,,0.3763311231665662,False,lainnya,,,False,ABU,SBY_K043,ABU
TRS_SBY_0240,SBY,-7.149512140452281,112.65948398726657,1,False,,,,,,,,0.0,,,,,0.30972473377536663,False,lainnya,,,False,ABU,SBY_K043,ABU
TRS_SBY_0241,SBY,-7.147847940303246,112.65803554799129,1,False,,,,,,,,120.0,,,,,0.3451878641752059,False,lainnya,,,False,ABU,SBY_K043,ABU
TRS_SBY_0242,SBY,-7.146129164399526,112.65671888828606,1,False,,,,,,,,180.0,,,,,0.6472439890161409,False,lainnya,,,False,ABU,SBY_K043,ABU
TRS_SBY_0243,SBY,-7.14390860757568,112.6559158817737,1,False,,,,,,,,360.0,,,,,0.4882794186591655,False,lainnya,,,False,ABU,SBY_K043,ABU
TRS_SBY_0244,SBY,-7.14285266423254,112.65383367203722,1,False,,,,,,,,240.0,,,,,0.35925256178420734,False,lainnya,,,False,ABU,SBY_K043,ABU
TRS_SBY_0245,SBY,-7.141765882439427,112.65169068441293,1,False,,,,,,,,520.0,,,,,0.3957203134418324,False,lainnya,,,False,ABU,SBY_K043,ABU
TRS_SBY_0246,SBY,-7.139904143903284,112.65032897011393,3,False,,,,,,,,170.0,,,,,0.4756113415830467,False,lainnya,,,False,ABU,SBY_K043,ABU
TRS_SBY_0247,SBY,-7.137085042242506,112.65008938376079,1,False,,,,,,,,400.0,,,,,0.39300281293952183,False,lainnya,,,False,ABU,SBY_K043,ABU
TRS_SBY_0248,SBY,-7.134988366314312,112.64902024839644,1,False,,,,,,,,1720.0,,,,,0.43801486839461523,False,lainnya,,,False,ABU,SBY_K043,ABU
TRS_SBY_0249,SBY,-7.131817879093373,112.6494310224096,1,False,,,,,,,,1880.0,,,,,0.43388523377750426,False,lainnya,,,False,ABU,SBY_K043,ABU
TRS_SBY_0250,SBY,-7.1297055968542296,112.6485051033303,1,False,,,,,,,,1600.0,,,,,0.5116774663451878,False,lainnya,,,False,ABU,SBY_K043,ABU
TRS_SBY_0251,SBY,-7.129325877798603,112.64532924069935,1,False,,,,,,,,1260.0,,,,,0.387181032750653,False,lainnya,,,False,ABU,SBY_K043,ABU
TRS_SBY_0252,SBY,-7.132209169716501,112.6376462416069,1,False,,,,,,,,1720.0,,,,,0.45384816668302097,False,lainnya,,,False,ABU,SBY_K043,ABU
TRS_SBY_0253,SBY,-7.134544781234474,112.63054826783966,1,False,,,,,,,,1010.0,,,,,0.6304077966567001,True,kandidat restorasi baru,,,False,ABU,SBY_K043,ABU
TRS_SBY_0254,SBY,-7.124906972270153,112.64673224394329,3,False,,,,,,,,2990.0,,,,,0.6099899000284251,True,kandidat restorasi baru,,,False,ABU,SBY_K044,ABU
TRS_SBY_0255,SBY,-7.123394470966052,112.6466810057867,3,False,,,,,,,,30.0,,,,,0.19720715290335544,False,lainnya,,,False,ABU,SBY_K044,ABU
TRS_SBY_0256,SBY,-7.12178016911146,112.64645349282824,3,False,,,,,,,,70.0,,,,,0.5972473377536668,False,lainnya,,,False,ABU,SBY_K044,ABU
TRS_SBY_0257,SBY,-7.121578111571672,112.64385817662844,3,False,,,,,,,,2990.0,,,,,0.6399343333850763,True,kandidat restorasi baru,,,False,ABU,SBY_K044,ABU
TRS_SBY_0258,SBY,-7.121462410949319,112.64114946332697,3,False,,,,,,,,360.0,,,,,0.594400910856607,False,lainnya,,,False,ABU,SBY_K044,ABU
TRS_SBY_0259,SBY,-7.1204733151875415,112.63956133981006,5,False,,,,,,,,290.0,,,,,0.4638197778747757,False,lainnya,,,False,ABU,SBY_K044,ABU
TRS_SBY_0260,SBY,-7.1205676956125314,112.63656694046402,5,False,,,,,,,,190.0,,,,,0.38701183338092066,False,lainnya,,,False,ABU,SBY_K044,ABU
TRS_SBY_0261,SBY,-7.123436323001631,112.64695102938892,3,False,,,,,,,,2990.0,,,,,0.6133343816337762,True,kandidat restorasi baru,,,False,ABU,SBY_K045,ABU
TRS_SBY_0262,SBY,-7.112068103142662,112.62297225163562,1,False,,,,,,,,50.0,,,,,0.17379947759694594,False,lainnya,,,False,ABU,SBY_K046,ABU
TRS_SBY_0263,SBY,-7.097932285198526,112.63947995444863,5,False,,,,,,,,2990.0,,,,,0.42130287617354206,False,lainnya,,,False,ABU,SBY_K047,ABU
TRS_SBY_0264,SBY,-7.111579347803132,112.63291360963488,3,False,,,,,,,,1250.0,,,,,0.439493670886076,False,lainnya,,,False,ABU,SBY_K048,ABU
TRS_SBY_0265,SBY,-7.109361613106817,112.63644346463437,5,False,,,,,,,,1590.0,,,,,0.3468767651953704,False,lainnya,,,False,ABU,SBY_K048,ABU
TRS_SBY_0266,SBY,-7.10240554528845,112.62638794897636,1,False,,,,,,,,2990.0,,,,,0.5498708776089073,False,lainnya,,,False,ABU,SBY_K049,ABU
TRS_SBY_0267,SBY,-7.100187247818446,112.62714337622948,1,False,,,,,,,,860.0,,,,,0.4104905822597904,False,lainnya,,,False,ABU,SBY_K049,ABU
TRS_SBY_0268,SBY,-7.097024240294853,112.63442541916984,1,True,518.0309702295609,-38.65521222828861,2981.969029770439,20.092428300103187,3001.2966358845833,3020.6242419987275,True,2620.0,-38.65521222828861,0.0,4.5637194784500186e-226,0.549716984192202,,,,6.223142553681575e-226,-0.24644112259437068,False,GREEN,SBY_K049,ABU
TRS_SBY_0269,SBY,-7.094749453213765,112.63450367383608,1,True,735.245611543489,-14.034531062397662,944.754388456511,20.271329365121435,951.7716539877099,958.7889195189088,False,810.0,-14.034531062397662,2.1939945730955764e-256,5.983526066821818e-25,0.4704975868219494,,,,8.87281274132446e-25,-0.24644112259437068,False,GREEN,SBY_K049,ABU
TRS_SBY_0270,SBY,-7.09246157926561,112.64049450160165,3,False,,,,,,,,2990.0,,,,,0.5220391728371915,False,lainnya,,,False,ABU,SBY_K049,ABU
TRS_SBY_0271,SBY,-7.090927616556935,112.64295800781613,3,False,,,,,,,,40.0,,,,,0.16676712879244526,False,lainnya,,,False,ABU,SBY_K049,ABU
TRS_SBY_0272,SBY,-7.089521837496796,112.64521562503157,3,False,,,,,,,,1850.0,,,,,0.4531368619976215,False,lainnya,,,False,ABU,SBY_K049,ABU
TRS_SBY_0273,SBY,-7.088202859448509,112.64733381836545,3,False,,,,,,,,1810.0,,,,,0.4140965568687787,False,lainnya,,,False,ABU,SBY_K049,ABU
TRS_SBY_0274,SBY,-7.0856369742268654,112.63488722776424,2,True,904.0307720334388,46.98031243573156,665.9692279665612,20.092407723350515,642.4790717486954,618.9889155308297,False,510.0,46.98031243573156,3.3058243795510316e-109,6.659917594147573e-06,0.44262067433205576,,,,1.9920138371250753e-05,,False,GREEN,SBY_K050,GREEN
TRS_SBY_0275,SBY,-7.085368650463295,112.64852437417123,3,False,,,,,,,,1490.0,,,,,0.4628006952788195,False,lainnya,,,False,ABU,SBY_K051,ABU
TRS_SBY_0276,SBY,-7.08376443994582,112.6485225736305,3,False,,,,,,,,1810.0,,,,,0.3956797955678996,False,lainnya,,,False,ABU,SBY_K051,ABU
TRS_SBY_0277,SBY,-7.082068330047414,112.64852067135362,3,False,,,,,,,,1800.0,,,,,0.4521699819168174,False,amblesan >= 1 cm/th (restorasi biasa tidak layak),,,False,ABU,SBY_K051,ABU
TRS_SBY_0278,SBY,-7.0773513524319025,112.6361647777006,1,False,,,,,,,,820.0,,,,,0.4496145684784154,False,amblesan >= 1 cm/th (restorasi biasa tidak layak),,,False,ABU,SBY_K052,GREEN
TRS_SBY_0279,SBY,-7.075203960588331,112.63649587950901,1,True,520.0,0.0,1400.0,20.11873916784339,1400.0,1400.0,False,960.0,0.0,0.0,1.247449008266019e-44,0.46312116383380547,,,,3.7855442586730957e-44,-0.34901649256749107,False,GREEN,SBY_K052,GREEN
TRS_SBY_0280,SBY,-7.073032539527356,112.63683068552858,1,False,,,,,,,,2990.0,,,,,0.6762969190046789,True,kandidat restorasi baru,,,False,ABU,SBY_K052,GREEN
TRS_SBY_0281,SBY,-7.070857035699443,112.63741573092211,1,True,521.8965866971984,-37.28244097233482,2978.1034133028015,37.54105538243278,2996.744633788969,3015.3858542751364,True,2930.0,-37.28244097233482,0.0,2.3126108555628796e-201,0.7110958967020855,,,,6.401412798388638e-201,-0.3904905275998828,False,GREEN,SBY_K052,GREEN
TRS_SBY_0282,SBY,-7.06869845247085,112.63808802982936,1,True,649.8204255562465,-4.433149627585238,2850.1795744437536,20.09613432311289,2852.3961492575463,2854.6127240713386,True,2520.0,-4.433149627585238,0.0,2.0013901400805456e-185,0.6599835873915194,,,,4.6963591482991327e-185,-0.4280663754015117,False,GREEN,SBY_K052,GREEN
TRS_SBY_0283,SBY,-7.066577364855072,112.63888472517908,1,True,1045.9103533934847,33.8452712759311,2454.089646606515,75.21146960971338,2437.1670109685497,2420.2443753305843,True,2480.0,33.8452712759311,9.737306674139945e-213,3.5701286345793437e-75,0.6689493283377501,,,,7.249502212759495e-75,-0.4280663754015117,False,GREEN,SBY_K052,GREEN
TRS_SBY_0284,SBY,-7.064485149106565,112.63977720461426,1,True,830.1579638731257,17.900215037370472,2669.8420361268745,67.93757617908815,2660.891928608189,2651.9418210895037,True,2590.0,17.900215037370472,1.23212964109283e-307,1.189928685863779e-102,0.6544627134216369,,,,1.583097512976474e-102,-0.4280663754015117,False,GREEN,SBY_K052,GREEN
TRS_SBY_0285,SBY,-7.062392933319016,112.64066967779671,1,True,500.0,0.0,3000.0,232.72157183359627,3000.0,3000.0,True,2990.0,0.0,6.099813809598146e-38,1.0788714251475222e-30,0.7321726339924394,,,,2.202192165890851e-31,-0.3904905275998828,False,GREEN,SBY_K052,GREEN
TRS_SBY_0286,SBY,-7.060399654458079,112.64189039329166,1,False,,,,,,,,2990.0,,,,,0.5932127250234019,False,lainnya,,,False,ABU,SBY_K052,GREEN
TRS_SBY_0287,SBY,-7.059277134438115,112.64614663596123,3,True,1496.1892872627425,-0.24152668737964172,2003.8107127372575,20.09250221477012,2003.9314760809473,2004.0522394246373,True,1840.0,-0.24152668737964172,0.0,3.393483539638256e-91,0.6697330336248306,,,,9.019593981374646e-91,-0.3020420957639734,False,GREEN,SBY_K053,ABU
TRS_SBY_0288,SBY,-7.05764430337513,112.64958857166117,1,False,,,,,,,,2990.0,,,,,0.7051177893225224,True,kandidat restorasi baru,,,False,ABU,SBY_K053,ABU
TRS_SBY_0289,SBY,-7.055236544360131,112.65047275339714,1,False,,,,,,,,2990.0,,,,,0.7463663957885203,True,kandidat restorasi baru,,,False,ABU,SBY_K053,ABU
TRS_SBY_0290,SBY,-7.052567048686649,112.65019334850533,1,False,,,,,,,,160.0,,,,,0.33594534860357644,False,lainnya,,,False,ABU,SBY_K053,ABU
TRS_SBY_0291,SBY,-7.05026736196394,112.6517136599123,1,False,,,,,,,,270.0,,,,,0.6162011921505592,True,kandidat restorasi baru,,,False,ABU,SBY_K053,ABU
TRS_SBY_0292,SBY,-7.047785351678293,112.65239760659014,1,False,,,,,,,,330.0,,,,,0.46277421593877294,False,lainnya,,,False,ABU,SBY_K053,ABU
TRS_SBY_0293,SBY,-7.045144722455144,112.65177634420326,1,False,,,,,,,,1400.0,,,,,0.4502210166767129,False,lainnya,,,False,ABU,SBY_K053,ABU
TRS_SBY_0294,SBY,-7.04271571250132,112.65280506882651,1,False,,,,,,,,390.0,,,,,0.6025795582757608,True,kandidat restorasi baru,,,False,ABU,SBY_K053,ABU
TRS_SBY_0295,SBY,-7.040170143096192,112.65210811046389,1,False,,,,,,,,360.0,,,,,0.42614359386511286,False,lainnya,,,False,ABU,SBY_K053,ABU
TRS_SBY_0296,SBY,-7.037687870444578,112.65007748984515,1,False,,,,,,,,170.0,,,,,0.34257584890496284,False,lainnya,,,False,ABU,SBY_K053,ABU
TRS_SBY_0297,SBY,-7.035388692217635,112.6478318931936,1,True,529.9676609921241,-0.6335947487688518,260.03233900787586,20.092407718774787,260.3491363822603,260.6659337566447,False,170.0,-0.6335947487688518,4.9850906888288425e-21,0.003919413926085068,0.5311614730878187,,,,0.01320840400754041,-0.2527461237027026,False,YELLOW,SBY_K053,ABU
TRS_SBY_0298,SBY,-7.03326684951841,112.64600972343983,1,False,,,,,,,,340.0,,,,,0.5486827642449384,False,lainnya,,,False,ABU,SBY_K053,ABU
TRS_SBY_0299,SBY,-7.031225462310851,112.64525366273718,1,False,,,,,,,,610.0,,,,,0.5802461816157604,False,lainnya,,,False,ABU,SBY_K054,GREEN
TRS_SBY_0300,SBY,-7.029196103667414,112.64522119950034,1,True,690.06467646151,1.2671835442342922,2809.93532353849,20.09240813258346,2809.301731766373,2808.668139994256,True,2750.0,1.2671835442342922,0.0,9.09735373423537e-177,0.7985108163790883,,,,2.985037564922654e-176,-0.35225159916827026,False,GREEN,SBY_K054,GREEN
TRS_SBY_0301,SBY,-7.02719686222777,112.64532674801676,1,True,777.6474819483363,-46.14386149084521,2722.3525180516635,20.092744522198338,2745.4244487970864,2768.4963795425087,True,2670.0,-46.14386149084521,0.0,1.7502107512631958e-193,0.7920008806272613,,,,5.296140914080502e-193,-0.3931342444533603,False,GREEN,SBY_K054,GREEN
TRS_SBY_0302,SBY,-7.025258721666241,112.64534819561645,1,True,530.0223552997786,0.4379904823837758,2969.9776447002214,20.092407718774787,2969.7586494590296,2969.539654217838,True,2760.0,0.4379904823837758,0.0,8.539391527476485e-198,0.8040091144229585,,,,2.075411660028912e-197,-0.4626951447649219,False,GREEN,SBY_K054,GREEN
TRS_SBY_0303,SBY,-7.0231195107364295,112.64641359738367,1,True,610.0323377632003,0.6335947884642035,2889.9676622367997,20.092407723349215,2889.6508648425674,2889.3340674483356,True,2840.0,0.6335947884642035,0.0,2.8267954016055824e-187,0.8378062283046722,,,,1.26402426678919e-187,-0.494996117269504,False,GREEN,SBY_K054,GREEN
TRS_SBY_0304,SBY,-7.0201639131051365,112.65025618684312,3,True,600.0402050350566,0.6330183060901803,2899.9597949649433,20.092407718774787,2899.6432858118983,2899.3267766588533,True,2800.0,0.6330183060901803,0.0,1.4746143364826175e-188,0.8282856131121004,,,,4.1105405631119615e-189,-0.4280663754015117,False,GREEN,SBY_K054,GREEN
TRS_SBY_0305,SBY,-7.018729603289968,112.64859038317147,1,False,,,,,,,,2990.0,,,,,0.6798507247048798,True,kandidat restorasi baru,,,False,ABU,SBY_K054,GREEN
TRS_SBY_0306,SBY,-7.017703983397944,112.64595910104929,1,True,1500.0,0.0,2000.0,153.74865511840628,2000.0,2000.0,True,1890.0,0.0,3.001297143547763e-38,1.670714918256209e-26,0.7432157471109312,,,,8.879497554411498e-27,-0.4626951447649219,False,GREEN,SBY_K054,GREEN
TRS_SBY_0307,SBY,-7.016389242524659,112.64417443820118,1,True,1258.3952979909645,2.3787593193849985,2241.6047020090355,20.092407938663634,2240.415322349343,2239.2259426896508,True,2190.0,2.3787593193849985,0.0,1.176574530833849e-112,0.7618375438188003,,,,6.253245574670734e-113,-0.4626951447649219,False,GREEN,SBY_K054,GREEN
TRS_SBY_0308,SBY,-7.014892023714224,112.64275113435131,1,True,766.2217747250904,0.3927978343583462,2733.7782252749093,20.092407718775092,2733.5818263577303,2733.385427440551,True,2690.0,0.3927978343583462,0.0,5.934274294043401e-168,0.7938843371210127,,,,3.1539416752298797e-168,-0.3904905275998828,False,GREEN,SBY_K054,GREEN
TRS_SBY_0309,SBY,-7.0133735278600815,112.64133941472593,1,True,709.9997377142419,-0.005138766959865002,2790.0002622857583,20.092407938663637,2790.002831669238,2790.005401052718,True,2710.0,-0.005138766959865002,0.0,4.388029369571785e-175,0.7624806612797006,,,,1.6683780952718842e-175,-0.34901649256749107,False,GREEN,SBY_K054,GREEN
TRS_SBY_0310,SBY,-7.011887208130713,112.63982394411352,1,False,,,,,,,,2990.0,,,,,0.6687024526870426,True,kandidat restorasi baru,,,False,ABU,SBY_K054,GREEN
TRS_SBY_0311,SBY,-7.011217450973981,112.63662861849768,1,False,,,,,,,,2990.0,,,,,0.6530948718620705,True,kandidat restorasi baru,,,False,ABU,SBY_K054,GREEN
TRS_SBY_0312,SBY,-7.01028623013051,112.63406485678856,1,False,,,,,,,,2990.0,,,,,0.6909989967227171,True,kandidat restorasi baru,,,False,ABU,SBY_K054,GREEN
TRS_SBY_0313,SBY,-7.009701600372667,112.63092404143367,1,True,560.0,0.0,2940.0,20.093042531098455,2940.0,2940.0,True,2900.0,0.0,0.0,1.2543449404159007e-189,0.7663182573019439,,,,7.272486209524293e-190,-0.3904905275998828,False,GREEN,SBY_K054,GREEN
TRS_SBY_0314,SBY,-7.0085280218522765,112.62894278679772,1,True,520.0559518175864,1.0962216151995285,2979.9440481824136,20.09240771877479,2979.395937374814,2978.847826567214,True,2720.0,1.0962216151995285,0.0,1.1256422484511487e-198,0.7055829236793867,,,,6.5262891131083995e-199,-0.4280663754015117,False,GREEN,SBY_K054,GREEN
TRS_SBY_0315,SBY,-7.006902240852905,112.62775146929549,1,True,520.037245107784,0.5757380236174111,2979.9627548922163,22.028710846922817,2979.6748858804076,2979.3870168685985,True,2930.0,0.5757380236174111,0.0,3.094450468032347e-197,0.761435985071885,,,,3.525920598750657e-198,-0.4626951447649219,False,GREEN,SBY_K054,GREEN
TRS_SBY_0316,SBY,-7.005288118642542,112.6264969233915,1,True,500.15008843674394,0.009475151650193733,2999.8499115632562,20.092407718775092,2999.845173987431,2999.840436411606,True,2870.0,0.009475151650193733,0.0,4.929629413635747e-202,0.7542597792934627,,,,7.20357062836256e-203,-0.494996117269504,False,GREEN,SBY_K054,GREEN
TRS_SBY_0317,SBY,-7.003487008577446,112.62550131700775,1,True,530.3460064409395,0.021851818626761485,2969.6539935590604,20.092514211515624,2969.643067649747,2969.632141740434,True,2890.0,0.021851818626761485,0.0,5.0127239084000205e-198,0.7727872560455611,,,,5.745223406531855e-198,-0.5253991621009502,False,GREEN,SBY_K054,GREEN
TRS_SBY_0318,SBY,-7.001712875790411,112.62440960640247,1,True,525.2524214434843,2.22341559876433,2974.7475785565157,20.092407750482753,2973.6358707571335,2972.5241629577513,True,2830.0,2.22341559876433,0.0,3.011158735319575e-197,0.7571359573168901,,,,3.601043684917708e-197,-0.5253991621009502,False,GREEN,SBY_K054,GREEN
TRS_SBY_0319,SBY,-7.000168298347278,112.62293166689882,1,True,500.0258878976091,0.6331767829690139,2999.974112102391,20.09240775079763,2999.6575237109064,2999.340935319422,True,2900.0,0.6331767829690139,0.0,1.2343010581686837e-201,0.7906063788219205,,,,1.4795037108092359e-201,-0.5253991621009502,False,GREEN,SBY_K054,GREEN
TRS_SBY_0320,SBY,-6.9985707603019796,112.62150984297783,1,True,500.0,0.0,3000.0,232.72157183359627,3000.0,3000.0,True,2990.0,0.0,6.099813809598146e-38,1.0788714251475222e-30,0.8219288563388821,,,,1.287228035805243e-30,-0.5253991621009502,False,GREEN,SBY_K054,GREEN
TRS_SBY_0321,SBY,-6.9971632398586205,112.61980200466368,1,True,482.49058693157264,-4.921553382596165,3017.5094130684274,20.09250027445925,3019.9701897597256,3022.430966451024,True,2840.0,-4.921553382596165,0.0,5.836608592579386e-207,0.7865853050313211,,,,6.99609225327436e-207,-0.5253991621009502,False,GREEN,SBY_K054,GREEN
TRS_SBY_0322,SBY,-6.995476150113625,112.61846532114055,1,True,414.40821091460293,-5.949872549772494,3085.591789085397,20.09240771877479,3088.5667253602833,3091.5416616351695,True,2870.0,-5.949872549772494,0.0,1.0438639810786885e-217,0.7950173228968226,,,,1.2336839527243515e-217,-0.5253991621009502,False,GREEN,SBY_K054,GREEN
TRS_SBY_0323,SBY,-6.993766293236546,112.617121074464,1,True,428.13451578969176,-3.8785458109804463,3071.8654842103083,20.092407718774798,3073.8047571157986,3075.744030021289,True,2850.0,-3.8785458109804463,0.0,2.1604181823958175e-214,0.8128006808806719,,,,2.3314827860618633e-214,-0.5253991621009502,False,GREEN,SBY_K054,GREEN
TRS_SBY_0324,SBY,-6.992034048875986,112.61577268912207,1,True,379.68146598842037,-7.111832984423634,3120.3185340115797,20.092407718774798,3123.874450503791,3127.430366996003,True,2830.0,-7.111832984423634,0.0,2.3950730056650545e-223,0.7838823461696313,,,,2.0677212774480516e-223,-0.5253991621009502,False,GREEN,SBY_K054,GREEN
TRS_SBY_0325,SBY,-6.99018160954623,112.61461993610759,1,True,339.5632371902322,-10.243497345816706,3160.436762809768,20.092407718774798,3165.5585114826763,3170.6802601555846,True,2830.0,-10.243497345816706,0.0,3.1689403213293625e-231,0.7803487772650377,,,,8.08943334348622e-232,-0.5253991621009502,False,GREEN,SBY_K054,GREEN
TRS_SBY_0326,SBY,-6.9881861659023645,112.61366300294185,1,True,329.62975172075363,-10.760363612188238,3170.3702482792464,20.092515741654946,3175.7504300853407,3181.1306118914345,True,2970.0,-10.760363612188238,0.0,5.343791824538224e-233,0.8173186062704476,,,,6.08889554517753e-234,-0.5253991621009502,False,GREEN,SBY_K054,GREEN
TRS_SBY_0327,SBY,-6.986214664492611,112.61265548383601,1,True,320.81363812549847,-10.683838368609837,3009.1863618745015,20.09240771877479,3014.5282810588064,3019.8702002431114,False,2580.0,-10.683838368609837,0.0,1.762659016335304e-210,0.7591560159869996,,,,2.0084327729511594e-211,-0.5253991621009502,False,GREEN,SBY_K054,GREEN
TRS_SBY_0328,SBY,-6.984192788098402,112.6117090040928,1,True,329.5531350967874,-10.133050131432826,3170.4468649032124,20.09240771877479,3175.513389968929,3180.5799150346456,True,2910.0,-10.133050131432826,0.0,1.416889708108554e-232,0.798831566445684,,,,0.0,-0.5253991621009502,False,GREEN,SBY_K054,GREEN
TRS_SBY_0329,SBY,-6.982112940607022,112.61084319090106,1,True,320.5053248215756,-11.510475705159898,3179.4946751784246,20.270597258505873,3185.2499130310043,3191.005150883584,True,2950.0,-11.510475705159898,0.0,1.1377171271285446e-234,0.8068420799923176,,,,0.0,-0.494996117269504,False,GREEN,SBY_K054,GREEN
TRS_SBY_0330,SBY,-6.980020954730427,112.60999017350036,1,True,300.49989334196704,-12.760886629589221,3199.500106658033,20.092407718788543,3205.880549972828,3212.260993287622,True,2850.0,-12.760886629589221,0.0,1.2091839505807513e-238,0.7829761194771632,,,,0.0,-0.494996117269504,False,GREEN,SBY_K054,GREEN
TRS_SBY_0331,SBY,-6.977950557181709,112.60909266256604,1,True,279.39067374537433,-13.487463503369497,3220.6093262546256,20.092514211515326,3227.35305800631,3234.0967897579953,True,2750.0,-13.487463503369497,0.0,3.0697468869552274e-242,0.7784696111254185,,,,0.0,-0.494996117269504,False,GREEN,SBY_K054,GREEN
TRS_SBY_0332,SBY,-6.975820451304581,112.60829338957227,1,True,239.3331425233274,-15.059992700856291,3260.6668574766727,20.092407718774798,3268.1968538271008,3275.726850177529,True,3010.0,-15.059992700856291,0.0,2.793605466889717e-249,0.8313359387499647,,,,0.0,-0.494996117269504,False,GREEN,SBY_K054,GREEN
TRS_SBY_0333,SBY,-6.973624767700835,112.6076151596832,1,True,219.59495606434632,-15.496456984092587,3280.405043935654,20.092407719434803,3288.1532724277,3295.9015009197465,True,2800.0,-15.496456984092587,0.0,1.554297934939039e-252,0.7996787737757992,,,,0.0,-0.4626951447649219,False,GREEN,SBY_K054,GREEN
TRS_SBY_0334,SBY,-6.9713040808069,112.60718882698065,1,True,209.2557860776279,-15.606109403547162,3290.744213922372,20.09240771877479,3298.5472686241455,3306.3503233259194,True,2750.0,-15.606109403547162,0.0,3.690729858802545e-254,0.7557423383981458,,,,0.0,-0.4626951447649219,False,GREEN,SBY_K054,GREEN
TRS_SBY_0335,SBY,-6.968886317691384,112.60698754854674,1,True,189.41131838065272,-17.040795981253986,3310.5886816193474,20.09240771877479,3319.1090796099743,3327.629477600601,True,2800.0,-17.040795981253986,0.0,3.2609079520685476e-258,0.7122748887090247,,,,0.0,-0.4626951447649219,False,GREEN,SBY_K054,GREEN
TRS_SBY_0336,SBY,-6.966486024949116,112.60680610827167,1,True,199.53107644406722,-15.67281843684798,3300.4689235559326,20.092514211515415,3308.305332774357,3316.1417419927807,True,2840.0,-15.67281843684798,0.0,1.1531015189864521e-255,0.7510174360611259,,,,0.0,-0.494996117269504,False,GREEN,SBY_K054,GREEN
TRS_SBY_0337,SBY,-6.964165253566487,112.60656231298583,1,True,270.78153630774153,-8.16081688525855,3229.2184636922584,20.09240771877479,3233.298872134888,3237.379280577517,True,2760.0,-8.16081688525855,0.0,1.285041267044343e-239,0.7280863817383093,,,,0.0,-0.4626951447649219,False,GREEN,SBY_K054,GREEN
TRS_SBY_0338,SBY,-6.9620608261228325,112.60585488228448,1,True,339.7121533724001,-6.3566587184806895,3160.2878466275997,20.092407750482735,3163.4661759868404,3166.6445053460807,True,2740.0,-6.3566587184806895,0.0,1.9186298457396803e-228,0.7244086143793553,,,,2.186151164595283e-229,-0.4626951447649219,False,GREEN,SBY_K054,GREEN
TRS_SBY_0339,SBY,-6.960121802613362,112.60461793840159,1,True,429.8053614023776,-4.433198976316185,3070.1946385976225,20.09251443172283,3072.4112380857805,3074.6278375739385,True,2590.0,-4.433198976316185,0.0,1.531972315045507e-214,0.7440868124295885,,,,9.054946143678488e-215,-0.4626951447649219,False,GREEN,SBY_K054,GREEN
TRS_SBY_0340,SBY,-6.958100523286361,112.60351053675024,1,True,319.58548521517434,-8.287892198566679,3180.4145147848258,20.092407721969312,3184.558460884109,3188.7024069833924,True,2600.0,-8.287892198566679,0.0,1.1099661336293814e-232,0.7343811287862279,,,,8.473792183194897e-233,-0.494996117269504,False,GREEN,SBY_K054,GREEN
TRS_SBY_0341,SBY,-6.956054767076165,112.60234172782772,1,True,289.5204419502529,-9.55010180072308,3210.479558049747,20.09240771877479,3215.2546089501084,3220.02965985047,True,2780.0,-9.55010180072308,0.0,6.554822911647704e-238,0.7233438461695233,,,,6.348234220721458e-238,-0.4626951447649219,False,GREEN,SBY_K054,GREEN
TRS_SBY_0342,SBY,-6.9539548600164345,112.6012453543941,1,True,299.59779527558106,-10.784792751890505,3200.402204724419,20.09251421151532,3205.794601100364,3211.1869974763094,True,2600.0,-10.784792751890505,0.0,2.4023276042413833e-237,0.6882272826323818,,,,2.3705489763129428e-237,-0.4626951447649219,False,GREEN,SBY_K054,GREEN
TRS_SBY_0343,SBY,-6.951814020871006,112.60025518857108,1,True,308.15365597018894,-10.228891165671598,3191.846344029811,20.0933853132059,3196.9607896126467,3202.0752351954825,True,2790.0,-10.228891165671598,0.0,1.0357007497674163e-235,0.7180516210261252,,,,1.048996273019496e-235,-0.4626951447649219,False,GREEN,SBY_K054,GREEN
TRS_SBY_0344,SBY,-6.949658534694129,112.59931551979155,1,True,309.57694278074905,-8.908880210374232,3190.423057219251,20.0925250973931,3194.877497324438,3199.331937429625,True,2770.0,-8.908880210374232,0.0,1.847753863313175e-234,0.7519622932880621,,,,1.780842681391961e-234,-0.4626951447649219,False,GREEN,SBY_K054,GREEN
TRS_SBY_0345,SBY,-6.947487305327156,112.59838554958556,1,True,309.76989631710046,-8.856262893968797,3190.2301036828994,20.092514211515315,3194.658235129884,3199.0863665768684,True,2710.0,-8.856262893968797,0.0,1.7087175410595196e-234,0.7329603660767485,,,,1.4649390751724566e-234,-0.4626951447649219,False,GREEN,SBY_K054,GREEN
TRS_SBY_0346,SBY,-6.945299972752277,112.59741431621464,1,True,291.90744156810183,-9.40439604055943,3208.0925584318984,20.09251421172779,3212.794756452178,3217.4969544724577,True,2740.0,-9.40439604055943,0.0,1.848410659349098e-237,0.691561899050888,,,,1.1893647860037755e-237,-0.494996117269504,False,GREEN,SBY_K054,GREEN
TRS_SBY_0347,SBY,-6.9431069143727075,112.59668123468659,1,True,339.57898589030145,-8.86832006081405,3160.4210141096987,20.092514211515315,3164.8551741401056,3169.2893341705126,True,2840.0,-8.86832006081405,0.0,3.03334503586406e-230,0.7562991262019709,,,,1.5728316855549055e-230,-0.494996117269504,False,GREEN,SBY_K054,GREEN
TRS_SBY_0348,SBY,-6.940924522645738,112.5960563522288,1,True,365.27821674288873,-6.748809551862195,3134.7217832571114,20.092514211515315,3138.0961880330424,3141.4705928089734,True,2660.0,-6.748809551862195,0.0,4.105784906568282e-225,0.7205691282029436,,,,2.074037156539165e-225,-0.494996117269504,False,GREEN,SBY_K054,GREEN
TRS_SBY_0349,SBY,-6.9387622299938325,112.59549547879782,1,True,399.8027657366068,-4.523607588798742,3100.197234263393,20.093385313205882,3102.4590380577924,3104.720841852192,True,2700.0,-4.523607588798742,0.0,9.666984747172807e-219,0.7137183926135767,,,,5.820104753050405e-219,-0.494996117269504,False,GREEN,SBY_K054,GREEN
TRS_SBY_0350,SBY,-6.93665552719813,112.5949771042859,1,True,469.85414951957654,-3.167423260273145,3030.1458504804236,20.092514211515315,3031.72956211056,3033.313273740697,True,2850.0,-3.167423260273145,0.0,3.154305742196218e-208,0.7588241141096367,,,,1.9981531869348596e-208,-0.5253991621009502,False,GREEN,SBY_K054,GREEN
TRS_SBY_0351,SBY,-6.934556414947034,112.59447981468121,1,True,469.9199466812021,-1.8997573825715823,3030.080053318798,20.092514211515315,3031.029932010084,3031.9798107013694,True,2830.0,-1.8997573825715823,0.0,2.309427118657369e-207,0.7465352506031091,,,,1.4629492301294981e-207,-0.5253991621009502,False,GREEN,SBY_K054,GREEN
TRS_SBY_0352,SBY,-6.932467747001655,112.5940173090955,1,True,500.0000000118776,-1.0893106079141793e-08,1909.9999999881225,20.092407718774787,1909.999999993569,1909.9999999990155,False,1800.0,-1.0893106079141793e-08,0.0,2.9335149232921822e-83,0.613117721120554,,,,1.7661519692777393e-83,-0.5253991621009502,False,GREEN,SBY_K054,GREEN
TRS_SBY_0353,SBY,-6.9303884679263525,112.59357863252181,1,True,805.7266260607395,19.8793338563365,2694.2733739392606,20.092407718775224,2684.3337070110924,2674.394040082924,True,2610.0,19.8793338563365,0.0,9.13433079040347e-152,0.6841848197714173,,,,4.4882602492152e-152,-0.494996117269504,False,GREEN,SBY_K054,GREEN
TRS_SBY_0354,SBY,-6.928547318821194,112.5931763069279,1,True,479.9760158427163,-0.506240777151487,3020.023984157284,20.092407718774787,3020.2771045458594,3020.530224934435,True,2900.0,-0.506240777151487,0.0,4.496619128902306e-205,0.7758010159226336,,,,2.079227682518574e-205,-0.4626951447649219,False,GREEN,SBY_K054,GREEN
TRS_SBY_0355,SBY,-6.9270548566031485,112.59349646062716,1,True,499.9973149301029,-0.05260654247586017,3000.002685069897,20.092407718774787,3000.028988341135,3000.055291612373,True,2910.0,-0.05260654247586017,0.0,4.277186315126238e-202,0.7444480544766021,,,,1.547177350014676e-202,-0.4280663754015117,False,GREEN,SBY_K054,GREEN
TRS_SBY_0356,SBY,-6.925535863503741,112.59382469079456,1,True,-1.6816308273736391,-32.946969627026824,3501.6816308273737,20.092407750482735,3518.155115640887,3534.6286004544004,True,3310.0,-32.946969627026824,0.0,1.3353650383373044e-300,0.7770656992716722,,,,3.077334327310892e-301,-0.3904905275998828,False,GREEN,SBY_K054,GREEN
TRS_SBY_0357,SBY,-6.926321911437611,112.60510748803068,3,True,39.73949532678174,-6.547176187237012,3460.2605046732183,20.09252509739306,3463.5340927668367,3466.807680860455,True,1990.0,-6.547176187237012,0.0,5.991252601673346e-273,0.5891443762722963,,,,0.0,-0.3904905275998828,False,GREEN,SBY_K055,GREEN
TRS_SBY_0358,SBY,-6.925509619535249,112.60844766935126,3,True,500.28237474601764,-0.6143488730483303,2999.7176252539825,30.063374920357404,3000.0247996905064,3000.3319741270307,True,2570.0,-0.6143488730483303,0.0,8.443951771598946e-192,0.6327262982109986,,,,0.0,-0.4626951447649219,False,GREEN,SBY_K055,GREEN
TRS_SBY_0359,SBY,-6.9243705573224,112.61026416801094,3,True,452.3182511485117,-1.8190525961353434,3047.6817488514885,20.092407718774787,3048.591275149556,3049.5008014476234,True,2260.0,-1.8190525961353434,0.0,1.08999708618239e-209,0.6301047907944546,,,,0.0,-0.4626951447649219,False,GREEN,SBY_K055,GREEN
TRS_SBY_0360,SBY,-6.922962121793337,112.61102572002864,3,True,543.583317841052,-24.75432171415597,2956.416682158948,20.098199594122757,2968.793843016026,2981.171003873104,True,2860.0,-24.75432171415597,0.0,7.17132637756332e-213,0.7307469442738564,,,,0.0,-0.494996117269504,False,GREEN,SBY_K055,GREEN
TRS_SBY_0361,SBY,-6.921391565798949,112.61151535320707,3,True,528.6973393618159,1.8123598932254734,2971.302660638184,20.09240771877479,2970.3964806915715,2969.4903007449584,True,2900.0,1.8123598932254734,0.0,4.5834100363768276e-197,0.7085596366122888,,,,0.0,-0.5542170602455946,False,GREEN,SBY_K055,GREEN
TRS_SBY_0362,SBY,-6.919872789066848,112.6120348888807,1,True,550.0647050319741,1.2671818701673172,2949.935294968026,20.09613469127258,2949.3017040329423,2948.6681130978586,True,2890.0,1.2671818701673172,0.0,1.2793246676816484e-194,0.7009879480870835,,,,5.518543042326015e-195,-0.5253991621009502,False,GREEN,SBY_K055,GREEN
TRS_SBY_0363,SBY,-6.918711320143886,112.61424050440297,1,True,595.7002540126754,-9.822686318593956,2904.2997459873245,20.092410023394603,2909.211089146622,2914.1224323059187,True,2600.0,-9.822686318593956,0.0,6.783206251829425e-196,0.6920734364785356,,,,4.856798356874342e-196,-0.5816857845188755,False,GREEN,SBY_K055,GREEN
TRS_SBY_0364,SBY,-6.9175180054085805,112.61633429428475,1,True,529.8606290643481,-2.730589338036417,2970.1393709356516,20.09240771877507,2971.50466560467,2972.8699602736883,True,2210.0,-2.730589338036417,0.0,6.579050200026693e-200,0.6223866535064668,,,,4.710621941160307e-200,-0.5542170602455946,False,GREEN,SBY_K055,GREEN
TRS_SBY_0365,SBY,-6.916112060519831,112.61699660075321,1,True,547.0834063637335,0.4775898652631846,2952.9165936362665,20.09240775048368,2952.677798703635,2952.439003771003,True,2020.0,0.4775898652631846,0.0,1.5770952785910496e-195,0.6211556531007209,,,,1.1292054927018468e-195,-0.5253991621009502,False,GREEN,SBY_K055,GREEN
TRS_SBY_0366,SBY,-6.914731372268597,112.61741346554943,1,True,839.5368846722288,-9.141425537654477,2660.4631153277714,20.118091628498405,2665.0338280965984,2669.604540865426,True,2410.0,-9.141425537654477,0.0,7.704198204822406e-165,0.6743583451858992,,,,5.51623167467806e-165,-0.5542170602455946,False,GREEN,SBY_K055,GREEN
TRS_SBY_0367,SBY,-6.91353306558949,112.6193721156675,1,True,628.7928899868732,4.616836354895792,2871.207110013127,20.092407718774787,2868.8986918356786,2866.590273658231,True,2670.0,4.616836354895792,0.0,2.358740558951871e-182,0.7040495591558711,,,,1.688866126976555e-182,-0.5253991621009502,False,GREEN,SBY_K055,GREEN
TRS_SBY_0368,SBY,-6.911274270670504,112.61916317340766,1,True,530.0292726193785,0.5735162755042572,2969.9707273806216,20.092407718774787,2969.6839692428694,2969.397211105117,True,2740.0,0.5735162755042572,0.0,1.0509016398062868e-197,0.7098100742333698,,,,8.177604250454835e-198,-0.5542170602455946,False,GREEN,SBY_K055,GREEN
TRS_SBY_0369,SBY,-6.9090337475208,112.619363531794,1,True,528.202608513683,-9.623104602848048,2971.797391486317,20.092500275213148,2976.608943787741,2981.4204960891648,True,2920.0,-9.623104602848048,0.0,5.514414474186059e-204,0.7515013194148007,,,,4.291048518221544e-204,-0.5253991621009502,False,GREEN,SBY_K055,GREEN
TRS_SBY_0370,SBY,-6.906767196595025,112.61911798440552,1,True,520.0548013085368,1.073637964436653,2979.9451986914632,20.09296773961239,2979.408379709245,2978.8715607270265,True,2440.0,1.073637964436653,0.0,1.0885312026924917e-198,0.6712720011145683,,,,8.470419164567739e-199,-0.4626951447649219,False,GREEN,SBY_K055,GREEN
TRS_SBY_0371,SBY,-6.9045048231502095,112.6188843586235,1,True,430.00372145505713,0.0002350293755978572,3069.996278544943,20.092407718774787,3069.9961610302553,3069.996043515567,True,2990.0,0.0002350293755978572,0.0,1.7411387870402246e-211,0.747239973661023,,,,1.3673682363571467e-211,-0.4280663754015117,False,GREEN,SBY_K055,GREEN
TRS_SBY_0372,SBY,-6.902260413999867,112.61845591798176,1,True,400.1016180902159,-1.2608587101618962,3099.898381909784,20.092407718774787,3100.528811264865,3101.159240619946,True,2840.0,-1.2608587101618962,0.0,1.9050730794530412e-216,0.7360526473287315,,,,5.734841408473163e-217,-0.3904905275998828,False,GREEN,SBY_K055,GREEN
TRS_SBY_0373,SBY,-6.888852888996874,112.61744755868858,1,True,1102.2276150368325,3.298421849027263,2397.7723849631675,20.09240771877479,2396.123174038654,2394.47396311414,True,2140.0,3.298421849027263,0.0,3.5723504368299465e-128,0.6772623176511079,,,,0.0,-0.34901649256749107,False,GREEN,SBY_K056,GREEN
TRS_SBY_0374,SBY,-6.8876038437435865,112.61664813076273,1,True,449.9029837560727,-1.9007658491605655,3050.097016243927,20.09240771877507,3051.0473991685076,3051.997782093088,True,2550.0,-1.9007658491605655,0.0,4.510887838322681e-210,0.6981086485585736,,,,0.0,-0.3904905275998828,False,GREEN,SBY_K056,GREEN
TRS_SBY_0375,SBY,-6.887588214945254,112.61402392038201,1,True,299.83832023802097,-3.167954107848808,3200.161679761979,20.09240771877507,3201.745656815903,3203.329633869828,True,2890.0,-3.167954107848808,0.0,7.604799085713126e-232,0.7580813736926197,,,,2.4504129979916377e-232,-0.4280663754015117,False,GREEN,SBY_K056,GREEN
TRS_SBY_0376,SBY,-6.886540966021733,112.61277200225807,1,False,,,,,,,,2920.0,,,,,0.5927361754481574,False,lainnya,,,False,ABU,SBY_K056,GREEN
TRS_SBY_0377,SBY,-6.885369895375624,112.61158937584041,1,True,341.8535988052001,-9.990209579015689,3158.1464011948,20.09240771877507,3163.1415059843075,3168.136610773816,True,3040.0,-9.990209579015689,0.0,1.0172371880961521e-230,0.7588713284628,,,,3.2777344932545736e-231,-0.4280663754015117,False,GREEN,SBY_K056,GREEN
TRS_SBY_0378,SBY,-6.884112178968688,112.6104292955161,1,False,,,,,,,,2680.0,,,,,0.5705154156882856,False,lainnya,,,False,ABU,SBY_K056,GREEN
TRS_SBY_0379,SBY,-6.882607123140029,112.60947837511401,1,True,467.9939125809917,-38.40286483480349,3032.0060874190085,20.27245683350948,3051.20751983641,3070.4089522538115,True,2950.0,-38.40286483480349,0.0,8.38417138308566e-233,0.7188631343928553,,,,3.032788171204204e-233,-0.3904905275998828,False,GREEN,SBY_K056,GREEN
TRS_SBY_0380,SBY,-6.8806241140055935,112.60898271672015,1,True,520.0303369978498,0.5943963796067466,2979.9696630021504,20.09240771877479,2979.672464812347,2979.3752666225437,True,2900.0,0.5943963796067466,0.0,5.208561841047551e-199,0.7128699814398749,,,,1.451905368977501e-199,-0.34901649256749107,False,GREEN,SBY_K057,ABU
TRS_SBY_0381,SBY,-6.878543490057869,112.60871667593005,1,False,,,,,,,,2990.0,,,,,0.5483011148944005,False,lainnya,,,False,ABU,SBY_K057,ABU
TRS_SBY_0382,SBY,-6.877133515455072,112.60769169365177,1,False,,,,,,,,2990.0,,,,,0.5460714604908331,False,lainnya,,,False,ABU,SBY_K057,ABU
TRS_SBY_0383,SBY,-6.876965584294687,112.60530370877208,3,False,,,,,,,,2990.0,,,,,0.558334559710454,False,lainnya,,,False,ABU,SBY_K057,ABU
TRS_SBY_0384,SBY,-6.881971745232768,112.59734638276062,1,True,342.6326269537788,-10.073934197817744,3157.367373046221,20.092500274442813,3162.40434014513,3167.441307244039,True,2800.0,-10.073934197817744,0.0,7.71276822985979e-230,0.6747748887090247,,,,1.5743301173081482e-230,-0.3020420957639734,False,GREEN,SBY_K058,GREEN
TRS_SBY_0385,SBY,-6.883152358476095,112.59355668144627,1,True,139.7597864717945,-18.855039323708954,3360.2402135282055,20.092418604456068,3369.66773319006,3379.0952528519147,True,3160.0,-18.855039323708954,0.0,5.063269744406126e-267,0.745266611682863,,,,1.0335145324104473e-267,-0.34901649256749107,False,GREEN,SBY_K058,GREEN
TRS_SBY_0386,SBY,-6.884602898166622,112.58950057156308,1,True,-0.4806424837685488,-9.416746607748918,3500.4806424837684,20.092514211515315,3505.189015787643,3509.8973890915177,True,2370.0,-9.416746607748918,0.0,1.3827483130556897e-281,0.6658157624221561,,,,5.723566557538101e-283,-0.4280663754015117,False,GREEN,SBY_K058,GREEN
TRS_SBY_0387,SBY,-6.885307484386439,112.5862555833928,1,True,-0.386083767739581,-7.571811118070825,3500.3860837677394,20.092407718920153,3504.171989326775,3507.95789488581,True,2640.0,-7.571811118070825,0.0,4.028680159152902e-280,0.7306421152030218,,,,1.0284112764869471e-280,-0.4626951447649219,False,GREEN,SBY_K058,GREEN
TRS_SBY_0388,SBY,-6.885245764878886,112.58382712246447,1,True,-1.1853044933717112,-23.227235947977675,3501.185304493372,20.09241005955034,3512.7989224673606,3524.4125404413494,True,2800.0,-23.227235947977675,0.0,1.2095026183270246e-292,0.7238820315661676,,,,0.0,-0.494996117269504,False,GREEN,SBY_K058,GREEN
TRS_SBY_0389,SBY,-6.885368201375203,112.5812133461825,1,True,-0.8047619623079993,-15.783090733891347,3500.804761962308,20.092407718774993,3508.6963073292536,3516.587852696199,True,3040.0,-15.783090733891347,0.0,1.1420046470524547e-286,0.7555818547785895,,,,2.6317373912221455e-287,-0.494996117269504,False,GREEN,SBY_K058,GREEN
TRS_SBY_0390,SBY,-6.884504488762024,112.57957231582878,1,True,-4.448538760224988,-33.121552432011036,3504.448538760225,30.063374920357433,3521.0093149762306,3537.570091192236,True,3150.0,-33.121552432011036,0.0,2.562210276551411e-285,0.7587009307972481,,,,7.1422534098704945e-286,-0.494996117269504,False,GREEN,SBY_K058,GREEN
TRS_SBY_0391,SBY,-6.883099840338825,112.57855044986495,1,True,499.9690659490843,-0.6060675090779828,3000.0309340509157,20.092407750483677,3000.3339678054544,3000.6370015599937,True,2630.0,-0.6060675090779828,0.0,1.8158429297588976e-202,0.719678017858874,,,,5.061727554350275e-203,-0.5253991621009502,False,GREEN,SBY_K058,GREEN
TRS_SBY_0392,SBY,-6.8815132199159565,112.5776631052907,1,True,279.01686048828935,-66.50758336941644,3220.9831395117108,20.092969301929802,3254.236931196419,3287.490722881127,True,2980.0,-66.50758336941644,0.0,1.8163415949511563e-276,0.7844839059261934,,,,5.063117601530394e-277,-0.494996117269504,False,GREEN,SBY_K058,GREEN
TRS_SBY_0393,SBY,-6.879878380812249,112.57683317393969,1,True,-1.6646882805238974,-32.61497770050334,3501.664688280524,20.09240771877507,3517.9721771307754,3534.2796659810274,True,3130.0,-32.61497770050334,0.0,2.4995975684542783e-300,0.7614276081781897,,,,1.0372663715611878e-300,-0.5253991621009502,False,GREEN,SBY_K058,GREEN
TRS_SBY_0394,SBY,-6.877676232514471,112.57643597434058,1,True,-0.4531728979795495,-22.239113409173346,3500.4531728979796,20.09240771877507,3511.572729602566,3522.6922863071527,True,2310.0,-22.239113409173346,0.0,9.233123805914729e-292,0.6794651288277351,,,,3.1616310059846537e-292,-0.494996117269504,False,GREEN,SBY_K058,GREEN
TRS_SBY_0395,SBY,-6.874885877790549,112.5764574616259,1,True,4.09886892268484,-11.998249398757817,3495.9011310773153,20.09241860440346,3501.900255776694,3507.899380476073,True,2410.0,-11.998249398757817,0.0,8.885501123344163e-283,0.6349392580489697,,,,2.0476541497801034e-283,-0.5253991621009502,False,GREEN,SBY_K058,GREEN
TRS_SBY_0396,SBY,-6.871511245766194,112.57686472057831,1,True,99.15932183108087,-16.484639692455925,3400.840678168919,20.092407718774787,3409.082998015147,3417.325317861375,True,2510.0,-16.484639692455925,0.0,1.4702193535610005e-271,0.7163731758518335,,,,3.753065774348798e-272,-0.4626951447649219,False,GREEN,SBY_K058,GREEN
TRS_SBY_0397,SBY,-6.869508097430409,112.57630507213602,1,True,129.55163585300366,-13.411390921787977,3370.4483641469965,20.092407718775092,3377.1540596078903,3383.859755068784,True,2560.0,-13.411390921787977,0.0,1.5533795892135793e-264,0.7220116634206799,,,,3.965350991148949e-265,-0.4280663754015117,False,GREEN,SBY_K058,GREEN
TRS_SBY_0398,SBY,-6.867896723324497,112.57549480495936,1,True,-1.1768251931450824,-23.056647864850248,3501.1768251931453,20.09240771877479,3512.70514912557,3524.2334730579955,True,3390.0,-23.056647864850248,0.0,1.5634002564841398e-292,0.7805556251932446,,,,3.990930999518576e-293,-0.4280663754015117,False,GREEN,SBY_K058,GREEN
TRS_SBY_0399,SBY,-6.866224777588822,112.57474454806912,1,True,0.0003427189910638253,2.1644499038720285e-05,3499.999657281009,20.09240771877479,3499.9996464587593,3499.99963563651,True,3110.0,2.1644499038720285e-05,0.0,3.76108144831413e-274,0.7915250995144967,,,,1.048414997194445e-274,-0.4626951447649219,False,GREEN,SBY_K058,GREEN
TRS_SBY_0400,SBY,-6.859816428586295,112.57697018085344,1,True,36.49638264012127,-17.42342496423477,3463.5036173598787,20.092407750683886,3472.215329841996,3480.9270423241137,True,2200.0,-17.42342496423477,0.0,4.5687902164994755e-282,0.648956992016482,,,,5.205832732546289e-283,-0.3904905275998828,False,GREEN,SBY_K058,GREEN
TRS_SBY_0401,SBY,-6.857469750842894,112.57658517525238,1,True,80.86934166159018,-21.432841508328544,3419.13065833841,20.09240771877479,3429.847079092574,3440.5634998467385,True,1790.0,-21.432841508328544,0.0,3.0030459260489766e-278,0.6494037539367274,,,,2.3778491836280133e-279,-0.494996117269504,False,GREEN,SBY_K058,GREEN
TRS_SBY_0402,SBY,-6.851894779558237,112.57809799708802,1,True,499.9999999986407,-2.9164628609630752e-08,3000.0000000013592,20.092407718774787,3000.0000000159416,3000.000000030524,True,2040.0,-2.9164628609630752e-08,0.0,4.640129723605216e-202,0.6069925845692384,,,,0.0,-0.494996117269504,False,GREEN,SBY_K058,GREEN
TRS_SBY_0403,SBY,-6.850558223197227,112.57706958286295,1,True,500.0,0.0,3000.0,20.092407718774787,3000.0,3000.0,True,2150.0,0.0,0.0,4.640129932930364e-202,0.6555850187759404,,,,0.0,-0.4626951447649219,False,GREEN,SBY_K058,GREEN
TRS_SBY_0404,SBY,-6.849820731511581,112.57574006577437,1,True,719.4545052531417,-10.687515879144456,2780.5454947468584,20.09240771878873,2785.8892526864306,2791.233010626003,True,2160.0,-10.687515879144456,0.0,1.4301226515961934e-180,0.6597582887419997,,,,0.0,-0.4626951447649219,False,GREEN,SBY_K058,GREEN
TRS_SBY_0405,SBY,-6.849051367332585,112.57447986629454,1,True,527.1516967231875,1.08313851593131,2972.8483032768127,20.092407718774787,2972.306734018847,2971.7651647608814,True,2560.0,1.08313851593131,0.0,9.510067371451611e-198,0.6604882259206799,,,,0.0,-0.4626951447649219,False,GREEN,SBY_K058,GREEN
TRS_SBY_0406,SBY,-6.848125707359933,112.57335211321762,1,True,530.2144774308196,1.2710255075553036,2969.7855225691806,20.092407718774787,2969.150009815403,2968.514497061625,True,2550.0,1.2710255075553036,0.0,3.1974513093451287e-197,0.6785008054213186,,,,0.0,-0.4280663754015117,False,GREEN,SBY_K058,GREEN
TRS_SBY_0407,SBY,-6.852491904422863,112.56940939366703,1,True,444.10465207139737,-0.37937068379443983,3055.895347928603,20.270597291441312,3056.0850332705,3056.274718612397,True,2320.0,-0.37937068379443983,0.0,1.1675557528472125e-209,0.639722941291394,,,,9.64488388175476e-210,-0.5542170602455946,False,GREEN,SBY_K058,GREEN
TRS_SBY_0408,SBY,-6.855469354657374,112.56641167951979,1,True,511.1416420852931,-0.5594470101139624,2988.858357914707,20.092407718774787,2989.1380814197637,2989.4178049248208,True,2650.0,-0.5594470101139624,0.0,5.966714360392122e-201,0.660576460527019,,,,6.093144855439365e-201,-0.34901649256749107,False,GREEN,SBY_K058,GREEN
TRS_SBY_0409,SBY,-6.851825366565971,112.56263352703158,1,True,540.0596206908623,1.2266668027919099,2959.940379309138,20.092407718774787,2959.3270459077416,2958.713712506346,True,2530.0,1.2266668027919099,0.0,5.863579599596015e-196,0.6309785407965602,,,,5.938851688492693e-196,-0.4280663754015117,False,GREEN,SBY_K058,GREEN
TRS_SBY_0410,SBY,-6.849745395518395,112.56103571741151,1,True,797.1102058494082,16.8693809721304,2702.889794150592,20.092407718774787,2694.4551036645266,2686.0204131784612,True,1270.0,16.8693809721304,0.0,1.6689216106309454e-154,0.5858850460618767,,,,1.6903459323619327e-154,-0.4626951447649219,False,GREEN,SBY_K058,GREEN
TRS_SBY_0411,SBY,-6.8482590574384945,112.55901969094032,1,True,1310.1884791689756,49.27298323166245,2189.8115208310246,30.185794165066834,2165.1750292151933,2140.538537599362,True,1840.0,49.27298323166245,0.0,1.3368553308901884e-81,0.6230870488976474,,,,1.177520346361113e-81,-0.4280663754015117,False,GREEN,SBY_K058,GREEN
TRS_SBY_0412,SBY,-6.847284244522143,112.5566678261405,1,True,702.7588230183908,8.378636121089357,2797.241176981609,20.09240871419865,2793.0518589210646,2788.86254086052,True,2700.0,8.378636121089357,0.0,8.115839254804114e-171,0.7146443185395026,,,,1.8702864023490624e-171,-0.4626951447649219,False,GREEN,SBY_K058,GREEN
TRS_SBY_0413,SBY,-6.848555611524095,112.5540734833299,1,True,639.9527068665706,4.409067545698935,2860.0472931334293,20.092407735464818,2857.84275936058,2855.6382255877306,True,2770.0,4.409067545698935,0.0,4.4626206759298047e-181,0.715861210255571,,,,2.371788804013549e-181,-0.4626951447649219,False,GREEN,SBY_K058,GREEN
TRS_SBY_0414,SBY,-6.847900425760358,112.55135257062598,1,True,781.1437624691099,-26.33738714306971,2718.85623753089,20.092407718774787,2732.024931102425,2745.1936246739597,True,2510.0,-26.33738714306971,0.0,1.1658932010081453e-182,0.6466520603139848,,,,6.1964765585873736e-183,-0.4280663754015117,False,GREEN,SBY_K058,GREEN
TRS_SBY_0415,SBY,-6.850445966110974,112.54892946370886,1,True,700.0988565288268,1.2681360774148818,2799.9011434711733,20.092407718774787,2799.267075432466,2798.6330073937584,True,2600.0,1.2681360774148818,0.0,1.5953884812802923e-175,0.6651503595554586,,,,1.0106282772860888e-175,-0.3904905275998828,False,GREEN,SBY_K058,GREEN
TRS_SBY_0416,SBY,-6.8526583209381675,112.5467117246891,1,True,502.4529982451895,2.049576716939138,2997.5470017548105,20.092407840746727,2996.5222133963407,2995.4974250378714,True,2750.0,2.049576716939138,0.0,2.2573964452810407e-200,0.7582410507339685,,,,1.4745596066095538e-200,-0.34901649256749107,False,GREEN,SBY_K058,GREEN
TRS_SBY_0417,SBY,-6.856996877491105,112.53455125796708,1,True,330.0915452439814,-2.163382884801968,3169.9084547560187,20.092407718774826,3170.9901461984196,3172.0718376408204,True,2010.0,-2.163382884801968,0.0,7.702202649943985e-227,0.7065346074161769,,,,0.0,-0.3904905275998828,False,GREEN,SBY_K059,GREEN
TRS_SBY_0418,SBY,-6.857545197006669,112.5320240202748,1,True,436.9735279681326,0.44041481094867313,3063.0264720318673,20.09240771877479,3062.806264626393,3062.5860572209185,True,2000.0,0.44041481094867313,0.0,3.077015732282349e-210,0.6533073654390935,,,,0.0,-0.3904905275998828,False,GREEN,SBY_K059,GREEN
TRS_SBY_0419,SBY,-6.858884940073422,112.53039140523039,1,True,529.7402656808554,-8.019898415034785,2970.2597343191446,20.092407718774787,2974.269683526662,2978.2796327341794,True,2160.0,-8.019898415034785,0.0,1.9284569393282726e-203,0.6713323628160739,,,,0.0,-0.4280663754015117,False,GREEN,SBY_K059,GREEN
TRS_SBY_0420,SBY,-6.860453094641905,112.52909871886531,1,True,259.639037217188,-8.87192530963955,3240.360962782812,20.092407718774787,3244.7969254376317,3249.2328880924515,True,2700.0,-8.87192530963955,0.0,9.373556184653108e-242,0.6711258000209841,,,,0.0,-0.4626951447649219,False,GREEN,SBY_K059,GREEN
TRS_SBY_0421,SBY,-6.861763308692944,112.52760060224881,1,True,186.24041349810756,-4.4405976482554,3313.7595865018925,20.092407718870007,3315.97988532602,3318.200184150148,True,2490.0,-4.4405976482554,0.0,2.7976565231921224e-249,0.6722918586527413,,,,0.0,-0.4626951447649219,False,GREEN,SBY_K059,GREEN
TRS_SBY_0422,SBY,-6.862618333009383,112.52561444526536,1,False,,,,,,,,2650.0,,,,,0.6054359487605249,True,kandidat restorasi baru,,,False,ABU,SBY_K059,GREEN
TRS_SBY_0423,SBY,-6.863440060550221,112.52360449664255,1,True,329.57117364808374,-7.931496939034515,3170.428826351916,20.092967739612384,3174.3945748214337,3178.360323290951,True,2490.0,-7.931496939034515,0.0,5.306933066989583e-231,0.6401633445965164,,,,0.0,-0.3904905275998828,False,GREEN,SBY_K059,GREEN
TRS_SBY_0424,SBY,-6.864207083876838,112.52261509110691,1,True,328.12626036273053,-7.092661362812211,3171.8737396372694,20.092514211610556,3175.4200703186757,3178.9664010000815,True,2520.0,-7.092661362812211,0.0,1.3054058720035663e-230,0.6305252034713791,,,,0.0,-0.34901649256749107,False,GREEN,SBY_K059,GREEN
TRS_SBY_0425,SBY,-6.886475586849211,112.53627932138573,1,True,511.8667222255951,-0.019883650830099367,2988.133277774405,20.092514431408315,2988.14321959982,2988.153161425235,True,2940.0,-0.019883650830099367,0.0,1.7047161166263482e-200,0.6503813281686612,,,,2.4910681751164237e-201,-0.3020420957639734,False,ORANGE,SBY_K060,ORANGE
TRS_SBY_0426,SBY,-6.888317652504909,112.53497005637746,1,True,509.97774701325363,-0.4368188040359361,2990.0222529867465,20.092407718774787,2990.2406623887646,2990.459071790782,True,2920.0,-0.4368188040359361,0.0,5.042195166124654e-201,0.6321573402149869,,,,2.087099970177222e-202,-0.34901649256749107,False,ORANGE,SBY_K060,ORANGE
TRS_SBY_0427,SBY,-6.890134915283683,112.53361492197779,1,True,530.2003313119026,-0.7127325871674627,2779.7996686880974,20.118091628497428,2780.156034981681,2780.512401275265,False,2620.0,-0.7127325871674627,0.0,3.0525346865547675e-174,0.6153904374716173,,,,0.0,-0.3904905275998828,False,ORANGE,SBY_K060,ORANGE
TRS_SBY_0428,SBY,-6.891871419028219,112.53214090233931,1,False,,,,,,,,2990.0,,,,,0.676392341224482,True,kandidat restorasi baru,,,False,ABU,SBY_K060,ORANGE
TRS_SBY_0429,SBY,-6.8934507138290115,112.53044518154987,1,True,526.849866690061,0.5690054454309944,2973.150133309939,20.092409248540374,2972.8656305872237,2972.581127864508,True,2810.0,0.5690054454309944,0.0,4.088484602511029e-198,0.795929400260099,,,,0.0,-0.4280663754015117,False,GREEN,SBY_K061,GREEN
TRS_SBY_0430,SBY,-6.895459540521058,112.52923028178492,1,True,502.23827471527187,0.14186115051692294,2997.761725284728,20.092500454481176,2997.6907947094696,2997.619864134211,True,2930.0,0.14186115051692294,0.0,6.073489123748797e-201,0.7892503553162072,,,,4.809064366751267e-202,-0.4280663754015117,False,GREEN,SBY_K061,GREEN
TRS_SBY_0431,SBY,-6.897508724508072,112.52796646472794,1,True,553.02619185717,-0.8178115875667802,2076.97380814283,20.09613454317679,2077.3827139366135,2077.7916197303966,False,1870.0,-0.8178115875667802,0.0,2.0076844729769096e-98,0.6655027192437624,,,,2.5250217467605895e-98,-0.3904905275998828,False,GREEN,SBY_K061,GREEN
TRS_SBY_0432,SBY,-6.899792841023616,112.52679272721417,1,True,468.03329212040535,-1.063212858514763,1601.9667078795947,20.092407718774787,1602.498314308852,1603.0299207381095,False,1470.0,-1.063212858514763,0.0,1.3740542798159873e-59,0.6042859069973598,,,,1.9990358063629844e-59,-0.3993590493978727,False,GREEN,SBY_K061,GREEN
TRS_SBY_0433,SBY,-6.901685979844012,112.5252960558289,1,True,530.296151995586,-31.82627949677898,1069.7038480044139,20.092987998862093,1085.6169877528037,1101.530127501193,False,1030.0,-31.82627949677898,0.0,1.0960868509450143e-35,0.5317613933276493,,,,2.7406267507512783e-35,-0.3590656658831597,False,GREEN,SBY_K061,GREEN
TRS_SBY_0434,SBY,-6.902977052270184,112.52352088681698,1,False,,,,,,,,880.0,,,,,0.4774873509050724,False,lainnya,,,False,ABU,SBY_K061,GREEN
TRS_SBY_0435,SBY,-6.904311068070334,112.52186004415836,1,True,500.0,0.0,710.0,232.72157183359627,710.0,710.0,False,700.0,0.0,0.0012036322750511254,0.003348002264024552,0.548191605083807,,,,0.010854704523896214,-0.2615305236892652,False,GREEN,SBY_K062,ABU
TRS_SBY_0436,SBY,-6.905769143232998,112.52030796176963,1,False,,,,,,,,350.0,,,,,0.363311231665662,False,lainnya,,,False,ABU,SBY_K062,ABU
TRS_SBY_0437,SBY,-6.905744618218816,112.51839650498519,1,False,,,,,,,,420.0,,,,,0.38868796463733174,False,lainnya,,,False,ABU,SBY_K062,ABU
TRS_SBY_0438,SBY,-6.905921565448947,112.51645710416261,1,False,,,,,,,,150.0,,,,,0.30048221820373716,False,lainnya,,,False,ABU,SBY_K062,ABU
TRS_SBY_0439,SBY,-6.906816623144747,112.51453053661362,1,False,,,,,,,,0.0,,,,,0.23719107896323086,False,lainnya,,,False,ABU,SBY_K062,ABU
TRS_SBY_0440,SBY,-6.907233080296135,112.51242005166716,1,False,,,,,,,,40.0,,,,,0.2749648382559775,False,lainnya,,,False,ABU,SBY_K062,ABU
TRS_SBY_0441,SBY,-6.90746535611421,112.51020399624264,1,False,,,,,,,,0.0,,,,,0.22724532851115128,False,lainnya,,,False,ABU,SBY_K062,ABU
TRS_SBY_0442,SBY,-6.906961657745801,112.50789056892089,1,False,,,,,,,,0.0,,,,,0.2217199115933293,False,lainnya,,,False,ABU,SBY_K062,ABU
TRS_SBY_0443,SBY,-6.906985860781832,112.50554945966599,1,False,,,,,,,,0.0,,,,,0.210267229254571,False,lainnya,,,False,ABU,SBY_K062,ABU
TRS_SBY_0444,SBY,-6.9059836216838475,112.50320118366551,1,False,,,,,,,,0.0,,,,,0.2197106690777577,False,lainnya,,,False,ABU,SBY_K062,ABU
TRS_SBY_0445,SBY,-6.903076910081127,112.5010376511147,1,False,,,,,,,,280.0,,,,,0.3701527024311835,False,lainnya,,,False,ABU,SBY_K062,ABU
TRS_SBY_0446,SBY,-6.903967975639051,112.49855849183022,1,False,,,,,,,,2990.0,,,,,0.4631498874756992,False,lainnya,,,False,ABU,SBY_K062,ABU
TRS_SBY_0447,SBY,-6.903087568910465,112.49624269628747,1,True,539.9601520022056,-0.634029038670421,2960.0398479977944,20.09240771880023,2960.3568625171297,2960.6738770364645,True,0.0,-0.634029038670421,0.0,3.4180978568901426e-197,0.3845609065155807,,,,1.1649291758379471e-196,,False,GREEN,SBY_K062,ABU
TRS_SBY_0448,SBY,-6.901413845572648,112.49408834181187,1,False,,,,,,,,0.0,,,,,0.21117138838657823,False,lainnya,,,False,ABU,SBY_K062,ABU
TRS_SBY_0449,SBY,-6.904178410791723,112.49098451030898,1,False,,,,,,,,90.0,,,,,0.4184917286183109,False,lainnya,,,False,ABU,SBY_K062,ABU
TRS_SBY_0450,SBY,-6.901634040193372,112.48903061108503,1,False,,,,,,,,150.0,,,,,0.5527828008840667,False,lainnya,,,False,ABU,SBY_K062,ABU
TRS_SBY_0451,SBY,-6.900283276247406,112.48684376688122,1,False,,,,,,,,190.0,,,,,0.3665387096433066,False,lainnya,,,False,ABU,SBY_K062,ABU
TRS_SBY_0452,SBY,-6.901481920176723,112.48386344928895,1,False,,,,,,,,0.0,,,,,0.21488848704038577,False,lainnya,,,False,ABU,SBY_K062,ABU
TRS_SBY_0453,SBY,-6.898164551542674,112.48237419134672,1,False,,,,,,,,2990.0,,,,,0.5004992866853075,False,lainnya,,,False,ABU,SBY_K062,ABU
TRS_SBY_0454,SBY,-6.899930203321344,112.47906849949082,3,False,,,,,,,,50.0,,,,,0.39493670886075954,False,lainnya,,,False,ABU,SBY_K062,ABU
TRS_SBY_0455,SBY,-6.89895500918337,112.47697008021753,1,False,,,,,,,,0.0,,,,,0.2180028129395218,False,lainnya,,,False,ABU,SBY_K062,ABU
TRS_SBY_0456,SBY,-6.898641239202022,112.47466216264233,1,False,,,,,,,,0.0,,,,,0.21287924452481413,False,lainnya,,,False,ABU,SBY_K062,ABU
TRS_SBY_0457,SBY,-6.894553832354446,112.47384312144986,1,False,,,,,,,,240.0,,,,,0.4529837251356239,False,lainnya,,,False,ABU,SBY_K062,ABU
TRS_SBY_0458,SBY,-6.892996599959633,112.47202582495004,1,False,,,,,,,,190.0,,,,,0.2294554952782801,False,lainnya,,,False,ABU,SBY_K062,ABU
TRS_SBY_0459,SBY,-6.892091809599969,112.4699511127935,1,False,,,,,,,,200.0,,,,,0.22312638135422946,False,lainnya,,,False,ABU,SBY_K062,ABU
TRS_SBY_0460,SBY,-6.8921328980690735,112.46750319735828,1,False,,,,,,,,0.0,,,,,0.15270243118344387,False,lainnya,,,False,ABU,SBY_K062,ABU
TRS_SBY_0461,SBY,-6.891213417984253,112.4654342809725,1,False,,,,,,,,30.0,,,,,0.19720715290335544,False,lainnya,,,False,ABU,SBY_K062,ABU
TRS_SBY_0462,SBY,-6.88970104256222,112.46359930496916,1,False,,,,,,,,0.0,,,,,0.1479807112718505,False,lainnya,,,False,ABU,SBY_K062,ABU
TRS_SBY_0463,SBY,-6.888142459819267,112.46178256847902,1,False,,,,,,,,60.0,,,,,0.19670484227446253,False,lainnya,,,False,ABU,SBY_K062,ABU
TRS_SBY_0464,SBY,-6.889667388712196,113.3490303744075,1,False,,,,,,,,0.0,,,,,0.1719911593329315,False,lainnya,,,False,ABU,SBY_K063,ABU
TRS_SBY_0465,SBY,-6.888654155190681,113.34680656521027,3,False,,,,,,,,50.0,,,,,0.22292545710267228,False,lainnya,,,False,ABU,SBY_K063,ABU
TRS_SBY_0466,SBY,-6.888999015574773,113.34453063193972,1,False,,,,,,,,50.0,,,,,0.22292545710267228,False,lainnya,,,False,ABU,SBY_K063,ABU
TRS_SBY_0467,SBY,-6.889226584029875,113.34225919414162,1,False,,,,,,,,30.0,,,,,0.2023307213180631,False,lainnya,,,False,ABU,SBY_K063,ABU
TRS_SBY_0468,SBY,-6.888786709483332,113.34001337592134,1,False,,,,,,,,40.0,,,,,0.21378340365682139,False,lainnya,,,False,ABU,SBY_K063,ABU
TRS_SBY_0469,SBY,-6.888881597101346,113.3377470236498,1,False,,,,,,,,60.0,,,,,0.22272453285111515,False,lainnya,,,False,ABU,SBY_K063,ABU
TRS_SBY_0470,SBY,-6.888536348907323,113.33549756926072,1,False,,,,,,,,40.0,,,,,0.21378340365682139,False,lainnya,,,False,ABU,SBY_K063,ABU
TRS_SBY_0471,SBY,-6.888426381509021,113.33323907737994,1,False,,,,,,,,60.0,,,,,0.20715290335543501,False,lainnya,,,False,ABU,SBY_K063,ABU
TRS_SBY_0472,SBY,-6.88846595858596,113.33097483802509,1,False,,,,,,,,80.0,,,,,0.20765521398432793,False,lainnya,,,False,ABU,SBY_K063,ABU
TRS_SBY_0473,SBY,-6.8881885604115745,113.32872277186459,1,False,,,,,,,,120.0,,,,,0.22011251758087202,False,lainnya,,,False,ABU,SBY_K063,ABU
TRS_SBY_0474,SBY,-6.888210077291843,113.32645921914622,1,False,,,,,,,,120.0,,,,,0.22382961623467953,False,lainnya,,,False,ABU,SBY_K063,ABU
TRS_SBY_0475,SBY,-6.888085606042611,113.32420127220081,1,False,,,,,,,,120.0,,,,,0.2337753666867591,False,lainnya,,,False,ABU,SBY_K063,ABU
TRS_SBY_0476,SBY,-6.88824196666094,113.32193252936361,1,False,,,,,,,,120.0,,,,,0.23940124573035967,False,lainnya,,,False,ABU,SBY_K063,ABU
TRS_SBY_0477,SBY,-6.888712937901912,113.31965168835187,1,False,,,,,,,,120.0,,,,,0.23940124573035967,False,lainnya,,,False,ABU,SBY_K063,ABU
TRS_SBY_0478,SBY,-6.889291232083716,113.3173667133333,1,False,,,,,,,,130.0,,,,,0.35140878811764886,False,lainnya,,,False,ABU,SBY_K063,ABU
TRS_SBY_0479,SBY,-6.890295489580707,113.31506535253645,1,False,,,,,,,,140.0,,,,,0.23799477596945953,False,lainnya,,,False,ABU,SBY_K063,ABU
TRS_SBY_0480,SBY,-6.892464625473453,113.312719189755,1,False,,,,,,,,160.0,,,,,0.2315651999196303,False,lainnya,,,False,ABU,SBY_K063,ABU
TRS_SBY_0481,SBY,-6.893281876160448,113.31042498909288,1,False,,,,,,,,140.0,,,,,0.22804902551737993,False,lainnya,,,False,ABU,SBY_K063,ABU
TRS_SBY_0482,SBY,-6.892300940569235,113.30819993220247,1,False,,,,,,,,170.0,,,,,0.23879847297568815,False,lainnya,,,False,ABU,SBY_K063,ABU
TRS_SBY_0483,SBY,-6.8921956400940525,113.30594120089775,1,False,,,,,,,,150.0,,,,,0.22965641952983726,False,lainnya,,,False,ABU,SBY_K063,ABU
TRS_SBY_0484,SBY,-6.891816611227874,113.30369299653233,1,False,,,,,,,,200.0,,,,,0.2424151095037171,False,lainnya,,,False,ABU,SBY_K063,ABU
TRS_SBY_0485,SBY,-6.891490203276524,113.30144276735946,1,False,,,,,,,,260.0,,,,,0.2506530038175608,False,lainnya,,,False,ABU,SBY_K063,ABU
TRS_SBY_0486,SBY,-6.8903906120068426,113.29922228839952,1,False,,,,,,,,380.0,,,,,0.2641149286718907,False,lainnya,,,False,ABU,SBY_K063,ABU
TRS_SBY_0487,SBY,-6.889351455447513,113.29699949079253,1,False,,,,,,,,510.0,,,,,0.29756881655615836,False,lainnya,,,False,ABU,SBY_K063,ABU
TRS_SBY_0488,SBY,-6.889156609209177,113.29474420282875,1,False,,,,,,,,510.0,,,,,0.29756881655615836,False,lainnya,,,False,ABU,SBY_K063,ABU
TRS_SBY_0489,SBY,-6.889405904146422,113.2924718161193,1,False,,,,,,,,430.0,,,,,0.30319469559975887,False,lainnya,,,False,ABU,SBY_K063,ABU
TRS_SBY_0490,SBY,-6.889945699780551,113.29018823936661,1,False,,,,,,,,240.0,,,,,0.2662246333132409,False,lainnya,,,False,ABU,SBY_K063,ABU
TRS_SBY_0491,SBY,-6.8906998425632,113.28789640077532,1,False,,,,,,,,0.0,,,,,0.16636528028933092,False,lainnya,,,False,ABU,SBY_K063,ABU
TRS_SBY_0492,SBY,-6.891294911712093,113.28561067677983,1,False,,,,,,,,0.0,,,,,0.16636528028933092,False,lainnya,,,False,ABU,SBY_K063,ABU
TRS_SBY_0493,SBY,-6.891939337307723,113.28332304257775,1,False,,,,,,,,0.0,,,,,0.15641952983725135,False,lainnya,,,False,ABU,SBY_K063,ABU
TRS_SBY_0494,SBY,-6.891895648408194,113.28106190186146,1,False,,,,,,,,0.0,,,,,0.15641952983725135,False,lainnya,,,False,ABU,SBY_K063,ABU
TRS_SBY_0495,SBY,-6.890896078246968,113.27883757922231,3,False,,,,,,,,80.0,,,,,0.21398432790837854,False,lainnya,,,False,ABU,SBY_K063,ABU
TRS_SBY_0496,SBY,-6.890575554754794,113.27658710140915,1,False,,,,,,,,480.0,,,,,0.2808921036769138,False,lainnya,,,False,ABU,SBY_K063,ABU
TRS_SBY_0497,SBY,-6.890635624254986,113.27432195809008,1,False,,,,,,,,60.0,,,,,0.20715290335543501,False,lainnya,,,False,ABU,SBY_K063,ABU
TRS_SBY_0498,SBY,-6.890851761530931,113.27205079608677,1,False,,,,,,,,420.0,,,,,0.27365883062085594,False,lainnya,,,False,ABU,SBY_K063,ABU
TRS_SBY_0499,SBY,-6.890445262878741,113.26980362479438,1,False,,,,,,,,90.0,,,,,0.258355100127252,False,lainnya,,,False,ABU,SBY_K063,ABU
TRS_SBY_0500,SBY,-6.890295585207578,113.26754655422813,1,False,,,,,,,,390.0,,,,,0.2932644008593375,False,lainnya,,,False,ABU,SBY_K063,ABU
TRS_SBY_0501,SBY,-6.890094056506618,113.26529148004556,1,False,,,,,,,,650.0,,,,,0.33587734347228015,False,lainnya,,,False,ABU,SBY_K063,ABU
TRS_SBY_0502,SBY,-6.88989251652377,113.2630364043148,1,False,,,,,,,,380.0,,,,,0.28333491957742457,False,lainnya,,,False,ABU,SBY_K063,ABU
TRS_SBY_0503,SBY,-6.889690965259922,113.26078132703934,1,False,,,,,,,,390.0,,,,,0.32745243504737176,False,lainnya,,,False,ABU,SBY_K063,ABU
TRS_SBY_0504,SBY,-6.889850463834989,113.2585123239715,1,False,,,,,,,,750.0,,,,,0.31776170383765323,False,lainnya,,,False,ABU,SBY_K063,ABU
TRS_SBY_0505,SBY,-6.8900713461738885,113.25624094795641,1,False,,,,,,,,170.0,,,,,0.327979292983016,False,lainnya,,,False,ABU,SBY_K063,ABU
TRS_SBY_0506,SBY,-6.8902922183832445,113.25396956634937,1,False,,,,,,,,810.0,,,,,0.35189650168553116,False,lainnya,,,False,ABU,SBY_K063,ABU
TRS_SBY_0507,SBY,-6.890513080461992,113.25169817915389,1,False,,,,,,,,790.0,,,,,0.3367490456098052,False,lainnya,,,False,ABU,SBY_K063,ABU
TRS_SBY_0508,SBY,-6.891071465851863,113.24941376325836,1,False,,,,,,,,730.0,,,,,0.3382270774329037,False,lainnya,,,False,ABU,SBY_K063,ABU
TRS_SBY_0509,SBY,-6.891639137967506,113.24712897996395,1,False,,,,,,,,40.0,,,,,0.3697006228651798,False,lainnya,,,False,ABU,SBY_K063,ABU
TRS_SBY_0510,SBY,-6.892200089856514,113.24484444688976,1,False,,,,,,,,250.0,,,,,0.3643520192887282,False,lainnya,,,False,ABU,SBY_K063,ABU
TRS_SBY_0511,SBY,-6.892612304128773,113.24256564550753,1,False,,,,,,,,190.0,,,,,0.23357444243520195,False,lainnya,,,False,ABU,SBY_K063,ABU
TRS_SBY_0512,SBY,-6.8923449309300056,113.24031306935716,1,False,,,,,,,,240.0,,,,,0.2422141852521599,False,lainnya,,,False,ABU,SBY_K063,ABU
TRS_SBY_0513,SBY,-6.891778208432295,113.23807204871382,1,False,,,,,,,,480.0,,,,,0.2761703837653205,False,lainnya,,,False,ABU,SBY_K063,ABU
TRS_SBY_0514,SBY,-6.891175510398506,113.23583241881931,1,False,,,,,,,,210.0,,,,,0.2518585493269037,False,lainnya,,,False,ABU,SBY_K063,ABU
TRS_SBY_0515,SBY,-6.890962575842204,113.23357773964919,1,False,,,,,,,,600.0,,,,,0.3090717299578059,False,lainnya,,,False,ABU,SBY_K063,ABU
TRS_SBY_0516,SBY,-6.891495478651108,113.23129425358107,1,False,,,,,,,,510.0,,,,,0.3556063775721259,False,lainnya,,,False,ABU,SBY_K063,ABU
TRS_SBY_0517,SBY,-6.8905610377256075,113.22906743602653,1,False,,,,,,,,380.0,,,,,0.432790837854129,False,lainnya,,,False,ABU,SBY_K063,ABU
TRS_SBY_0518,SBY,-6.89082388104674,113.22679437154514,1,False,,,,,,,,370.0,,,,,0.26602370906168377,False,lainnya,,,False,ABU,SBY_K063,ABU
TRS_SBY_0519,SBY,-6.892397066596823,113.22447067557131,1,False,,,,,,,,190.0,,,,,0.23990355635925256,False,lainnya,,,False,ABU,SBY_K063,ABU
TRS_SBY_0520,SBY,-6.892855459264566,113.22219003648993,1,False,,,,,,,,510.0,,,,,0.3270455861669562,False,lainnya,,,False,ABU,SBY_K063,ABU
TRS_SBY_0521,SBY,-6.8929275701619455,113.21992431672571,1,False,,,,,,,,640.0,,,,,0.2951577255374724,False,lainnya,,,False,ABU,SBY_K063,ABU
TRS_SBY_0522,SBY,-6.893430464524345,113.21764194325178,1,False,,,,,,,,80.0,,,,,0.39622262407072534,False,lainnya,,,False,ABU,SBY_K063,ABU
TRS_SBY_0523,SBY,-6.893561227153827,113.21537394530955,1,False,,,,,,,,80.0,,,,,0.22955595740405868,False,lainnya,,,False,ABU,SBY_K063,ABU
TRS_SBY_0524,SBY,-6.894018709927139,113.21309331201046,1,False,,,,,,,,0.0,,,,,0.1719911593329315,False,lainnya,,,False,ABU,SBY_K063,ABU
TRS_SBY_0525,SBY,-6.89472101995217,113.210803205071,1,False,,,,,,,,0.0,,,,,0.1762105686156319,False,lainnya,,,False,ABU,SBY_K063,ABU
TRS_SBY_0526,SBY,-6.895213390811833,113.20852120548373,1,False,,,,,,,,500.0,,,,,0.3263090214988949,False,lainnya,,,False,ABU,SBY_K063,ABU
TRS_SBY_0527,SBY,-6.895705752241895,113.20623919786247,1,False,,,,,,,,660.0,,,,,0.397364239136391,False,lainnya,,,False,ABU,SBY_K063,ABU
TRS_SBY_0528,SBY,-6.896198104239884,113.2039571822103,1,False,,,,,,,,760.0,,,,,0.3791017628459334,False,lainnya,,,False,ABU,SBY_K063,ABU
TRS_SBY_0529,SBY,-6.896690446803496,113.20167515853042,1,False,,,,,,,,870.0,,,,,0.3215203730262656,False,lainnya,,,False,ABU,SBY_K063,ABU
TRS_SBY_0530,SBY,-6.897210272987857,113.19939206326667,1,False,,,,,,,,20.0,,,,,0.5033152501506931,False,lainnya,,,False,ABU,SBY_K063,ABU
TRS_SBY_0531,SBY,-6.896805360641131,113.19714473692315,1,False,,,,,,,,20.0,,,,,0.3430781595338557,False,lainnya,,,False,ABU,SBY_K063,ABU
TRS_SBY_0532,SBY,-6.895961206252809,113.19491440702869,1,False,,,,,,,,900.0,,,,,0.40683812202799546,False,lainnya,,,False,ABU,SBY_K063,ABU
TRS_SBY_0533,SBY,-6.894768575482479,113.19269756776883,1,False,,,,,,,,0.0,,,,,0.16636528028933092,False,lainnya,,,False,ABU,SBY_K063,ABU
TRS_SBY_0534,SBY,-6.893449278676213,113.19048563943697,1,False,,,,,,,,60.0,,,,,0.22965641952983726,False,lainnya,,,False,ABU,SBY_K063,ABU
TRS_SBY_0535,SBY,-6.89342168767722,113.18822371794009,1,False,,,,,,,,120.0,,,,,0.24362065501306007,False,lainnya,,,False,ABU,SBY_K063,ABU
TRS_SBY_0536,SBY,-6.893712220794818,113.1859494767183,1,False,,,,,,,,120.0,,,,,0.2949568012859152,False,lainnya,,,False,ABU,SBY_K063,ABU
TRS_SBY_0537,SBY,-6.894005566475179,113.18367512007228,1,False,,,,,,,,170.0,,,,,0.2535841340755712,False,lainnya,,,False,ABU,SBY_K063,ABU
TRS_SBY_0538,SBY,-6.893918270349745,113.1814154969552,1,False,,,,,,,,300.0,,,,,0.3264014466546112,False,lainnya,,,False,ABU,SBY_K063,ABU
TRS_SBY_0539,SBY,-6.893296780188653,113.17917655983726,1,False,,,,,,,,210.0,,,,,0.3237894313843681,False,lainnya,,,False,ABU,SBY_K063,ABU
TRS_SBY_0540,SBY,-6.892695343372152,113.1769368482783,1,False,,,,,,,,530.0,,,,,0.3641391912230221,False,lainnya,,,False,ABU,SBY_K063,ABU
TRS_SBY_0541,SBY,-6.892121287260078,113.17469607811839,1,False,,,,,,,,400.0,,,,,0.3962577858147478,False,lainnya,,,False,ABU,SBY_K063,ABU
TRS_SBY_0542,SBY,-6.891476018391556,113.17245806890797,1,False,,,,,,,,720.0,,,,,0.4121709865380752,False,lainnya,,,False,ABU,SBY_K063,ABU
TRS_SBY_0543,SBY,-6.890645802508168,113.17022722890671,1,False,,,,,,,,540.0,,,,,0.47934945192329154,False,lainnya,,,False,ABU,SBY_K063,ABU
TRS_SBY_0544,SBY,-6.8901483904579734,113.16798349560334,1,False,,,,,,,,530.0,,,,,0.5006748022033429,False,lainnya,,,False,ABU,SBY_K063,ABU
TRS_SBY_0545,SBY,-6.891880191759998,113.16565336081239,1,False,,,,,,,,320.0,,,,,0.29311708860759494,False,lainnya,,,False,ABU,SBY_K063,ABU
TRS_SBY_0546,SBY,-6.89328894327437,113.16333572952117,1,False,,,,,,,,0.0,,,,,0.1719911593329315,False,lainnya,,,False,ABU,SBY_K063,ABU
TRS_SBY_0547,SBY,-6.893816238547169,113.16105225346338,1,False,,,,,,,,0.0,,,,,0.16124171187462327,False,lainnya,,,False,ABU,SBY_K063,ABU
TRS_SBY_0548,SBY,-6.894124059549143,113.15877727817119,1,False,,,,,,,,170.0,,,,,0.23879847297568815,False,lainnya,,,False,ABU,SBY_K063,ABU
TRS_SBY_0549,SBY,-6.8939736516122725,113.15652006477828,1,False,,,,,,,,20.0,,,,,0.3634719710669077,False,lainnya,,,False,ABU,SBY_K063,ABU
TRS_SBY_0550,SBY,-6.8930001179222185,113.15429477129065,1,False,,,,,,,,30.0,,,,,0.31344183242917417,False,lainnya,,,False,ABU,SBY_K063,ABU
TRS_SBY_0551,SBY,-6.8922666653304105,113.1520601717322,1,False,,,,,,,,170.0,,,,,0.23879847297568815,False,lainnya,,,False,ABU,SBY_K063,ABU
TRS_SBY_0552,SBY,-6.891125753086822,113.14984138193482,1,False,,,,,,,,90.0,,,,,0.22644163150492266,False,lainnya,,,False,ABU,SBY_K063,ABU
TRS_SBY_0553,SBY,-6.891600170711549,113.14755992952111,1,False,,,,,,,,0.0,,,,,0.16636528028933092,False,lainnya,,,False,ABU,SBY_K063,ABU
TRS_SBY_0554,SBY,-6.891616756120157,113.1452962335362,1,False,,,,,,,,120.0,,,,,0.22382961623467953,False,lainnya,,,False,ABU,SBY_K063,ABU
TRS_SBY_0555,SBY,-6.891945066823045,113.14302043675666,1,False,,,,,,,,280.0,,,,,0.2610508338356439,False,lainnya,,,False,ABU,SBY_K063,ABU
TRS_SBY_0556,SBY,-6.892443066936545,113.14073804739637,1,False,,,,,,,,500.0,,,,,0.322973678923046,False,lainnya,,,False,ABU,SBY_K063,ABU
TRS_SBY_0557,SBY,-6.893271806513377,113.13844281198385,1,False,,,,,,,,310.0,,,,,0.3378832954169826,False,lainnya,,,False,ABU,SBY_K063,ABU
TRS_SBY_0558,SBY,-6.894183251352349,113.13614435472064,1,False,,,,,,,,280.0,,,,,0.2869198312236287,False,lainnya,,,False,ABU,SBY_K063,ABU
TRS_SBY_0559,SBY,-6.892926310658048,113.13393007136317,1,False,,,,,,,,110.0,,,,,0.234642994136665,False,lainnya,,,False,ABU,SBY_K063,ABU
TRS_SBY_0560,SBY,-6.892294982130768,113.13169150450575,1,False,,,,,,,,430.0,,,,,0.3180771081860278,False,lainnya,,,False,ABU,SBY_K063,ABU
TRS_SBY_0561,SBY,-6.891336395923877,113.12946564916581,1,False,,,,,,,,520.0,,,,,0.2827004219409283,False,lainnya,,,False,ABU,SBY_K063,ABU
TRS_SBY_0562,SBY,-6.892916130456183,113.1271412122063,1,False,,,,,,,,60.0,,,,,0.26270845891099054,False,lainnya,,,False,ABU,SBY_K063,ABU
TRS_SBY_0563,SBY,-6.892841351961785,113.12488102466082,1,False,,,,,,,,50.0,,,,,0.34641350210970473,False,lainnya,,,False,ABU,SBY_K063,ABU
TRS_SBY_0564,SBY,-6.892331728954557,113.12263772727509,1,False,,,,,,,,110.0,,,,,0.2713756004895245,False,lainnya,,,False,ABU,SBY_K063,ABU
TRS_SBY_0565,SBY,-6.8900606724694695,113.12046287032858,1,False,,,,,,,,620.0,,,,,0.3733950365228438,False,lainnya,,,False,ABU,SBY_K063,ABU
TRS_SBY_0566,SBY,-6.894288369470006,113.11803549897215,1,False,,,,,,,,70.0,,,,,0.20243118344384167,False,lainnya,,,False,ABU,SBY_K063,ABU
TRS_SBY_0567,SBY,-6.8947886213993215,113.11575294459537,1,False,,,,,,,,0.0,,,,,0.15641952983725135,False,lainnya,,,False,ABU,SBY_K063,ABU
TRS_SBY_0568,SBY,-6.894446203929527,113.11350313361544,1,False,,,,,,,,10.0,,,,,0.5167771750050231,False,lainnya,,,False,ABU,SBY_K063,ABU
TRS_SBY_0569,SBY,-6.894402561094844,113.11124170838308,1,False,,,,,,,,0.0,,,,,0.15270243118344387,False,lainnya,,,False,ABU,SBY_K063,ABU
TRS_SBY_0570,SBY,-6.89384326149465,113.10900032682335,1,False,,,,,,,,30.0,,,,,0.18866787221217604,False,lainnya,,,False,ABU,SBY_K063,ABU
TRS_SBY_0571,SBY,-6.88891355854145,113.1069288801598,1,False,,,,,,,,580.0,,,,,0.42428619927528705,False,lainnya,,,False,ABU,SBY_K063,ABU
TRS_SBY_0572,SBY,-6.8892554859640835,113.10465247670851,1,False,,,,,,,,520.0,,,,,0.35313209996754297,False,lainnya,,,False,ABU,SBY_K063,ABU
TRS_SBY_0573,SBY,-6.889211880656642,113.10239106091615,1,False,,,,,,,,480.0,,,,,0.30332027325698213,False,lainnya,,,False,ABU,SBY_K063,ABU
TRS_SBY_0574,SBY,-6.889041901169364,113.10013455755825,1,False,,,,,,,,440.0,,,,,0.30484318775458014,False,lainnya,,,False,ABU,SBY_K063,ABU
TRS_SBY_0575,SBY,-6.888964325630741,113.0978744573923,1,False,,,,,,,,440.0,,,,,0.3063090214988949,False,lainnya,,,False,ABU,SBY_K063,ABU
TRS_SBY_0576,SBY,-6.888894089850829,113.09561406872876,1,False,,,,,,,,390.0,,,,,0.3921036769138035,False,lainnya,,,False,ABU,SBY_K063,ABU
TRS_SBY_0577,SBY,-6.889020828200486,113.09334601236347,1,False,,,,,,,,370.0,,,,,0.2585895117540687,False,lainnya,,,False,ABU,SBY_K063,ABU
TRS_SBY_0578,SBY,-6.888579400022117,113.09110006250363,1,False,,,,,,,,370.0,,,,,0.2979407979407979,False,lainnya,,,False,ABU,SBY_K063,ABU
TRS_SBY_0579,SBY,-6.888905241503759,113.08882424963797,1,False,,,,,,,,50.0,,,,,0.20313441832429172,False,lainnya,,,False,ABU,SBY_K063,ABU
TRS_SBY_0580,SBY,-6.888653384243034,113.08657091787099,1,False,,,,,,,,0.0,,,,,0.1762105686156319,False,lainnya,,,False,ABU,SBY_K063,ABU
TRS_SBY_0581,SBY,-6.887425530572103,113.08435558212862,1,False,,,,,,,,0.0,,,,,0.201627486437613,False,lainnya,,,False,ABU,SBY_K063,ABU
TRS_SBY_0582,SBY,-6.884446111222635,113.08220845707919,3,False,,,,,,,,260.0,,,,,0.3790126891392714,False,lainnya,,,False,ABU,SBY_K063,ABU
TRS_SBY_0583,SBY,-6.885069679970013,113.07992728611076,1,False,,,,,,,,0.0,,,,,0.201627486437613,False,lainnya,,,False,ABU,SBY_K063,ABU
TRS_SBY_0584,SBY,-6.883792707013284,113.0777193602608,1,False,,,,,,,,70.0,,,,,0.2560779586096042,False,lainnya,,,False,ABU,SBY_K063,ABU
TRS_SBY_0585,SBY,-6.884439027428038,113.07544415165067,1,False,,,,,,,,150.0,,,,,0.26532047418123367,False,lainnya,,,False,ABU,SBY_K063,ABU
TRS_SBY_0586,SBY,-6.883363605183892,113.07322207806801,1,False,,,,,,,,120.0,,,,,0.248442837050432,False,lainnya,,,False,ABU,SBY_K063,ABU
TRS_SBY_0587,SBY,-6.883401139522272,113.07096591359064,1,False,,,,,,,,560.0,,,,,0.31514968856741005,False,lainnya,,,False,ABU,SBY_K063,ABU
TRS_SBY_0588,SBY,-6.8827809631003385,113.06872520500272,1,False,,,,,,,,150.0,,,,,0.2521599357042395,False,lainnya,,,False,ABU,SBY_K063,ABU
TRS_SBY_0589,SBY,-6.88252283391908,113.06647430457477,1,False,,,,,,,,80.0,,,,,0.238597548724131,False,lainnya,,,False,ABU,SBY_K063,ABU
TRS_SBY_0590,SBY,-6.882153444105676,113.06422421390128,1,False,,,,,,,,380.0,,,,,0.4374173831202479,False,lainnya,,,False,ABU,SBY_K063,ABU
TRS_SBY_0591,SBY,-6.882559821417994,113.06196202605037,1,False,,,,,,,,190.0,,,,,0.2596945951376331,False,lainnya,,,False,ABU,SBY_K063,ABU
TRS_SBY_0592,SBY,-6.883081932052494,113.0597015727109,1,False,,,,,,,,210.0,,,,,0.26692786819369096,False,lainnya,,,False,ABU,SBY_K063,ABU
TRS_SBY_0593,SBY,-6.884219030429183,113.05744015999096,1,False,,,,,,,,720.0,,,,,0.3050030138637734,False,lainnya,,,False,ABU,SBY_K063,ABU
TRS_SBY_0594,SBY,-6.88493537241456,113.05518793665152,1,False,,,,,,,,20.0,,,,,0.19168173598553348,False,lainnya,,,False,ABU,SBY_K063,ABU
TRS_SBY_0595,SBY,-6.885041927907612,113.05294142632577,1,False,,,,,,,,150.0,,,,,0.31611412497488445,False,lainnya,,,False,ABU,SBY_K063,ABU
TRS_SBY_0596,SBY,-6.884734403759202,113.0506954651211,1,False,,,,,,,,40.0,,,,,0.29711673699015473,False,lainnya,,,False,ABU,SBY_K063,ABU
TRS_SBY_0597,SBY,-6.883470316491066,113.04844393518877,1,False,,,,,,,,730.0,,,,,0.35192570756989,False,lainnya,,,False,ABU,SBY_K063,ABU
TRS_SBY_0598,SBY,-6.881175696516039,113.04617773415872,1,False,,,,,,,,80.0,,,,,0.22955595740405868,False,lainnya,,,False,ABU,SBY_K063,ABU
TRS_SBY_0599,SBY,-6.880627071440799,113.04391655793864,1,False,,,,,,,,40.0,,,,,0.20815752461322082,False,lainnya,,,False,ABU,SBY_K063,ABU
TRS_SBY_0600,SBY,-6.880077764573625,113.04165262447114,1,False,,,,,,,,40.0,,,,,0.20815752461322082,False,lainnya,,,False,ABU,SBY_K063,ABU
TRS_SBY_0601,SBY,-6.879863100091883,113.03939118672767,1,False,,,,,,,,960.0,,,,,0.3983951175406872,False,lainnya,,,False,ABU,SBY_K063,ABU
TRS_SBY_0602,SBY,-6.87990551184582,113.0371326567787,1,True,546.7645128001725,-0.39206133358883954,853.2354871998275,20.092560814356993,853.4315178666219,853.6275485334163,False,510.0,-0.39206133358883954,6.072301430409999e-205,3.5999591945536405e-18,0.5135949563961562,,,,1.111435356727819e-17,-0.24644111940716545,False,GREEN,SBY_K063,ABU
TRS_SBY_0603,SBY,-6.879950145545229,113.03487350454458,1,True,520.3383619233274,-0.029477296011970654,619.6616380766726,20.092561177797084,619.6763767246786,619.6911153726845,False,170.0,-0.029477296011970654,4.2149991720720045e-109,2.1689645471754744e-10,0.5011456423929345,,,,6.97769473813813e-10,-0.24644111940716545,False,GREEN,SBY_K063,ABU
TRS_SBY_0604,SBY,-6.880364338934569,113.03262305210824,1,False,,,,,,,,850.0,,,,,0.38394024276377214,False,lainnya,,,False,ABU,SBY_K063,ABU
TRS_SBY_0605,SBY,-6.880809016465664,113.03037500877208,3,False,,,,,,,,310.0,,,,,0.3915430334376843,False,lainnya,,,False,ABU,SBY_K063,ABU
TRS_SBY_0606,SBY,-6.883436687211487,113.028197001791,1,False,,,,,,,,0.0,,,,,0.15009041591320074,False,lainnya,,,False,ABU,SBY_K063,ABU
TRS_SBY_0607,SBY,-6.880847836888128,113.02585495673382,3,False,,,,,,,,280.0,,,,,0.30334538878842676,False,lainnya,,,False,ABU,SBY_K063,ABU
TRS_SBY_0608,SBY,-6.882210086080908,113.02364374811287,1,False,,,,,,,,20.0,,,,,0.16757082579867388,False,lainnya,,,False,ABU,SBY_K063,ABU
TRS_SBY_0609,SBY,-6.8826537847547,113.02140278098639,1,False,,,,,,,,730.0,,,,,0.2885175918815593,False,lainnya,,,False,ABU,SBY_K063,ABU
TRS_SBY_0610,SBY,-6.882320416380596,113.01912994777143,1,False,,,,,,,,780.0,,,,,0.34739803094233473,False,lainnya,,,False,ABU,SBY_K063,ABU
TRS_SBY_0611,SBY,-6.881986613809308,113.01685418033435,1,False,,,,,,,,900.0,,,,,0.3464871743352756,False,lainnya,,,False,ABU,SBY_K063,ABU
TRS_SBY_0612,SBY,-6.881652368376384,113.01457547408394,1,False,,,,,,,,920.0,,,,,0.33947462676136314,False,lainnya,,,False,ABU,SBY_K063,ABU
TRS_SBY_0613,SBY,-6.881470750138882,113.01230181193019,1,True,597.7827991987857,4.309760594935607,862.2172008012143,20.092561731966793,860.0623205037465,857.9074402062787,False,530.0,4.309760594935607,5.635283909165198e-207,1.2781602365049342e-17,0.452218851889465,,,,2.60973136250971e-17,-0.34901649256749095,False,GREEN,SBY_K064,GREEN
TRS_SBY_0614,SBY,-6.8810393418067815,113.01001236113062,1,True,595.8222981768348,-0.266109205074703,1024.177701823165,20.092561045968182,1024.3107564257025,1024.44381102824,False,610.0,-0.266109205074703,4.230373181387782e-294,2.668384525184663e-25,0.5161815585380578,,,,3.9530585848444425e-25,-0.3904905260213907,False,GREEN,SBY_K064,GREEN
TRS_SBY_0615,SBY,-6.882461656796699,113.007827204838,1,True,540.0349762025604,0.6380126582982004,959.9650237974396,20.092560946158457,959.6460174682904,959.3270111391414,False,290.0,0.6380126582982004,3.34208857853069e-258,2.8574328549091516e-22,0.4448935234932109,,,,5.851062945475583e-22,-0.4275182710875484,False,GREEN,SBY_K064,GREEN
TRS_SBY_0616,SBY,-6.8819412657153585,113.00553084652225,1,True,486.21092995562907,0.2673130498099548,983.7890700443709,20.092560814356993,983.655413519466,983.521756994561,False,380.0,0.2673130498099548,2.885369210164717e-271,2.22930128160938e-23,0.4157223796033994,,,,3.292948306238999e-23,-0.46218733592404637,False,GREEN,SBY_K064,GREEN
TRS_SBY_0617,SBY,-6.885485704965418,113.00349110930533,1,True,540.4231474255531,9.563836082756588,669.5768525744469,20.092560814356993,664.7949345330686,660.0130164916903,False,0.0,9.563836082756588,1.8597440425908845e-123,1.9126448957670802e-10,0.36225212464589235,,,,5.452391121226617e-10,-0.4621873359240441,False,GREEN,SBY_K064,GREEN
TRS_SBY_0618,SBY,-6.886759829754797,113.0013192575155,1,True,538.6477927009204,0.5435878317825349,381.3522072990796,20.092637854210185,381.08041338318833,380.80861946729704,False,250.0,0.5435878317825349,1.5787781899446705e-42,6.87054919592699e-05,0.5630594900849859,,,,0.0002072465656756995,-0.46218733592404404,False,YELLOW,SBY_K064,GREEN
TRS_SBY_0619,SBY,-6.883467262799369,112.99883267952117,1,True,369.5318756814427,0.43938573416839954,1040.4681243185573,20.092637854210185,1040.2484314514732,1040.028738584389,False,310.0,0.43938573416839954,4.865100250251884e-303,6.934262013871464e-26,0.5112743306223156,,,,1.8720179745783446e-25,-0.4621873359230779,False,GREEN,SBY_K064,GREEN
TRS_SBY_0620,SBY,-6.8838331232631,112.996590900932,1,True,546.2740200634234,0.3437033098734659,803.7259799365766,20.092637854210185,803.5541282816398,803.3822766267031,False,480.0,0.3437033098734659,8.477801310902091e-182,3.3441407778437243e-16,0.5095166430594901,,,,9.465028634138423e-16,-0.42751827108650314,False,GREEN,SBY_K064,GREEN
TRS_SBY_0621,SBY,-6.884198974192454,112.99434911595218,1,True,559.792278137245,-3.298851756944969,830.207721862755,20.092637854210185,831.8571477412274,833.5065736196999,False,590.0,-3.298851756944969,1.6613250939067985e-195,7.565298120660622e-18,0.4789155903394632,,,,2.239828315422034e-17,-0.38989053939516394,False,GREEN,SBY_K064,GREEN
TRS_SBY_0622,SBY,-6.884214538250582,112.99208336893237,1,True,591.9657571925871,2.0146334652674645,738.0342428074129,21.344544039058,737.0269260747791,736.0196093421454,False,460.0,2.0146334652674645,1.4676288498901864e-143,1.3426141812005373e-13,0.45601367163443773,,,,3.9429423326444697e-13,-0.34901649256621264,False,GREEN,SBY_K064,GREEN
TRS_SBY_0623,SBY,-6.885403951572216,112.98989789442395,1,False,,,,,,,,50.0,,,,,0.19941731967048426,False,lainnya,,,False,ABU,SBY_K065,ABU
TRS_SBY_0624,SBY,-6.88669264276015,112.98771919638814,1,False,,,,,,,,0.0,,,,,0.1762105686156319,False,lainnya,,,False,ABU,SBY_K065,ABU
TRS_SBY_0625,SBY,-6.886793514673108,112.98545926341582,1,False,,,,,,,,0.0,,,,,0.15270243118344387,False,lainnya,,,False,ABU,SBY_K065,ABU
TRS_SBY_0626,SBY,-6.886163035848638,112.98314932224226,1,False,,,,,,,,630.0,,,,,0.4258589511754069,False,lainnya,,,False,ABU,SBY_K065,ABU
TRS_SBY_0627,SBY,-6.885580628845472,112.98084267165872,1,False,,,,,,,,1040.0,,,,,0.4657713945688629,False,lainnya,,,False,ABU,SBY_K065,ABU
TRS_SBY_0628,SBY,-6.886330971992567,112.97862713543202,1,False,,,,,,,,940.0,,,,,0.3939269576220828,False,lainnya,,,False,ABU,SBY_K065,ABU
TRS_SBY_0629,SBY,-6.887029750452402,112.97640806526796,1,False,,,,,,,,950.0,,,,,0.43393081860770066,False,lainnya,,,False,ABU,SBY_K065,ABU
TRS_SBY_0630,SBY,-6.8876541897830155,112.97418390505834,1,False,,,,,,,,960.0,,,,,0.4485257183041993,False,lainnya,,,False,ABU,SBY_K065,ABU
TRS_SBY_0631,SBY,-6.888524794964188,112.9719765626171,1,False,,,,,,,,300.0,,,,,0.42869198312236284,False,lainnya,,,False,ABU,SBY_K065,ABU
TRS_SBY_0632,SBY,-6.888990576006808,112.96974154166305,1,False,,,,,,,,480.0,,,,,0.3580093429776974,False,lainnya,,,False,ABU,SBY_K065,ABU
TRS_SBY_0633,SBY,-6.887398850774623,112.96736590083265,1,False,,,,,,,,0.0,,,,,0.1436608398633715,False,lainnya,,,False,ABU,SBY_K065,ABU
TRS_SBY_0634,SBY,-6.887307018175943,112.9650927705598,1,False,,,,,,,,10.0,,,,,0.17972674301788227,False,lainnya,,,False,ABU,SBY_K065,ABU
TRS_SBY_0635,SBY,-6.886085592496505,112.9627424532121,3,False,,,,,,,,250.0,,,,,0.40176813341370304,False,lainnya,,,False,ABU,SBY_K065,ABU
TRS_SBY_0636,SBY,-6.8890526272419335,112.96067832720789,1,False,,,,,,,,10.0,,,,,0.17711472774763914,False,lainnya,,,False,ABU,SBY_K065,ABU
TRS_SBY_0637,SBY,-6.888546115355435,112.95837685122669,1,False,,,,,,,,0.0,,,,,0.14446453686960017,False,lainnya,,,False,ABU,SBY_K065,ABU
TRS_SBY_0638,SBY,-6.887967065071458,112.95607042237195,1,False,,,,,,,,50.0,,,,,0.45704239501707855,False,lainnya,,,False,ABU,SBY_K065,ABU
TRS_SBY_0639,SBY,-6.887502816983885,112.9537718394184,1,False,,,,,,,,0.0,,,,,0.14135021097046413,False,lainnya,,,False,ABU,SBY_K065,ABU
TRS_SBY_0640,SBY,-6.887199273611089,112.95148423604962,1,False,,,,,,,,0.0,,,,,0.13713080168776373,False,lainnya,,,False,ABU,SBY_K065,ABU
TRS_SBY_0641,SBY,-6.88785134963657,112.9492619045335,1,False,,,,,,,,830.0,,,,,0.3570036626312363,False,lainnya,,,False,ABU,SBY_K065,ABU
TRS_SBY_0642,SBY,-6.8885034413135795,112.94703956594033,1,False,,,,,,,,650.0,,,,,0.29365079365079366,False,lainnya,,,False,ABU,SBY_K065,ABU
TRS_SBY_0643,SBY,-6.889155524336033,112.94481721861249,1,False,,,,,,,,530.0,,,,,0.31263813542294555,False,lainnya,,,False,ABU,SBY_K065,ABU
TRS_SBY_0644,SBY,-6.889617483183042,112.94258187952414,1,True,536.7857193278712,1.0989308874180161,533.2142806721288,20.092694971096822,532.6648152284198,532.1153497847108,False,0.0,1.0989308874180161,6.141627068661047e-81,5.538034009952825e-08,0.37623937677053826,,,,1.7180433291688639e-07,-0.3489904824167354,False,GREEN,SBY_K066,GREEN
TRS_SBY_0645,SBY,-6.889724565614312,112.94032230097902,1,True,430.0281930805948,0.6372463495198091,569.9718069194053,20.092560814356993,569.6531837446453,569.3345605698854,False,220.0,0.6372463495198091,1.9351271192457488e-92,5.734563944063961e-09,0.41681689415400464,,,,1.79731390354204e-08,-0.3489904824167354,False,GREEN,SBY_K066,GREEN
TRS_SBY_0646,SBY,-6.889187947797747,112.93801876698154,1,True,389.99207326414756,-0.001104615418326824,740.0079267358524,20.092637854210185,740.0084790435616,740.0090313512708,False,660.0,-0.001104615418326824,1.326088687424181e-154,4.6034345136074727e-14,0.4271933213151343,,,,1.4145607926944287e-13,-0.3489904824167354,False,GREEN,SBY_K066,GREEN
TRS_SBY_0647,SBY,-6.890837618118825,112.93586450689163,1,True,512.2077697475751,0.7743931167489497,457.79223025242493,20.092637857404636,457.4050336940504,457.017837135676,False,0.0,0.7743931167489497,2.458218217942048e-60,2.4281730086526074e-06,0.3693342776203966,,,,7.851814494709022e-06,-0.3489904824167354,False,YELLOW,SBY_K066,GREEN
TRS_SBY_0648,SBY,-6.8910949223431075,112.93361517024947,1,False,,,,,,,,460.0,,,,,0.4361541351084554,False,lainnya,,,False,ABU,SBY_K067,ABU
TRS_SBY_0649,SBY,-6.891664663205374,112.93138715833086,1,False,,,,,,,,330.0,,,,,0.3116335141651598,False,lainnya,,,False,ABU,SBY_K067,ABU
TRS_SBY_0650,SBY,-6.8915387793965,112.92911165324429,1,False,,,,,,,,350.0,,,,,0.3437211171388386,False,lainnya,,,False,ABU,SBY_K067,ABU
TRS_SBY_0651,SBY,-6.890393347885591,112.92676655501471,1,False,,,,,,,,180.0,,,,,0.28661844484629295,False,lainnya,,,False,ABU,SBY_K067,ABU
TRS_SBY_0652,SBY,-6.890805131666854,112.92452775009721,1,False,,,,,,,,250.0,,,,,0.32935905163753265,False,lainnya,,,False,ABU,SBY_K067,ABU
TRS_SBY_0653,SBY,-6.89336324733625,112.9224354251562,1,False,,,,,,,,100.0,,,,,0.26662648181635523,False,lainnya,,,False,ABU,SBY_K067,ABU
TRS_SBY_0654,SBY,-6.894022042923719,112.92021345626708,1,False,,,,,,,,0.0,,,,,0.20413903958207755,False,lainnya,,,False,ABU,SBY_K067,ABU
TRS_SBY_0655,SBY,-6.893605495757274,112.91791809617345,1,False,,,,,,,,0.0,,,,,0.18274060679123968,False,lainnya,,,False,ABU,SBY_K067,ABU
TRS_SBY_0656,SBY,-6.893381517520694,112.9156358781025,1,False,,,,,,,,0.0,,,,,0.201627486437613,False,lainnya,,,False,ABU,SBY_K067,ABU
TRS_SBY_0657,SBY,-6.893464920109764,112.91337463295221,1,False,,,,,,,,0.0,,,,,0.20413903958207755,False,lainnya,,,False,ABU,SBY_K067,ABU
TRS_SBY_0658,SBY,-6.89254448717204,112.91104489685094,1,False,,,,,,,,0.0,,,,,0.20413903958207755,False,lainnya,,,False,ABU,SBY_K067,ABU
TRS_SBY_0659,SBY,-6.893017555271335,112.90881023384436,1,False,,,,,,,,0.0,,,,,0.201627486437613,False,lainnya,,,False,ABU,SBY_K067,ABU
TRS_SBY_0660,SBY,-6.892896357588117,112.90653502536505,1,False,,,,,,,,0.0,,,,,0.18274060679123968,False,lainnya,,,False,ABU,SBY_K067,ABU
TRS_SBY_0661,SBY,-6.891836959636533,112.90419844291101,1,False,,,,,,,,0.0,,,,,0.17892304601165357,False,lainnya,,,False,ABU,SBY_K067,ABU
TRS_SBY_0662,SBY,-6.893793769813937,112.90211102065766,1,False,,,,,,,,0.0,,,,,0.201627486437613,False,lainnya,,,False,ABU,SBY_K067,ABU
TRS_SBY_0663,SBY,-6.890949523848727,112.89963212749302,1,True,536.4733057803412,0.015905612003471847,383.5266942196588,20.096268480142925,383.51874141365704,383.5107886076553,False,0.0,0.015905612003471847,4.3132427628666364e-43,5.652640041308294e-05,0.3813739376770538,,,,0.0001972763793203386,-0.042287513940925635,False,YELLOW,SBY_K067,ABU
TRS_SBY_0664,SBY,-6.891708825582956,112.89745038213981,1,True,531.4995120386772,0.7310838217633868,328.50048796132285,118.6989543233686,328.13494605044116,327.76940413955947,False,320.0,0.7310838217633868,0.0032659490129446694,0.019825860903445743,0.41225008498472415,,,,0.06939737826127128,-0.12387324351975966,False,YELLOW,SBY_K068,YELLOW
TRS_SBY_0665,SBY,-6.892007735130798,112.89523065662168,1,False,,,,,,,,370.0,,,,,0.44315201277226596,False,lainnya,,,False,ABU,SBY_K068,YELLOW
TRS_SBY_0666,SBY,-6.891285358909536,112.89289226138706,1,True,500.0257870596847,0.6092489925706094,469.9742129403153,20.092644400881817,469.66958844402996,469.3649639477447,False,440.0,0.6092489925706094,1.6257414989172997e-63,1.2926575491588684e-06,0.4318825650270409,,,,4.205389273468694e-06,-0.2439491314083979,False,YELLOW,SBY_K068,YELLOW
TRS_SBY_0667,SBY,-6.89093550548547,112.89058437271876,1,True,479.99885544577535,-0.02240982224957798,450.00114455422465,20.09256094615845,450.0123494653494,450.02355437647424,False,210.0,-0.02240982224957798,1.4412862765454602e-58,2.9137622680249556e-06,0.5201672737083503,,,,8.97084162086009e-06,-0.24447077287583796,False,YELLOW,SBY_K068,YELLOW
TRS_SBY_0668,SBY,-6.890684537046646,112.88828007785521,1,True,616.9824292529356,-0.8269324114406885,443.0175707470644,20.09256083336173,443.4310369527848,443.84450315850506,False,0.0,-0.8269324114406885,4.9914143987705063e-57,3.354053212295041e-06,0.39943342776203966,,,,9.873466525853593e-06,-0.46263850253895955,False,YELLOW,SBY_K068,YELLOW
TRS_SBY_0669,SBY,-6.89072104610903,112.88601058178222,1,True,559.9392345893182,-1.2754268769116166,580.0607654106818,20.092560814356993,580.6984788491376,581.3361922875935,False,490.0,-1.2754268769116166,2.7739094517440732e-96,1.7596994674117553e-09,0.4340709371567324,,,,5.1291124187782426e-09,-0.46263850253895955,False,GREEN,SBY_K069,GREEN
TRS_SBY_0670,SBY,-6.890757582820814,112.88373869773484,1,True,631.9089161554676,2.5532981424121117,568.0910838445324,21.344544039058,566.8144347733263,565.5377857021202,False,0.0,2.5532981424121117,1.1110822342960518e-85,1.2312668486727061e-08,0.3780099150141643,,,,3.529891611989028e-08,1.1838016726412361,False,GREEN,SBY_K069,GREEN
TRS_SBY_0671,SBY,-6.890922692955391,112.88148631293846,1,True,595.8530034137717,3.2867945432603545,574.1469965862283,20.092489164566498,572.5035993145981,570.8602020429679,False,0.0,3.2867945432603545,4.718827598222472e-93,9.331389924549752e-09,0.39341359773371104,,,,2.671656089212569e-08,1.349058968023272,False,GREEN,SBY_K069,GREEN
TRS_SBY_0672,SBY,-6.8911685058990155,112.87924876684737,1,True,526.2826834939061,0.19141844777095507,703.7173165060939,20.270560433545665,703.6216072822084,703.5258980583229,False,0.0,0.19141844777095507,3.856129546543144e-139,6.391017040318575e-13,0.39624645892351273,,,,1.8528254114452543e-12,1.0488213198351102,False,GREEN,SBY_K069,GREEN
TRS_SBY_0673,SBY,-6.896917875675928,112.87806577945611,1,True,489.9668962345595,-0.6336243009324003,80.0331037654405,20.270560430539444,80.3499159159067,80.66672806637291,False,0.0,-0.6336243009324003,0.0020138741334020725,0.20040189785303308,0.4007004974723152,,,,0.6719499104145498,1.5580895658926306,False,YELLOW,SBY_K069,GREEN
TRS_SBY_0674,SBY,-6.897866974628435,112.87603186567682,1,False,,,,,,,,70.0,,,,,0.2647177014265622,False,lainnya,,,False,ABU,SBY_K069,GREEN
TRS_SBY_0675,SBY,-6.89701330489019,112.87363227540718,1,True,490.45729932640575,2.555095428003936,349.54270067359425,20.0923966522089,348.2651529595923,346.9876052455903,False,0.0,2.555095428003936,9.189491959343006e-36,0.00033431706744627956,0.39341359773371104,,,,0.0011241478832285491,1.558089386355013,False,YELLOW,SBY_K069,GREEN
TRS_SBY_0676,SBY,-6.892163182843199,112.87032065432723,1,True,486.44058019229055,-1.91984757948092,923.5594198077094,20.092407718774787,924.51934359745,925.4792673871904,False,740.0,-1.91984757948092,3.005105923669678e-241,2.1085460185417328e-21,0.5043593522701171,,,,5.720101593366608e-21,-0.42503373822705265,False,GREEN,SBY_K069,GREEN
TRS_SBY_0677,SBY,-6.891900600961204,112.8679742999124,1,True,469.88001622687227,-2.350751234224602,1140.1199837731278,20.092407718774826,1141.29535939024,1142.4707350073522,False,0.0,-2.350751234224602,0.0,1.3425556932785698e-31,0.35375354107648727,,,,3.4840059851278833e-31,-0.42503373823195284,False,GREEN,SBY_K069,GREEN
TRS_SBY_0678,SBY,-6.89211818742488,112.865736380153,1,True,560.7763107167277,0.1839698866864839,719.2236892832723,118.67322711367686,719.131704339929,719.0397193965858,False,410.0,0.1839698866864839,1.200125159596163e-09,2.642480927060887e-06,0.5060802871317382,,,,6.568471459464156e-06,-0.42800676063726856,False,GREEN,SBY_K069,GREEN
TRS_SBY_0679,SBY,-6.891989041204455,112.8634113111307,1,True,1042.450895335426,-1.246932426955496,447.5491046645741,37.76170443126245,448.17257087805183,448.79603709152957,False,0.0,-1.246932426955496,2.35946498413833e-26,7.297102433952584e-06,0.3459631728045326,,,,1.597283536659946e-05,-0.462639912752405,False,YELLOW,SBY_K069,GREEN
TRS_SBY_0680,SBY,-6.893078750239793,112.86139415137002,1,False,,,,,,,,1050.0,,,,,0.4500301386377335,False,lainnya,,,False,ABU,SBY_K069,GREEN
TRS_SBY_0681,SBY,-6.893238763740797,112.85911340158299,1,True,614.1074059024385,-2.0310176275841236,1045.8925940975614,30.06375707705079,1046.9081029113536,1047.9236117251457,False,950.0,-2.0310176275841236,1.916279364807658e-188,1.8250780615044599e-25,0.47184657820187864,,,,2.971936911831544e-25,-0.462639912752405,False,GREEN,SBY_K069,GREEN
TRS_SBY_0682,SBY,-6.894578593227926,112.85716308988577,1,True,476.2743815205021,-1.54138570417056,733.7256184794978,30.06332303337475,734.4963113315832,735.2670041836684,False,240.0,-1.54138570417056,4.866761996101042e-94,1.5678707027090707e-13,0.4590710576015109,,,,2.618729539356238e-13,-0.462639912752405,False,GREEN,SBY_K069,GREEN
TRS_SBY_0683,SBY,-6.894819442937756,112.85483479006471,1,True,524.142168337516,0.2615996282373215,1965.857831662484,21.344104919148435,1965.7270318483654,1965.5962320342467,False,0.0,0.2615996282373215,0.0,1.8515595368642082e-87,0.3640226628895184,,,,1.9426896361247815e-87,-0.462656007200542,False,GREEN,SBY_K069,GREEN
TRS_SBY_0684,SBY,-6.8958965660641836,112.85279149007728,1,True,540.2884509180939,0.5920281930240865,1269.711549081906,20.092396603800584,1269.415534985394,1269.119520888882,False,820.0,0.5920281930240865,0.0,8.506129367836626e-38,0.4337818696883853,,,,6.493817276274291e-38,-0.4626951447642803,False,GREEN,SBY_K069,GREEN
TRS_SBY_0685,SBY,-6.896553220889883,112.85056092891944,1,True,540.0332381090495,0.3623450306767686,1369.9667618909505,20.092396603800584,1369.785589375612,1369.6044168602737,False,780.0,0.3623450306767686,0.0,9.448850809451095e-44,0.4367917847025496,,,,1.9286992633435784e-44,-0.4626951447642803,False,GREEN,SBY_K069,GREEN
TRS_SBY_0686,SBY,-6.8982788898429055,112.8488548450742,1,True,657.0934819524883,7.29336220042766,1682.9065180475118,20.28299677676317,1679.2598369472978,1675.613155847084,False,1510.0,7.29336220042766,0.0,2.2734433691392995e-62,0.5578098324672157,,,,9.41039256038375e-64,-0.4280663754015117,False,GREEN,SBY_K069,GREEN
TRS_SBY_0687,SBY,-6.899381365702673,112.84687352534195,1,True,536.2253099508346,0.36613787102568407,1483.7746900491654,20.096190205899745,1483.5916211136525,1483.4085521781399,False,1240.0,0.36613787102568407,0.0,8.552916879589676e-51,0.5619745499406013,,,,3.5402819558132434e-52,-0.4280663754015117,False,GREEN,SBY_K069,GREEN
TRS_SBY_0688,SBY,-6.904117017408854,112.8472673734842,1,True,650.0773738640085,0.6364316596111376,1389.9226261359915,20.092396603800584,1389.6044103061859,1389.2861944763804,False,1280.0,0.6364316596111376,0.0,6.83746838772701e-45,0.526026912181303,,,,1.4682554716384792e-44,-0.4949961171848682,False,GREEN,SBY_K069,GREEN
TRS_SBY_0689,SBY,-6.907990137153623,112.84758950304868,1,True,329.3615155006117,-12.529429085161226,1190.6384844993884,20.092489183397827,1196.903199041969,1203.1679135845495,False,0.0,-12.529429085161226,0.0,6.508964999452339e-37,0.44776912181303113,,,,1.8765213662261993e-36,-0.46269514453402666,False,GREEN,SBY_K069,GREEN
TRS_SBY_0690,SBY,-6.909573680232093,112.84641765162603,1,True,402.56561752740936,-7.461572866424423,777.4343824725906,20.092489331787384,781.1651689058028,784.895955339015,False,0.0,-7.461572866424423,7.0461243130145675e-174,1.0536874172574943e-16,0.44953966005665724,,,,3.1364323632392856e-16,-0.4626951445340189,False,GREEN,SBY_K069,GREEN
TRS_SBY_0691,SBY,-6.91109214051424,112.84515826743424,1,True,599.7584907477634,-4.47263563588143,640.2415092522366,20.27066599203033,642.4778270701773,644.714144888118,False,0.0,-4.47263563588143,5.481723633353506e-117,1.2124989960767206e-11,0.44776912181303113,,,,3.6887376889149164e-11,-0.4626951445340189,False,GREEN,SBY_K069,GREEN
TRS_SBY_0692,SBY,-6.912397583604884,112.8437774774963,1,True,550.0072660129462,-22.093279406994977,659.9927339870538,20.118156430939436,671.0393736905513,682.0860133940488,False,530.0,-22.093279406994977,1.0939567452469686e-131,4.000604292542626e-15,0.4649800897963547,,,,1.2401148035790636e-14,-0.4626951445340189,False,GREEN,SBY_K069,GREEN
TRS_SBY_0693,SBY,-6.91360243102976,112.84235129777255,1,True,532.6994695610383,0.1678250823513111,657.3005304389617,20.09302314398239,657.216617897786,657.1327053566104,False,470.0,0.1678250823513111,1.437752289385171e-122,1.7993232766555588e-11,0.500282532698451,,,,5.733297006524888e-11,-0.4280663751522861,False,GREEN,SBY_K069,GREEN
TRS_SBY_0694,SBY,-6.914670940108796,112.84083275192376,1,True,490.0037994871641,-5.261247905346103,759.9962005128359,20.092396603800584,762.6268244655089,765.2574484181821,False,520.0,-5.261247905346103,1.0566872551901738e-165,9.82930358824925e-16,0.5007899324471563,,,,3.1501199232635827e-15,-0.3904905273270647,False,GREEN,SBY_K069,GREEN
TRS_SBY_0695,SBY,-6.905983840629668,112.82941284331622,3,True,460.2626673835856,-4.1783771275127055,2259.7373326164143,20.092500385755397,2261.826521180171,2263.915709743927,False,1600.0,-4.1783771275127055,0.0,2.452009996765667e-117,0.5858489730878187,,,,3.1631777632346066e-117,-0.3904905275998828,False,GREEN,SBY_K070,GREEN
TRS_SBY_0696,SBY,-6.907021377670448,112.82740285698922,1,True,551.4218797694482,1.2111860145728681,2148.5781202305516,20.092398133879435,2147.9725272232654,2147.366934215979,False,1250.0,1.2111860145728681,0.0,3.4767607317365736e-104,0.5656118980169972,,,,4.5081946157110247e-104,-0.4280663754015117,False,GREEN,SBY_K070,GREEN
TRS_SBY_0697,SBY,-6.90903349286093,112.82649783833514,1,True,518.785263403468,1.0364924671267022,2021.214736596532,20.092396603800584,2020.6964903629687,2020.1782441294054,False,1440.0,1.0364924671267022,0.0,1.6541123772038396e-92,0.5472438621340887,,,,2.2006538892993603e-92,-0.4626951447649219,False,GREEN,SBY_K070,GREEN
TRS_SBY_0698,SBY,-6.909975272649748,112.82444543604147,1,True,566.4478735082154,4.186888511524229,1913.5521264917847,20.092396608374983,1911.4586822360225,1909.3652379802604,False,1420.0,4.186888511524229,0.0,8.633304975908569e-82,0.6359249690779236,,,,1.0980196470279105e-81,-0.4626951447649219,False,GREEN,SBY_K070,GREEN
TRS_SBY_0699,SBY,-6.9108920437896995,112.82298813151078,1,True,562.5549497756738,3.9506773665741397,2127.445050224326,30.06332288464658,2125.469711541039,2123.494372857752,False,2020.0,3.9506773665741397,0.0,1.1659930897106462e-95,0.6050104479286456,,,,1.3327473585332696e-95,-0.4626951447649219,False,GREEN,SBY_K070,GREEN
TRS_SBY_0700,SBY,-6.912076360197435,112.82229248570799,1,True,549.9711580089092,-5.687025372797495,2230.0288419910908,20.09247386082966,2232.8723546774895,2235.7158673638883,False,2090.0,-5.687025372797495,0.0,1.604118716385068e-115,0.5703276427612942,,,,1.657734388133562e-115,-0.4280663754015117,False,GREEN,SBY_K070,GREEN
TRS_SBY_0701,SBY,-6.917919919163316,112.82741557789161,1,True,621.3974234438552,-8.754139235493913,1368.6025765561449,30.06332391411209,1372.9796461738918,1377.3567157916386,False,880.0,-8.754139235493913,0.0,3.9669106338684505e-44,0.5811791784702549,,,,5.29365877584627e-44,-0.5542170602455946,False,GREEN,SBY_K070,GREEN
TRS_SBY_0702,SBY,-6.919991343642133,112.82790003485331,1,True,588.4669475025759,-8.342865188644392,1301.5330524974243,20.092489159247574,1305.7044850917464,1309.8759176860685,False,1260.0,-8.342865188644392,0.0,4.225319769072018e-42,0.550699222087324,,,,6.074955876079405e-42,-0.4626951447649219,False,GREEN,SBY_K070,GREEN
TRS_SBY_0703,SBY,-6.921740945589647,112.82794552590686,1,True,546.448437274473,-2.0151651482432396,1403.551562725527,20.09239821084716,1404.5591452996487,1405.56672787377,False,1300.0,-2.0151651482432396,0.0,1.4389141920203145e-46,0.5112796905643932,,,,2.0619198493684686e-46,-0.494996117269504,False,GREEN,SBY_K070,GREEN
TRS_SBY_0704,SBY,-6.92327219951899,112.82765572658184,1,True,574.2663007100947,1.4738984217141424,1905.7336992899054,20.092396603800584,1904.996750079048,1904.2598008681912,False,0.0,1.4738984217141424,0.0,2.8318379658345155e-82,0.3813739376770538,,,,3.614732998995415e-82,-0.5253991621009502,False,GREEN,SBY_K070,GREEN
TRS_SBY_0705,SBY,-6.924836431794088,112.8273597793245,1,True,571.8579404464365,1.380256773697161,1808.1420595535635,20.092396603800584,1807.451931166715,1806.7618027798662,False,0.0,1.380256773697161,0.0,2.7399052787702918e-74,0.3845609065155807,,,,3.564698952958232e-74,-0.5253991621009502,False,GREEN,SBY_K070,GREEN
TRS_SBY_0706,SBY,-6.926315015517963,112.82688529746207,1,True,563.6997563201777,1.438277648436801,1276.3002436798224,20.092396603800584,1275.5811048556038,1274.8619660313855,False,540.0,1.438277648436801,0.0,6.25820638364759e-38,0.4820519882488721,,,,8.300483551725034e-38,-0.5542170602455946,False,GREEN,SBY_K070,GREEN
TRS_SBY_0707,SBY,-6.928240856137072,112.82702418787993,1,True,780.4513565479958,-11.338872076933203,1499.5486434520042,20.270560431076316,1505.2180794904707,1510.8875155289375,False,1750.0,-11.338872076933203,0.0,5.938372723433018e-56,0.49603702954269524,,,,8.332252630639598e-56,-0.5253991621009502,False,GREEN,SBY_K070,GREEN
TRS_SBY_0708,SBY,-6.93054033745213,112.82697335191732,1,True,509.9140720568485,-1.6835388531621978,1340.0859279431515,20.092396823687892,1340.9276973697326,1341.7694667963137,False,750.0,-1.6835388531621978,0.0,1.4623760881105295e-42,0.4568838526912181,,,,2.5357590934344553e-42,-0.5253991621009502,False,GREEN,SBY_K070,GREEN
TRS_SBY_0709,SBY,-6.931604256572441,112.82441627047575,1,True,480.3097389070725,-0.5902180782040933,1439.6902610929276,20.092396603800584,1439.9853701320296,1440.2804791711317,False,860.0,-0.5902180782040933,0.0,2.054677592684222e-48,0.4770159430792542,,,,2.7251925738238422e-48,-0.5253991621009502,False,GREEN,SBY_K070,GREEN
TRS_SBY_0710,SBY,-6.932955295994379,112.82226546026077,1,True,563.6588093211839,0.38987556689305214,1416.341190678816,20.092396603800584,1416.1462528953696,1415.9513151119231,False,530.0,0.38987556689305214,0.0,1.2879334582507866e-46,0.4213881019830028,,,,1.4599226863190755e-46,-0.494996117269504,False,GREEN,SBY_K070,GREEN
TRS_SBY_0711,SBY,-6.934549663447093,112.82048639429644,3,True,569.9719092516292,-0.6353206997740151,1150.0280907483707,20.092396603800584,1150.3457510982578,1150.6634114481449,False,0.0,-0.6353206997740151,0.0,1.1466908866184392e-31,0.37075070821529743,,,,1.1986623333475e-31,-0.4626951447649219,False,GREEN,SBY_K070,GREEN
TRS_SBY_0712,SBY,-6.936188478647725,112.81876551377142,3,True,649.7206683142623,2.5031741929127973,1160.2793316857378,20.092396603800584,1159.0277445892812,1157.776157492825,False,750.0,2.5031741929127973,0.0,2.182397067266345e-31,0.4754603399433428,,,,2.2465241375117527e-31,-0.4626951447649219,False,GREEN,SBY_K070,GREEN
TRS_SBY_0713,SBY,-6.9379622484578345,112.81727304608198,3,True,635.0767694815204,0.49924741450178767,1134.9232305184796,20.092396603800584,1134.6736068112286,1134.4239831039777,False,980.0,0.49924741450178767,0.0,1.3172729318593616e-30,0.4654094640689137,,,,1.2242983932012447e-30,-0.4626951447649219,False,GREEN,SBY_K070,GREEN
TRS_SBY_0714,SBY,-6.940069709136498,112.81640235399928,3,True,583.8579029164978,1.0114191763061529,1156.1420970835022,20.092396603800648,1155.636387495349,1155.130677907196,False,1000.0,1.0114191763061529,0.0,1.4739362968192589e-31,0.6110906515580736,,,,1.3699042895610584e-31,-0.4626951447649219,False,GREEN,SBY_K070,GREEN
TRS_SBY_0715,SBY,-6.943816352087629,112.81872808487662,1,True,139.69422463336875,3.0909843105806862,1350.3057753666312,20.092396603800584,1348.760283211341,1347.2147910560507,False,1190.0,3.0909843105806862,0.0,9.57122978622518e-42,0.5169064084557335,,,,2.580075027414053e-41,-0.4949961172695038,False,GREEN,SBY_K070,GREEN
TRS_SBY_0716,SBY,-6.945927163281759,112.8180398515978,1,True,56.31979410639808,-18.67314124664771,1033.6802058936019,20.092396823694443,1043.0167765169258,1052.3533471402495,False,970.0,-18.67314124664771,0.0,2.4626703641033774e-30,0.6305434274699921,,,,6.72183110101151e-30,-0.46269514476492174,False,GREEN,SBY_K070,GREEN
TRS_SBY_0717,SBY,-6.9477929234287235,112.81678923672948,1,True,183.46436468555177,-23.637715679900197,796.5356353144482,20.093305485655662,808.3544931543984,820.1733509943484,False,760.0,-23.637715679900197,1.2468849081704193e-189,1.4334452339529825e-20,0.52181489488594,,,,3.8447080764985276e-20,-0.42806637540151155,False,GREEN,SBY_K070,GREEN
TRS_SBY_0718,SBY,-6.949954200014019,112.81598740772279,1,True,577.141568922365,0.25422113777225197,842.858431077635,20.09239660885794,842.7313205087489,842.6042099398628,False,0.0,0.25422113777225197,2.177236069580034e-200,9.318722163338221e-18,0.3813739376770538,,,,2.577041378156995e-17,-0.39049052759988256,False,GREEN,SBY_K070,GREEN
TRS_SBY_0719,SBY,-6.951713967160675,112.8144212592806,1,True,610.033469477501,0.6543620341794847,839.966530522499,20.092396603800584,839.6393495054093,839.3121684883196,False,0.0,0.6543620341794847,7.621693551166859e-199,1.4249294098558956e-17,0.37305240793201133,,,,3.7899219352655116e-17,-0.39049052759988256,False,GREEN,SBY_K070,GREEN
TRS_SBY_0720,SBY,-6.95362702687689,112.81311856530222,1,False,,,,,,,,930.0,,,,,0.4261408932703339,False,lainnya,,,False,ABU,SBY_K071,ABU
TRS_SBY_0721,SBY,-6.955317983187303,112.81145947664594,1,False,,,,,,,,950.0,,,,,0.4706809217135666,False,lainnya,,,False,ABU,SBY_K071,ABU
TRS_SBY_0722,SBY,-6.9573844654252275,112.81037178326746,1,False,,,,,,,,860.0,,,,,0.4779520678843611,False,lainnya,,,False,ABU,SBY_K071,ABU
TRS_SBY_0723,SBY,-6.958924484101721,112.80851806556016,1,False,,,,,,,,790.0,,,,,0.5702230259192285,False,lainnya,,,False,ABU,SBY_K071,ABU
TRS_SBY_0724,SBY,-6.960336495081674,112.80653420817222,1,False,,,,,,,,830.0,,,,,0.44861785901895707,False,lainnya,,,False,ABU,SBY_K071,ABU
TRS_SBY_0725,SBY,-6.9623035012506165,112.80530159613144,1,False,,,,,,,,760.0,,,,,0.3605585694193289,False,lainnya,,,False,ABU,SBY_K071,ABU
TRS_SBY_0726,SBY,-6.964269306718297,112.80410150936925,1,False,,,,,,,,690.0,,,,,0.37302460885289723,False,lainnya,,,False,ABU,SBY_K071,ABU
TRS_SBY_0727,SBY,-6.965692249560196,112.80226461051708,1,False,,,,,,,,710.0,,,,,0.3881785792108488,False,lainnya,,,False,ABU,SBY_K071,ABU
TRS_SBY_0728,SBY,-6.9673575233675695,112.80072781316598,1,False,,,,,,,,680.0,,,,,0.36718906972071536,False,lainnya,,,False,ABU,SBY_K071,ABU
TRS_SBY_0729,SBY,-6.969082295026447,112.79926469149751,1,False,,,,,,,,640.0,,,,,0.36216596343178625,False,lainnya,,,False,ABU,SBY_K071,ABU
TRS_SBY_0730,SBY,-6.970587162188627,112.79752645969396,1,False,,,,,,,,650.0,,,,,0.35643962226240705,False,lainnya,,,False,ABU,SBY_K071,ABU
TRS_SBY_0731,SBY,-6.972334287123717,112.79606372749461,1,False,,,,,,,,610.0,,,,,0.35935302390998597,False,lainnya,,,False,ABU,SBY_K071,ABU
TRS_SBY_0732,SBY,-6.973338016899729,112.79372745002719,1,False,,,,,,,,720.0,,,,,0.3897177014265622,False,lainnya,,,False,ABU,SBY_K071,ABU
TRS_SBY_0733,SBY,-6.973881398802411,112.79090579495485,1,False,,,,,,,,970.0,,,,,0.39843279083785416,False,lainnya,,,False,ABU,SBY_K071,ABU
TRS_SBY_0734,SBY,-6.978665377870442,112.79290439991901,1,False,,,,,,,,0.0,,,,,0.23096242716495877,False,lainnya,,,False,ABU,SBY_K071,ABU
TRS_SBY_0735,SBY,-6.979932470303109,112.79089198877314,1,False,,,,,,,,300.0,,,,,0.33544303797468356,False,lainnya,,,False,ABU,SBY_K071,ABU
TRS_SBY_0736,SBY,-6.981679195192294,112.78941866790495,1,True,520.0000000745193,4.449588748582645e-09,369.99999992548067,20.09293055376657,369.9999999232559,369.9999999210311,False,0.0,4.449588748582645e-09,2.18974000551117e-40,9.279863695165109e-05,0.47043201133144474,,,,0.0003168505827628322,-0.221018983257872,False,YELLOW,SBY_K072,YELLOW
TRS_SBY_0737,SBY,-6.983836585354791,112.78837452431567,1,True,512.3193966069839,-1.2421317063717825,227.6806033930161,20.092396603800584,228.30166924620198,228.92273509938786,False,0.0,-1.2421317063717825,1.2078837858819882e-16,0.009067631946565144,0.47291076487252126,,,,0.030848738054146563,-0.19284016438633592,False,YELLOW,SBY_K072,YELLOW
TRS_SBY_0738,SBY,-6.985532469959207,112.78684200654767,1,True,1019.9247219693008,-1.9246915737609003,2480.0752780306993,20.092560814365296,2481.0376238175795,2481.99996960446,True,0.0,-1.9246915737609003,0.0,5.172869017448725e-139,0.47043201133144474,,,,1.7590984193506744e-138,0.6863491585784718,False,GREEN,SBY_K072,YELLOW
TRS_SBY_0739,SBY,-6.98746011155552,112.78554338305025,1,True,521.2418578920121,0.0773617424566013,278.75814210798785,20.092396603800584,278.71946123675957,278.6807803655313,False,0.0,0.0773617424566013,9.173454483406833e-24,0.0024602196729354014,0.46777620396600567,,,,0.008407567643279696,1.163054844389354,False,YELLOW,SBY_K072,YELLOW
TRS_SBY_0740,SBY,-6.989064857984878,112.78392514894905,1,True,557.237027839942,1.0886051037612126,242.76297216005798,20.092396603800584,242.21866960817738,241.67436705629677,False,0.0,1.0886051037612126,2.4401273422615527e-18,0.008254085907663751,0.46777620396600567,,,,0.028698784295514423,3.6471731442736286,False,YELLOW,SBY_K072,YELLOW
TRS_SBY_0741,SBY,-6.990419515546657,112.7820791788027,1,True,520.0000891798236,-0.01948407435718907,129.9999108201764,30.06332288464514,130.00965285735504,130.01939489453355,False,0.0,-0.01948407435718907,0.0001406709609830309,0.10046885945762046,0.4893416027979979,,,,0.353106607069569,3.8867140659432144,False,YELLOW,SBY_K072,YELLOW
TRS_SBY_0742,SBY,-6.992156452504496,112.7806047028202,1,True,533.1514430889106,2.0904818422695595,156.84855691108942,20.09239660380087,155.80331598995463,154.75807506881983,False,0.0,2.0904818422695595,1.4864549184623255e-08,0.06957804462713345,0.4938031124311715,,,,0.24212307186394846,4.266475664217964,False,YELLOW,SBY_K072,YELLOW
TRS_SBY_0743,SBY,-6.99320574490926,112.77851449275445,1,True,520.0,0.0,150.0,20.092396603800584,150.0,150.0,False,0.0,0.0,3.8804036119930084e-08,0.06484211686418223,0.49380310644629977,,,,0.2226186557160053,4.724112963301114,False,YELLOW,SBY_K072,YELLOW
TRS_SBY_0744,SBY,-6.994994638161146,112.77710401843633,1,True,523.4088450499953,0.8468354809550487,66.5911549500047,20.092396603800584,66.16773720952722,65.74431946904963,False,0.0,0.8468354809550487,0.009266649895543775,0.26436356790333093,0.4870601080643577,,,,0.9201276289369628,4.724112963301114,False,YELLOW,SBY_K072,YELLOW
TRS_SBY_0745,SBY,-6.996624993542787,112.77555714828169,1,False,,,,,,,,40.0,,,,,0.2884267631103074,False,lainnya,,,False,ABU,SBY_K073,ABU
TRS_SBY_0746,SBY,-6.998383382288687,112.7741226198319,1,False,,,,,,,,90.0,,,,,0.29726743017882257,False,lainnya,,,False,ABU,SBY_K073,ABU
TRS_SBY_0747,SBY,-6.999829578788527,112.7724349672545,1,False,,,,,,,,120.0,,,,,0.3372011251758087,False,lainnya,,,False,ABU,SBY_K073,ABU
TRS_SBY_0748,SBY,-7.00077943275287,112.7703675618367,1,False,,,,,,,,220.0,,,,,0.33433795459111915,False,lainnya,,,False,ABU,SBY_K073,ABU
TRS_SBY_0749,SBY,-7.001921959641829,112.76846272957629,1,False,,,,,,,,160.0,,,,,0.31906771147277474,False,lainnya,,,False,ABU,SBY_K073,ABU
TRS_SBY_0750,SBY,-7.003067181195822,112.76655338507445,1,False,,,,,,,,140.0,,,,,0.5016073940124572,False,lainnya,,,False,ABU,SBY_K073,ABU
TRS_SBY_0751,SBY,-7.004215084280487,112.76463955008346,1,False,,,,,,,,180.0,,,,,0.4520125912530976,False,lainnya,,,False,ABU,SBY_K073,ABU
TRS_SBY_0752,SBY,-7.005365655846067,112.76272124621508,1,True,502.7158393129523,-0.6980323930426351,347.2841606870477,20.092396603800584,347.633176883569,347.9821930800903,False,170.0,-0.6980323930426351,5.881370537982195e-36,0.00019732556028035796,0.6247187968671888,,,,0.000691113003848843,-0.38841698725263246,False,YELLOW,SBY_K074,YELLOW
TRS_SBY_0753,SBY,-7.006518882926808,112.76079849494161,1,True,501.3567587538563,-1.5826616428965001,518.6432412461437,20.09239660380087,519.434572067592,520.2259028890402,False,0.0,-1.5826616428965001,8.657376877325846e-78,5.2042518977467395e-08,0.48937677053824363,,,,1.8254712454088184e-07,-0.4261721487398943,False,GREEN,SBY_K074,YELLOW
TRS_SBY_0754,SBY,-7.007607099549682,112.75882558111199,1,True,513.2636408188013,0.20610641321680712,436.73635918119874,20.092396603800584,436.63330597459037,436.5302527679819,False,110.0,0.20610641321680712,2.0905820636465164e-55,5.371774709780987e-06,0.6306335307751738,,,,1.869157197691675e-05,-0.4261721487398943,False,YELLOW,SBY_K074,YELLOW
TRS_SBY_0755,SBY,-7.008507570095146,112.75672539785145,1,True,540.9990066801691,-0.4893820527087378,519.0009933198309,20.092397055290917,519.2456843461853,519.4903753725396,False,310.0,-0.4893820527087378,1.4169813422137653e-77,6.902981487585994e-08,0.5198300283286119,,,,2.3754377674609212e-07,-0.4608969688532115,False,GREEN,SBY_K074,YELLOW
TRS_SBY_0756,SBY,-7.010489370532906,112.7553208297736,1,True,520.0000000529021,-1.1723117408020991e-07,459.9999999470979,20.092396603800584,460.00000000571345,460.000000064329,False,0.0,-1.1723117408020991e-07,2.7297164813420843e-61,1.6834310921022997e-06,0.49380311614730876,,,,6.012941274941102e-06,-0.4777955247770975,False,YELLOW,SBY_K074,YELLOW
TRS_SBY_0757,SBY,-7.011554981408146,112.75331080158294,1,True,329.9686855732848,-0.6335262762178406,640.0313144267152,20.092396603800584,640.348077564824,640.664840702933,False,370.0,-0.6335262762178406,7.908187144661572e-117,4.075080315918356e-11,0.5338172804532577,,,,1.4644914700392593e-10,-0.4106549932910952,False,GREEN,SBY_K074,YELLOW
TRS_SBY_0758,SBY,-7.013138299299769,112.75161221891935,1,True,468.92619592216465,0.5627704878684616,441.07380407783535,20.092396603800584,440.79241883390114,440.51103358996687,False,130.0,0.5627704878684616,2.2068181761219587e-56,4.7678374806235085e-06,0.514341359773371,,,,1.763438920052663e-05,-0.3723875389332932,False,YELLOW,SBY_K074,YELLOW
TRS_SBY_0759,SBY,-7.014615446757529,112.74983141630156,1,True,493.2330001920612,-0.3521183549864093,286.7669998079388,20.092396603800584,286.943058985432,287.11911816292525,False,0.0,-0.3521183549864093,4.166677662371331e-25,0.0017795910025078352,0.47291076487252126,,,,0.006765358853593871,-0.16386038276940623,False,YELLOW,SBY_K074,YELLOW
TRS_SBY_0760,SBY,-7.015846825724945,112.74789410220416,1,True,520.6404696107064,1.9318881171202602,249.35953038929358,20.092396603800584,248.39358633073346,247.42764227217333,False,0.0,1.9318881171202602,3.9224192530020665e-19,0.007727717479505207,0.47043201133144474,,,,0.02996349737744821,-0.14852731656176443,False,YELLOW,SBY_K074,YELLOW
TRS_SBY_0761,SBY,-7.0169348739656,112.74586961944911,1,True,490.0037213753075,0.00023493183820688676,399.9962786246925,20.09293055376375,399.99616115877336,399.9960436928543,False,0.0,0.00023493183820688676,7.462355668968524e-47,2.6626142332567094e-05,0.47928470254957506,,,,0.00010362849946062881,-0.050930366994669636,False,YELLOW,SBY_K074,YELLOW
TRS_SBY_0762,SBY,-7.017420883920233,112.74351662773118,1,True,475.83812674233366,-0.9018771787934035,194.16187325766634,20.092396835403605,194.61281184706303,195.06375043645977,False,0.0,-0.9018771787934035,1.4074641746375969e-12,0.022372650205061267,0.47291076487216943,,,,0.08510440900273882,-0.050973548752520186,False,YELLOW,SBY_K074,YELLOW
TRS_SBY_0763,SBY,-7.0184472299326375,112.74146393897355,1,True,520.1227172042156,-0.12739262856395883,289.87728279578437,20.092396603800648,289.94097911006634,290.0046754243483,False,0.0,-0.12739262856395883,1.4177775654943865e-25,0.0016684460304196263,0.46104815864022664,,,,0.006263748957687126,0.1465753058645531,False,YELLOW,SBY_K074,YELLOW
TRS_SBY_0764,SBY,-7.020291807557019,112.73982827235325,1,True,435.9057926118998,-0.8901257126647296,224.0942073881002,20.092396823687892,224.53927024443254,224.9843331007649,False,0.0,-0.8901257126647296,3.867323099688017e-16,0.010476689643217236,0.393413597733711,,,,0.03983129925696826,0.07315724688883683,False,YELLOW,SBY_K074,YELLOW
TRS_SBY_0765,SBY,-7.02210162947034,112.73815010589472,1,True,479.93644392827406,-1.245207840514749,570.063556071726,20.092396603800584,570.6861599919832,571.3087639122407,False,240.0,-1.245207840514749,2.311877227381305e-93,2.9097641916898187e-09,0.6787948536355052,,,,1.1036004602329423e-08,0.08600349843838273,False,GREEN,SBY_K074,YELLOW
TRS_SBY_0766,SBY,-7.024569258189315,112.73677282472067,1,True,491.79479037919873,0.06339666804371843,198.20520962080127,20.092396603800584,198.1735112867794,198.14181295275756,False,0.0,0.06339666804371843,6.378608317418844e-13,0.02279711661560605,0.4631728045324185,,,,0.08738906227973087,-0.12252423976599922,False,YELLOW,SBY_K074,YELLOW
TRS_SBY_0767,SBY,-7.026679831017138,112.735279189143,1,True,502.69240008501845,-0.4764681127752951,537.3075999149816,20.092396603800584,537.5458339713691,537.7840680277568,False,440.0,-0.4764681127752951,5.598241063706796e-83,2.4886228369129866e-08,0.5182365439093484,,,,9.503601436531605e-08,-0.1320286022662865,False,GREEN,SBY_K074,YELLOW
TRS_SBY_0768,SBY,-7.0285007479431965,112.73364585616994,1,True,409.7429266777806,-5.036650439254469,270.2570733222194,20.092396603800584,272.77539854184664,275.29372376147387,False,150.0,-5.036650439254469,3.093442469846421e-23,0.0014195927180102436,0.5916548630783758,,,,0.005346444900880719,-0.19107952758019955,False,YELLOW,SBY_K074,YELLOW
TRS_SBY_0769,SBY,-7.030455418537019,112.73207701431699,1,True,379.7037538112873,-6.3145694288040914,680.2962461887128,20.092396603800584,683.4535309031148,686.6108156175168,False,0.0,-6.3145694288040914,7.582350762309822e-134,3.2034486392613264e-13,0.4817634560906516,,,,1.2187958731957267e-12,-0.13872424362396613,False,GREEN,SBY_K074,YELLOW
TRS_SBY_0770,SBY,-7.032249776148356,112.7304308509309,1,True,399.96576307740935,-3.8152152634001357,300.03423692259065,20.092396635508518,301.9418445542907,303.8494521859908,False,160.0,-3.8152152634001357,6.939643821929587e-28,0.0006326123223589537,0.571529745042493,,,,0.0023848254126075936,-0.31506353538294096,False,YELLOW,SBY_K074,YELLOW
TRS_SBY_0771,SBY,-7.0338153917755415,112.72867436721249,1,True,389.6967485079645,-6.111194050874596,230.30325149203549,20.092396603800648,233.35884851747278,236.41444554291007,False,0.0,-6.111194050874596,1.2510030481089534e-17,0.004203348346495852,0.4817634560906516,,,,0.01573141622410341,-0.31506347497527193,False,YELLOW,SBY_K074,YELLOW
TRS_SBY_0772,SBY,-7.035381003581841,112.72691787138872,1,True,409.7976562653456,-4.049316758918414,230.2023437346544,20.092396603800584,232.2270021141136,234.25166049357279,False,0.0,-4.049316758918414,2.4250421108566833e-17,0.005701246982765814,0.4854815864022663,,,,0.021367266718962833,-0.32662332310679043,False,YELLOW,SBY_K074,YELLOW
TRS_SBY_0773,SBY,-7.036946611562827,112.72516136345722,1,True,339.8514298472454,-6.324905565649714,230.1485701527546,20.092396635508454,233.31102293557944,236.4734757184043,False,0.0,-6.324905565649714,1.2285317848334032e-17,0.004090411281488087,0.4817634560906516,,,,0.015421412612973954,-0.3250258251991121,False,YELLOW,SBY_K074,YELLOW
TRS_SBY_0774,SBY,-7.038491954764203,112.72339507283337,1,True,299.64861953772385,-6.969262454182942,500.35138046227615,20.092396603800584,503.83601168936764,507.3206429164591,False,0.0,-6.969262454182942,4.388741461834596e-74,3.209123407888492e-08,0.48937677053824363,,,,1.1968961207790027e-07,-0.33086563406699193,False,GREEN,SBY_K074,YELLOW
TRS_SBY_0775,SBY,-7.039075968257859,112.72116518651268,1,True,368.2850380283179,-6.42395581683941,321.7149619716821,20.092396603800584,324.9269398801018,328.1389177885215,False,0.0,-6.42395581683941,3.40504756889966e-32,0.00017541378409625835,0.47928470254957506,,,,0.0006286358849119707,-0.3694116586790118,False,YELLOW,SBY_K074,YELLOW
TRS_SBY_0776,SBY,-7.039575927964983,112.71889476366437,1,True,389.6271235770921,-8.239349768882516,310.3728764229079,20.092396603800584,314.4925513073492,318.6122261917904,False,280.0,-8.239349768882516,1.824495205206068e-30,0.00019139770590046994,0.5380159854309996,,,,0.000651971371957379,-0.42131862540026094,False,YELLOW,SBY_K074,YELLOW
TRS_SBY_0777,SBY,-7.039294311040055,112.71624744568838,1,True,429.94142015334523,-1.1477122856899102,480.05857984665477,20.092396603800584,480.6324359894997,481.2062921323447,False,0.0,-1.1477122856899102,7.185779951957988e-67,4.608026375210622e-07,0.4631728045325779,,,,1.4806995141599757e-06,-0.4588694732129529,False,YELLOW,SBY_K074,YELLOW
TRS_SBY_0778,SBY,-7.0403978855588125,112.71449923997271,1,True,472.3966038364823,-0.12934030555741338,2687.6033961635176,20.0923966355094,2687.6680663162965,2687.732736469075,False,2600.0,-0.12934030555741338,0.0,1.0310409944765432e-162,0.62275277838309,,,,3.1984178962469286e-162,-0.44698656845834955,False,GREEN,SBY_K074,YELLOW
TRS_SBY_0779,SBY,-7.040275866432895,112.71217653662008,1,True,520.1500872650673,0.009478792014901543,379.8499127349327,20.092407718774787,379.8451733389252,379.8404339429178,False,290.0,0.009478792014901543,1.8730387635438835e-42,6.230185150082517e-05,0.472239181400801,,,,0.0001829784131846023,-0.44833189753859376,False,YELLOW,SBY_K074,YELLOW
TRS_SBY_0780,SBY,-7.038738080960207,112.7089884444875,1,True,539.9734197376323,-0.8291669016110765,390.0265802623677,20.092407719434767,390.4411637131733,390.8557471639788,False,140.0,-0.8291669016110765,7.858031724387576e-45,3.416078186622902e-05,0.45652063941723997,,,,9.614827105236682e-05,-0.41428764272166146,False,YELLOW,SBY_K074,YELLOW
TRS_SBY_0781,SBY,-7.0386092720817555,112.70649309329228,1,True,500.00000024998445,1.5786264179176067e-08,289.99999975001555,20.092407718774787,289.99999974212244,289.9999997342293,False,0.0,1.5786264179176067e-08,1.4203129627604463e-25,0.00169659316828803,0.4780453257790368,,,,0.00484977468069386,-0.4142915587124541,False,YELLOW,SBY_K074,YELLOW
TRS_SBY_0782,SBY,-7.038670039132229,112.70404935449164,1,True,520.1298780150279,0.008202471739783838,399.8701219849721,20.092407719435712,399.8660207491022,399.86191951323235,False,300.0,0.008202471739783838,7.974333458645907e-47,2.6816664627441785e-05,0.5671860245514637,,,,7.957973884410481e-05,-0.3754117386673304,False,YELLOW,SBY_K074,YELLOW
TRS_SBY_0783,SBY,-7.036471942370154,112.70000019543636,1,True,549.999945307984,-0.0010715408478681001,760.000054692016,20.092396603800584,760.0005904624398,760.0011262328638,False,360.0,-0.0010715408478681001,1.8210969000166162e-163,8.090984221762007e-15,0.530099150141643,,,,2.417641268719856e-14,-0.33307272796754234,False,GREEN,SBY_K075,GREEN
TRS_SBY_0784,SBY,-7.033202438381941,112.6949164580965,1,True,520.0,0.0,1020.0,20.092396603800584,1020.0,1020.0,False,330.0,0.0,1.6181662283088346e-292,3.3666345410394285e-25,0.5354107648725213,,,,9.4333798476248e-25,-0.3020420957638832,False,GREEN,SBY_K075,GREEN
TRS_SBY_0785,SBY,-7.032093608242442,112.69111904078643,1,True,519.9504303058011,-1.2662250520880118,1250.049569694199,20.09239660386156,1250.682682220243,1251.3157947462869,False,1130.0,-1.2662250520880118,0.0,3.259485507403074e-37,0.6166628017749254,,,,9.263204588084613e-37,-0.30204189385676905,False,GREEN,SBY_K075,GREEN
TRS_SBY_0786,SBY,-7.031137830758212,112.68723781557827,1,False,,,,,,,,1530.0,,,,,0.5584689572031344,False,lainnya,,,False,ABU,SBY_K075,GREEN
TRS_SBY_0787,SBY,-7.031267052253355,112.68408441570881,5,False,,,,,,,,850.0,,,,,0.44588282570412135,False,lainnya,,,False,ABU,SBY_K076,ABU
TRS_SBY_0788,SBY,-7.032818419532881,112.6821247037618,1,True,559.9718130161044,-0.6333153510204348,540.0281869838956,20.092396883812125,540.3448446594058,540.661502334916,False,390.0,-0.6333153510204348,7.609667002776024e-84,2.0380445217233713e-08,0.5382436260623229,,,,5.409918531085335e-08,-0.24644087548524843,False,GREEN,SBY_K076,ABU
TRS_SBY_0789,SBY,-7.034941121431177,112.68075769451195,1,False,,,,,,,,940.0,,,,,0.45309273722955384,False,lainnya,,,False,ABU,SBY_K076,ABU
TRS_SBY_0790,SBY,-7.037756350129303,112.68011121969887,1,False,,,,,,,,990.0,,,,,0.43711070926260803,False,lainnya,,,False,ABU,SBY_K076,ABU
TRS_SBY_0791,SBY,-7.040600250149714,112.67977540792631,1,False,,,,,,,,310.0,,,,,0.3773389851380868,False,lainnya,,,False,ABU,SBY_K076,ABU
TRS_SBY_0792,SBY,-7.042950681161415,112.67916507077256,1,False,,,,,,,,0.0,,,,,0.2607996785211975,False,lainnya,,,False,ABU,SBY_K076,ABU
TRS_SBY_0793,SBY,-7.044111592092685,112.67717117589838,1,False,,,,,,,,50.0,,,,,0.30982519590114527,False,lainnya,,,False,ABU,SBY_K076,ABU
TRS_SBY_0794,SBY,-7.045877527711512,112.67617808794729,1,False,,,,,,,,0.0,,,,,0.2607996785211975,False,lainnya,,,False,ABU,SBY_K076,ABU
TRS_SBY_0795,SBY,-7.047447692493684,112.67512599577972,1,False,,,,,,,,510.0,,,,,0.38547317661241715,False,lainnya,,,False,ABU,SBY_K076,ABU
TRS_SBY_0796,SBY,-7.050428029985899,112.67676532132724,1,False,,,,,,,,1330.0,,,,,0.49033977348434377,False,lainnya,,,False,ABU,SBY_K076,ABU
TRS_SBY_0797,SBY,-7.051866071844646,112.67494693927918,1,False,,,,,,,,260.0,,,,,0.6195035625415373,True,kandidat restorasi baru,,,False,ABU,SBY_K076,ABU
TRS_SBY_0798,SBY,-7.053907928947598,112.6742775227922,1,False,,,,,,,,1930.0,,,,,0.4739251333335415,False,lainnya,,,False,ABU,SBY_K076,ABU
TRS_SBY_0799,SBY,-7.056283610440131,112.6747057371217,1,False,,,,,,,,210.0,,,,,0.37723528229857345,False,lainnya,,,False,ABU,SBY_K076,ABU
TRS_SBY_0800,SBY,-7.058308225214132,112.67352163597418,1,False,,,,,,,,1250.0,,,,,0.47201527024311835,False,lainnya,,,False,ABU,SBY_K076,ABU
TRS_SBY_0801,SBY,-7.06050598161583,112.67263344807387,1,False,,,,,,,,1290.0,,,,,0.5559410497591245,False,lainnya,,,False,ABU,SBY_K076,ABU
TRS_SBY_0802,SBY,-7.062822881310032,112.67254793275845,1,False,,,,,,,,1290.0,,,,,0.5782646686385279,False,lainnya,,,False,ABU,SBY_K076,ABU
TRS_SBY_0803,SBY,-7.0651237239612055,112.67253886721221,1,False,,,,,,,,780.0,,,,,0.6452759617316578,True,kandidat restorasi baru,,,False,ABU,SBY_K076,ABU
TRS_SBY_0804,SBY,-7.067405396527159,112.67249921300362,1,False,,,,,,,,880.0,,,,,0.5093749429192468,False,lainnya,,,False,ABU,SBY_K076,ABU
TRS_SBY_0805,SBY,-7.069676157868573,112.67242020793189,1,False,,,,,,,,1060.0,,,,,0.54384887463464,False,lainnya,,,False,ABU,SBY_K076,ABU
TRS_SBY_0806,SBY,-7.07191952393123,112.67240080311346,1,False,,,,,,,,1770.0,,,,,0.5281872886464175,False,lainnya,,,False,ABU,SBY_K076,ABU
TRS_SBY_0807,SBY,-7.074097497072264,112.67251058889552,1,False,,,,,,,,1920.0,,,,,0.5186577004219409,False,lainnya,,,False,ABU,SBY_K076,ABU
TRS_SBY_0808,SBY,-7.075493956702563,112.67419542985246,3,False,,,,,,,,620.0,,,,,0.5271636625250345,False,lainnya,,,False,ABU,SBY_K076,ABU
TRS_SBY_0809,SBY,-7.076267399971511,112.67758437599697,1,False,,,,,,,,550.0,,,,,0.5034723363837288,False,lainnya,,,False,ABU,SBY_K076,ABU
TRS_SBY_0810,SBY,-7.077852104285807,112.67872848053835,1,False,,,,,,,,220.0,,,,,0.4934060313807149,False,lainnya,,,False,ABU,SBY_K076,ABU
TRS_SBY_0811,SBY,-7.079481232672026,112.67981850929931,1,False,,,,,,,,1670.0,,,,,0.4785829185510835,False,lainnya,,,False,ABU,SBY_K076,ABU
TRS_SBY_0812,SBY,-7.081094358576506,112.68100230107127,1,False,,,,,,,,0.0,,,,,0.2650190878038979,False,lainnya,,,False,ABU,SBY_K076,ABU
TRS_SBY_0813,SBY,-7.082463910978343,112.68279379614607,1,False,,,,,,,,0.0,,,,,0.26662648181635523,False,lainnya,,,False,ABU,SBY_K076,ABU
TRS_SBY_0814,SBY,-7.084242404821216,112.68361331322042,1,False,,,,,,,,0.0,,,,,0.26662648181635523,False,lainnya,,,False,ABU,SBY_K076,ABU
TRS_SBY_0815,SBY,-7.08620830584809,112.68395803211956,1,False,,,,,,,,350.0,,,,,0.3630701225637935,False,lainnya,,,False,ABU,SBY_K076,ABU
TRS_SBY_0816,SBY,-7.087952381281804,112.68479116967254,1,False,,,,,,,,0.0,,,,,0.24542897327707455,False,lainnya,,,False,ABU,SBY_K076,ABU
TRS_SBY_0817,SBY,-7.089737946359352,112.68549595749585,3,False,,,,,,,,2550.0,,,,,0.4801084990958409,False,lainnya,,,False,ABU,SBY_K076,ABU
TRS_SBY_0818,SBY,-7.091737491548603,112.68564319127545,1,False,,,,,,,,0.0,,,,,0.2542696403455897,False,lainnya,,,False,ABU,SBY_K076,ABU
TRS_SBY_0819,SBY,-7.093425796526327,112.686516882044,1,False,,,,,,,,0.0,,,,,0.2574844283705043,False,lainnya,,,False,ABU,SBY_K076,ABU
TRS_SBY_0820,SBY,-7.095592187595238,112.68615337651738,1,False,,,,,,,,100.0,,,,,0.32559774964838256,False,lainnya,,,False,ABU,SBY_K076,ABU
TRS_SBY_0821,SBY,-7.096764471553201,112.68827549649119,1,False,,,,,,,,180.0,,,,,0.402551737994776,False,lainnya,,,False,ABU,SBY_K076,ABU
TRS_SBY_0822,SBY,-7.094323089301475,112.69982585242606,3,False,,,,,,,,360.0,,,,,0.492850445382091,False,lainnya,,,False,ABU,SBY_K077,ABU
TRS_SBY_0823,SBY,-7.094830510439361,112.70387462085684,1,False,,,,,,,,0.0,,,,,0.30389793048020897,False,lainnya,,,False,ABU,SBY_K077,ABU
TRS_SBY_0824,SBY,-7.09675577609047,112.70418132157972,1,False,,,,,,,,230.0,,,,,0.517314428982013,False,lainnya,,,False,ABU,SBY_K077,ABU
TRS_SBY_0825,SBY,-7.0983320406735535,112.70539332414636,1,False,,,,,,,,410.0,,,,,0.44181037651244504,False,lainnya,,,False,ABU,SBY_K077,ABU
TRS_SBY_0826,SBY,-7.100229688901259,112.70567346126019,1,False,,,,,,,,660.0,,,,,0.5148775275357553,False,lainnya,,,False,ABU,SBY_K077,ABU
TRS_SBY_0827,SBY,-7.102327182505928,112.70544995070108,1,False,,,,,,,,370.0,,,,,0.5502147717337591,False,lainnya,,,False,ABU,SBY_K077,ABU
TRS_SBY_0828,SBY,-7.104452917121065,112.70522343100144,1,False,,,,,,,,840.0,,,,,0.5642455294354028,False,lainnya,,,False,ABU,SBY_K077,ABU
TRS_SBY_0829,SBY,-7.106609865349017,112.70497256376024,1,False,,,,,,,,880.0,,,,,0.5380614462892944,False,lainnya,,,False,ABU,SBY_K077,ABU
TRS_SBY_0830,SBY,-7.108794878930843,112.70469382905374,1,False,,,,,,,,930.0,,,,,0.4907283180047573,False,lainnya,,,False,ABU,SBY_K077,ABU
TRS_SBY_0831,SBY,-7.111006418078756,112.70436869182849,1,False,,,,,,,,940.0,,,,,0.5109289967894869,False,lainnya,,,False,ABU,SBY_K077,ABU
TRS_SBY_0832,SBY,-7.113250279805807,112.70387372780539,1,False,,,,,,,,980.0,,,,,0.43319268635724334,False,lainnya,,,False,ABU,SBY_K077,ABU
TRS_SBY_0833,SBY,-7.115471540352868,112.70331258064297,1,True,559.1083117088272,1.206793540585492,960.8916882911728,21.3441049187816,960.2882915208801,959.6848947505873,False,470.0,1.206793540585492,3.7925477672140626e-243,3.345570850975229e-22,0.5777567657163523,,,,8.197481994421301e-22,-0.34901649256749107,False,GREEN,SBY_K078,GREEN
TRS_SBY_0834,SBY,-7.117655462071934,112.7027639595982,1,True,510.8976651218468,0.056691392043324684,959.1023348781532,20.09239660380087,959.0739891821315,959.0456434861098,False,720.0,0.056691392043324684,6.927613268577441e-259,1.7240233269964034e-22,0.5613491501416431,,,,4.0053408151893734e-22,-0.3904905275998828,False,GREEN,SBY_K078,GREEN
TRS_SBY_0835,SBY,-7.119836947562122,112.70224699536203,1,True,577.5936007552764,0.3142422030188,862.4063992447236,20.09293077367608,862.2492781432143,862.0921570417048,False,590.0,0.3142422030188,1.2025333054385421e-209,1.7131091484432104e-18,0.5335922120324579,,,,3.554387025809628e-18,-0.4280663754015117,False,GREEN,SBY_K078,GREEN
TRS_SBY_0836,SBY,-7.1220533450404275,112.70127314722863,1,True,558.0620006615652,-0.13606013330633465,1251.9379993384348,20.092398133578467,1252.006029405088,1252.0740594717413,False,0.0,-0.13606013330633465,0.0,5.317925787844249e-37,0.5061968838526912,,,,4.773514256641063e-37,-0.4626951447649219,False,GREEN,SBY_K078,GREEN
TRS_SBY_0837,SBY,-7.124246946931711,112.70060115098354,1,True,638.4129490513642,1.0448196902591793,1181.5870509486358,20.092396835604905,1181.0646411035063,1180.5422312583767,False,0.0,1.0448196902591793,0.0,7.167272196734852e-33,0.5138101983002833,,,,4.315127836611331e-33,-0.4626951447649219,False,GREEN,SBY_K078,GREEN
TRS_SBY_0838,SBY,-7.126458309866261,112.69970262792751,1,True,600.2168650429916,-0.647465130795251,1339.7831349570083,20.092396603800932,1340.106867522406,1340.4306000878037,False,0.0,-0.647465130795251,0.0,3.115431524030711e-42,0.5061968838526912,,,,2.2564318762490548e-42,-0.4626951447649219,False,GREEN,SBY_K078,GREEN
TRS_SBY_0839,SBY,-7.128627137125761,112.69935132121239,1,True,509.8378484004613,-3.0920238113117344,1490.1621515995387,20.092398240630047,1491.7081635051945,1493.2541754108504,False,800.0,-3.0920238113117344,0.0,1.5225779532430441e-52,0.6048955382436261,,,,1.115126591799233e-52,-0.4626951447649219,False,GREEN,SBY_K078,GREEN
TRS_SBY_0840,SBY,-7.1308221669472545,112.69866529390626,1,True,519.9999999818114,-3.6569010987379417e-07,1560.0000000181885,20.092408493642576,1560.0000002010338,1560.0000003838786,False,0.0,-3.6569010987379417e-07,0.0,2.949261474523728e-56,0.5180594900849859,,,,2.45528646344214e-56,-0.4626951447649219,False,GREEN,SBY_K078,GREEN
TRS_SBY_0841,SBY,-7.133054185246504,112.69751742940353,1,True,577.2527191864896,1.6801271023299078,1552.7472808135103,20.092396823687892,1551.9072172623455,1551.0671537111805,False,0.0,1.6801271023299078,0.0,3.559689366900528e-55,0.518413597733711,,,,2.986042188731584e-55,-0.4626951447649219,False,GREEN,SBY_K078,GREEN
TRS_SBY_0842,SBY,-7.13521469619569,112.69726792753934,1,True,526.2567341803367,-0.01916738401094456,1613.7432658196633,20.09239660380087,1613.7528495116687,1613.7624332036744,False,0.0,-0.01916738401094456,0.0,4.65828291625427e-60,0.5208923512747876,,,,4.2068486582448617e-60,-0.4626951447649219,False,GREEN,SBY_K078,GREEN
TRS_SBY_0843,SBY,-7.137432834544694,112.69630240593132,1,True,550.5244702302525,-0.7324105379038892,1749.4755297697475,20.092396637419228,1749.8417350386994,1750.2079403076514,False,1420.0,-0.7324105379038892,0.0,1.7318240805263372e-70,0.6745401587998244,,,,1.2543183919187997e-70,-0.4626951447649219,False,GREEN,SBY_K078,GREEN
TRS_SBY_0844,SBY,-7.139658442606118,112.69522686612562,1,True,524.3560390818357,-0.43522783207610105,1705.6439609181643,20.092396603802573,1705.8615748342024,1706.0791887502405,False,1040.0,-0.43522783207610105,0.0,5.3166284779036985e-67,0.6274447047286991,,,,4.9683810784384526e-67,-0.4626951447649219,False,GREEN,SBY_K078,GREEN
TRS_SBY_0845,SBY,-7.141897647935633,112.69426290378806,1,True,541.995843831326,0.12605709546214794,1788.004156168674,20.118054926099898,1787.941127620943,1787.8780990732118,False,1240.0,0.12605709546214794,0.0,3.565414600439691e-73,0.6279356666362058,,,,6.370509607874165e-73,-0.4626951447649219,False,GREEN,SBY_K078,GREEN
TRS_SBY_0846,SBY,-7.144214302083702,112.69303443822281,1,True,523.9226566774242,-0.4942722585394207,2076.077343322576,20.09239660380087,2076.3244794518455,2076.571615581115,False,0.0,-0.4942722585394207,0.0,3.408208316872355e-98,0.5194759206798867,,,,7.736563613073812e-98,-0.4949961172695024,False,GREEN,SBY_K078,GREEN
TRS_SBY_0847,SBY,-7.146524898612973,112.69206951762033,1,True,535.9769968022182,-4.9455071484292725,2004.0230031977817,20.09239683540361,2006.4957567719964,2008.9685103462111,False,1820.0,-4.9455071484292725,0.0,1.1907146821033726e-93,0.6265565171372537,,,,3.2988557484193024e-93,-0.49499107108615514,False,GREEN,SBY_K078,GREEN
TRS_SBY_0848,SBY,-7.148669759550431,112.6918685592017,1,True,524.2714086385033,0.25022084396136185,2225.728591361497,20.092396609517916,2225.603480939516,2225.478370517535,False,1880.0,0.25022084396136185,0.0,3.8661038227641206e-112,0.6394543728527515,,,,1.1399626786512262e-111,-0.49499107108435425,False,GREEN,SBY_K078,GREEN
TRS_SBY_0849,SBY,-7.150757017898495,112.69176166010499,1,True,525.7656727835039,0.3641316891466034,1054.2343272164962,20.092396603800584,1054.0522613719227,1053.8701955273496,False,0.0,0.3641316891466034,0.0,1.0596614920011447e-26,0.5152266288951841,,,,3.1273157528786715e-26,-0.49499106208311555,False,GREEN,SBY_K078,GREEN
TRS_SBY_0850,SBY,-7.152807997327954,112.69164970747204,1,True,557.3301973719645,-0.17606092083959157,802.6698026280355,20.092396603800584,802.7578330884553,802.8458635488752,False,610.0,-0.17606092083959157,3.830841452273305e-182,2.375082807668982e-16,0.6266573398969024,,,,6.945282653962355e-16,-0.525394392607749,False,GREEN,SBY_K078,GREEN
TRS_SBY_0851,SBY,-7.154771049818828,112.69175132762736,1,True,750.2762656824247,-1.246063837761823,469.72373431757535,20.09239660380088,470.34676623645623,470.9697981553371,False,70.0,-1.246063837761823,3.810648411112576e-64,7.613208070208926e-07,0.5299220963172804,,,,2.200069247145828e-06,-0.5253942791029899,False,YELLOW,SBY_K078,GREEN
TRS_SBY_0852,SBY,-7.156375821888124,112.69303000779263,1,True,902.1345553987136,-5.54584196226612,687.8654446012864,20.0930321294407,690.6383655824195,693.4112865635525,False,600.0,-5.54584196226612,3.4250241548804456e-136,2.7016129443122223e-13,0.5891052880075542,,,,7.851792369448837e-13,-0.494990941779408,False,GREEN,SBY_K078,GREEN
TRS_SBY_0853,SBY,-7.157325046231827,112.69564875724507,1,True,520.2895347627215,0.018241152715889435,589.7104652372785,20.092930553763544,589.7013446609205,589.6922240845627,False,250.0,0.018241152715889435,2.5543566809521713e-99,1.2883573324717122e-09,0.7070042492917847,,,,3.924421118733507e-09,-0.5253942791029899,False,GREEN,SBY_K078,GREEN
TRS_SBY_0854,SBY,-7.158893556163851,112.69710853288629,1,True,509.96766105608816,-0.6335947444881715,820.0323389439118,20.09239660380257,820.3491363161559,820.6659336884,False,350.0,-0.6335947444881715,3.268273993917e-190,4.540108062248909e-17,0.6538850667745852,,,,1.37862608436551e-16,-0.494990941779408,False,GREEN,SBY_K078,GREEN
TRS_SBY_0855,SBY,-7.160422684823185,112.6987211431998,1,True,691.742054722139,-1.791379604812076,538.257945277861,20.36637831135126,539.1536350802671,540.0493248826731,False,0.0,-1.791379604812076,2.27835464966278e-82,1.7470742909091023e-08,0.5109773371104815,,,,5.245082636766267e-08,-0.4949909417794096,False,GREEN,SBY_K078,GREEN
TRS_SBY_0856,SBY,-7.162041099013389,112.70028787439082,1,True,510.0032097423304,-8.629584769629638e-05,1139.9967902576695,20.092407844099736,1139.9968334055934,1139.9968765535173,False,1090.0,-8.629584769629638e-05,0.0,5.597755714965137e-31,0.6799078020635705,,,,1.4811725489902317e-30,-0.4626950066310342,False,GREEN,SBY_K078,GREEN
TRS_SBY_0857,SBY,-7.163894271653537,112.70167493884321,1,True,500.0049237142533,-1.0146479423588248,1009.9950762857467,20.092396603800584,1010.5024002569261,1011.0097242281055,False,0.0,-1.0146479423588248,1.9927245680766312e-287,5.645225752924915e-25,0.5173512747875354,,,,1.2563832170786718e-24,-0.4949959879645577,False,GREEN,SBY_K078,GREEN
TRS_SBY_0858,SBY,-7.165630643046319,112.70329407171923,1,True,500.0075966579139,-1.2631938889923138,1579.9924033420862,20.092407608662235,1580.6240002865823,1581.2555972310784,False,0.0,-1.2631938889923138,0.0,4.491081346951652e-58,0.5173512747875354,,,,8.346841740620804e-58,-0.4626950162463725,False,GREEN,SBY_K078,GREEN
TRS_SBY_0859,SBY,-7.16699094580592,112.705308705036,1,True,520.000000000204,-2.382675975421905e-10,1419.999999999796,20.092396603800584,1419.9999999999152,1420.0000000000343,False,990.0,-2.382675975421905e-10,0.0,5.70057164070744e-47,0.6023549947062695,,,,1.1514850769319507e-46,-0.46269514476441653,False,GREEN,SBY_K078,GREEN
TRS_SBY_0860,SBY,-7.168080875360853,112.70751779571941,1,True,530.8740617802152,-0.6167203759661074,909.1259382197848,20.092396823687892,909.4342984077678,909.7426585957509,False,0.0,-0.6167203759661074,3.3997047904913913e-233,1.5506807994684208e-20,0.5042492917847026,,,,3.800747252900276e-20,-0.462695140296514,False,GREEN,SBY_K078,GREEN
TRS_SBY_0861,SBY,-7.168539506734215,112.71009801769536,1,True,520.0288437250924,-0.4534976649836544,729.9711562749076,20.092930553763544,730.1979051073994,730.4246539398912,False,0.0,-0.4534976649836544,3.644411887762188e-151,6.948990663700395e-14,0.5031869688385269,,,,2.0624388613196576e-13,-0.42806637057852814,False,GREEN,SBY_K078,GREEN
TRS_SBY_0862,SBY,-7.169319695542542,112.71234041640508,1,True,530.0483239843627,-0.013932462718089612,889.9516760156373,20.092396603875297,889.9586422469963,889.9656084783554,False,300.0,-0.013932462718089612,2.852595407488428e-223,1.221817175351677e-19,0.5478163361661945,,,,4.119550679790593e-19,-0.3904905223203388,False,GREEN,SBY_K078,GREEN
TRS_SBY_0863,SBY,-7.170165221002419,112.71446892820299,1,True,526.530289925185,-0.21913036235714292,603.469710074815,20.092396603800584,603.5792752559936,603.6888404371722,False,100.0,-0.21913036235714292,5.51242808080141e-104,5.059753897050006e-10,0.5354107648725213,,,,1.8234418669372586e-09,-0.34901648666898716,False,GREEN,SBY_K078,GREEN
TRS_SBY_0864,SBY,-7.170975922548924,112.71655363328045,1,False,,,,,,,,110.0,,,,,0.5108681754251374,False,lainnya,,,False,ABU,SBY_K079,ABU
TRS_SBY_0865,SBY,-7.174192359262931,112.71759747299967,3,False,,,,,,,,450.0,,,,,0.5370906168374523,False,lainnya,,,False,ABU,SBY_K079,ABU
TRS_SBY_0866,SBY,-7.174725793173161,112.719802860099,1,False,,,,,,,,180.0,,,,,0.40596745027124775,False,lainnya,,,False,ABU,SBY_K079,ABU
TRS_SBY_0867,SBY,-7.175235626407708,112.72193517079513,1,False,,,,,,,,0.0,,,,,0.32559774964838256,False,lainnya,,,False,ABU,SBY_K079,ABU
TRS_SBY_0868,SBY,-7.173124680918788,112.72468700224137,1,False,,,,,,,,0.0,,,,,0.33313240908177616,False,lainnya,,,False,ABU,SBY_K079,ABU
TRS_SBY_0869,SBY,-7.170830094343192,112.72734217169278,1,False,,,,,,,,0.0,,,,,0.32559774964838256,False,lainnya,,,False,ABU,SBY_K079,ABU
TRS_SBY_0870,SBY,-7.170610606635497,112.72950273173991,1,False,,,,,,,,0.0,,,,,0.32559774964838256,False,lainnya,,,False,ABU,SBY_K079,ABU
TRS_SBY_0871,SBY,-7.170749326383758,112.73159626768032,1,False,,,,,,,,0.0,,,,,0.32891299979907573,False,lainnya,,,False,ABU,SBY_K079,ABU
TRS_SBY_0872,SBY,-7.17100812945899,112.73368496907777,1,False,,,,,,,,0.0,,,,,0.32559774964838256,False,lainnya,,,False,ABU,SBY_K079,ABU
TRS_SBY_0873,SBY,-7.171059009065036,112.73582413119887,1,False,,,,,,,,0.0,,,,,0.32891299979907573,False,lainnya,,,False,ABU,SBY_K079,ABU
TRS_SBY_0874,SBY,-7.17125470656081,112.73795617519892,1,False,,,,,,,,0.0,,,,,0.33313240908177616,False,lainnya,,,False,ABU,SBY_K079,ABU
TRS_SBY_0875,SBY,-7.171239397504783,112.74012746094921,1,False,,,,,,,,0.0,,,,,0.33313240908177616,False,lainnya,,,False,ABU,SBY_K079,ABU
TRS_SBY_0876,SBY,-7.1707307651299965,112.74234943109069,1,False,,,,,,,,90.0,,,,,0.4049628290134619,False,lainnya,,,False,ABU,SBY_K079,ABU
TRS_SBY_0877,SBY,-7.17052432615102,112.74453986894065,1,False,,,,,,,,2030.0,,,,,0.5565601768133414,False,lainnya,,,False,ABU,SBY_K079,ABU
TRS_SBY_0878,SBY,-7.170456289662146,112.74672435540886,1,False,,,,,,,,0.0,,,,,0.34187261402451274,False,lainnya,,,False,ABU,SBY_K079,ABU
TRS_SBY_0879,SBY,-7.170094834316276,112.74892281218104,1,False,,,,,,,,0.0,,,,,0.32559774964838256,False,lainnya,,,False,ABU,SBY_K079,ABU
TRS_SBY_0880,SBY,-7.170577667031707,112.7511087449282,1,False,,,,,,,,0.0,,,,,0.3221820373719108,False,lainnya,,,False,ABU,SBY_K079,ABU
TRS_SBY_0881,SBY,-7.172051206865753,112.75333181957035,3,False,,,,,,,,370.0,,,,,0.5058648159913982,False,lainnya,,,False,ABU,SBY_K079,ABU
TRS_SBY_0882,SBY,-7.169049198243754,112.75548699407899,1,False,,,,,,,,0.0,,,,,0.34187261402451274,False,lainnya,,,False,ABU,SBY_K079,ABU
TRS_SBY_0883,SBY,-7.168915773040238,112.75767582155933,1,False,,,,,,,,2990.0,,,,,0.6200522403054048,True,kandidat restorasi baru,,,False,ABU,SBY_K079,ABU
TRS_SBY_0884,SBY,-7.1676655887560266,112.75979382515487,1,False,,,,,,,,180.0,,,,,0.42224231464737794,False,lainnya,,,False,ABU,SBY_K079,ABU
TRS_SBY_0885,SBY,-7.166456794426615,112.76187784538533,1,False,,,,,,,,210.0,,,,,0.4403254972875226,False,lainnya,,,False,ABU,SBY_K079,ABU
TRS_SBY_0886,SBY,-7.165868712619268,112.76406253119191,1,False,,,,,,,,2030.0,,,,,0.533855736387382,False,lainnya,,,False,ABU,SBY_K079,ABU
TRS_SBY_0887,SBY,-7.163894494678218,112.76615601642567,1,False,,,,,,,,1660.0,,,,,0.5389793048020897,False,lainnya,,,False,ABU,SBY_K079,ABU
TRS_SBY_0888,SBY,-7.162763408858563,112.76832591568899,1,False,,,,,,,,2720.0,,,,,0.574643359453486,False,lainnya,,,False,ABU,SBY_K079,ABU
TRS_SBY_0889,SBY,-7.162047683592985,112.77053345836626,1,False,,,,,,,,0.0,,,,,0.3221820373719108,False,lainnya,,,False,ABU,SBY_K079,ABU
TRS_SBY_0890,SBY,-7.161057189790607,112.77271608179296,1,False,,,,,,,,0.0,,,,,0.3221820373719108,False,lainnya,,,False,ABU,SBY_K079,ABU
TRS_SBY_0891,SBY,-7.160054056508364,112.77489754854186,1,False,,,,,,,,0.0,,,,,0.32559774964838256,False,lainnya,,,False,ABU,SBY_K079,ABU
TRS_SBY_0892,SBY,-7.15947936222577,112.77711785075282,1,False,,,,,,,,0.0,,,,,0.33313240908177616,False,lainnya,,,False,ABU,SBY_K079,ABU
TRS_SBY_0893,SBY,-7.159669511916319,112.7794074975207,1,False,,,,,,,,30.0,,,,,0.3690978501105083,False,lainnya,,,False,ABU,SBY_K079,ABU
TRS_SBY_0894,SBY,-7.159976323807473,112.78170772338846,1,False,,,,,,,,110.0,,,,,0.3979304802089612,False,lainnya,,,False,ABU,SBY_K079,ABU
TRS_SBY_0895,SBY,-7.1600936760089136,112.78399076945998,1,False,,,,,,,,0.0,,,,,0.3380550532449267,False,lainnya,,,False,ABU,SBY_K079,ABU
TRS_SBY_0896,SBY,-7.160153798063908,112.78626862474056,1,False,,,,,,,,0.0,,,,,0.3469961824392204,False,lainnya,,,False,ABU,SBY_K079,ABU
TRS_SBY_0897,SBY,-7.159934077067608,112.78852109846936,1,False,,,,,,,,0.0,,,,,0.35091420534458506,False,lainnya,,,False,ABU,SBY_K079,ABU
TRS_SBY_0898,SBY,-7.160703334317199,112.79086326880966,1,False,,,,,,,,240.0,,,,,0.4443439823186659,False,lainnya,,,False,ABU,SBY_K079,ABU
TRS_SBY_0899,SBY,-7.159212868693295,112.793000476717,1,False,,,,,,,,20.0,,,,,0.36849507735583686,False,lainnya,,,False,ABU,SBY_K079,ABU
TRS_SBY_0900,SBY,-7.158937452138973,112.79524788523916,1,False,,,,,,,,0.0,,,,,0.3380550532449267,False,lainnya,,,False,ABU,SBY_K079,ABU
TRS_SBY_0901,SBY,-7.1583658200449225,112.79746841852888,1,False,,,,,,,,0.0,,,,,0.33313240908177616,False,lainnya,,,False,ABU,SBY_K079,ABU
TRS_SBY_0902,SBY,-7.157731171272685,112.79968322789702,1,False,,,,,,,,0.0,,,,,0.3380550532449267,False,lainnya,,,False,ABU,SBY_K079,ABU
TRS_SBY_0903,SBY,-7.15791968745354,112.8019727091981,1,False,,,,,,,,40.0,,,,,0.38366485834840264,False,lainnya,,,False,ABU,SBY_K079,ABU
TRS_SBY_0904,SBY,-7.158075909150931,112.80425926060526,1,False,,,,,,,,0.0,,,,,0.3448864777978702,False,lainnya,,,False,ABU,SBY_K079,ABU
TRS_SBY_0905,SBY,-7.158327597647231,112.80655447382219,1,False,,,,,,,,100.0,,,,,0.40737392003214784,False,lainnya,,,False,ABU,SBY_K079,ABU
TRS_SBY_0906,SBY,-7.158232471792289,112.80881821841872,1,False,,,,,,,,50.0,,,,,0.38476994173196705,False,lainnya,,,False,ABU,SBY_K079,ABU
TRS_SBY_0907,SBY,-7.158265459857469,112.8110935857453,1,False,,,,,,,,0.0,,,,,0.3380550532449267,False,lainnya,,,False,ABU,SBY_K079,ABU
TRS_SBY_0908,SBY,-7.158647388356866,112.81340061741835,1,False,,,,,,,,0.0,,,,,0.32891299979907573,False,lainnya,,,False,ABU,SBY_K079,ABU
TRS_SBY_0909,SBY,-7.160147892871859,112.8158091671108,1,False,,,,,,,,190.0,,,,,0.42153907976692784,False,lainnya,,,False,ABU,SBY_K079,ABU
TRS_SBY_0910,SBY,-7.159999421293958,112.81806806984905,1,False,,,,,,,,170.0,,,,,0.4262607996785212,False,lainnya,,,False,ABU,SBY_K079,ABU
TRS_SBY_0911,SBY,-7.159397449040871,112.82028580750963,1,False,,,,,,,,0.0,,,,,0.3554350010046213,False,lainnya,,,False,ABU,SBY_K079,ABU
TRS_SBY_0912,SBY,-7.160599872404464,112.82266732204067,1,False,,,,,,,,260.0,,,,,0.4398231866586297,False,lainnya,,,False,ABU,SBY_K079,ABU
TRS_SBY_0913,SBY,-7.1613807791686614,112.82503188642696,1,False,,,,,,,,2210.0,,,,,0.5521452982361397,False,lainnya,,,False,ABU,SBY_K079,ABU
TRS_SBY_0914,SBY,-7.161679645899495,112.82737484555211,1,False,,,,,,,,30.0,,,,,0.3648784408278079,False,lainnya,,,False,ABU,SBY_K079,ABU
TRS_SBY_0915,SBY,-7.1618166567309975,112.82969701389547,1,False,,,,,,,,0.0,,,,,0.33313240908177616,False,lainnya,,,False,ABU,SBY_K079,ABU
TRS_SBY_0916,SBY,-7.1619552393658745,112.83201246834231,1,False,,,,,,,,80.0,,,,,0.38316254771950975,False,lainnya,,,False,ABU,SBY_K079,ABU
TRS_SBY_0917,SBY,-7.1623942745687845,112.83433495657019,1,False,,,,,,,,2990.0,,,,,0.6048922031310583,True,kandidat restorasi baru,,,False,ABU,SBY_K079,ABU
TRS_SBY_0918,SBY,-7.162993122101306,112.83665025325591,1,False,,,,,,,,2990.0,,,,,0.6113120353626682,True,kandidat restorasi baru,,,False,ABU,SBY_K079,ABU
TRS_SBY_0919,SBY,-7.163690671980495,112.83895187057732,1,False,,,,,,,,690.0,,,,,0.47960618846694797,False,lainnya,,,False,ABU,SBY_K079,ABU
TRS_SBY_0920,SBY,-7.164093979861122,112.84123055089738,1,False,,,,,,,,0.0,,,,,0.3380550532449267,False,lainnya,,,False,ABU,SBY_K079,ABU
TRS_SBY_0921,SBY,-7.165241970799646,112.84350104505964,1,False,,,,,,,,0.0,,,,,0.3469961824392204,False,lainnya,,,False,ABU,SBY_K079,ABU
TRS_SBY_0922,SBY,-7.165602300166139,112.8457475843497,1,False,,,,,,,,20.0,,,,,0.3723126381354229,False,lainnya,,,False,ABU,SBY_K079,ABU
TRS_SBY_0923,SBY,-7.165546305170059,112.84798874186211,1,False,,,,,,,,70.0,,,,,0.39250552541691786,False,lainnya,,,False,ABU,SBY_K079,ABU
TRS_SBY_0924,SBY,-7.1645720654111935,112.85024986856521,1,False,,,,,,,,0.0,,,,,0.32559774964838256,False,lainnya,,,False,ABU,SBY_K079,ABU
TRS_SBY_0925,SBY,-7.165307799918998,112.85246633438896,1,False,,,,,,,,0.0,,,,,0.31856540084388185,False,lainnya,,,False,ABU,SBY_K079,ABU
TRS_SBY_0926,SBY,-7.164576934493641,112.85473037440578,1,False,,,,,,,,0.0,,,,,0.30972473377536663,False,lainnya,,,False,ABU,SBY_K079,ABU
TRS_SBY_0927,SBY,-7.163656738671136,112.85701582456818,1,False,,,,,,,,0.0,,,,,0.29455495278280086,False,lainnya,,,False,ABU,SBY_K079,ABU
TRS_SBY_0928,SBY,-7.163067512358256,112.8592941059314,1,False,,,,,,,,0.0,,,,,0.2650190878038979,False,lainnya,,,False,ABU,SBY_K079,ABU
TRS_SBY_0929,SBY,-7.162671093215424,112.86156557407102,1,False,,,,,,,,0.0,,,,,0.2607996785211975,False,lainnya,,,False,ABU,SBY_K079,ABU
TRS_SBY_0930,SBY,-7.162714095776153,112.86380281190844,1,True,519.9956534105263,-0.0002797321939049873,40.0043465894737,20.092861704173618,40.0044864555706,40.004626321667615,False,0.0,-0.0002797321939049873,0.07689172742438026,0.34439355335475164,0.48166233726571794,,,,1.1431862940752522,4.214459683695328,False,YELLOW,SBY_K079,ABU
TRS_SBY_0931,SBY,-7.163484094795784,112.86596566239835,1,False,,,,,,,,150.0,,,,,0.4418324291742013,False,lainnya,,,False,ABU,SBY_K079,ABU
TRS_SBY_0932,SBY,-7.164302355924361,112.86811724077353,1,True,529.9956535835994,-0.0002763521306713106,200.0043464164006,20.09256081436535,200.00448459246593,200.00462276853125,False,80.0,-0.0002763521306713106,4.276280724408776e-13,0.022003509025572927,0.6636862606231225,,,,0.06696897235759974,3.565173698561231,False,YELLOW,SBY_K079,ABU
TRS_SBY_0933,SBY,-7.164980935855753,112.87028108723617,1,True,985.9600847667137,-0.8926952082895515,1424.0399152332861,20.092560814356993,1424.486262837431,1424.932610441576,False,0.0,-0.8926952082895515,0.0,3.2237548836170123e-47,0.4817634560906516,,,,9.907141193653928e-47,3.565173698561231,False,GREEN,SBY_K079,ABU
TRS_SBY_0934,SBY,-7.165797208844265,112.87242589227313,1,False,,,,,,,,600.0,,,,,0.5751557162949568,False,lainnya,,,False,ABU,SBY_K079,ABU
TRS_SBY_0935,SBY,-7.166855972308924,112.87453275598192,1,True,540.0000000013365,-4.809917148353135e-09,609.9999999986635,20.092571933313575,610.0000000010684,610.0000000034734,False,540.0,-4.809917148353135e-09,8.717826141974382e-106,4.059154846216639e-10,0.5884154338474452,,,,1.2703111058804293e-09,-0.05210268968214625,False,GREEN,SBY_K079,ABU
TRS_SBY_0936,SBY,-7.167902672828527,112.87663210937427,1,False,,,,,,,,370.0,,,,,0.5292860672607508,False,lainnya,,,False,ABU,SBY_K079,ABU
TRS_SBY_0937,SBY,-7.168894013252107,112.8787312351181,1,False,,,,,,,,190.0,,,,,0.3615526157165065,False,lainnya,,,False,ABU,SBY_K079,ABU
TRS_SBY_0938,SBY,-7.170695810973397,112.8806841663911,1,False,,,,,,,,400.0,,,,,0.5008288125376733,False,lainnya,,,False,ABU,SBY_K079,ABU
TRS_SBY_0939,SBY,-7.1714338242009354,112.8828047070769,1,False,,,,,,,,1050.0,,,,,0.4921438617641149,False,lainnya,,,False,ABU,SBY_K079,ABU
TRS_SBY_0940,SBY,-7.172635083836333,112.88483379052772,1,False,,,,,,,,830.0,,,,,0.41610686265253904,False,lainnya,,,False,ABU,SBY_K079,ABU
TRS_SBY_0941,SBY,-7.1738537519076555,112.88684687800223,1,False,,,,,,,,400.0,,,,,0.3654812135824794,False,lainnya,,,False,ABU,SBY_K079,ABU
TRS_SBY_0942,SBY,-7.175683185767596,112.88871707148289,1,False,,,,,,,,1120.0,,,,,0.4499824191279887,False,lainnya,,,False,ABU,SBY_K079,ABU
TRS_SBY_0943,SBY,-7.177595184193063,112.89054291555482,1,False,,,,,,,,40.0,,,,,0.2884267631103074,False,lainnya,,,False,ABU,SBY_K079,ABU
TRS_SBY_0944,SBY,-7.178467093027919,112.89258455568864,1,False,,,,,,,,20.0,,,,,0.28792445248141446,False,lainnya,,,False,ABU,SBY_K079,ABU
TRS_SBY_0945,SBY,-7.1781085561993905,112.89492179060021,1,False,,,,,,,,0.0,,,,,0.2574844283705043,False,lainnya,,,False,ABU,SBY_K079,ABU
TRS_SBY_0946,SBY,-7.179404259886608,112.89685703870136,1,False,,,,,,,,40.0,,,,,0.29606188466947964,False,lainnya,,,False,ABU,SBY_K079,ABU
TRS_SBY_0947,SBY,-7.180067372842051,112.89894597377535,1,False,,,,,,,,30.0,,,,,0.2990757484428371,False,lainnya,,,False,ABU,SBY_K079,ABU
TRS_SBY_0948,SBY,-7.180346873678473,112.90113996282511,1,False,,,,,,,,0.0,,,,,0.2650190878038979,False,lainnya,,,False,ABU,SBY_K079,ABU
TRS_SBY_0949,SBY,-7.180586430650288,112.90338164380967,1,False,,,,,,,,0.0,,,,,0.2574844283705043,False,lainnya,,,False,ABU,SBY_K079,ABU
TRS_SBY_0950,SBY,-7.180026025298151,112.90589214740712,1,False,,,,,,,,0.0,,,,,0.2466345187864175,False,lainnya,,,False,ABU,SBY_K079,ABU
TRS_SBY_0951,SBY,-7.180883750241473,112.90800112317642,1,False,,,,,,,,20.0,,,,,0.27848101265822783,False,lainnya,,,False,ABU,SBY_K079,ABU
TRS_SBY_0952,SBY,-7.1822719671944775,112.90995990562583,1,False,,,,,,,,0.0,,,,,0.2493469961824392,False,lainnya,,,False,ABU,SBY_K079,ABU
TRS_SBY_0953,SBY,-7.183559611281889,112.91194716987201,1,False,,,,,,,,30.0,,,,,0.31374321880650996,False,lainnya,,,False,ABU,SBY_K079,ABU
TRS_SBY_0954,SBY,-7.184847243728715,112.91393444399414,1,False,,,,,,,,0.0,,,,,0.27777777777777773,False,lainnya,,,False,ABU,SBY_K079,ABU
TRS_SBY_0955,SBY,-7.184818998214677,112.91629426427963,1,False,,,,,,,,120.0,,,,,0.46709865380751453,False,lainnya,,,False,ABU,SBY_K079,ABU
TRS_SBY_0956,SBY,-7.184191595233099,112.91882370200136,1,True,567.17959298456,-0.8150837900051707,1672.82040701544,20.09256173170585,1673.2279489104426,1673.635490805445,False,0.0,-0.8150837900051707,0.0,2.863926131213566e-64,0.4968130311614731,,,,8.921638719673499e-64,-0.24586176444717192,False,GREEN,SBY_K079,ABU
TRS_SBY_0957,SBY,-7.184649326041846,112.92104592556433,1,True,490.0141973869729,0.0009389613498044719,229.9858026130271,20.092560814365235,229.9853331323522,229.9848636516773,False,130.0,0.0009389613498044719,9.836132602968692e-17,0.010282657177954948,0.514341359773371,,,,0.03189102098920583,-0.2981602718101664,False,YELLOW,SBY_K079,ABU
TRS_SBY_0958,SBY,-7.185400896269008,112.9231849632071,1,True,470.03255624484285,0.6378653979046061,489.96744375515715,20.092560814444166,489.6485110562048,489.32957835725256,False,0.0,0.6378653979046061,7.418234781137981e-69,4.74876397252603e-07,0.4780453257790368,,,,1.4603486246374753e-06,-0.34372058096467506,False,YELLOW,SBY_K080,GREEN
TRS_SBY_0959,SBY,-7.186152454618712,112.92532400555768,1,True,520.0246598343265,0.6373132857347978,1349.9753401656735,20.0925719297316,1349.6566835228061,1349.3380268799388,False,0.0,0.6373132857347978,0.0,3.366776454849446e-42,0.47291076487252126,,,,1.0330145841074812e-41,-0.38455027483267773,False,GREEN,SBY_K080,GREEN
TRS_SBY_0960,SBY,-7.186904001087791,112.92746305261416,1,True,529.9999999708125,-5.732454905935199e-07,560.0000000291875,20.092560814369612,560.0000003158102,560.000000602433,False,0.0,-5.732454905935199e-07,1.6634329645229516e-89,8.546784159597977e-09,0.47556657223796034,,,,2.6392117267254337e-08,-0.34265198734038754,False,GREEN,SBY_K080,GREEN
TRS_SBY_0961,SBY,-7.187655535673077,112.92960210437457,1,True,539.9981303078442,-0.036631918945906394,600.0018696921558,20.092407489404803,600.0201856516287,600.0385016111017,False,0.0,-0.036631918945906394,9.766288781723247e-103,6.723477078821764e-10,0.4854815864022663,,,,2.0889429458848142e-09,-0.4204541406379592,False,GREEN,SBY_K080,GREEN
TRS_SBY_0962,SBY,-7.188400169121205,112.93174311100528,1,True,509.9977024676896,-0.00014520579256466356,640.0022975323104,20.092407489404795,640.0023701352068,640.002442738103,False,0.0,-0.00014520579256466356,1.4438679149196518e-116,5.094103208313209e-11,0.47556657223796034,,,,1.625202166630041e-10,-0.406304139645737,False,GREEN,SBY_K080,GREEN
TRS_SBY_0963,SBY,-7.189118546366815,112.93389155121821,1,True,529.9680390442946,-0.6338178237122166,250.03196095570536,20.092407489404795,250.34886986756146,250.66577877941756,False,0.0,-0.6338178237122166,1.3885293585864712e-19,0.005273338589729674,0.47556657223796034,,,,0.017099542851763447,-0.4013645994536755,False,YELLOW,SBY_K081,YELLOW
TRS_SBY_0964,SBY,-7.1898369117083805,112.93603999579634,1,True,540.0000004648497,2.7247535454856813e-08,389.9999995351503,20.092560814369612,389.99999952152655,389.99999950790277,False,0.0,2.7247535454856813e-08,1.6621684453171947e-44,4.29641437058582e-05,0.48937677053824363,,,,0.00013838063329387818,-0.4013646641211655,False,YELLOW,SBY_K081,YELLOW
TRS_SBY_0965,SBY,-7.190555265142895,112.93818844473763,1,True,509.9302541942986,-1.5899832708949102,280.0697458057014,20.092407489404795,280.86473744114886,281.6597290765963,False,120.0,-1.5899832708949102,3.1464221787735143e-24,0.0018126783165236346,0.5874645892351275,,,,0.005776363400772594,-0.38426175506139953,False,YELLOW,SBY_K081,YELLOW
TRS_SBY_0966,SBY,-7.191076959144591,112.94039255984923,1,True,520.0212930266605,0.0013395413174119137,319.9787069733395,20.092560814369612,319.97803720268075,319.9773674320221,False,0.0,0.0013395413174119137,1.2875989884145542e-30,0.0006363531113341307,0.4985835694050991,,,,0.002015926765448498,-0.38426175545961594,False,YELLOW,SBY_K081,YELLOW
TRS_SBY_0967,SBY,-7.191467903355034,112.94263368243891,1,True,529.9999863276031,-0.0002678733180513081,1450.000013672397,20.09256081435819,1450.000147609056,1450.000281545715,False,1330.0,-0.0002678733180513081,0.0,1.3783270863724822e-48,0.6058808494323628,,,,4.440665616152983e-48,-0.36453457311105797,False,GREEN,SBY_K081,YELLOW
TRS_SBY_0968,SBY,-7.192277652315448,112.94475626278741,1,True,520.134332197638,-0.627231921231719,279.86566780236205,20.09256736096482,280.1792837629779,280.4928997235937,False,120.0,-0.627231921231719,5.65220425626585e-24,0.002189978845765707,0.7217894239848914,,,,0.006980046951423205,0.1331551532237448,False,YELLOW,SBY_K081,YELLOW
TRS_SBY_0969,SBY,-7.1929272674871525,112.94692416902558,1,True,456.2614642284595,-0.23772141233901917,3043.7385357715407,20.092560814369612,3043.85739647771,3043.9762571838796,True,0.0,-0.23772141233901917,0.0,9.170105183153599e-207,0.49380311614730876,,,,2.9135167224961965e-206,0.44351723873064447,False,GREEN,SBY_K081,YELLOW
TRS_SBY_0970,SBY,-7.193432841963355,112.94913284380976,1,True,430.0,0.0,240.0,20.092560814369612,240.0,240.0,False,0.0,0.0,4.653952713411735e-18,0.007829679172533802,0.49380311614730876,,,,0.025150606990740256,0.6131532267758836,False,YELLOW,SBY_K081,YELLOW
TRS_SBY_0971,SBY,-7.1939384044547525,112.95134152076659,1,True,553.4136489963448,-1.0945559862592389,146.58635100365518,20.092560814356993,147.13362899678475,147.68090698991443,False,0.0,-1.0945559862592389,6.426013904914655e-08,0.06285877355620917,0.4854815703372315,,,,0.20325567519838486,0.6148441749881737,False,YELLOW,SBY_K081,YELLOW
TRS_SBY_0972,SBY,-7.194443954959022,112.9535501998932,1,True,499.97557853608106,-0.47847196220096344,170.02442146391894,20.092407489403257,170.26365744501942,170.5028934261199,False,0.0,-0.47847196220096344,5.098267228598097e-10,0.04080352439423237,0.4817634559631949,,,,0.13244143966825636,0.5977412608099589,False,YELLOW,SBY_K081,YELLOW
TRS_SBY_0973,SBY,-7.195063391837132,112.95572664597947,1,True,459.99998777575485,-0.00023950119119321218,200.00001222424515,20.0925624182643,200.00013197484077,200.00025172543633,False,0.0,-0.00023950119119321218,4.2811631923481275e-13,0.02200589790724105,0.4755665722378533,,,,0.07124782191902866,0.5977412608099589,False,YELLOW,SBY_K081,YELLOW
TRS_SBY_0974,SBY,-7.195778227979873,112.95787609286197,1,True,399.99922736120953,-0.01513828352399562,350.00077263879047,20.092560814365235,350.0083417805525,350.01591092231445,False,0.0,-0.01513828352399562,3.0413130349709295e-36,0.00021157282937722444,0.4780453257790368,,,,0.0006901103397480667,0.5361158708951888,False,YELLOW,SBY_K081,YELLOW
TRS_SBY_0975,SBY,-7.196493052185703,112.96002554405082,1,True,330.06280284363567,-1.7365636547660541,959.9371971563644,20.092407489403257,960.8054789837474,961.6737608111304,False,0.0,-1.7365636547660541,3.082222453599855e-260,6.645969864129937e-23,0.4968130311614731,,,,2.1793078955346e-22,0.038087076340412127,False,GREEN,SBY_K082,GREEN
TRS_SBY_0976,SBY,-7.197207864451638,112.96217499954396,1,True,319.97199335762883,-0.6335935883875605,870.0280066423711,20.092407489403257,870.3448034365649,870.6616002307587,False,640.0,-0.6335935883875605,9.513606336645e-214,5.752836083298286e-19,0.5478266643059491,,,,1.8967822901523287e-18,-0.28642858838925334,False,GREEN,SBY_K082,GREEN
TRS_SBY_0977,SBY,-7.197982019506655,112.96430766212927,1,True,239.94322419797587,-1.1123669527006368,550.0567758020242,20.092407489403264,550.6129592783744,551.1691427547248,False,0.0,-1.1123669527006368,4.958230504692398e-87,1.0009564618635633e-08,0.4985835694050991,,,,3.2619457160329353e-08,0.007638185072617946,False,GREEN,SBY_K082,GREEN
TRS_SBY_0978,SBY,-7.198715883309043,112.96645172833615,1,True,259.97199277583405,-0.6335936682256194,1180.028007224166,20.092407489403257,1180.344804058279,1180.6616008923916,False,0.0,-0.6335936682256194,0.0,3.228090379029183e-33,0.4968130311614731,,,,1.0372238978671796e-32,0.006276579829604497,False,GREEN,SBY_K082,GREEN
TRS_SBY_0979,SBY,-7.19876038078224,112.96879087709175,1,True,304.67954496188315,-1.638093744858157,835.3204550381168,20.092396603800584,836.139501910546,836.958548782975,False,0.0,-1.638093744858157,9.601282223050896e-198,7.880530469118814e-18,0.4985835694050991,,,,2.5764392175111075e-17,0.033852963371694536,False,GREEN,SBY_K082,GREEN
TRS_SBY_0980,SBY,-7.1988990387030425,112.97110337402573,1,True,472.28410278552434,-1.791219992880483,147.71589721447566,20.092866508989694,148.61150721091587,149.50711720735615,False,0.0,-1.791219992880483,4.899538023104562e-08,0.0583869866132289,0.4938031038984637,,,,0.19126245008292123,0.04078633720234297,False,YELLOW,SBY_K083,YELLOW
TRS_SBY_0981,SBY,-7.1996366456091785,112.97324637781553,1,True,380.304584541322,-1.8754161922855355,379.695415458678,20.092396603800584,380.63312355482077,381.5708316509635,False,0.0,-1.8754161922855355,8.008220696266291e-43,4.237843400629607e-05,0.49380311614730876,,,,0.00013441156078534833,0.42771471312993387,False,YELLOW,SBY_K083,YELLOW
TRS_SBY_0982,SBY,-7.199289172730423,112.97569642818152,1,True,350.19936530500036,-3.3411069166883482,249.80063469499964,20.092396603800584,251.4711881533438,253.14174161168802,False,0.0,-3.3411069166883482,6.124403230743528e-20,0.0035477236688407523,0.4817634560906516,,,,0.011254482707948467,0.6976125818556869,False,YELLOW,SBY_K083,YELLOW
TRS_SBY_0983,SBY,-7.200483018914638,112.97771032894325,1,True,469.9490805594734,-1.6915910001683576,300.0509194405266,20.092930773676077,300.8967149406108,301.74251044069496,False,0.0,-1.6915910001683576,1.5869314570726318e-27,0.0009146281641630822,0.4817634560906516,,,,0.0028296508048517317,1.8811868219111496,False,YELLOW,SBY_K083,YELLOW
TRS_SBY_0984,SBY,-7.200757052192703,112.97998450573802,1,True,506.4937476159339,-1.462631416622542,153.5062523840661,20.092930553763544,154.2375680923774,154.96888380068862,False,0.0,-1.462631416622542,1.4242802283840084e-08,0.05211884968147675,0.5083215261843419,,,,0.1579133684796532,2.6666941669990214,False,YELLOW,SBY_K083,YELLOW
TRS_SBY_0985,SBY,-7.201031073409264,112.98225868221941,1,True,486.17214713488687,-0.7187312033799536,173.82785286511313,20.09240748941924,174.18721846680313,174.54658406849308,False,0.0,-0.7187312033799536,2.0375761980927074e-10,0.03656766008177895,0.46777620391506625,,,,0.11015080682533564,2.949289687539584,False,YELLOW,SBY_K083,YELLOW
TRS_SBY_0986,SBY,-7.201271942685912,112.9845422352808,1,True,496.18792701726363,-0.7177472546106701,93.81207298273637,20.092407489403264,94.17094661004171,94.52982023734705,False,0.0,-0.7177472546106701,0.0003553180998480794,0.16261588513891329,0.4652086208999671,,,,0.4830407075658134,3.2739956148431224,False,YELLOW,SBY_K083,YELLOW
TRS_SBY_0987,SBY,-7.201276350582223,112.98689268947346,1,True,469.9719940740951,-0.633594159307381,90.02800592590489,20.092407489403264,90.34480300555856,90.66160008521229,False,0.0,-0.633594159307381,0.0005833305620848259,0.17327708108145112,0.46515161778440794,,,,0.511843965739775,3.735932048384031,False,YELLOW,SBY_K083,YELLOW
TRS_SBY_0988,SBY,-7.201597896210116,112.98915340665475,1,False,,,,,,,,0.0,,,,,0.23096242716495877,False,lainnya,,,False,ABU,SBY_K084,ABU
TRS_SBY_0989,SBY,-7.202171417737455,112.99134282834981,1,False,,,,,,,,0.0,,,,,0.22724532851115128,False,lainnya,,,False,ABU,SBY_K084,ABU
TRS_SBY_0990,SBY,-7.203259855961553,112.99338656517759,1,False,,,,,,,,0.0,,,,,0.2574844283705043,False,lainnya,,,False,ABU,SBY_K084,ABU
TRS_SBY_0991,SBY,-7.204531787214207,112.99537839216559,1,False,,,,,,,,0.0,,,,,0.2574844283705043,False,lainnya,,,False,ABU,SBY_K084,ABU
TRS_SBY_0992,SBY,-7.207529874953497,112.99688186283281,1,False,,,,,,,,1890.0,,,,,0.4688567410086398,False,lainnya,,,False,ABU,SBY_K084,ABU
TRS_SBY_0993,SBY,-7.2090113819804955,112.99881441861712,1,False,,,,,,,,0.0,,,,,0.24392204139039583,False,lainnya,,,False,ABU,SBY_K084,ABU
TRS_SBY_0994,SBY,-7.2093551140304495,113.0010688707577,1,False,,,,,,,,0.0,,,,,0.24804098854731768,False,lainnya,,,False,ABU,SBY_K084,ABU
TRS_SBY_0995,SBY,-7.208227570110285,113.00373954958805,1,False,,,,,,,,130.0,,,,,0.5204788179471724,False,lainnya,,,False,ABU,SBY_K084,ABU
TRS_SBY_0996,SBY,-7.206735114059331,113.00651344079377,1,False,,,,,,,,0.0,,,,,0.2164958810528431,False,lainnya,,,False,ABU,SBY_K084,ABU
TRS_SBY_0997,SBY,-7.206023829220099,113.00906632115954,1,False,,,,,,,,2870.0,,,,,0.4673057037984485,False,lainnya,,,False,ABU,SBY_K084,ABU
TRS_SBY_0998,SBY,-7.2056811950407225,113.01151490077477,1,False,,,,,,,,2990.0,,,,,0.51346192485433,False,lainnya,,,False,ABU,SBY_K084,ABU
TRS_SBY_0999,SBY,-7.2058078304802615,113.01383072300176,1,False,,,,,,,,60.0,,,,,0.45268233875828817,False,lainnya,,,False,ABU,SBY_K084,ABU
TRS_SBY_1000,SBY,-7.20709350271653,113.01581867796249,1,False,,,,,,,,0.0,,,,,0.23950170785613822,False,lainnya,,,False,ABU,SBY_K084,ABU
TRS_SBY_1001,SBY,-7.208205069085669,113.01785588872896,1,False,,,,,,,,0.0,,,,,0.2217199115933293,False,lainnya,,,False,ABU,SBY_K084,ABU
TRS_SBY_1002,SBY,-7.208804742438405,113.02003790087961,1,False,,,,,,,,0.0,,,,,0.2180028129395218,False,lainnya,,,False,ABU,SBY_K084,ABU
TRS_SBY_1003,SBY,-7.209585232097567,113.02216876705442,1,False,,,,,,,,0.0,,,,,0.2217199115933293,False,lainnya,,,False,ABU,SBY_K084,ABU
TRS_SBY_1004,SBY,-7.210132571325019,113.02436558239702,1,False,,,,,,,,0.0,,,,,0.2217199115933293,False,lainnya,,,False,ABU,SBY_K084,ABU
TRS_SBY_1005,SBY,-7.210375292854749,113.02664855769882,1,False,,,,,,,,0.0,,,,,0.2180028129395218,False,lainnya,,,False,ABU,SBY_K084,ABU
TRS_SBY_1006,SBY,-7.211001943010801,113.02882293705082,1,False,,,,,,,,0.0,,,,,0.21287924452481413,False,lainnya,,,False,ABU,SBY_K084,ABU
TRS_SBY_1007,SBY,-7.211121058746723,113.03114086661438,1,False,,,,,,,,0.0,,,,,0.22724532851115128,False,lainnya,,,False,ABU,SBY_K084,ABU
TRS_SBY_1008,SBY,-7.21120335590186,113.03346920418383,1,False,,,,,,,,0.0,,,,,0.24392204139039583,False,lainnya,,,False,ABU,SBY_K084,ABU
TRS_SBY_1009,SBY,-7.211471747307558,113.03574490329733,1,False,,,,,,,,0.0,,,,,0.23950170785613822,False,lainnya,,,False,ABU,SBY_K084,ABU
TRS_SBY_1010,SBY,-7.212644747946541,113.03776475485712,1,False,,,,,,,,100.0,,,,,0.28792445248141446,False,lainnya,,,False,ABU,SBY_K084,ABU
TRS_SBY_1011,SBY,-7.212526921010523,113.04014968024373,1,False,,,,,,,,0.0,,,,,0.2180028129395218,False,lainnya,,,False,ABU,SBY_K084,ABU
TRS_SBY_1012,SBY,-7.214490567586725,113.04194593187626,1,False,,,,,,,,60.0,,,,,0.3227848101265823,False,lainnya,,,False,ABU,SBY_K084,ABU
TRS_SBY_1013,SBY,-7.214903844329005,113.04418065280593,1,False,,,,,,,,0.0,,,,,0.20624874422342776,False,lainnya,,,False,ABU,SBY_K084,ABU
TRS_SBY_1014,SBY,-7.215809556107557,113.04627610971609,1,False,,,,,,,,0.0,,,,,0.1810327506530038,False,lainnya,,,False,ABU,SBY_K084,ABU
TRS_SBY_1015,SBY,-7.215863435394347,113.04861246506063,1,False,,,,,,,,0.0,,,,,0.16124171187462327,False,lainnya,,,False,ABU,SBY_K084,ABU
TRS_SBY_1016,SBY,-7.21613865023838,113.050886222392,1,False,,,,,,,,20.0,,,,,0.3583484026522001,False,lainnya,,,False,ABU,SBY_K084,ABU
TRS_SBY_1017,SBY,-7.216632742475638,113.05309808043121,1,False,,,,,,,,0.0,,,,,0.201627486437613,False,lainnya,,,False,ABU,SBY_K084,ABU
TRS_SBY_1018,SBY,-7.216823786965663,113.05539563303243,1,False,,,,,,,,0.0,,,,,0.20413903958207755,False,lainnya,,,False,ABU,SBY_K084,ABU
TRS_SBY_1019,SBY,-7.217637452266777,113.0575171190655,1,False,,,,,,,,0.0,,,,,0.21287924452481413,False,lainnya,,,False,ABU,SBY_K084,ABU
TRS_SBY_1020,SBY,-7.218365389864442,113.05966284816205,1,False,,,,,,,,0.0,,,,,0.22372915410890093,False,lainnya,,,False,ABU,SBY_K084,ABU
TRS_SBY_1021,SBY,-7.21917924693652,113.06178834789463,1,False,,,,,,,,0.0,,,,,0.23528229857343783,False,lainnya,,,False,ABU,SBY_K084,ABU
TRS_SBY_1022,SBY,-7.21982546419281,113.06396619497147,1,False,,,,,,,,0.0,,,,,0.23317259393208759,False,lainnya,,,False,ABU,SBY_K084,ABU
TRS_SBY_1023,SBY,-7.221214099447909,113.06595508801807,1,False,,,,,,,,60.0,,,,,0.27797870202933495,False,lainnya,,,False,ABU,SBY_K084,ABU
TRS_SBY_1024,SBY,-7.221775576869137,113.06816318762799,1,True,450.34107825470994,0.021432775108478675,79.65892174529006,20.092407938663634,79.64820535773583,79.63748897018161,False,0.0,0.021432775108478675,0.0021695433335913927,0.21079842733254217,0.4557253195490384,,,,0.7056694884865141,,False,YELLOW,SBY_K084,ABU
TRS_SBY_1025,SBY,-7.222128975951972,113.07041868188165,1,False,,,,,,,,0.0,,,,,0.22724532851115128,False,lainnya,,,False,ABU,SBY_K084,ABU
TRS_SBY_1026,SBY,-7.222775795183849,113.07260314047726,1,False,,,,,,,,0.0,,,,,0.2180028129395218,False,lainnya,,,False,ABU,SBY_K084,ABU
TRS_SBY_1027,SBY,-7.224159463186656,113.0746323698821,1,False,,,,,,,,0.0,,,,,0.2164958810528431,False,lainnya,,,False,ABU,SBY_K084,ABU
TRS_SBY_1028,SBY,-7.223330560382962,113.07712241144951,1,False,,,,,,,,0.0,,,,,0.23317259393208759,False,lainnya,,,False,ABU,SBY_K084,ABU
TRS_SBY_1029,SBY,-7.223121797941782,113.07946328214896,1,False,,,,,,,,0.0,,,,,0.23317259393208759,False,lainnya,,,False,ABU,SBY_K084,ABU
TRS_SBY_1030,SBY,-7.223734593358853,113.0816392489745,1,False,,,,,,,,0.0,,,,,0.23317259393208759,False,lainnya,,,False,ABU,SBY_K084,ABU
TRS_SBY_1031,SBY,-7.225473373843511,113.08362592810907,1,True,490.0128448202392,0.19108335871178844,169.9871551797608,20.09338531320619,169.8916135004049,169.796071821049,False,0.0,0.19108335871178844,5.95352892398869e-10,0.0438544407470535,0.4631728043837397,,,,0.1445078860541293,,False,YELLOW,SBY_K084,ABU
TRS_SBY_1032,SBY,-7.226122031936808,113.08580840244937,1,False,,,,,,,,80.0,,,,,0.288527225236086,False,lainnya,,,False,ABU,SBY_K084,ABU
TRS_SBY_1033,SBY,-7.226251608380232,113.08806762872487,1,False,,,,,,,,0.0,,,,,0.23096242716495877,False,lainnya,,,False,ABU,SBY_K084,ABU
TRS_SBY_1034,SBY,-7.226917470629957,113.0902436295709,1,False,,,,,,,,0.0,,,,,0.23528229857343783,False,lainnya,,,False,ABU,SBY_K084,ABU
TRS_SBY_1035,SBY,-7.227669618044542,113.09240996218415,1,False,,,,,,,,0.0,,,,,0.23950170785613822,False,lainnya,,,False,ABU,SBY_K084,ABU
TRS_SBY_1036,SBY,-7.227939137582529,113.09463434703962,1,True,470.0055819950973,0.0003525322236929896,149.99441800490268,20.092407718775092,149.99424173879083,149.99406547267898,False,0.0,0.0003525322236929896,3.8850153023424577e-08,0.06485151233439962,0.4780453160664986,,,,0.21268988199980748,,False,YELLOW,SBY_K084,ABU
TRS_SBY_1037,SBY,-7.228310707072432,113.09684077523094,1,False,,,,,,,,0.0,,,,,0.23950170785613822,False,lainnya,,,False,ABU,SBY_K084,ABU
TRS_SBY_1038,SBY,-7.228761527932725,113.099034659694,1,False,,,,,,,,160.0,,,,,0.31233674904560976,False,lainnya,,,False,ABU,SBY_K084,ABU
TRS_SBY_1039,SBY,-7.227982682480631,113.10132797937507,1,False,,,,,,,,0.0,,,,,0.22905364677516574,False,lainnya,,,False,ABU,SBY_K084,ABU
TRS_SBY_1040,SBY,-7.227700219244299,113.10357170071349,1,False,,,,,,,,0.0,,,,,0.2217199115933293,False,lainnya,,,False,ABU,SBY_K084,ABU
TRS_SBY_1041,SBY,-7.2272035044627145,113.10582730668102,1,False,,,,,,,,0.0,,,,,0.21287924452481413,False,lainnya,,,False,ABU,SBY_K084,ABU
TRS_SBY_1042,SBY,-7.227963901747368,113.10801428676156,1,False,,,,,,,,0.0,,,,,0.21488848704038577,False,lainnya,,,False,ABU,SBY_K084,ABU
TRS_SBY_1043,SBY,-7.2271187027357735,113.11027905028185,1,True,500.0,0.0,80.0,20.092985523044515,80.0,80.0,False,0.0,0.0,0.0021933569716875902,0.21213028520836297,0.4006556267627438,,,,0.669490390834046,2.997198260628526,False,YELLOW,SBY_K084,ABU
TRS_SBY_1044,SBY,-7.22667239518406,113.1124928026219,1,False,,,,,,,,1490.0,,,,,0.4041591320072333,False,lainnya,,,False,ABU,SBY_K084,ABU
TRS_SBY_1045,SBY,-7.226429364709071,113.1146965723182,1,True,400.1000867565305,0.00631464714735814,219.89991324346948,20.092407718775092,219.89675591989578,219.89359859632214,False,0.0,0.00631464714735814,1.6900810368928458e-15,0.013169364168442792,0.4242209631728041,,,,0.04063413424002732,2.997198260628526,False,YELLOW,SBY_K084,ABU
TRS_SBY_1046,SBY,-7.226186708487092,113.11689685263546,1,False,,,,,,,,2990.0,,,,,0.5145287049524804,False,lainnya,,,False,ABU,SBY_K084,ABU
TRS_SBY_1047,SBY,-7.2256586158783,113.11905835556172,1,False,,,,,,,,0.0,,,,,0.20413903958207755,False,lainnya,,,False,ABU,SBY_K084,ABU
TRS_SBY_1048,SBY,-7.225134382265832,113.12119121813484,1,False,,,,,,,,330.0,,,,,0.2902350813743219,False,lainnya,,,False,ABU,SBY_K084,ABU
TRS_SBY_1049,SBY,-7.224646759199104,113.12330053667031,1,False,,,,,,,,0.0,,,,,0.1920835844886478,False,lainnya,,,False,ABU,SBY_K084,ABU
TRS_SBY_1050,SBY,-7.224165759106647,113.12538116318579,1,False,,,,,,,,40.0,,,,,0.21378340365682139,False,lainnya,,,False,ABU,SBY_K084,ABU
TRS_SBY_1051,SBY,-7.223357461690797,113.12732629757923,1,False,,,,,,,,0.0,,,,,0.1810327506530038,False,lainnya,,,False,ABU,SBY_K084,ABU
TRS_SBY_1052,SBY,-7.223253344099182,113.12958671397115,1,False,,,,,,,,70.0,,,,,0.2208157524613221,False,lainnya,,,False,ABU,SBY_K084,ABU
TRS_SBY_1053,SBY,-7.222832191585447,113.13181952587897,1,False,,,,,,,,0.0,,,,,0.20805706248744218,False,lainnya,,,False,ABU,SBY_K084,ABU
TRS_SBY_1054,SBY,-7.222911331492128,113.13420725937799,1,True,763.8747285219386,-1.0336798265395064,2736.125271478061,20.09239666071662,2736.642111391331,2737.158951304601,True,1580.0,-1.0336798265395064,0.0,4.1890320955050166e-169,0.6252084304514648,,,,1.2277199611023207e-168,,False,GREEN,SBY_K084,ABU
TRS_SBY_1055,SBY,-7.22350374319636,113.1367308350097,1,False,,,,,,,,0.0,,,,,0.1920835844886478,False,lainnya,,,False,ABU,SBY_K084,ABU
TRS_SBY_1056,SBY,-7.224186258834102,113.13925355500218,1,False,,,,,,,,2000.0,,,,,0.6154731766124171,True,kandidat restorasi baru,,,False,ABU,SBY_K084,ABU
TRS_SBY_1057,SBY,-7.224445212105361,113.14164545105439,1,False,,,,,,,,1040.0,,,,,0.3561382358850713,False,lainnya,,,False,ABU,SBY_K084,ABU
TRS_SBY_1058,SBY,-7.224320498023762,113.14393395011882,1,False,,,,,,,,0.0,,,,,0.1810327506530038,False,lainnya,,,False,ABU,SBY_K084,ABU
TRS_SBY_1059,SBY,-7.224318634800753,113.14623834327428,3,False,,,,,,,,0.0,,,,,0.1920835844886478,False,lainnya,,,False,ABU,SBY_K084,ABU
TRS_SBY_1060,SBY,-7.224004337756174,113.14848227117973,3,True,604.7484208963732,-0.19304339949779176,255.2515791036268,20.092407831154254,255.3481008033757,255.4446225031246,False,0.0,-0.19304339949779176,2.8639222365914094e-20,0.004821365715620853,0.39075779036827196,,,,0.01265957523607343,-0.1886159167879415,False,YELLOW,SBY_K084,ABU
TRS_SBY_1061,SBY,-7.223977379105506,113.15030598069417,5,True,711.04088927352,11.412922883964917,2788.95911072648,20.118091628497723,2783.2526492844977,2777.546187842515,True,2930.0,11.412922883964917,0.0,6.064998828868464e-168,0.8063792553345773,,,,1.5592463253810637e-167,-0.1886159167879415,False,GREEN,SBY_K084,ABU
TRS_SBY_1062,SBY,-7.209113542147767,113.1495816204547,1,True,500.0,0.0,3000.0,232.72157183359627,3000.0,3000.0,True,2990.0,0.0,6.099813809598146e-38,1.0788714251475222e-30,0.7497210958151345,,,,1.465037103640862e-30,-0.5542170602455946,False,GREEN,SBY_K085,GREEN
TRS_SBY_1063,SBY,-7.208532446754419,113.15037369885077,1,True,489.98413236719443,-0.001002124138218458,3010.0158676328056,20.098046730789342,3010.0163686948745,3010.016869756944,True,2950.0,-0.001002124138218458,0.0,2.1653038711889116e-203,0.7413219618764104,,,,2.778737118413283e-203,-0.5542170602455946,False,GREEN,SBY_K085,GREEN
TRS_SBY_1064,SBY,-7.207967804724067,113.15105702710935,1,True,460.0350893070744,0.6337636367559739,3039.9649106929255,20.092396603800584,3039.648028874548,3039.33114705617,True,3000.0,0.6337636367559739,0.0,5.476707981742647e-207,0.7647733711048159,,,,6.653344999173778e-207,-0.5816857845188755,False,GREEN,SBY_K085,GREEN
TRS_SBY_1065,SBY,-7.207639848800062,113.1514539173632,1,True,830.6616970104025,24.038643544977496,2669.3383029895977,20.092967739612384,2657.3189812171086,2645.29965944462,True,2630.0,24.038643544977496,0.0,1.5208298676763756e-146,0.6809685315438555,,,,2.029477121783113e-146,-0.5816857845188755,False,GREEN,SBY_K085,GREEN
TRS_SBY_1066,SBY,-7.207142371513591,113.15173847692199,1,True,538.3548450884963,5.601213304049539,2961.6451549115036,20.11814799256724,2958.844548259479,2956.043941607454,True,2700.0,5.601213304049539,0.0,1.3108785141231632e-192,0.7185027804007974,,,,1.850461942660056e-192,-0.5816857845188755,False,GREEN,SBY_K085,GREEN
TRS_SBY_1067,SBY,-7.206650612989505,113.15201447332753,3,True,480.13628897214454,3.178348830956742,3019.8637110278555,20.092489159247577,3018.2745366123772,3016.6853621968985,True,2850.0,3.178348830956742,0.0,7.313582083464637e-202,0.7457618905620993,,,,1.2387211067929208e-201,-0.607988546514891,False,GREEN,SBY_K085,GREEN
TRS_SBY_1068,SBY,-7.204991347232224,113.15230020251573,1,True,330.0281146792563,0.6357248676706408,2949.9718853207437,20.092489159247663,2949.6540228869085,2949.336160453073,False,2920.0,0.6357248676706408,0.0,2.4302524388457305e-194,0.7643850168807482,,,,5.2482934382072344e-194,-0.607988546514891,False,GREEN,SBY_K085,GREEN
TRS_SBY_1069,SBY,-7.204813557891972,113.15255634886543,1,False,,,,,,,,2650.0,,,,,0.6496809853628578,True,kandidat restorasi baru,,,False,ABU,SBY_K085,GREEN
TRS_SBY_1070,SBY,-7.205765455135764,113.15354114219433,1,True,500.0,0.0,2430.0,232.72157183359627,2430.0,2430.0,False,2420.0,0.0,1.427079723073368e-25,8.431521292204181e-21,0.6746687191253249,,,,1.7512306205358343e-20,-0.607988546514891,False,GREEN,SBY_K085,GREEN
TRS_SBY_1071,SBY,-7.206566554486922,113.1549669244607,1,False,,,,,,,,2050.0,,,,,0.6700701274643849,True,kandidat restorasi baru,,,False,ABU,SBY_K085,GREEN
TRS_SBY_1072,SBY,-7.206306056311862,113.15642431692181,1,True,419.981856207838,-0.6326983682295306,1400.018143792162,20.092396603800584,1400.3344929762768,1400.6508421603914,False,1290.0,-0.6326983682295306,0.0,6.505699774234055e-46,0.728883929551793,,,,1.0884171737797315e-45,-0.657650993883001,False,GREEN,SBY_K085,GREEN
TRS_SBY_1073,SBY,-7.2064224192790425,113.15788111261915,1,True,389.9646632327313,-0.6922531922823687,1460.0353367672687,20.09321174834127,1460.38146336341,1460.727589959551,False,1290.0,-0.6922531922823687,0.0,9.195605262951458e-50,0.7350712058326196,,,,1.1630765429941297e-49,-0.657650993883001,False,GREEN,SBY_K085,GREEN
TRS_SBY_1074,SBY,-7.206539417357291,113.15934592035124,1,True,329.96765998515787,-0.6336344690441484,1490.0323400148422,20.092475170722935,1490.3491572493642,1490.6659744838862,False,1280.0,-0.6336344690441484,0.0,1.0266616659256929e-51,0.7294949539660056,,,,9.696641536276423e-52,-0.633270954230276,False,GREEN,SBY_K085,GREEN
TRS_SBY_1075,SBY,-7.2076323400167945,113.16078694155621,1,True,379.96766116427574,-0.6335947376152559,1470.0323388357242,20.092396603800584,1470.349136204532,1470.6659335733395,False,1290.0,-0.6335947376152559,0.0,2.133197029259937e-50,0.631461778334102,,,,1.5623401927028723e-50,-0.5542170602455946,False,GREEN,SBY_K085,GREEN
TRS_SBY_1076,SBY,-7.208769034169739,113.16222972626751,1,True,409.97176456242863,-0.6918064411387271,1490.0282354375713,20.092396603800584,1490.3741386581407,1490.7200418787102,False,1350.0,-0.6918064411387271,0.0,9.757967595948196e-52,0.5846579582415277,,,,2.720068605351579e-52,-0.4626951447649219,False,GREEN,SBY_K085,GREEN
TRS_SBY_1077,SBY,-7.209908075656788,113.16367550571579,1,True,269.8996313569417,-2.0620833297199503,1700.1003686430583,20.092407718774787,1701.1314103079183,1702.1624519727782,False,1400.0,-2.0620833297199503,0.0,3.378580069881338e-67,0.5944050991501416,,,,9.417913605868832e-68,-0.494996117269504,False,GREEN,SBY_K085,GREEN
TRS_SBY_1078,SBY,-7.2127563442662,113.1650562406835,1,True,349.9791734524076,-0.12400690030203254,1880.0208265475924,20.09297873804102,1880.0828299977434,1880.1448334478944,False,1510.0,-0.12400690030203254,0.0,9.432393875145652e-81,0.6921174699360262,,,,7.2009535305977835e-81,-0.4280663754015117,False,GREEN,SBY_K085,GREEN
TRS_SBY_1079,SBY,-7.218483454270774,113.16634180315798,1,True,440.0701249960101,-1.2586712564973273,2399.9298750039898,20.092408493806406,2400.5592106322383,2401.1885462604873,False,2310.0,-1.2586712564973273,0.0,7.980963753426963e-131,0.577430772721141,,,,9.71669522915048e-131,-0.3904905275998828,False,GREEN,SBY_K085,GREEN
TRS_SBY_1080,SBY,-7.223714403983447,113.16756158946646,1,True,570.0912761358554,-17.740442493679552,2789.9087238641446,21.344067049125133,2798.7789451109843,2807.649166357824,False,2600.0,-17.740442493679552,0.0,3.6540734026276166e-185,0.5948572673785139,,,,4.4196566447189826e-185,-0.34901649256749107,False,GREEN,SBY_K085,GREEN
TRS_SBY_1081,SBY,-7.226304334775144,113.16886052237963,1,True,500.0,0.0,3000.0,232.72157183359627,3000.0,3000.0,True,2990.0,0.0,6.099813809598146e-38,1.0788714251475222e-30,0.7117024879911319,,,,1.3049111874769343e-30,-0.3904905275998828,False,GREEN,SBY_K085,GREEN
TRS_SBY_1082,SBY,-7.227380705837045,113.17034152345552,1,False,,,,,,,,2990.0,,,,,0.5823755832011198,False,lainnya,,,False,ABU,SBY_K085,GREEN
TRS_SBY_1083,SBY,-7.227594045669696,113.17236407342412,1,False,,,,,,,,2840.0,,,,,0.5639922516816794,False,lainnya,,,False,ABU,SBY_K085,GREEN
TRS_SBY_1084,SBY,-7.2273813982064805,113.17465067312962,1,True,1101.5574980609076,37.42922720843149,1948.4425019390924,20.092606836732806,1929.7278883348765,1911.013274730661,False,1860.0,37.42922720843149,0.0,7.1026284418651916e-71,0.6781865880776143,,,,7.864101021537646e-71,-0.4280663754015117,False,GREEN,SBY_K085,GREEN
TRS_SBY_1085,SBY,-7.227168190002163,113.17694317985524,1,True,479.99470041274117,-0.10389266696723684,1570.0052995872588,20.093069215142503,1570.0572459207424,1570.109192254226,False,1470.0,-0.10389266696723684,0.0,9.017176584589907e-57,0.6678602744213833,,,,9.795898427599395e-57,-0.4280663754015117,False,GREEN,SBY_K085,GREEN
TRS_SBY_1086,SBY,-7.2269544653898325,113.17924111600945,1,True,480.0257839208706,0.0016283896367746316,1349.9742160791293,20.09293055378452,1349.973401884311,1349.9725876894927,False,1230.0,0.0016283896367746316,0.0,1.1936669989161402e-42,0.663294007231857,,,,1.2794701788533111e-42,-0.4280663754015117,False,GREEN,SBY_K085,GREEN
TRS_SBY_1087,SBY,-7.2265178823240275,113.18160786923359,1,True,492.76204165853494,0.1743966110448829,957.2379583414651,20.092514243230525,957.1507600359425,957.0635617304201,False,820.0,0.1743966110448829,7.965070748304164e-258,2.196738181076371e-22,0.6212127755130243,,,,4.25732054708116e-22,-0.4626941866305109,False,GREEN,SBY_K085,GREEN
TRS_SBY_1088,SBY,-7.225973852080521,113.18398279237019,1,True,470.02802112982886,-0.6918680939523673,1439.9719788701711,20.092396939597183,1440.3179129171474,1440.6638469641234,False,1300.0,-0.6918680939523673,0.0,1.8306082289960805e-48,0.535364458487688,,,,4.680471262263193e-48,-0.4280653412375473,False,GREEN,SBY_K085,GREEN
TRS_SBY_1089,SBY,-7.225439541204306,113.18631523194486,1,True,460.873526192942,-0.5763859891548049,1029.1264738070581,20.092473640988285,1029.4146668016353,1029.7028597962128,False,860.0,-0.5763859891548049,4.632473072677332e-298,9.46510847317712e-26,0.5541867053165557,,,,2.6238242051871434e-25,-0.428044340734514,False,GREEN,SBY_K085,GREEN
TRS_SBY_1090,SBY,-7.224911046330992,113.18862222977206,1,True,490.3410919686899,0.021536608369252756,509.6589080313101,20.092408493627808,509.64813972712545,509.6373714229408,False,0.0,0.021536608369252756,9.64032996245245e-75,1.318848449114988e-07,0.45095609065155806,,,,3.910341305124082e-07,-0.3355525072194313,False,GREEN,SBY_K085,GREEN
TRS_SBY_1091,SBY,-7.224388047184623,113.19090518563196,1,False,,,,,,,,1030.0,,,,,0.4385952078590643,False,lainnya,,,False,ABU,SBY_K086,YELLOW
TRS_SBY_1092,SBY,-7.223870246561373,113.19316539845033,1,True,480.8680461256194,-0.565892416998891,449.1319538743806,20.092473640935676,449.41490008288,449.6978462913795,False,0.0,-0.565892416998891,1.1398941280145577e-58,2.4872673271289104e-06,0.46529745042492915,,,,7.940630041651848e-06,0.3915126382621923,False,YELLOW,SBY_K086,YELLOW
TRS_SBY_1093,SBY,-7.223357368288774,113.19540407522113,1,True,500.2062488232487,-1.4861093131426961,219.7937511767513,20.092396603800584,220.53680583332266,221.27986048989402,False,0.0,-1.4861093131426961,1.134698310328004e-15,0.010852444819895928,0.472910764872521,,,,0.034972659019246836,0.4939242108413597,False,YELLOW,SBY_K086,YELLOW
TRS_SBY_1094,SBY,-7.222869263770435,113.1976201488255,1,True,540.0466904557098,-0.41084929328028685,189.95330954429016,20.092396603800584,190.15873419093032,190.36415883757047,False,0.0,-0.41084929328028685,4.604912728126903e-12,0.02620673605000107,0.4755665722368091,,,,0.08457147849674175,0.5117736960046251,False,YELLOW,SBY_K086,YELLOW
TRS_SBY_1095,SBY,-7.2226274811577795,113.19979775229254,1,True,489.96753812536406,-0.6360018762410763,150.03246187463594,20.09248915924917,150.35046281275646,150.66846375087704,False,0.0,-0.6360018762410763,3.4917027457432017e-08,0.0611743392478573,0.47043200260218787,,,,0.1952280676443756,0.4098971359577914,False,YELLOW,SBY_K086,YELLOW
TRS_SBY_1096,SBY,-7.222386247011363,113.20197032346942,1,True,492.3515308057123,-0.12167712333516353,227.6484691942877,20.092396604460628,227.7093077559553,227.7701463176229,False,110.0,-0.12167712333516353,1.7013439493220814e-16,0.010557435484104257,0.6909123100695338,,,,0.033839024126964844,0.3219349607785803,False,YELLOW,SBY_K086,YELLOW
TRS_SBY_1097,SBY,-7.222145538586475,113.20413806783182,1,False,,,,,,,,170.0,,,,,0.5865628952002743,False,lainnya,,,False,ABU,SBY_K086,YELLOW
TRS_SBY_1098,SBY,-7.221905334361048,113.2063011798089,1,True,479.8717585807229,-2.5125636516280188,270.1282414192771,20.092407718774787,271.38452324509115,272.6408050709051,False,140.0,-2.5125636516280188,7.934497159682176e-23,0.0021461842211076645,0.6919769324160259,,,,0.006749570227147391,0.2735801352714006,False,YELLOW,SBY_K086,YELLOW
TRS_SBY_1099,SBY,-7.22166561395461,113.20845984351593,1,True,496.4972185939098,-0.358468128374867,343.5027814060902,20.092407718774787,343.68201547027763,343.86124953446506,False,220.0,-0.358468128374867,3.7054006924682905e-35,0.00024306724045410955,0.6900270409477208,,,,0.0007539080444242167,0.07960297466651653,False,YELLOW,SBY_K086,YELLOW
TRS_SBY_1100,SBY,-7.221426358053503,113.21061423342914,1,True,479.96746233375615,-0.6380339502873786,410.03253766624385,20.09257847667712,410.35155464138757,410.6705716165312,False,270.0,-0.6380339502873786,4.064931443409709e-49,1.5874084577881747e-05,0.6259770748085196,,,,4.850497430004672e-05,-0.32722151487401696,False,YELLOW,SBY_K086,YELLOW
TRS_SBY_1101,SBY,-7.221179877075485,113.21283358684447,1,True,494.1539790959648,0.26234545997646447,455.8460209040352,118.68299084375926,455.71484817404695,455.5836754440587,False,370.0,0.26234545997646447,7.799667759013999e-05,0.0019651748486410802,0.437155104612855,,,,0.005865825253562287,-0.3713364093789015,False,YELLOW,SBY_K086,YELLOW
TRS_SBY_1102,SBY,-7.220929545934249,113.21508750905868,1,True,488.63130719840035,-0.7355739920761368,561.3686928015997,170.61137734592515,561.7364797976377,562.1042667936758,False,540.0,-0.7355739920761368,0.0005429959074677152,0.0027328930926696186,0.7135616594797483,,,,0.008032709549999005,-0.3713364093789015,False,GREEN,SBY_K086,YELLOW
TRS_SBY_1103,SBY,-7.2206792440561465,113.2173414272063,1,True,499.99989798029907,-0.001954953836756623,640.000102019701,20.09296926956283,640.0010794966192,640.0020569735377,False,590.0,-0.001954953836756623,1.386210032701577e-116,5.0521378627526915e-11,0.5637573822442022,,,,1.474917048946875e-10,-0.34793061673008707,False,GREEN,SBY_K086,YELLOW
TRS_SBY_1104,SBY,-7.220428962143596,113.219595340869,1,False,,,,,,,,680.0,,,,,0.6256012953704688,True,kandidat restorasi baru,,,False,ABU,SBY_K086,YELLOW
TRS_SBY_1105,SBY,-7.2204572012168935,113.22186169578725,1,False,,,,,,,,690.0,,,,,0.5381100890181792,False,lainnya,,,False,ABU,SBY_K086,YELLOW
TRS_SBY_1106,SBY,-7.2206577418427935,113.2241357488151,1,False,,,,,,,,880.0,,,,,0.5579871956454235,False,lainnya,,,False,ABU,SBY_K086,YELLOW
TRS_SBY_1107,SBY,-7.220858279300375,113.2264098007967,1,True,608.6664901448621,1.2076944673931136,851.3335098551379,20.0930287805316,850.7296626214413,850.1258153877448,False,720.0,1.2076944673931136,1.7403176195472183e-201,1.6287397068778944e-17,0.6371675322631414,,,,4.1130629129569533e-17,-0.34901649256749095,False,GREEN,SBY_K087,GREEN
TRS_SBY_1108,SBY,-7.2210588382116345,113.22868385282938,1,True,504.8299981353522,-0.6048954442000327,1065.170001864648,20.092407718774993,1065.4724495867479,1065.7748973088478,False,950.0,-0.6048954442000327,0.0,1.8931460235230827e-27,0.5439298494110631,,,,4.2603736786278894e-27,-0.3904905275998827,False,GREEN,SBY_K087,GREEN
TRS_SBY_1109,SBY,-7.22125938516053,113.2309579034161,1,True,544.1157733433497,-1.3163623282098997,1145.8842266566503,20.09819811501614,1146.5424078207552,1147.2005889848601,False,1020.0,-1.3163623282098997,0.0,1.2539392338003612e-31,0.4877867577625951,,,,2.7845363590800553e-31,-0.3904905275998827,False,GREEN,SBY_K087,GREEN
TRS_SBY_1110,SBY,-7.221459920146163,113.23323195255325,1,True,549.9747864178862,-0.49519517670713786,1050.0252135821138,20.092489159249087,1050.2728111704673,1050.5204087588208,False,900.0,-0.49519517670713786,1.432706987920327e-309,1.2910255779244379e-26,0.5911197670758577,,,,2.814598267931694e-26,-0.3904905275998827,False,GREEN,SBY_K087,GREEN
TRS_SBY_1111,SBY,-7.2216604431675835,113.23550600023732,1,True,560.0200298030935,-0.0023904731890241736,1129.9799701969064,30.06625539383873,1129.981165433501,1129.9823606700957,False,1070.0,-0.0023904731890241736,1.0071085841996729e-217,1.6737726111546949e-28,0.5563395197373646,,,,3.5189959533378917e-28,-0.34901649256749107,False,GREEN,SBY_K087,GREEN
TRS_SBY_1112,SBY,-7.221860954223905,113.23778004646466,1,False,,,,,,,,1330.0,,,,,0.5452714063640113,False,lainnya,,,False,ABU,SBY_K088,ABU
TRS_SBY_1113,SBY,-7.222061453314195,113.24005409123173,1,False,,,,,,,,1450.0,,,,,0.580698800690071,False,lainnya,,,False,ABU,SBY_K088,ABU
TRS_SBY_1114,SBY,-7.222261940437501,113.24232813453493,1,False,,,,,,,,1490.0,,,,,0.6238644071453519,True,kandidat restorasi baru,,,False,ABU,SBY_K088,ABU
TRS_SBY_1115,SBY,-7.222530090778029,113.24460520416989,1,False,,,,,,,,1860.0,,,,,0.6101680634142864,True,kandidat restorasi baru,,,False,ABU,SBY_K088,ABU
TRS_SBY_1116,SBY,-7.222889017232107,113.24688633539313,1,False,,,,,,,,1860.0,,,,,0.5804409963250307,False,lainnya,,,False,ABU,SBY_K088,ABU
TRS_SBY_1117,SBY,-7.223369436100609,113.24917290423026,1,False,,,,,,,,1830.0,,,,,0.5102405491490364,False,lainnya,,,False,ABU,SBY_K088,ABU
TRS_SBY_1118,SBY,-7.223681553493554,113.25145194254344,1,True,520.9369214208866,0.026536659154425157,1339.0630785791134,20.093068613070233,1339.0498102495362,1339.0365419199588,False,1220.0,0.026536659154425157,0.0,7.87009019859885e-42,0.5689000603724516,,,,1.6151857729629633e-41,-0.34901649256749107,False,GREEN,SBY_K089,GREEN
TRS_SBY_1119,SBY,-7.224042265386517,113.25373315623939,1,True,533.1884517137604,0.6861891708253229,1386.8115482862395,20.092500277587973,1386.468453700827,1386.1253591154143,False,1210.0,0.6861891708253229,0.0,1.573740446544998e-44,0.5658362208227004,,,,3.086020341724875e-44,-0.3904905275998828,False,GREEN,SBY_K089,GREEN
TRS_SBY_1120,SBY,-7.224289919669599,113.2560093094423,1,True,529.9827164934169,-0.03917342609039427,1190.0172835065832,21.34422456187808,1190.0368702196283,1190.0564569326734,False,890.0,-0.03917342609039427,0.0,2.634072585262296e-33,0.5426819078842665,,,,4.7593952010165694e-33,-0.4280663754015117,False,GREEN,SBY_K089,GREEN
TRS_SBY_1121,SBY,-7.224631722700916,113.25828967740945,1,True,509.66814081460336,0.5892163216764877,1340.3318591853968,20.092501439553132,1340.0372510245584,1339.7426428637202,False,940.0,0.5892163216764877,0.0,9.473463860980642e-42,0.5992028810801037,,,,1.565249600093248e-41,-0.4626951447649219,False,GREEN,SBY_K089,GREEN
TRS_SBY_1122,SBY,-7.224915084759171,113.26056742907242,1,True,539.0316479291777,-0.942757196829471,1270.9683520708222,20.09240773432941,1271.4397306692372,1271.9111092676517,False,740.0,-0.942757196829471,0.0,2.651717050156551e-38,0.583966579894342,,,,3.881829998498567e-38,-0.46269514476492163,False,GREEN,SBY_K089,GREEN
TRS_SBY_1123,SBY,-7.224896804033638,113.26283167235717,1,True,519.8529924857323,-0.27946686564638124,1140.1470075142677,20.092506127512475,1140.286740947091,1140.426474379914,False,490.0,-0.27946686564638124,0.0,5.786111742227663e-31,0.5337630803029427,,,,8.158030600662928e-31,-0.46269514476492163,False,GREEN,SBY_K089,GREEN
TRS_SBY_1124,SBY,-7.223390526167835,113.26502927016702,1,True,509.9137574312165,-1.6896853832486018,1170.0862425687835,20.092407718436007,1170.9310852604078,1171.7759279520321,False,670.0,-1.6896853832486018,0.0,5.510972862479975e-33,0.5382066297408143,,,,9.270255866650492e-33,-0.46242234246984293,False,GREEN,SBY_K089,GREEN
TRS_SBY_1125,SBY,-7.220739308258663,113.2671755711413,1,True,569.4042178222361,-14.618033694078193,750.5957821777639,20.092500274106058,757.904799024803,765.2138158718421,False,570.0,-14.618033694078193,2.198153954648588e-165,4.948091122307092e-17,0.507103896426619,,,,1.3965962379414074e-16,-0.4609282075459805,False,GREEN,SBY_K089,GREEN
TRS_SBY_1126,SBY,-7.221593925758551,113.26947888488343,1,True,509.9576292601933,-0.8301378395683798,870.0423707398068,20.092407718436007,870.4574396595908,870.8725085793751,False,650.0,-0.8301378395683798,6.7669878083756846e-214,5.169636145131042e-19,0.41749291784702547,,,,1.3188175358725015e-18,0.4377190817301458,False,GREEN,SBY_K089,GREEN
TRS_SBY_1127,SBY,-7.2201227338851455,113.27167801079707,1,True,509.9596431476834,-0.6364807961527664,390.0403568523166,20.092500274105255,390.358597250393,390.67683764846936,False,0.0,-0.6364807961527664,1.0298889716406719e-44,3.666006001431758e-05,0.3640226628895184,,,,0.00011133616226236337,1.615524542512991,False,YELLOW,SBY_K090,YELLOW
TRS_SBY_1128,SBY,-7.218074249487706,113.27385125739968,1,True,499.92991444304704,-2.5573578483519874,340.07008555695296,20.09248915914632,341.34876448112897,342.627443405305,False,0.0,-2.5573578483519874,7.356047997280872e-35,0.00018670371405280265,0.39943342776203966,,,,0.0006097868358367218,2.85205242490287,False,YELLOW,SBY_K090,YELLOW
TRS_SBY_1129,SBY,-7.21689379848735,113.27606337626004,1,True,533.4028323361009,-1.0540363652867746,116.59716766389909,20.09248915914633,117.12418584654245,117.6512040291858,False,0.0,-1.0540363652867746,1.2763395048242297e-05,0.1095533875807767,0.4677730131172436,,,,0.36675622683685555,5.4268350460317505,False,YELLOW,SBY_K090,YELLOW
TRS_SBY_1130,SBY,-7.216564142556607,113.27831360519603,1,True,519.9437009442239,-1.1030268854846905,100.0562990557761,20.092396603698102,100.60781249851846,101.15932594126082,False,0.0,-1.1030268854846905,0.00014545694974807752,0.14309509293227546,0.4755302080005233,,,,0.48068635147446614,5.928807796436083,False,YELLOW,SBY_K090,YELLOW
TRS_SBY_1131,SBY,-7.216319513661534,113.28056763836092,1,True,509.9675370669985,-0.6360226128732558,100.03246293300151,20.09248915914632,100.35047423943814,100.66848554587477,False,0.0,-0.6360226128732558,0.0001576629414988152,0.14898591811584522,0.47039259559607005,,,,0.504652165466591,6.5678252255646346,False,YELLOW,SBY_K090,YELLOW
TRS_SBY_1132,SBY,-7.215930252111178,113.28281518377645,1,True,519.9956531520878,-0.00027789589677761685,50.00434684791219,20.093010103132386,50.004485795860546,50.00462474380902,False,0.0,-0.00027789589677761685,0.03751904782285691,0.3088252793428359,0.46353100291680704,,,,1.0508211289559435,7.42310167290863,False,YELLOW,SBY_K090,YELLOW
TRS_SBY_1133,SBY,-7.2159505013267475,113.28508107834035,1,False,,,,,,,,0.0,,,,,0.24201326100060275,False,lainnya,,,False,ABU,SBY_K091,ABU
TRS_SBY_1134,SBY,-7.216116754664658,113.28735351533439,1,False,,,,,,,,0.0,,,,,0.24201326100060275,False,lainnya,,,False,ABU,SBY_K091,ABU
TRS_SBY_1135,SBY,-7.216823467722808,113.28965018234975,1,False,,,,,,,,10.0,,,,,0.26652601969057665,False,lainnya,,,False,ABU,SBY_K091,ABU
TRS_SBY_1136,SBY,-7.217678009732544,113.29195348257392,1,False,,,,,,,,0.0,,,,,0.23719107896323086,False,lainnya,,,False,ABU,SBY_K091,ABU
TRS_SBY_1137,SBY,-7.217918941206579,113.2942292708181,1,False,,,,,,,,0.0,,,,,0.23719107896323086,False,lainnya,,,False,ABU,SBY_K091,ABU
TRS_SBY_1138,SBY,-7.217309559808741,113.29646692127469,1,True,500.0,0.0,10.0,232.72157183359627,10.0,10.0,False,0.0,0.0,0.4829531566298137,0.48476749892665055,0.36102516693319814,,,,1.6216999399351162,,False,YELLOW,SBY_K091,ABU
TRS_SBY_1139,SBY,-7.2202868399367075,113.29886544783831,3,False,,,,,,,,320.0,,,,,0.5316518485031144,False,lainnya,,,False,ABU,SBY_K091,ABU
TRS_SBY_1140,SBY,-7.21734878201538,113.30099862879725,1,False,,,,,,,,0.0,,,,,0.2254370102471368,False,lainnya,,,False,ABU,SBY_K091,ABU
TRS_SBY_1141,SBY,-7.217351348383003,113.30326371354579,1,False,,,,,,,,0.0,,,,,0.2197106690777577,False,lainnya,,,False,ABU,SBY_K091,ABU
TRS_SBY_1142,SBY,-7.218265110538845,113.30556968135276,1,False,,,,,,,,0.0,,,,,0.21488848704038577,False,lainnya,,,False,ABU,SBY_K091,ABU
TRS_SBY_1143,SBY,-7.218237333943451,113.30783340289639,1,False,,,,,,,,0.0,,,,,0.21488848704038577,False,lainnya,,,False,ABU,SBY_K091,ABU
TRS_SBY_1144,SBY,-7.218182469285566,113.3100959053502,1,False,,,,,,,,0.0,,,,,0.21287924452481413,False,lainnya,,,False,ABU,SBY_K091,ABU
TRS_SBY_1145,SBY,-7.218589888175559,113.31237915437553,1,False,,,,,,,,0.0,,,,,0.21287924452481413,False,lainnya,,,False,ABU,SBY_K091,ABU
TRS_SBY_1146,SBY,-7.218416962224995,113.31463635193951,1,False,,,,,,,,0.0,,,,,0.23317259393208759,False,lainnya,,,False,ABU,SBY_K091,ABU
TRS_SBY_1147,SBY,-7.218986000568581,113.31692685632191,1,False,,,,,,,,20.0,,,,,0.2501506931886679,False,lainnya,,,False,ABU,SBY_K091,ABU
TRS_SBY_1148,SBY,-7.218372170003087,113.31916425064578,1,False,,,,,,,,210.0,,,,,0.3235885071328109,False,lainnya,,,False,ABU,SBY_K091,ABU
TRS_SBY_1149,SBY,-7.217242000454872,113.32137844964727,1,False,,,,,,,,0.0,,,,,0.20805706248744218,False,lainnya,,,False,ABU,SBY_K091,ABU
TRS_SBY_1150,SBY,-7.215969292841204,113.3235862341679,1,True,1215.2679628760002,-0.3000149036724894,1024.7320371239998,20.092606768489023,1024.882044575836,1025.0320520276723,False,700.0,-0.3000149036724894,7.565530504204773e-295,2.1256602285472996e-25,0.48655402670983405,,,,7.357427304019764e-25,7.052270709384398,False,GREEN,SBY_K091,ABU
TRS_SBY_1151,SBY,-7.21475297572784,113.32579653702041,1,True,500.0,0.0,30.0,232.72157183359627,30.0,30.0,False,20.0,0.0,0.4489837435250377,0.4543911961397039,0.2886039224756811,,,,1.5978947290332233,7.052270709384398,False,YELLOW,SBY_K091,ABU
TRS_SBY_1152,SBY,-7.214633514582331,113.32805609384597,1,False,,,,,,,,10.0,,,,,0.19901547116736992,False,lainnya,,,False,ABU,SBY_K091,ABU
TRS_SBY_1153,SBY,-7.214551142127967,113.33031731251737,1,False,,,,,,,,20.0,,,,,0.39873417721518983,False,lainnya,,,False,ABU,SBY_K091,ABU
TRS_SBY_1154,SBY,-7.21422343528891,113.33256750499073,1,False,,,,,,,,0.0,,,,,0.20624874422342776,False,lainnya,,,False,ABU,SBY_K091,ABU
TRS_SBY_1155,SBY,-7.214355421246254,113.33483834626546,1,False,,,,,,,,0.0,,,,,0.20624874422342776,False,lainnya,,,False,ABU,SBY_K091,ABU
TRS_SBY_1156,SBY,-7.215208201138704,113.33714157680264,1,False,,,,,,,,30.0,,,,,0.24010448061080972,False,lainnya,,,False,ABU,SBY_K091,ABU
TRS_SBY_1157,SBY,-7.216032044740111,113.33944351288125,1,False,,,,,,,,30.0,,,,,0.24010448061080972,False,lainnya,,,False,ABU,SBY_K091,ABU
TRS_SBY_1158,SBY,-7.2187235302025075,113.3418294064178,1,False,,,,,,,,0.0,,,,,0.20805706248744218,False,lainnya,,,False,ABU,SBY_K091,ABU
TRS_SBY_1159,SBY,-7.214855895655861,113.34392045871255,1,False,,,,,,,,0.0,,,,,0.20946353224834235,False,lainnya,,,False,ABU,SBY_K091,ABU
TRS_SBY_1160,SBY,-7.214864754208252,113.34618575535421,1,False,,,,,,,,0.0,,,,,0.1920835844886478,False,lainnya,,,False,ABU,SBY_K091,ABU
TRS_SBY_1161,SBY,-7.218586591694353,113.34861800182657,3,False,,,,,,,,410.0,,,,,0.6172907569943692,True,kandidat restorasi baru,,,False,ABU,SBY_K091,ABU
TRS_SBY_1162,SBY,-7.310745606033446,113.20380590167267,2,False,,,,,,,,0.0,,,,,0.1920835844886478,False,lainnya,,,False,ABU,SBY_K092,ABU
TRS_SBY_1163,SBY,-7.31151047930249,113.20600539294435,2,False,,,,,,,,0.0,,,,,0.1920835844886478,False,lainnya,,,False,ABU,SBY_K092,ABU
TRS_SBY_1164,SBY,-7.306983780521669,113.20581776118607,2,False,,,,,,,,0.0,,,,,0.1920835844886478,False,lainnya,,,False,ABU,SBY_K092,ABU
TRS_SBY_1165,SBY,-7.306719443011192,113.20356953293407,2,False,,,,,,,,80.0,,,,,0.5829817158931083,False,lainnya,,,False,ABU,SBY_K092,ABU
TRS_SEM_0001,SEM,-6.686424238604295,110.62949532217569,1,False,,,,,,,,360.0,,,,,0.5994240171455362,False,lainnya,,,False,ABU,SEM_K093,ABU
TRS_SEM_0002,SEM,-6.688264973782362,110.62832172126902,1,False,,,,,,,,440.0,,,,,0.6435832100389063,True,kandidat restorasi baru,,,False,ABU,SEM_K093,ABU
TRS_SEM_0003,SEM,-6.690119792324719,110.62717899588378,1,False,,,,,,,,490.0,,,,,0.4786876776026867,False,lainnya,,,False,ABU,SEM_K093,ABU
TRS_SEM_0004,SEM,-6.69177468160944,110.62569433949658,1,False,,,,,,,,550.0,,,,,0.6137066871244087,True,kandidat restorasi baru,,,False,ABU,SEM_K093,ABU
TRS_SEM_0005,SEM,-6.693541011968984,110.62431225294698,1,False,,,,,,,,520.0,,,,,0.4509822104758814,False,lainnya,,,False,ABU,SEM_K093,ABU
TRS_SEM_0006,SEM,-6.695397377813492,110.62298188350015,1,False,,,,,,,,610.0,,,,,0.5048271227976561,False,lainnya,,,False,ABU,SEM_K093,ABU
TRS_SEM_0007,SEM,-6.697541029090736,110.62189920181801,1,False,,,,,,,,640.0,,,,,0.586959388185654,False,lainnya,,,False,ABU,SEM_K093,ABU
TRS_SEM_0008,SEM,-6.699270352642457,110.62029528488391,1,False,,,,,,,,750.0,,,,,0.5848945147679324,False,lainnya,,,False,ABU,SEM_K093,ABU
TRS_SEM_0009,SEM,-6.7010091087606245,110.61866742666868,1,False,,,,,,,,840.0,,,,,0.5855435001004622,False,lainnya,,,False,ABU,SEM_K093,ABU
TRS_SEM_0010,SEM,-6.702738895616932,110.61700059314968,1,False,,,,,,,,890.0,,,,,0.44349852015902363,False,lainnya,,,False,ABU,SEM_K093,ABU
TRS_SEM_0011,SEM,-6.705482879939538,110.6161072220307,1,False,,,,,,,,2990.0,,,,,0.6276786260275529,True,kandidat restorasi baru,,,False,ABU,SEM_K093,ABU
TRS_SEM_0012,SEM,-6.707805320400113,110.61475266060768,1,False,,,,,,,,2990.0,,,,,0.6523533336962065,True,kandidat restorasi baru,,,False,ABU,SEM_K093,ABU
TRS_SEM_0013,SEM,-6.710302835611054,110.61342256960141,1,False,,,,,,,,2990.0,,,,,0.6669032062537842,True,kandidat restorasi baru,,,False,ABU,SEM_K093,ABU
TRS_SEM_0014,SEM,-6.711876892910031,110.61142661198782,1,False,,,,,,,,2990.0,,,,,0.6893714430863578,True,kandidat restorasi baru,,,False,ABU,SEM_K093,ABU
TRS_SEM_0015,SEM,-6.713065674760471,110.60922174722481,1,False,,,,,,,,2990.0,,,,,0.6414893123753883,True,kandidat restorasi baru,,,False,ABU,SEM_K093,ABU
TRS_SEM_0016,SEM,-6.71496266108536,110.60741498597785,1,False,,,,,,,,2990.0,,,,,0.6492608473896311,True,kandidat restorasi baru,,,False,ABU,SEM_K093,ABU
TRS_SEM_0017,SEM,-6.716490118719209,110.6054725539726,1,False,,,,,,,,690.0,,,,,0.4333630351792157,False,lainnya,,,False,ABU,SEM_K093,ABU
TRS_SEM_0018,SEM,-6.718219019241676,110.60366972569926,1,False,,,,,,,,910.0,,,,,0.4148390287630794,False,lainnya,,,False,ABU,SEM_K093,ABU
TRS_SEM_0019,SEM,-6.719881731331319,110.6018324760201,1,False,,,,,,,,1060.0,,,,,0.5046534814865361,False,lainnya,,,False,ABU,SEM_K093,ABU
TRS_SEM_0020,SEM,-6.7210160791750635,110.59979481888735,1,False,,,,,,,,2990.0,,,,,0.6135863769325519,True,kandidat restorasi baru,,,False,ABU,SEM_K093,ABU
TRS_SEM_0021,SEM,-6.722286958366779,110.59790356851167,1,False,,,,,,,,2990.0,,,,,0.606246593863545,True,kandidat restorasi baru,,,False,ABU,SEM_K093,ABU
TRS_SEM_0022,SEM,-6.723644646534332,110.59617117593247,1,False,,,,,,,,2990.0,,,,,0.5712273111832825,False,lainnya,,,False,ABU,SEM_K093,ABU
TRS_SEM_0023,SEM,-6.7244539956426435,110.59422957258471,1,False,,,,,,,,2990.0,,,,,0.6321379348346877,True,kandidat restorasi baru,,,False,ABU,SEM_K093,ABU
TRS_SEM_0024,SEM,-6.726066347139646,110.59252153221412,1,False,,,,,,,,2990.0,,,,,0.6096209789110175,True,kandidat restorasi baru,,,False,ABU,SEM_K093,ABU
TRS_SEM_0025,SEM,-6.726374272511363,110.59036439184281,1,True,862.7493094883918,9.18615812957087,2637.2506905116084,46.646377424347776,2632.6576114468226,2628.064532382037,True,2590.0,9.18615812957087,0.0,4.602935155365745e-78,0.6360545845319217,,,,0.0,-0.34901649256749107,False,GREEN,SEM_K094,ORANGE
TRS_SEM_0026,SEM,-6.726916107037263,110.58826418858806,1,True,553.7210768262504,1.3572990534805895,2696.2789231737497,29.382741036358894,2695.600273647009,2694.921624120269,False,2460.0,1.3572990534805895,0.0,2.8531474139551146e-90,0.5733290725258527,,,,0.0,-0.4280663754015117,False,ORANGE,SEM_K094,ORANGE
TRS_SEM_0027,SEM,-6.728385549778254,110.58641369185926,1,True,593.698494934918,3.162009383336488,2346.301505065082,31.64571414474831,2344.720500373414,2343.1394956817458,False,2020.0,3.162009383336488,0.0,7.215883325558336e-68,0.5451767733430567,,,,0.0,-0.4626951447649219,False,ORANGE,SEM_K094,ORANGE
TRS_SEM_0028,SEM,-6.733551733828397,110.5859994569158,1,True,789.1773172545791,-12.155703779468556,1550.822682745421,29.382691948840375,1556.900534635155,1562.9783865248896,False,1510.0,-12.155703779468556,0.0,8.69073997622833e-34,0.4999730315366865,,,,0.0,-0.4626951447649219,False,ORANGE,SEM_K094,ORANGE
TRS_SEM_0029,SEM,-6.733681022070891,110.58418435707208,1,True,837.8085860289632,1.8349855255647733,1512.1914139710368,31.645625411019534,1511.2739212082545,1510.356428445472,False,1400.0,1.8349855255647733,2.8987440800034254e-297,2.0110420411660214e-29,0.44768818292189394,,,,0.0,-0.4280663754015117,False,ORANGE,SEM_K094,ORANGE
TRS_SEM_0030,SEM,-6.733684185243476,110.58234911378973,1,True,590.9830081601375,1.5487856544352925,2249.0169918398624,29.380679322515153,2248.242599012645,2247.4682061854273,False,1900.0,1.5487856544352925,0.0,1.97264383165165e-63,0.4827195467422096,,,,0.0,-0.4280663754015117,False,ORANGE,SEM_K094,ORANGE
TRS_SEM_0031,SEM,-6.733945140290792,110.58062098054518,1,True,555.1293105751929,2.210978070442274,2154.870689424807,29.382688029604093,2153.765200389586,2152.659711354365,False,2030.0,2.210978070442274,0.0,3.243159003402644e-58,0.48677678309772676,,,,0.0,-0.4280663754015117,False,ORANGE,SEM_K094,ORANGE
TRS_SEM_0032,SEM,-6.730944411664697,110.57215615002296,3,True,570.7764664120434,-4.3962867842424815,2489.223533587957,29.38067794129877,2491.421676980078,2493.6198203721992,False,2300.0,-4.3962867842424815,0.0,4.4153570057106103e-79,0.5230831999014657,,,,0.0,-0.34901649256749107,False,GREEN,SEM_K095,GREEN
TRS_SEM_0033,SEM,-6.730177623530501,110.56969998406227,1,True,550.1799447658605,1.7731419689634689,2649.8200552341395,29.39193114382299,2648.933484249658,2648.046913265176,False,2550.0,1.7731419689634689,0.0,3.1459384547186984e-87,0.5351142865078042,,,,0.0,-0.34901649256749107,False,GREEN,SEM_K095,GREEN
TRS_SEM_0034,SEM,-6.726226071673541,110.56579306303966,1,True,887.3749687436242,-14.518332355656556,2612.6250312563757,29.380679652268732,2619.884197434204,2627.1433636120323,True,2460.0,-14.518332355656556,0.0,4.210745345870189e-90,0.5612016052880076,,,,0.0,-0.4626951447649219,False,GREEN,SEM_K095,GREEN
TRS_SEM_0035,SEM,-6.724433899603455,110.56271742657047,1,True,764.0161268809253,-14.202138853122737,2735.983873119075,29.380637885791753,2743.0849425456363,2750.1860119721973,True,2500.0,-14.202138853122737,0.0,2.372295067248859e-98,0.5191175637393768,,,,0.0,-0.4626951447649219,False,GREEN,SEM_K095,GREEN
TRS_SEM_0036,SEM,-6.726021619256106,110.56117154767338,1,True,966.0070984239113,2.348907810759784,2533.9929015760886,29.380682912710135,2532.818447670709,2531.643993765329,True,2230.0,2.348907810759784,0.0,9.469925236561647e-80,0.49326480900417946,,,,0.0,-0.4280663754015117,False,GREEN,SEM_K095,GREEN
TRS_SEM_0037,SEM,-6.726978455725177,110.55973472988342,1,True,658.029368984155,4.839136958105317,2841.970631015845,29.380682974282674,2839.5510625367924,2837.1314940577395,True,2470.0,4.839136958105317,0.0,5.514026396176829e-99,0.5438849766604351,,,,0.0,-0.4280663754015117,False,GREEN,SEM_K095,GREEN
TRS_SEM_0038,SEM,-6.727310372551636,110.5581496919464,1,True,666.5180513155274,-24.076680445984223,2833.4819486844726,44.200014407711826,2845.520288907465,2857.558629130457,True,2620.0,-24.076680445984223,0.0,4.717595257697745e-102,0.5552745820989122,,,,0.0,-0.4280663754015117,False,GREEN,SEM_K095,GREEN
TRS_SEM_0039,SEM,-6.726626787756017,110.55589291197943,3,True,791.3594221397169,1.7040998443329183,2708.640577860283,29.38107885931514,2707.7885279381167,2706.9364780159503,True,2570.0,1.7040998443329183,0.0,3.575477992136234e-91,0.5457680691350404,,,,0.0,-0.3904905275998828,False,ORANGE,SEM_K095,GREEN
TRS_SEM_0040,SEM,-6.74610619703219,110.54035278638914,5,False,,,,,,,,2990.0,,,,,0.538267670078347,False,lainnya,,,False,ABU,SEM_K096,ORANGE
TRS_SEM_0041,SEM,-6.7479721998232955,110.53992714937958,5,True,625.3828586283207,-7.950966385244807,2874.6171413716793,29.380637192208436,2878.592624564302,2882.5681077569243,True,2780.0,-7.950966385244807,0.0,7.617059028538518e-106,0.5572839179081663,,,,0.0,-0.3904905275998828,False,ORANGE,SEM_K096,ORANGE
TRS_SEM_0042,SEM,-6.749693699496141,110.53846556952347,5,True,780.4930086420444,8.88751296192392,2719.5069913579555,29.38067780748026,2715.0632348769936,2710.619478396032,True,2590.0,8.88751296192392,0.0,1.9209904094722714e-89,0.5082996543690594,,,,0.0,-0.4280663754015117,False,ORANGE,SEM_K096,ORANGE
TRS_SEM_0043,SEM,-6.751609940930397,110.53845977119661,3,True,829.0445134858124,11.059338548802447,2670.9554865141877,29.380623639238596,2665.4258172397863,2659.8961479653854,True,2460.0,11.059338548802447,0.0,1.3044611042448534e-85,0.5050798613510215,,,,0.0,-0.4280663754015117,False,ORANGE,SEM_K096,ORANGE
TRS_SEM_0044,SEM,-6.753599094238509,110.53850359692254,3,True,811.6745587999781,11.703264890977083,2688.325441200022,29.38058153532077,2682.4738087545334,2676.622176309045,True,2610.0,11.703264890977083,0.0,1.3362183676643943e-86,0.5020412067337436,,,,0.0,-0.4626951447649219,False,ORANGE,SEM_K096,ORANGE
TRS_SEM_0045,SEM,-6.755623198906057,110.5390674394487,3,True,948.6975132696875,20.062902036986934,2551.3024867303125,31.645460402327323,2541.271035711819,2531.2395846933255,True,2500.0,20.062902036986934,0.0,7.720373649835611e-75,0.5284348441926345,,,,1.7791517802418643e-75,-0.4626951447649219,False,ORANGE,SEM_K096,ORANGE
TRS_SEM_0046,SEM,-6.7576766381100954,110.53971121943188,3,True,945.9726845624702,2.5459127887074815,2554.02731543753,29.38062372885958,2552.754359043176,2551.481402648822,True,2510.0,2.5459127887074815,0.0,6.180619568593716e-81,0.5373435436723362,,,,1.4243171130318745e-81,-0.4626951447649219,False,ORANGE,SEM_K096,ORANGE
TRS_SEM_0047,SEM,-6.759395944762956,110.5451336120765,1,True,510.0452457476797,-0.6108841999070984,2989.9547542523205,44.19999404111925,2990.260196352274,2990.565638452227,True,2810.0,-0.6108841999070984,0.0,9.975563177154876e-105,0.5482109372637182,,,,1.4849131714849338e-104,-0.4626951447649219,False,ORANGE,SEM_K096,ORANGE
TRS_SEM_0048,SEM,-6.761456744997201,110.54613865821345,1,True,625.3964315805285,3.5054455160317985,2874.6035684194712,29.38062360120682,2872.8508456614554,2871.0981229034396,True,2670.0,3.5054455160317985,0.0,1.0270933771375047e-101,0.5038573861285291,,,,1.9329434871339062e-101,-0.3904905275998828,False,ORANGE,SEM_K096,ORANGE
TRS_SEM_0049,SEM,-6.763468833873871,110.54791881187988,1,True,765.8818323092834,0.6252805100697572,2734.1181676907167,29.380623772131923,2733.8055274356816,2733.492887180647,True,2160.0,0.6252805100697572,0.0,3.9673895854483775e-93,0.4904259783863183,,,,7.732052549535229e-93,-0.34901649256749107,False,ORANGE,SEM_K096,ORANGE
TRS_SEM_0050,SEM,-6.765458989740803,110.55020114543596,3,True,574.296373162531,2.0849392620546663,2925.703626837469,29.380635790059006,2924.6611572064417,2923.6186875754142,True,2580.0,2.0849392620546663,0.0,6.513760045193433e-106,0.5179675318971386,,,,1.26946784226149e-105,-0.34901649256749107,False,ORANGE,SEM_K096,ORANGE
TRS_SEM_0051,SEM,-6.767593230495624,110.55004306532382,3,False,,,,,,,,2990.0,,,,,0.5260045708587261,False,lainnya,,,False,ABU,SEM_K097,ABU
TRS_SEM_0052,SEM,-6.769746532443764,110.5498338320443,3,False,,,,,,,,2990.0,,,,,0.538267670078347,False,lainnya,,,False,ABU,SEM_K097,ABU
TRS_SEM_0053,SEM,-6.771961070815106,110.55069415123769,5,False,,,,,,,,2990.0,,,,,0.5516455964997516,False,lainnya,,,False,ABU,SEM_K097,ABU
TRS_SEM_0054,SEM,-6.774153734165452,110.55219196066636,3,False,,,,,,,,2990.0,,,,,0.5092821628319703,False,lainnya,,,False,ABU,SEM_K097,ABU
TRS_SEM_0055,SEM,-6.775872457989463,110.56741125284579,1,True,609.8271262342428,-0.012798758286858182,2890.1728737657572,29.38067781884273,2890.1792731449004,2890.185672524044,True,2780.0,-0.012798758286858182,0.0,4.8885341606611276e-104,0.612017751238103,,,,2.1087364967625798e-104,-0.3020420957639734,False,GREEN,SEM_K098,GREEN
TRS_SEM_0056,SEM,-6.778262509872929,110.56581960488883,1,True,558.894523295567,0.5410097540509138,1531.105476704433,29.38086693349616,1530.8349718274076,1530.5644669503822,False,1440.0,0.5410097540509138,0.0,1.830332722952792e-30,0.5339451526597419,,,,7.895392130362855e-31,-0.3020420957639734,False,GREEN,SEM_K098,GREEN
TRS_SEM_0057,SEM,-6.780666777748005,110.56559532250964,1,False,,,,,,,,2990.0,,,,,0.5473270690661995,False,amblesan >= 1 cm/th (restorasi biasa tidak layak),,,False,ABU,SEM_K098,GREEN
TRS_SEM_0058,SEM,-6.783057617784991,110.56552504188637,1,True,542.7315703905159,0.27749252264296026,2957.268429609484,29.3815563617336,2957.129683348163,2956.990937086841,True,2900.0,0.27749252264296026,0.0,1.1117906349191356e-108,0.6585303311517046,,,,9.395720864763675e-109,-0.34901649256749107,False,ORANGE,SEM_K098,GREEN
TRS_SEM_0059,SEM,-6.78554835939422,110.56530140203698,1,False,,,,,,,,2990.0,,,,,0.4877389167427692,False,amblesan >= 1 cm/th (restorasi biasa tidak layak),,,False,ABU,SEM_K099,ORANGE
TRS_SEM_0060,SEM,-6.7882875695497,110.56505893606138,1,True,1230.1016346445908,11.680351858439746,2269.898365355409,45.75698073244339,2264.0581894261895,2258.2180134969694,True,2220.0,11.680351858439746,0.0,2.011614243659522e-57,0.5269743894035679,,,,4.086410201379082e-57,-0.34901649256749107,False,ORANGE,SEM_K099,ORANGE
TRS_SEM_0061,SEM,-6.79089733628417,110.5636345784452,1,False,,,,,,,,1260.0,,,,,0.4711338825262876,False,amblesan >= 1 cm/th (restorasi biasa tidak layak),,,False,ABU,SEM_K099,ORANGE
TRS_SEM_0062,SEM,-6.793429500065245,110.56264722891063,1,True,569.3046113884755,-29.96792208642325,2930.6953886115243,44.21248270204611,2945.679349654736,2960.663310697948,True,2620.0,-29.96792208642325,0.0,3.806752382225035e-110,0.562704084942586,,,,5.198074639383095e-110,-0.3904905275998828,False,ORANGE,SEM_K099,ORANGE
TRS_SEM_0063,SEM,-6.7958024745040655,110.56120740257437,1,True,610.2989918716647,3.2219286317298224,2889.701008128335,55.26376310600495,2888.0900438124704,2886.4790794966057,True,1750.0,3.2219286317298224,0.0,3.193917549488231e-91,0.5348006879805747,,,,4.0842335675545107e-91,-0.4280663754015117,False,ORANGE,SEM_K099,ORANGE
TRS_SEM_0064,SEM,-6.798075162222217,110.55958882716429,1,True,620.7439183686668,1.069414429301837,2879.2560816313335,29.380950689287058,2878.7213744166825,2878.1866672020315,True,2810.0,1.069414429301837,0.0,6.862268791228653e-103,0.6280609518816852,,,,8.110128369667108e-103,-0.4280663754015117,False,ORANGE,SEM_K099,ORANGE
TRS_SEM_0065,SEM,-6.800368134343654,110.55823071717732,1,True,619.1701242286525,2.2712474814079155,2780.8298757713474,29.38090425439152,2779.6942520306434,2778.5586282899394,False,1990.0,2.2712474814079155,0.0,8.414079202436003e-96,0.5179865332327359,,,,1.0778716212985668e-95,-0.4280663754015117,False,ORANGE,SEM_K099,ORANGE
TRS_SEM_0066,SEM,-6.802815484659851,110.55757572977737,1,True,1352.0325909955552,41.60032917356405,2147.9674090044446,29.381120839602115,2127.167244417663,2106.367079830881,True,1770.0,41.60032917356405,0.0,4.724721659581752e-48,0.4955346425313295,,,,8.328165588923471e-48,-0.4280663754015117,False,ORANGE,SEM_K099,ORANGE
TRS_SEM_0067,SEM,-6.80554539747923,110.55782076787351,1,True,832.175467457624,14.591925931102228,2667.824532542376,29.38065352339719,2660.528569576825,2653.2326066112737,True,2350.0,14.591925931102228,0.0,3.124351419203016e-84,0.552729642577301,,,,6.508474360033447e-84,-0.3904905275998828,False,ORANGE,SEM_K099,ORANGE
TRS_SEM_0068,SEM,-6.806512155173202,110.55240317652971,3,False,,,,,,,,2990.0,,,,,0.5603713537120251,False,amblesan >= 1 cm/th (restorasi biasa tidak layak),,,False,ABU,SEM_K099,ORANGE
TRS_SEM_0069,SEM,-6.808550868050642,110.5509566789981,1,True,612.4859084917857,-3.21471658264435,2887.5140915082143,29.380677805214603,2889.1214497995365,2890.7288080908584,True,2840.0,-3.21471658264435,0.0,5.579190155998047e-105,0.6165463033156446,,,,1.0903090571096802e-104,-0.3904905275998828,False,ORANGE,SEM_K099,ORANGE
TRS_SEM_0070,SEM,-6.810773998980658,110.55011696081579,1,True,529.8861692048607,0.2552066830910671,2970.113830795139,29.380677908314002,2969.9862274535935,2969.8586241120483,True,2920.0,0.2552066830910671,0.0,1.1966204262079883e-109,0.6185266211339205,,,,2.332095655849676e-109,-0.3020420957639734,False,ORANGE,SEM_K099,ORANGE
TRS_SEM_0071,SEM,-6.812807352378145,110.54882917437067,1,True,756.3241804012863,0.7575693874337689,2743.6758195987136,29.380683397973186,2743.297034904997,2742.91825021128,True,2580.0,0.7575693874337689,0.0,1.040948455789235e-93,0.6299108417330962,,,,1.8878443294987737e-93,-0.3020420957639734,False,ORANGE,SEM_K099,ORANGE
TRS_SEM_0072,SEM,-6.814996654009715,110.54797307247436,1,False,,,,,,,,2990.0,,,,,0.5754346246916416,False,amblesan >= 1 cm/th (restorasi biasa tidak layak),,,False,ABU,SEM_K100,ABU
TRS_SEM_0073,SEM,-6.817109625746577,110.54690388906702,1,False,,,,,,,,2990.0,,,,,0.5557117926407965,False,amblesan >= 1 cm/th (restorasi biasa tidak layak),,,False,ABU,SEM_K100,ABU
TRS_SEM_0074,SEM,-6.819184133755393,110.54578898511379,1,False,,,,,,,,2990.0,,,,,0.5330980705223963,False,amblesan >= 1 cm/th (restorasi biasa tidak layak),,,False,ABU,SEM_K100,ABU
TRS_SEM_0075,SEM,-6.820243759651178,110.54245265919005,3,False,,,,,,,,2990.0,,,,,0.4511743988904143,False,amblesan >= 1 cm/th (restorasi biasa tidak layak),,,False,ABU,SEM_K100,ABU
TRS_SEM_0076,SEM,-6.821862026352257,110.54052210843511,3,False,,,,,,,,2460.0,,,,,0.3834663843925961,False,amblesan >= 1 cm/th (restorasi biasa tidak layak),,,False,ABU,SEM_K100,ABU
TRS_SEM_0077,SEM,-6.823560109596928,110.53880027894176,1,False,,,,,,,,1780.0,,,,,0.34087815185809783,False,amblesan >= 1 cm/th (restorasi biasa tidak layak),,,False,ABU,SEM_K100,ABU
TRS_SEM_0078,SEM,-6.8252276922774575,110.53703249411141,1,False,,,,,,,,2990.0,,,,,0.45708889654954604,False,amblesan >= 1 cm/th (restorasi biasa tidak layak),,,False,ABU,SEM_K100,ABU
TRS_SEM_0079,SEM,-6.827123405974038,110.53575252886681,1,False,,,,,,,,2990.0,,,,,0.4703206656976607,False,amblesan >= 1 cm/th (restorasi biasa tidak layak),,,False,ABU,SEM_K100,ABU
TRS_SEM_0080,SEM,-6.828817116686181,110.53406166207678,1,False,,,,,,,,2890.0,,,,,0.4301809083027601,False,amblesan >= 1 cm/th (restorasi biasa tidak layak),,,False,ABU,SEM_K100,ABU
TRS_SEM_0081,SEM,-6.830413251589211,110.53222204403569,1,False,,,,,,,,2990.0,,,,,0.481468937715498,False,amblesan >= 1 cm/th (restorasi biasa tidak layak),,,False,ABU,SEM_K100,ABU
TRS_SEM_0082,SEM,-6.831931537965896,110.53040435368865,1,True,630.6386328423208,0.022313286925495036,2869.361367157679,44.20309264268749,2869.3502105142165,2869.3390538707536,True,2830.0,0.022313286925495036,0.0,9.197702518018898e-96,0.6048940680086888,,,,7.157203715053193e-96,-0.39028203151003266,False,ORANGE,SEM_K101,ORANGE
TRS_SEM_0083,SEM,-6.833523855056231,110.52872253354442,1,True,1018.9792942081026,0.28274120669166236,501.0207057918974,29.397852585786396,500.8793351885515,500.73796458520576,False,410.0,0.28274120669166236,1.697393132026374e-37,9.255044807555325e-05,0.3901964001934637,,,,7.201824689355825e-05,-0.39028203151003266,False,ORANGE,SEM_K101,ORANGE
TRS_SEM_0084,SEM,-6.834459483164001,110.52570910860815,3,True,658.827880400836,1.9214736473382499,2021.172119599164,29.380632524917093,2020.211382775495,2019.2506459518258,False,1880.0,1.9214736473382499,0.0,1.6537749170051e-51,0.4773785486106925,,,,1.2500468767060163e-51,-0.427875909480746,False,ORANGE,SEM_K101,ORANGE
TRS_SEM_0085,SEM,-6.835185179913959,110.52221873672411,1,True,573.6698610913026,1.889665032200188,2346.3301389086973,29.380623593843985,2345.385306392597,2344.440473876497,False,2100.0,1.889665032200188,0.0,8.961237309015463e-69,0.47534904896802915,,,,6.773573957599009e-69,-0.39028203151003266,False,ORANGE,SEM_K101,ORANGE
TRS_SEM_0086,SEM,-6.839889497173941,110.5268573142679,1,True,570.2899138713364,-3.4618382371896868,2209.7100861286635,29.446257509060835,2211.4410052472585,2213.1719243658536,False,2050.0,-3.4618382371896868,0.0,2.275495673359825e-62,0.4810811511089615,,,,1.7706798034675189e-62,-0.49483093279695095,False,ORANGE,SEM_K101,ORANGE
TRS_SEM_0087,SEM,-6.842945968733024,110.52817095222456,1,True,538.7936829193582,-21.931315218446457,2301.206317080642,31.646692820217925,2312.1719746898652,2323.137632299088,False,2220.0,-21.931315218446457,0.0,3.772566158339756e-72,0.5299220963172805,,,,2.880082612844758e-72,-0.4280663754015117,False,ORANGE,SEM_K101,ORANGE
TRS_SEM_0088,SEM,-6.8456222089953105,110.52873005447638,1,True,629.9428429859404,-0.973818009083631,2350.0571570140596,29.380646056100765,2350.5440660186014,2351.030975023143,False,2310.0,-0.973818009083631,0.0,8.593298592771988e-70,0.5346527292348822,,,,9.791492490340635e-71,-0.4280663754015117,False,ORANGE,SEM_K101,ORANGE
TRS_SEM_0089,SEM,-6.8477679110134675,110.52817173925986,3,True,560.1258216542433,0.22519462293102094,2689.8741783457567,31.64546044489517,2689.7615810342913,2689.6489837228255,False,2580.0,0.22519462293102094,0.0,1.287452889845596e-89,0.5657610843929113,,,,3.2865132439337605e-90,-0.4280663754015117,False,ORANGE,SEM_K101,ORANGE
TRS_SEM_0090,SEM,-6.849088072853119,110.52579078498397,1,True,550.0280875964093,0.47783341164834536,2949.971912403591,29.380904893900826,2949.7329956977665,2949.4940789919424,True,2790.0,0.47783341164834536,0.0,3.1916135494067416e-108,0.6003171738402022,,,,5.6201524833420485e-109,-0.4626951447649219,False,ORANGE,SEM_K101,ORANGE
TRS_SEM_0091,SEM,-6.84941781643786,110.52112974071305,1,True,565.3919495518844,0.7721556899418063,2934.6080504481156,29.380623609397126,2934.2219726031444,2933.8358947581737,True,2580.0,0.7721556899418063,0.0,6.54312358671422e-107,0.5625480378593232,,,,1.152186870541432e-107,-0.494996117269504,False,ORANGE,SEM_K101,ORANGE
TRS_SEM_0092,SEM,-6.851261642311653,110.51979961867096,1,True,904.8850928899831,0.6010380549388388,2595.114907110017,29.380623684930914,2594.8143880825473,2594.513869055078,True,2250.0,0.6010380549388388,0.0,4.080107256309028e-84,0.4866745357255272,,,,7.184712238456779e-85,-0.4626951447649219,False,ORANGE,SEM_K101,ORANGE
TRS_SEM_0093,SEM,-6.853290760714632,110.51889720439272,1,True,937.605646400448,1.9837227524904466,1452.394353599552,29.380774854712865,1451.4024922233068,1450.4106308470616,False,1140.0,1.9837227524904466,1.994910978844467e-298,2.097870735070722e-27,0.4380125242284181,,,,3.6941669907467094e-28,-0.494996117269504,False,ORANGE,SEM_K101,ORANGE
TRS_SEM_0094,SEM,-6.8553736690633045,110.51810820922935,1,True,529.4856781569141,-0.08643407361782657,1750.5143218430858,29.380623562240455,1750.5575388798948,1750.6007559167037,False,1530.0,-0.08643407361782657,0.0,1.5907678165049572e-39,0.45344641633801774,,,,2.8012030767361483e-40,-0.4626951447649219,False,ORANGE,SEM_K101,ORANGE
TRS_SEM_0095,SEM,-6.857383382570547,110.51712441344176,1,True,519.2131571186649,-6.735681469780728,1900.7868428813351,44.19981851423612,1904.1546836162256,1907.5225243511159,False,1860.0,-6.735681469780728,2.1215878676308343e-302,5.39196692920094e-45,0.46836067196685854,,,,9.494782453495888e-46,-0.494996117269504,False,ORANGE,SEM_K101,ORANGE
TRS_SEM_0096,SEM,-6.8592888601648,110.515845436548,1,True,572.8266068647271,0.3997522421700907,2927.173393135273,29.380623562240455,2926.973517014188,2926.7736408931028,True,2680.0,0.3997522421700907,0.0,1.634174165329037e-106,0.5484413978267304,,,,0.0,-0.4626951447649219,False,ORANGE,SEM_K101,ORANGE
TRS_SEM_0097,SEM,-6.861798643208542,110.51614951612314,5,True,573.3439787904085,1.380364002369138,2926.6560212095915,29.380581556449087,2925.965839208407,2925.275657207222,True,2760.0,1.380364002369138,0.0,3.1280359484385333e-106,0.5475479328324506,,,,0.0,-0.4626951447649219,False,ORANGE,SEM_K101,ORANGE
TRS_SEM_0098,SEM,-6.864567890817947,110.51724384522767,1,True,549.8460835750024,0.4499932451803019,2950.1539164249975,29.380623593129034,2949.9289198024076,2949.703923179817,True,2700.0,0.4499932451803019,0.0,3.862013046385776e-108,0.5574519987409505,,,,5.99172013298643e-108,-0.3904905275998828,False,ORANGE,SEM_K101,ORANGE
TRS_SEM_0099,SEM,-6.866785241640371,110.51686842366443,1,False,,,,,,,,1160.0,,,,,0.351186145926434,False,amblesan >= 1 cm/th (restorasi biasa tidak layak),,,False,ABU,SEM_K101,ORANGE
TRS_SEM_0100,SEM,-6.86894587630873,110.516341357594,1,True,587.6102451634592,2.3196253820600683,1252.3897548365408,29.380777876936648,1251.2299421455107,1250.0701294544806,False,1150.0,2.3196253820600683,3.6147934060082017e-222,9.482332291867078e-21,0.49758590959477766,,,,2.1851944947808345e-20,-0.3020420957639734,False,ORANGE,SEM_K102,ABU
TRS_SEM_0101,SEM,-6.870948122144286,110.51532856482977,1,False,,,,,,,,2990.0,,,,,0.5175452566756914,False,amblesan >= 1 cm/th (restorasi biasa tidak layak),,,False,ABU,SEM_K102,ABU
TRS_SEM_0102,SEM,-6.872853685250823,110.51397230538788,1,False,,,,,,,,390.0,,,,,0.30350380983292374,False,amblesan >= 1 cm/th (restorasi biasa tidak layak),,,False,ABU,SEM_K102,ABU
TRS_SEM_0103,SEM,-6.8749574746677515,110.51322374515813,1,False,,,,,,,,600.0,,,,,0.37377938517179027,False,amblesan >= 1 cm/th (restorasi biasa tidak layak),,,False,ABU,SEM_K102,ABU
TRS_SEM_0104,SEM,-6.876431727428831,110.5102476267295,1,False,,,,,,,,1020.0,,,,,0.2892363696533466,False,amblesan >= 1 cm/th (restorasi biasa tidak layak),,,False,ABU,SEM_K102,ABU
TRS_SEM_0105,SEM,-6.878534161392016,110.50937942304347,1,False,,,,,,,,1320.0,,,,,0.3306117230167863,False,amblesan >= 1 cm/th (restorasi biasa tidak layak),,,False,ABU,SEM_K102,ABU
TRS_SEM_0106,SEM,-6.880986080540576,110.50959917204266,1,False,,,,,,,,2900.0,,,,,0.3959822078111035,False,amblesan >= 1 cm/th (restorasi biasa tidak layak),,,False,ABU,SEM_K102,ABU
TRS_SEM_0107,SEM,-6.883158815427081,110.50890931561229,1,False,,,,,,,,1770.0,,,,,0.3890830021488678,False,amblesan >= 1 cm/th (restorasi biasa tidak layak),,,False,ABU,SEM_K102,ABU
TRS_SEM_0108,SEM,-6.8852857893666375,110.50810059683444,1,False,,,,,,,,1900.0,,,,,0.37111026511426254,False,amblesan >= 1 cm/th (restorasi biasa tidak layak),,,False,ABU,SEM_K102,ABU
TRS_SEM_0109,SEM,-6.887747310915949,110.50815703704805,1,False,,,,,,,,1880.0,,,,,0.3653337266318683,False,amblesan >= 1 cm/th (restorasi biasa tidak layak),,,False,ABU,SEM_K102,ABU
TRS_SEM_0110,SEM,-6.889257283378078,110.50586164412817,1,False,,,,,,,,2320.0,,,,,0.3644584052157165,False,amblesan >= 1 cm/th (restorasi biasa tidak layak),,,False,ABU,SEM_K102,ABU
TRS_SEM_0111,SEM,-6.890863921944743,110.50396641594756,3,False,,,,,,,,540.0,,,,,0.281305114638448,False,amblesan >= 1 cm/th (restorasi biasa tidak layak),,,False,ABU,SEM_K102,ABU
TRS_SEM_0112,SEM,-6.894344561192696,110.50619986609264,1,False,,,,,,,,2880.0,,,,,0.39199484294421,False,amblesan >= 1 cm/th (restorasi biasa tidak layak),,,False,ABU,SEM_K102,ABU
TRS_SEM_0113,SEM,-6.8970584868635925,110.50658384616445,1,False,,,,,,,,2990.0,,,,,0.4152637248399494,False,amblesan >= 1 cm/th (restorasi biasa tidak layak),,,False,ABU,SEM_K102,ABU
TRS_SEM_0114,SEM,-6.898947194483462,110.50528095965885,1,False,,,,,,,,2490.0,,,,,0.3039741848648361,False,amblesan >= 1 cm/th (restorasi biasa tidak layak),,,False,ABU,SEM_K102,ABU
TRS_SEM_0115,SEM,-6.900775006107752,110.50393091263962,1,False,,,,,,,,2990.0,,,,,0.36365105572590434,False,amblesan >= 1 cm/th (restorasi biasa tidak layak),,,False,ABU,SEM_K102,ABU
TRS_SEM_0116,SEM,-6.901434604750992,110.50063359560485,1,False,,,,,,,,2990.0,,,,,0.372368749088617,False,amblesan >= 1 cm/th (restorasi biasa tidak layak),,,False,ABU,SEM_K102,ABU
TRS_SEM_0117,SEM,-6.903356829175818,110.49966580269721,1,False,,,,,,,,2990.0,,,,,0.3698571959441524,False,amblesan >= 1 cm/th (restorasi biasa tidak layak),,,False,ABU,SEM_K102,ABU
TRS_SEM_0118,SEM,-6.90394419459329,110.49664721132238,1,False,,,,,,,,2990.0,,,,,0.37783267915353774,False,amblesan >= 1 cm/th (restorasi biasa tidak layak),,,False,ABU,SEM_K102,ABU
TRS_SEM_0119,SEM,-6.906333920948852,110.49653802191561,1,False,,,,,,,,2990.0,,,,,0.3252026210199022,False,amblesan >= 1 cm/th (restorasi biasa tidak layak),,,False,ABU,SEM_K102,ABU
TRS_SEM_0120,SEM,-6.908708462529011,110.49636417752758,1,False,,,,,,,,2990.0,,,,,0.33062757581194563,False,amblesan >= 1 cm/th (restorasi biasa tidak layak),,,False,ABU,SEM_K102,ABU
TRS_SEM_0121,SEM,-6.9106942531310445,110.4956270637291,1,False,,,,,,,,2990.0,,,,,0.3553644423209641,False,amblesan >= 1 cm/th (restorasi biasa tidak layak),,,False,ABU,SEM_K102,ABU
TRS_SEM_0122,SEM,-6.910071228320697,110.4915349153167,5,False,,,,,,,,2990.0,,,,,0.3893310566398073,False,amblesan >= 1 cm/th (restorasi biasa tidak layak),,,False,ABU,SEM_K102,ABU
TRS_SEM_0123,SEM,-6.911171100248597,110.48987095881698,3,False,,,,,,,,2990.0,,,,,0.3689012937774632,False,amblesan >= 1 cm/th (restorasi biasa tidak layak),,,False,ABU,SEM_K102,ABU
TRS_SEM_0124,SEM,-6.912525244251791,110.48850808393537,3,False,,,,,,,,2990.0,,,,,0.43864284067916426,False,amblesan >= 1 cm/th (restorasi biasa tidak layak),,,False,ABU,SEM_K102,ABU
TRS_SEM_0125,SEM,-6.914352199988248,110.48763555612852,3,False,,,,,,,,2990.0,,,,,0.417642560460392,False,amblesan >= 1 cm/th (restorasi biasa tidak layak),,,False,ABU,SEM_K102,ABU
TRS_SEM_0126,SEM,-6.919668933095889,110.49043465309977,1,False,,,,,,,,2990.0,,,,,0.46793947812109615,False,amblesan >= 1 cm/th (restorasi biasa tidak layak),,,False,ABU,SEM_K102,ABU
TRS_SEM_0127,SEM,-6.921238120772662,110.48896823012095,1,False,,,,,,,,110.0,,,,,0.43027928470966453,False,amblesan >= 1 cm/th (restorasi biasa tidak layak),,,True,ABU,SEM_K102,ABU
TRS_SEM_0128,SEM,-6.921442669823716,110.48611532100807,1,False,,,,,,,,60.0,,,,,0.419831223628692,False,amblesan >= 1 cm/th (restorasi biasa tidak layak),,,True,ABU,SEM_K102,ABU
TRS_SEM_0129,SEM,-6.92221402157264,110.48387343357236,1,False,,,,,,,,50.0,,,,,0.4154108900944344,False,amblesan >= 1 cm/th (restorasi biasa tidak layak),,,True,ABU,SEM_K102,ABU
TRS_SEM_0130,SEM,-6.923383930811671,110.4820165097807,1,False,,,,,,,,50.0,,,,,0.41239702632107694,False,amblesan >= 1 cm/th (restorasi biasa tidak layak),,,True,ABU,SEM_K102,ABU
TRS_SEM_0131,SEM,-6.9248442650215445,110.48040320005371,1,False,,,,,,,,150.0,,,,,0.28416716897729555,False,amblesan >= 1 cm/th (restorasi biasa tidak layak),,,False,ABU,SEM_K102,ABU
TRS_SEM_0132,SEM,-6.926013046911958,110.47852087101214,1,False,,,,,,,,40.0,,,,,0.40807715491259794,False,amblesan >= 1 cm/th (restorasi biasa tidak layak),,,True,ABU,SEM_K102,ABU
TRS_SEM_0133,SEM,-6.9271186598708665,110.47658292502872,1,False,,,,,,,,40.0,,,,,0.40526421539079766,False,amblesan >= 1 cm/th (restorasi biasa tidak layak),,,True,ABU,SEM_K102,ABU
TRS_SEM_0134,SEM,-6.926208375143301,110.47311767224843,1,False,,,,,,,,290.0,,,,,0.4669479606188467,False,amblesan >= 1 cm/th (restorasi biasa tidak layak),,,True,ABU,SEM_K102,ABU
TRS_SEM_0135,SEM,-6.927000302794394,110.47101580619892,1,False,,,,,,,,250.0,,,,,0.46172393007836043,False,amblesan >= 1 cm/th (restorasi biasa tidak layak),,,True,ABU,SEM_K102,ABU
TRS_SEM_0136,SEM,-6.928970210323229,110.46976223361843,1,False,,,,,,,,30.0,,,,,0.4010448061080972,False,amblesan >= 1 cm/th (restorasi biasa tidak layak),,,True,ABU,SEM_K102,ABU
TRS_SEM_0137,SEM,-6.929395241385143,110.46754200682837,1,False,,,,,,,,40.0,,,,,0.405666063893912,False,amblesan >= 1 cm/th (restorasi biasa tidak layak),,,True,ABU,SEM_K102,ABU
TRS_SEM_0138,SEM,-6.9301605222137015,110.46559747012437,1,False,,,,,,,,50.0,,,,,0.4108900944343982,False,amblesan >= 1 cm/th (restorasi biasa tidak layak),,,True,ABU,SEM_K102,ABU
TRS_SEM_0139,SEM,-6.931127546796147,110.4637916278152,1,False,,,,,,,,40.0,,,,,0.40646976090014064,False,amblesan >= 1 cm/th (restorasi biasa tidak layak),,,True,ABU,SEM_K102,ABU
TRS_SEM_0140,SEM,-6.932108846836517,110.46200507565678,1,False,,,,,,,,40.0,,,,,0.41068917018284107,False,amblesan >= 1 cm/th (restorasi biasa tidak layak),,,True,ABU,SEM_K102,ABU
TRS_SEM_0141,SEM,-6.933153869697758,110.46021183212281,1,False,,,,,,,,30.0,,,,,0.40566606389391197,False,amblesan >= 1 cm/th (restorasi biasa tidak layak),,,True,ABU,SEM_K102,ABU
TRS_SEM_0142,SEM,-6.934050646151774,110.4583269276307,1,False,,,,,,,,40.0,,,,,0.4128993369499699,False,amblesan >= 1 cm/th (restorasi biasa tidak layak),,,True,ABU,SEM_K102,ABU
TRS_SEM_0143,SEM,-6.93481591509248,110.45642339584579,1,False,,,,,,,,50.0,,,,,0.4197307615029134,False,amblesan >= 1 cm/th (restorasi biasa tidak layak),,,True,ABU,SEM_K102,ABU
TRS_SEM_0144,SEM,-6.935481558103189,110.45452584127177,1,False,,,,,,,,40.0,,,,,0.41641551135222016,False,amblesan >= 1 cm/th (restorasi biasa tidak layak),,,True,ABU,SEM_K102,ABU
TRS_SEM_0145,SEM,-6.936059734319298,110.45255792573448,1,False,,,,,,,,50.0,,,,,0.417420132610006,False,amblesan >= 1 cm/th (restorasi biasa tidak layak),,,True,ABU,SEM_K102,ABU
TRS_SEM_0146,SEM,-6.936894704773549,110.45037812471487,1,False,,,,,,,,60.0,,,,,0.42063492063492064,False,amblesan >= 1 cm/th (restorasi biasa tidak layak),,,True,ABU,SEM_K102,ABU
TRS_SEM_0147,SEM,-6.938149894487264,110.44829174679965,1,False,,,,,,,,100.0,,,,,0.43178621659634314,False,amblesan >= 1 cm/th (restorasi biasa tidak layak),,,True,ABU,SEM_K102,ABU
TRS_SEM_0148,SEM,-6.939418774657079,110.44620700722068,1,False,,,,,,,,270.0,,,,,0.4426584510972697,False,amblesan >= 1 cm/th (restorasi biasa tidak layak),,,True,ABU,SEM_K102,ABU
TRS_SEM_0149,SEM,-6.938431382931996,110.443353269175,1,False,,,,,,,,210.0,,,,,0.20112517580872014,False,amblesan >= 1 cm/th (restorasi biasa tidak layak),,,True,ABU,SEM_K102,ABU
TRS_SEM_0150,SEM,-6.943086129124769,110.44245265708787,1,False,,,,,,,,90.0,,,,,0.42857142857142855,False,amblesan >= 1 cm/th (restorasi biasa tidak layak),,,True,ABU,SEM_K102,ABU
TRS_SEM_0151,SEM,-6.945335382350786,110.44080212396096,1,False,,,,,,,,220.0,,,,,0.28862768736186456,False,amblesan >= 1 cm/th (restorasi biasa tidak layak),,,True,ABU,SEM_K102,ABU
TRS_SEM_0152,SEM,-6.945266511311845,110.43819078561401,1,False,,,,,,,,560.0,,,,,0.170182841068917,False,amblesan >= 1 cm/th (restorasi biasa tidak layak),,,False,ABU,SEM_K102,ABU
TRS_SEM_0153,SEM,-6.943627947265955,110.43470433821186,1,False,,,,,,,,370.0,,,,,0.30324356906635386,False,amblesan >= 1 cm/th (restorasi biasa tidak layak),,,False,ABU,SEM_K102,ABU
TRS_SEM_0154,SEM,-6.946599684447455,110.43394756426456,3,False,,,,,,,,570.0,,,,,0.3756649006482451,False,amblesan >= 1 cm/th (restorasi biasa tidak layak),,,False,ABU,SEM_K102,ABU
TRS_SEM_0155,SEM,-6.949338578948559,110.43470242497743,1,False,,,,,,,,90.0,,,,,0.09503717098653808,False,amblesan >= 1 cm/th (restorasi biasa tidak layak),,,False,ABU,SEM_K102,ABU
TRS_SEM_0156,SEM,-6.943289415072524,110.43165424857908,3,False,,,,,,,,180.0,,,,,0.1543767999464202,False,amblesan >= 1 cm/th (restorasi biasa tidak layak),,,False,ABU,SEM_K102,ABU
TRS_SEM_0157,SEM,-6.943429044808954,110.43107206052777,1,False,,,,,,,,130.0,,,,,0.31181898270505864,False,amblesan >= 1 cm/th (restorasi biasa tidak layak),,,False,ABU,SEM_K102,ABU
TRS_SEM_0158,SEM,-6.943764200262546,110.4303241957538,1,False,,,,,,,,60.0,,,,,0.08790436005625879,False,amblesan >= 1 cm/th (restorasi biasa tidak layak),,,False,ABU,SEM_K102,ABU
TRS_SEM_0159,SEM,-6.944124564106803,110.42933354064441,1,False,,,,,,,,20.0,,,,,0.06901748040988548,False,amblesan >= 1 cm/th (restorasi biasa tidak layak),,,False,ABU,SEM_K102,ABU
TRS_SEM_0160,SEM,-6.94318899928325,110.42790489884568,1,False,,,,,,,,90.0,,,,,0.09845288326300987,False,amblesan >= 1 cm/th (restorasi biasa tidak layak),,,False,ABU,SEM_K102,ABU
TRS_SEM_0161,SEM,-6.935945606640828,110.42590377892098,5,False,,,,,,,,720.0,,,,,0.18917018284106893,False,amblesan >= 1 cm/th (restorasi biasa tidak layak),,,False,ABU,SEM_K102,ABU
TRS_SEM_0162,SEM,-6.9359137056365965,110.42465868692483,5,False,,,,,,,,0.0,,,,,0.041289933694996984,False,amblesan >= 1 cm/th (restorasi biasa tidak layak),,,False,ABU,SEM_K102,ABU
TRS_SEM_0163,SEM,-6.935887364035926,110.42362655667995,5,False,,,,,,,,730.0,,,,,0.19037572835041192,False,amblesan >= 1 cm/th (restorasi biasa tidak layak),,,False,ABU,SEM_K102,ABU
TRS_SEM_0164,SEM,-6.9498292349920225,110.4222704744179,3,False,,,,,,,,0.0,,,,,0.043198714084790056,False,amblesan >= 1 cm/th (restorasi biasa tidak layak),,,False,ABU,SEM_K103,ABU
TRS_SEM_0165,SEM,-6.948078965741402,110.42068858318594,7,False,,,,,,,,40.0,,,,,0.08338356439622263,False,amblesan >= 1 cm/th (restorasi biasa tidak layak),,,False,ABU,SEM_K103,ABU
TRS_SEM_0166,SEM,-6.951227708455578,110.41927254728893,1,False,,,,,,,,90.0,,,,,0.09975889089813139,False,amblesan >= 1 cm/th (restorasi biasa tidak layak),,,False,ABU,SEM_K103,ABU
TRS_SEM_0167,SEM,-6.943064856405797,110.41742523215959,3,False,,,,,,,,240.0,,,,,0.22006228651798274,False,amblesan >= 1 cm/th (restorasi biasa tidak layak),,,False,ABU,SEM_K103,ABU
TRS_SEM_0168,SEM,-6.945886641260356,110.41634128504961,1,False,,,,,,,,490.0,,,,,0.33294583656247306,False,amblesan >= 1 cm/th (restorasi biasa tidak layak),,,False,ABU,SEM_K103,ABU
TRS_SEM_0169,SEM,-6.94604793906501,110.41521479966062,1,False,,,,,,,,40.0,,,,,0.08057062487442235,False,amblesan >= 1 cm/th (restorasi biasa tidak layak),,,False,ABU,SEM_K103,ABU
TRS_SEM_0170,SEM,-6.94332303856786,110.41366230418205,3,False,,,,,,,,350.0,,,,,0.34368093228852725,False,amblesan >= 1 cm/th (restorasi biasa tidak layak),,,False,ABU,SEM_K103,ABU
TRS_SEM_0171,SEM,-6.942039223369779,110.4119824840785,3,False,,,,,,,,690.0,,,,,0.3054135982039119,False,amblesan >= 1 cm/th (restorasi biasa tidak layak),,,False,ABU,SEM_K103,ABU
TRS_SEM_0172,SEM,-6.946524893305786,110.41081079270018,1,False,,,,,,,,200.0,,,,,0.12597950572634117,False,amblesan >= 1 cm/th (restorasi biasa tidak layak),,,False,ABU,SEM_K103,ABU
TRS_SEM_0173,SEM,-6.948297826516994,110.40868419863642,1,False,,,,,,,,190.0,,,,,0.12597950572634117,False,amblesan >= 1 cm/th (restorasi biasa tidak layak),,,False,ABU,SEM_K103,ABU
TRS_SEM_0174,SEM,-6.948993861759308,110.40628076343721,1,False,,,,,,,,320.0,,,,,0.23422744625276273,False,amblesan >= 1 cm/th (restorasi biasa tidak layak),,,False,ABU,SEM_K103,ABU
TRS_SEM_0175,SEM,-6.949197287378565,110.40380890460574,1,False,,,,,,,,300.0,,,,,0.15029134016475787,False,amblesan >= 1 cm/th (restorasi biasa tidak layak),,,False,ABU,SEM_K103,ABU
TRS_SEM_0176,SEM,-6.9449033459943585,110.40089578512666,1,False,,,,,,,,300.0,,,,,0.15939320876029736,False,amblesan >= 1 cm/th (restorasi biasa tidak layak),,,False,ABU,SEM_K103,ABU
TRS_SEM_0177,SEM,-6.945261782897365,110.39863929797242,1,False,,,,,,,,1010.0,,,,,0.33461944747820166,False,amblesan >= 1 cm/th (restorasi biasa tidak layak),,,False,ABU,SEM_K103,ABU
TRS_SEM_0178,SEM,-6.945353908540813,110.39637905324116,1,False,,,,,,,,910.0,,,,,0.44630685769926276,False,amblesan >= 1 cm/th (restorasi biasa tidak layak),,,False,ABU,SEM_K103,ABU
TRS_SEM_0179,SEM,-6.945344662629374,110.39413897094654,1,False,,,,,,,,730.0,,,,,0.24723453915408136,False,amblesan >= 1 cm/th (restorasi biasa tidak layak),,,False,ABU,SEM_K103,ABU
TRS_SEM_0180,SEM,-6.946426477807133,110.39191538727336,1,False,,,,,,,,160.0,,,,,0.1236688768334338,False,amblesan >= 1 cm/th (restorasi biasa tidak layak),,,False,ABU,SEM_K103,ABU
TRS_SEM_0181,SEM,-6.947921341285172,110.38969385090215,7,False,,,,,,,,60.0,,,,,0.09835242113723126,False,amblesan >= 1 cm/th (restorasi biasa tidak layak),,,False,ABU,SEM_K103,ABU
TRS_SEM_0182,SEM,-6.951529028629799,110.38760462599309,1,False,,,,,,,,600.0,,,,,0.21430580671087,False,amblesan >= 1 cm/th (restorasi biasa tidak layak),,,False,ABU,SEM_K103,ABU
TRS_SEM_0183,SEM,-6.946616080052779,110.38525096376698,3,False,,,,,,,,900.0,,,,,0.31667671287924454,False,amblesan >= 1 cm/th (restorasi biasa tidak layak),,,False,ABU,SEM_K103,ABU
TRS_SEM_0184,SEM,-6.947456218324121,110.38305332279015,1,False,,,,,,,,1720.0,,,,,0.28951315586582,False,amblesan >= 1 cm/th (restorasi biasa tidak layak),,,False,ABU,SEM_K103,ABU
TRS_SEM_0185,SEM,-6.947370734738563,110.38077611067125,1,False,,,,,,,,220.0,,,,,0.18756278882861163,False,amblesan >= 1 cm/th (restorasi biasa tidak layak),,,False,ABU,SEM_K103,ABU
TRS_SEM_0186,SEM,-6.946553008073497,110.3783687566009,1,False,,,,,,,,270.0,,,,,0.19861362266425556,False,amblesan >= 1 cm/th (restorasi biasa tidak layak),,,False,ABU,SEM_K103,ABU
TRS_SEM_0187,SEM,-6.946741251496381,110.37605751757951,1,False,,,,,,,,750.0,,,,,0.27784609202330723,False,amblesan >= 1 cm/th (restorasi biasa tidak layak),,,False,ABU,SEM_K103,ABU
TRS_SEM_0188,SEM,-6.946898448449873,110.37372700079314,1,False,,,,,,,,900.0,,,,,0.29305471837117403,False,amblesan >= 1 cm/th (restorasi biasa tidak layak),,,False,ABU,SEM_K103,ABU
TRS_SEM_0189,SEM,-6.9471048246006974,110.37141347591134,1,False,,,,,,,,380.0,,,,,0.22302591922845086,False,amblesan >= 1 cm/th (restorasi biasa tidak layak),,,False,ABU,SEM_K103,ABU
TRS_SEM_0190,SEM,-6.947268835396989,110.36913608352928,1,True,524.5299279288055,-0.2502474152676731,1785.4700720711944,29.380635798065374,1785.5951957788284,1785.7203194864624,False,1320.0,-0.2502474152676731,0.0,4.1201407183537334e-41,0.4653457378315735,,,,7.255207665814878e-42,-0.3020420957639734,False,ORANGE,SEM_K103,ABU
TRS_SEM_0191,SEM,-6.94855351493197,110.36712949518837,1,False,,,,,,,,2820.0,,,,,0.4020024025410505,False,amblesan >= 1 cm/th (restorasi biasa tidak layak),,,False,ABU,SEM_K104,ORANGE
TRS_SEM_0192,SEM,-6.950149203929667,110.36515486503939,1,True,539.3367817612807,0.038295431186731205,2190.6632182387193,29.380635776957067,2190.644070523126,2190.6249228075326,False,2120.0,0.038295431186731205,0.0,9.586017740803685e-61,0.4636070874979956,,,,1.0804446592870007e-60,-0.3904898441153407,False,ORANGE,SEM_K104,ORANGE
TRS_SEM_0193,SEM,-6.951769564699518,110.3631327908529,1,True,531.9047088017645,-8.268574203303428,1788.0952911982354,29.380635786762397,1792.2295782998872,1796.363865401539,False,1310.0,-8.268574203303428,0.0,5.303269541847076e-43,0.42085964362173733,,,,6.174877036044267e-43,-0.42806575102283523,False,ORANGE,SEM_K104,ORANGE
TRS_SEM_0194,SEM,-6.9536711891883956,110.36109229934654,1,True,599.9621854506887,-0.2675728773826241,1670.0378145493114,44.199829343589,1670.1716009880026,1670.3053874266939,False,1370.0,-0.2675728773826241,1.6908392137926935e-232,3.925170794616146e-34,0.47716393374826827,,,,4.570283824152978e-34,-0.3904898441153407,False,ORANGE,SEM_K104,ORANGE
TRS_SEM_0195,SEM,-6.953886996914984,110.35881650451255,1,True,1398.0153217694196,32.34440021087552,1491.9846782305804,222.11571603649827,1475.8124781251427,1459.6402780197047,False,1580.0,32.34440021087552,3.517422649091753e-11,2.027630030961528e-07,0.6237068347170643,,,,2.360876817024342e-07,-0.3904898441153407,False,GREEN,SEM_K104,ORANGE
TRS_SEM_0196,SEM,-6.954001848597315,110.35654411054655,1,True,529.8770549262046,-2.117424007451648,2970.1229450737956,29.38063579797148,2971.1816570775213,2972.240369081247,True,2900.0,-2.117424007451648,0.0,1.2839927759859178e-110,0.8314533066328026,,,,1.4950206555257905e-110,-0.349015728953009,False,GREEN,SEM_K105,ABU
TRS_SEM_0197,SEM,-6.9541565981397895,110.35428990778456,1,False,,,,,,,,2970.0,,,,,0.6658599253535962,True,kandidat restorasi baru,,,False,ABU,SEM_K105,ABU
TRS_SEM_0198,SEM,-6.954453962937532,110.35205422368345,3,False,,,,,,,,2520.0,,,,,0.7188065099457503,True,kandidat restorasi baru,,,False,ABU,SEM_K105,ABU
TRS_SEM_0199,SEM,-6.954488640521119,110.34982519341966,3,False,,,,,,,,2690.0,,,,,0.6828858847352094,True,kandidat restorasi baru,,,False,ABU,SEM_K105,ABU
TRS_SEM_0200,SEM,-6.957814255348358,110.34754993472006,1,False,,,,,,,,620.0,,,,,0.5668299986389003,False,lainnya,,,False,ABU,SEM_K105,ABU
TRS_SEM_0201,SEM,-6.960091676483713,110.34517954609665,1,False,,,,,,,,1040.0,,,,,0.5972260861501368,False,lainnya,,,False,ABU,SEM_K105,ABU
TRS_SEM_0202,SEM,-6.959679187681405,110.34290627946389,1,False,,,,,,,,1200.0,,,,,0.6427566807313643,True,kandidat restorasi baru,,,False,ABU,SEM_K105,ABU
TRS_SEM_0203,SEM,-6.959042229211163,110.340697596812,1,False,,,,,,,,350.0,,,,,0.7673899939722725,True,kandidat restorasi baru,,,False,ABU,SEM_K105,ABU
TRS_SEM_0204,SEM,-6.958454610094747,110.33853830001078,1,False,,,,,,,,460.0,,,,,0.23508137432188062,False,amblesan >= 1 cm/th (restorasi biasa tidak layak),,,False,ABU,SEM_K105,ABU
TRS_SEM_0205,SEM,-6.958966518443035,110.33627039884048,1,False,,,,,,,,0.0,,,,,0.10086397428169581,False,amblesan >= 1 cm/th (restorasi biasa tidak layak),,,False,ABU,SEM_K105,ABU
TRS_SEM_0206,SEM,-6.958781495581435,110.33412057576503,1,False,,,,,,,,0.0,,,,,0.09774964838255978,False,amblesan >= 1 cm/th (restorasi biasa tidak layak),,,False,ABU,SEM_K105,ABU
TRS_SEM_0207,SEM,-6.957710935219804,110.33218244726822,1,False,,,,,,,,0.0,,,,,0.09965842877235281,False,amblesan >= 1 cm/th (restorasi biasa tidak layak),,,False,ABU,SEM_K105,ABU
TRS_SEM_0208,SEM,-6.958784140004071,110.32983835971363,1,True,500.0,0.0,440.0,311.2995272795621,440.0,440.0,False,430.0,0.0,0.07967028326998721,0.10019525626939929,0.42382048834318575,,,,0.28041843608332423,1.0344275855618008,False,RED,SEM_K105,ABU
TRS_SEM_0209,SEM,-6.957152497224034,110.32812131064689,1,True,586.0170350213862,1.8516520828092768,1183.9829649786138,29.381120961668312,1183.0571389372092,1182.1313128958045,False,1000.0,1.8516520828092768,2.919914790869528e-199,7.436606116188228e-19,0.505198300283286,,,,1.5752700417742804e-18,1.0344275855618008,False,ORANGE,SEM_K105,ABU
TRS_SEM_0210,SEM,-6.9469299049076385,110.32884973113433,3,False,,,,,,,,2380.0,,,,,0.6647756148873052,True,kandidat restorasi baru,,,False,ABU,SEM_K106,GREEN
TRS_SEM_0211,SEM,-6.945813491124639,110.32724261354726,5,True,597.2030171783834,-0.9908066962160196,2752.7969828216164,29.38063577798943,2753.2923861697245,2753.7877895178326,False,2450.0,-0.9908066962160196,0.0,5.1924786342909614e-95,0.7108768861652309,,,,0.0,-0.34901649199253615,False,GREEN,SEM_K106,GREEN
TRS_SEM_0212,SEM,-6.944701709366197,110.32562134235556,3,True,1061.8700190871025,22.826895708831906,2438.1299809128977,29.380666487920433,2426.716533058481,2415.3030852040656,True,2370.0,22.826895708831906,0.0,4.18691262068765e-68,0.5615333010602311,,,,0.0,-0.34901649199253615,False,GREEN,SEM_K106,GREEN
TRS_SEM_0213,SEM,-6.944587711454773,110.32361992434424,1,True,561.8357009483466,2.17067939870396,2938.1642990516534,29.380635814645675,2937.0789593523014,2935.9936196529493,True,2540.0,2.17067939870396,0.0,9.045948247789517e-107,0.7496863219647119,,,,1.1649387802362636e-106,-0.4280663749313928,False,GREEN,SEM_K106,GREEN
TRS_SEM_0214,SEM,-6.945965307391099,110.32095506116445,1,True,570.0650356849379,1.3541308660993976,859.9349643150621,29.38067778552682,859.2578988820123,858.5808334489627,False,820.0,1.3541308660993976,3.312175483134439e-106,8.605795106909438e-11,0.35135251848269194,,,,1.7775955801941476e-10,-0.4280663749313928,False,ORANGE,SEM_K106,GREEN
TRS_SEM_0215,SEM,-6.947377750520679,110.3181148063658,1,False,,,,,,,,870.0,,,,,0.45564423936313947,False,amblesan >= 1 cm/th (restorasi biasa tidak layak),,,False,ABU,SEM_K107,ORANGE
TRS_SEM_0216,SEM,-6.947087390703866,110.3158857357721,1,True,1112.0780104041744,-7.055491772278232,1647.9219895958256,29.380684597297975,1651.4497354819648,1654.9774813681038,False,1380.0,-7.055491772278232,0.0,1.1163995151003996e-36,0.6756322617727963,,,,2.860409658663211e-36,-0.3904905270852608,False,GREEN,SEM_K107,ORANGE
TRS_SEM_0217,SEM,-6.93991112387105,110.31694000186289,3,True,500.0,0.0,3000.0,311.2995272795621,3000.0,3000.0,True,2990.0,0.0,4.188595679093581e-22,1.2703133722661044e-18,0.5840141121964623,,,,1.0065857592421628e-18,-0.4280663749313928,False,ORANGE,SEM_K107,ORANGE
TRS_SEM_0218,SEM,-6.938765895255194,110.31523020285582,1,True,600.1658328167947,3.5741450280930356,2649.8341671832054,29.763371470087126,2648.047094669159,2646.260022155112,False,2590.0,3.5741450280930356,0.0,1.2624785478030428e-86,0.6015687379001826,,,,1.0510246431464593e-86,-0.34901649256749107,False,ORANGE,SEM_K107,ORANGE
TRS_SEM_0219,SEM,-6.937210359699909,110.31373234203883,1,True,1109.861608673752,-2.3531853653820214,2390.138391326248,29.391931778790216,2391.314984008939,2392.49157669163,True,2270.0,-2.3531853653820214,0.0,1.5764599887362633e-72,0.492268909660431,,,,1.322412028135078e-72,-0.3020420957639734,False,ORANGE,SEM_K107,ORANGE
TRS_SEM_0220,SEM,-6.936575555481202,110.31171368171681,1,False,,,,,,,,2990.0,,,,,0.46017936689373123,False,amblesan >= 1 cm/th (restorasi biasa tidak layak),,,False,ABU,SEM_K108,ABU
TRS_SEM_0221,SEM,-6.935553090925938,110.3098862434596,1,False,,,,,,,,2990.0,,,,,0.48292647852361664,False,amblesan >= 1 cm/th (restorasi biasa tidak layak),,,False,ABU,SEM_K108,ABU
TRS_SEM_0222,SEM,-6.933686456432596,110.30858026750742,1,False,,,,,,,,2990.0,,,,,0.4635342643047651,False,amblesan >= 1 cm/th (restorasi biasa tidak layak),,,False,ABU,SEM_K108,ABU
TRS_SEM_0223,SEM,-6.932455627356117,110.30687756299584,1,False,,,,,,,,2990.0,,,,,0.45684530109406274,False,amblesan >= 1 cm/th (restorasi biasa tidak layak),,,False,ABU,SEM_K108,ABU
TRS_SEM_0224,SEM,-6.928270171752075,110.30726143560807,1,False,,,,,,,,40.0,,,,,0.11050833835643963,False,amblesan >= 1 cm/th (restorasi biasa tidak layak),,,False,ABU,SEM_K108,ABU
TRS_SEM_0225,SEM,-6.927261630970026,110.30547585377847,1,False,,,,,,,,80.0,,,,,0.13461924854329918,False,amblesan >= 1 cm/th (restorasi biasa tidak layak),,,False,ABU,SEM_K108,ABU
TRS_SEM_0226,SEM,-6.927426641109888,110.30275654993011,1,False,,,,,,,,350.0,,,,,0.19268635724331928,False,amblesan >= 1 cm/th (restorasi biasa tidak layak),,,False,ABU,SEM_K108,ABU
TRS_SEM_0227,SEM,-6.926818679397348,110.30041033219842,1,False,,,,,,,,520.0,,,,,0.2735854159904793,False,amblesan >= 1 cm/th (restorasi biasa tidak layak),,,False,ABU,SEM_K108,ABU
TRS_SEM_0228,SEM,-6.926302902984793,110.29793946305242,1,False,,,,,,,,680.0,,,,,0.352950040775804,False,amblesan >= 1 cm/th (restorasi biasa tidak layak),,,False,ABU,SEM_K108,ABU
TRS_SEM_0229,SEM,-6.92567036829769,110.2955602008506,1,False,,,,,,,,2990.0,,,,,0.5436039225252213,False,amblesan >= 1 cm/th (restorasi biasa tidak layak),,,False,ABU,SEM_K108,ABU
TRS_SEM_0230,SEM,-6.924924370921171,110.29326996220685,1,False,,,,,,,,1750.0,,,,,0.4837211171388387,False,amblesan >= 1 cm/th (restorasi biasa tidak layak),,,False,ABU,SEM_K108,ABU
TRS_SEM_0231,SEM,-6.923858110891948,110.29123100941774,1,False,,,,,,,,1810.0,,,,,0.40629103822334117,False,amblesan >= 1 cm/th (restorasi biasa tidak layak),,,False,ABU,SEM_K108,ABU
TRS_SEM_0232,SEM,-6.922516383791933,110.28940819926308,1,False,,,,,,,,2200.0,,,,,0.37344329369645823,False,amblesan >= 1 cm/th (restorasi biasa tidak layak),,,False,ABU,SEM_K108,ABU
TRS_SEM_0233,SEM,-6.9194654483258065,110.28892648460692,1,False,,,,,,,,2990.0,,,,,0.4647562735069614,False,amblesan >= 1 cm/th (restorasi biasa tidak layak),,,False,ABU,SEM_K108,ABU
TRS_SEM_0234,SEM,-6.917761696077743,110.28738774609367,1,False,,,,,,,,410.0,,,,,0.23905575402951137,False,amblesan >= 1 cm/th (restorasi biasa tidak layak),,,False,ABU,SEM_K108,ABU
TRS_SEM_0235,SEM,-6.917957758433571,110.28435836359385,1,False,,,,,,,,820.0,,,,,0.3913538864140902,False,amblesan >= 1 cm/th (restorasi biasa tidak layak),,,False,ABU,SEM_K108,ABU
TRS_SEM_0236,SEM,-6.916988358835971,110.28224343627888,1,False,,,,,,,,750.0,,,,,0.22051436608398636,False,amblesan >= 1 cm/th (restorasi biasa tidak layak),,,False,ABU,SEM_K108,ABU
TRS_SEM_0237,SEM,-6.915813559975405,110.28028967706071,3,False,,,,,,,,740.0,,,,,0.27265963974824736,False,amblesan >= 1 cm/th (restorasi biasa tidak layak),,,False,ABU,SEM_K108,ABU
TRS_SEM_0238,SEM,-6.917023883581231,110.27646442680731,1,False,,,,,,,,40.0,,,,,0.10819770946353224,False,amblesan >= 1 cm/th (restorasi biasa tidak layak),,,False,ABU,SEM_K108,ABU
TRS_SEM_0239,SEM,-6.915869361493088,110.27449475628717,1,False,,,,,,,,160.0,,,,,0.3038979304802089,False,amblesan >= 1 cm/th (restorasi biasa tidak layak),,,False,ABU,SEM_K108,ABU
TRS_SEM_0240,SEM,-6.915278427799813,110.27208285960214,1,False,,,,,,,,360.0,,,,,0.5100462125778582,False,amblesan >= 1 cm/th (restorasi biasa tidak layak),,,False,ABU,SEM_K108,ABU
TRS_SEM_0241,SEM,-6.91477375747247,110.2696032720404,1,False,,,,,,,,360.0,,,,,0.46013327975353296,False,amblesan >= 1 cm/th (restorasi biasa tidak layak),,,False,ABU,SEM_K108,ABU
TRS_SEM_0242,SEM,-6.913782363803144,110.26750560558874,1,False,,,,,,,,70.0,,,,,0.4435402853124372,False,amblesan >= 1 cm/th (restorasi biasa tidak layak),,,False,ABU,SEM_K108,ABU
TRS_SEM_0243,SEM,-6.914091258261311,110.26438761704507,1,True,510.0,0.0,320.0,279.1133981053419,320.0,320.0,False,310.0,0.0,0.12705079383566042,0.15408342692570187,0.46692938780627724,,,,0.2308648247268478,1.4099445458720332,False,RED,SEM_K108,ABU
TRS_SEM_0244,SEM,-6.912413658689545,110.26282841427773,1,False,,,,,,,,380.0,,,,,0.5046212577858148,False,amblesan >= 1 cm/th (restorasi biasa tidak layak),,,False,ABU,SEM_K108,ABU
TRS_SEM_0245,SEM,-6.911889390719329,110.2603641987759,1,True,585.8213688614933,-2.175664270490854,114.17863113850672,172.26996770171516,115.26646327375215,116.35429540899759,False,0.0,-2.175664270490854,0.2523753086569621,0.28495994726594653,0.21629710767995208,,,,0.1317649090971658,1.0513526987145645,False,RED,SEM_K108,ABU
TRS_SEM_0246,SEM,-6.91103788086056,110.25815677050345,1,False,,,,,,,,2400.0,,,,,0.5114652401044806,False,amblesan >= 1 cm/th (restorasi biasa tidak layak),,,False,ABU,SEM_K108,ABU
TRS_SEM_0247,SEM,-6.909770543105552,110.25627564974634,1,False,,,,,,,,2990.0,,,,,0.5547918418033992,False,amblesan >= 1 cm/th (restorasi biasa tidak layak),,,False,ABU,SEM_K109,ORANGE
TRS_SEM_0248,SEM,-6.90877577748582,110.2541806422261,1,True,515.3429391182767,-0.18207847027284713,2984.6570608817233,243.32347179860727,2984.74810011686,2984.839139351996,True,2820.0,-0.18207847027284713,1.869810996206999e-34,1.3583880881581763e-26,0.6642268398529323,,,,7.21954630017407e-27,-0.009025141934207516,False,ORANGE,SEM_K109,ORANGE
TRS_SEM_0249,SEM,-6.907231647258387,110.25251673626578,1,True,1433.7907872372546,41.986657383770606,2066.2092127627457,75.82360182780964,2045.21588407086,2024.222555378975,True,1630.0,41.986657383770606,1.207704126070685e-140,1.1972025837975254e-34,0.5419986878465042,,,,7.58390071774109e-35,-0.3904905275998828,False,ORANGE,SEM_K109,ORANGE
TRS_SEM_0250,SEM,-6.9057493311746345,110.25080433045333,1,True,511.1860033447824,0.05382665815483967,2868.8139966552176,29.44602321605148,2868.78708332614,2868.760169997063,False,2740.0,0.05382665815483967,0.0,1.3606158563494199e-102,0.5860740059138563,,,,1.048833469939149e-102,-0.4280663754015117,False,ORANGE,SEM_K109,ORANGE
TRS_SEM_0251,SEM,-6.904196303500184,110.24914742071132,1,True,500.0,0.0,3000.0,311.2995272795621,3000.0,3000.0,True,2990.0,0.0,4.188595679093581e-22,1.2703133722661044e-18,0.6794905350223124,,,,9.303695868673664e-19,-0.4280663754015117,False,ORANGE,SEM_K109,ORANGE
TRS_SEM_0252,SEM,-6.902503150509051,110.2476004784512,1,True,1054.7220506651443,2.3056575161328707,2105.2779493348557,55.522815626546866,2104.1251205767894,2102.9722918187226,False,2050.0,2.3056575161328707,1.90890005827049e-257,2.545330866835727e-49,0.5413865473640572,,,,1.9239516016081926e-49,-0.4280663754015117,False,ORANGE,SEM_K109,ORANGE
TRS_SEM_0253,SEM,-6.900676638348261,110.24615819482919,1,True,500.0,0.0,3000.0,311.2995272795621,3000.0,3000.0,True,2990.0,0.0,4.188595679093581e-22,1.2703133722661044e-18,0.6722408026755853,,,,9.792236184272427e-19,-0.4280663754015117,False,ORANGE,SEM_K109,ORANGE
TRS_SEM_0254,SEM,-6.898641843211272,110.24487936521112,1,False,,,,,,,,2990.0,,,,,0.5760837645812878,False,amblesan >= 1 cm/th (restorasi biasa tidak layak),,,False,ABU,SEM_K109,ORANGE
TRS_SEM_0255,SEM,-6.896491605514977,110.24369113517484,1,True,500.0,0.0,3000.0,311.2995272795621,3000.0,3000.0,True,2990.0,0.0,4.188595679093581e-22,1.2703133722661044e-18,0.6474621495637015,,,,1.0656012172767983e-18,-0.34901649256749107,False,ORANGE,SEM_K109,ORANGE
TRS_SEM_0256,SEM,-6.894285095959233,110.24254707168372,1,True,580.0,0.0,2920.0,44.20404877249016,2920.0,2920.0,True,2870.0,0.0,0.0,2.2901065250065933e-99,0.6604551825566819,,,,1.4959262400128739e-99,-0.3020420957639734,False,ORANGE,SEM_K110,ABU
TRS_SEM_0257,SEM,-6.892146892487487,110.24134941488903,1,False,,,,,,,,2990.0,,,,,0.712180713556608,True,kandidat restorasi baru,,,False,ABU,SEM_K110,ABU
TRS_SEM_0258,SEM,-6.889968388774565,110.2401833912279,1,False,,,,,,,,2990.0,,,,,0.6542096990638543,True,kandidat restorasi baru,,,False,ABU,SEM_K110,ABU
TRS_SEM_0259,SEM,-6.888843680950784,110.2381904315217,1,False,,,,,,,,2990.0,,,,,0.5629682492643416,False,amblesan >= 1 cm/th (restorasi biasa tidak layak),,,False,ABU,SEM_K110,ABU
TRS_SEM_0260,SEM,-6.88800924481091,110.23596968919584,1,False,,,,,,,,2990.0,,,,,0.5473606684393696,False,amblesan >= 1 cm/th (restorasi biasa tidak layak),,,False,ABU,SEM_K110,ABU
TRS_SEM_0261,SEM,-6.887300575917148,110.23365025312035,1,False,,,,,,,,2990.0,,,,,0.5278058332543748,False,amblesan >= 1 cm/th (restorasi biasa tidak layak),,,False,ABU,SEM_K110,ABU
TRS_SEM_0262,SEM,-6.886159321503802,110.23167028798642,1,False,,,,,,,,2990.0,,,,,0.5540496316500719,False,amblesan >= 1 cm/th (restorasi biasa tidak layak),,,False,ABU,SEM_K110,ABU
TRS_SEM_0263,SEM,-6.885600090443715,110.22923358212206,1,True,500.0,0.0,1960.0,311.2995272795621,1960.0,1960.0,False,1950.0,0.0,1.8186214746672946e-10,5.859061808448785e-09,0.5607330935842286,,,,8.561731929860058e-10,-0.30204209256859194,False,ORANGE,SEM_K110,ABU
TRS_SEM_0264,SEM,-6.883201841155814,110.22824005851407,1,True,1000.0,0.0,1410.0,45.757076316064996,1410.0,1410.0,False,1280.0,0.0,1.112587092065653e-157,1.7813901930328984e-24,0.48886220786118983,,,,0.0,-0.30204209256859194,False,ORANGE,SEM_K110,ABU
TRS_SEM_0265,SEM,-6.880988810272361,110.22710119219771,1,True,1001.4188711162799,19.64520110290067,2498.5811288837203,31.647018836173615,2488.7585283322696,2478.9359277808194,True,2440.0,19.64520110290067,0.0,7.246927145456387e-72,0.5985551246923326,,,,5.738207213935935e-73,-0.30204209256859194,False,ORANGE,SEM_K110,ABU
TRS_SEM_0266,SEM,-6.879352285055568,110.22550991923126,1,False,,,,,,,,2990.0,,,,,0.566824785316805,False,amblesan >= 1 cm/th (restorasi biasa tidak layak),,,False,ABU,SEM_K110,ABU
TRS_SEM_0267,SEM,-6.876425553942667,110.22493114821864,1,False,,,,,,,,2990.0,,,,,0.530648004230833,False,amblesan >= 1 cm/th (restorasi biasa tidak layak),,,False,ABU,SEM_K110,ABU
TRS_SEM_0268,SEM,-6.873850603077516,110.22407632336443,1,False,,,,,,,,2990.0,,,,,0.595975265485447,False,amblesan >= 1 cm/th (restorasi biasa tidak layak),,,False,ABU,SEM_K110,ABU
TRS_SEM_0269,SEM,-6.871443837862343,110.22308952259684,1,False,,,,,,,,2990.0,,,,,0.6027189956744167,False,amblesan >= 1 cm/th (restorasi biasa tidak layak),,,False,ABU,SEM_K110,ABU
TRS_SEM_0270,SEM,-6.868775912057445,110.2223076741414,1,False,,,,,,,,2990.0,,,,,0.583948369859212,False,amblesan >= 1 cm/th (restorasi biasa tidak layak),,,False,ABU,SEM_K110,ABU
TRS_SEM_0271,SEM,-6.867181882219466,110.22068309908009,1,False,,,,,,,,2990.0,,,,,0.52633720465311,False,amblesan >= 1 cm/th (restorasi biasa tidak layak),,,False,ABU,SEM_K110,ABU
TRS_SEM_0272,SEM,-6.864753764117987,110.21971307941486,1,False,,,,,,,,2990.0,,,,,0.5571925170164026,False,amblesan >= 1 cm/th (restorasi biasa tidak layak),,,False,ABU,SEM_K110,ABU
TRS_SEM_0273,SEM,-6.861813658310849,110.2191448457161,1,True,560.8249708204421,0.3556430900587451,2939.175029179558,276.16171877831124,2938.9972076345284,2938.819386089499,True,2940.0,0.3556430900587451,1.757820580885613e-26,1.936291745040812e-21,0.6205616099130871,,,,2.4804543341236102e-21,,False,ORANGE,SEM_K110,ABU
TRS_SEM_0274,SEM,-6.860921002615349,110.21696989816822,1,False,,,,,,,,1510.0,,,,,0.38656694969043026,False,amblesan >= 1 cm/th (restorasi biasa tidak layak),,,False,ABU,SEM_K110,ABU
TRS_SEM_0275,SEM,-6.860540748034179,110.21439284439738,1,False,,,,,,,,1850.0,,,,,0.41549614714171673,False,amblesan >= 1 cm/th (restorasi biasa tidak layak),,,False,ABU,SEM_K110,ABU
TRS_SEM_0276,SEM,-6.859511431780507,110.21232514364988,1,False,,,,,,,,1430.0,,,,,0.5282593637024017,False,amblesan >= 1 cm/th (restorasi biasa tidak layak),,,False,ABU,SEM_K110,ABU
TRS_SEM_0277,SEM,-6.858779149519359,110.21002434460968,1,False,,,,,,,,1510.0,,,,,0.4553089908945387,False,amblesan >= 1 cm/th (restorasi biasa tidak layak),,,False,ABU,SEM_K110,ABU
TRS_SEM_0278,SEM,-6.858289323446918,110.20753327288159,1,False,,,,,,,,1140.0,,,,,0.5138637733574442,False,amblesan >= 1 cm/th (restorasi biasa tidak layak),,,False,ABU,SEM_K110,ABU
TRS_SEM_0279,SEM,-6.857566714984644,110.20515028703274,1,False,,,,,,,,2990.0,,,,,0.5543563939271149,False,amblesan >= 1 cm/th (restorasi biasa tidak layak),,,False,ABU,SEM_K110,ABU
TRS_SEM_0280,SEM,-6.856978153996964,110.20269035837384,1,False,,,,,,,,2990.0,,,,,0.4832083772645137,False,amblesan >= 1 cm/th (restorasi biasa tidak layak),,,False,ABU,SEM_K110,ABU
TRS_SEM_0281,SEM,-6.856554058649508,110.20019421155723,1,False,,,,,,,,2990.0,,,,,0.4649692935328598,False,amblesan >= 1 cm/th (restorasi biasa tidak layak),,,False,ABU,SEM_K110,ABU
TRS_SEM_0282,SEM,-6.855765350658645,110.19801263256805,1,True,500.0,0.0,3000.0,311.2995272795621,3000.0,3000.0,True,2990.0,0.0,4.188595679093581e-22,1.2703133722661044e-18,0.6123533828531365,,,,2.1691492287799954e-18,-0.3020420957639734,False,ORANGE,SEM_K111,ORANGE
TRS_SEM_0283,SEM,-6.854470896160993,110.19617536365209,1,True,500.0,0.0,3000.0,311.2995272795621,3000.0,3000.0,True,2990.0,0.0,4.188595679093581e-22,1.2703133722661044e-18,0.631938259732631,,,,1.2302768403597695e-18,-0.34901649256749107,False,ORANGE,SEM_K111,ORANGE
TRS_SEM_0284,SEM,-6.853168562493212,110.19435223097373,1,True,620.0919501753967,2.495110534028293,2879.908049824603,29.38107880145166,2878.660494557589,2877.412939290575,True,2790.0,2.495110534028293,0.0,1.5447277704856776e-102,0.5530875902403363,,,,4.3059842851471767e-103,-0.3904905275998828,False,ORANGE,SEM_K111,ORANGE
TRS_SEM_0285,SEM,-6.852116020964921,110.19242263468838,1,False,,,,,,,,2990.0,,,,,0.5290070108452056,False,amblesan >= 1 cm/th (restorasi biasa tidak layak),,,False,ABU,SEM_K111,ORANGE
TRS_SEM_0286,SEM,-6.851735738063938,110.19025165818825,1,False,,,,,,,,2990.0,,,,,0.5264759700643025,False,amblesan >= 1 cm/th (restorasi biasa tidak layak),,,False,ABU,SEM_K111,ORANGE
TRS_SEM_0287,SEM,-6.851195247063511,110.18824730987978,1,True,1079.5165776272336,7.504009109240727,2420.4834223727667,29.38090870132527,2416.731417818146,2412.9794132635257,True,2330.0,7.504009109240727,0.0,1.6989273413887757e-71,0.5115024194823038,,,,1.9358147660357885e-72,-0.4626951447649219,False,ORANGE,SEM_K111,ORANGE
TRS_SEM_0288,SEM,-6.850458142304619,110.1863983823085,1,True,533.654849072497,-0.22712102355641606,2966.345150927503,29.446830264394663,2966.458711439281,2966.5722719510595,True,2930.0,-0.22712102355641606,0.0,1.2628797178390773e-109,0.5786058552243568,,,,0.0,-0.4280663754015117,False,ORANGE,SEM_K111,ORANGE
TRS_SEM_0289,SEM,-6.84995836679238,110.18456750452812,1,True,1280.846397970079,26.450397518183852,2219.153602029921,29.380909905675104,2205.928403270829,2192.7032045117376,True,2140.0,26.450397518183852,0.0,2.4921850575775494e-55,0.4423135474305684,,,,0.0,-0.3904905275998828,False,ORANGE,SEM_K111,ORANGE
TRS_SEM_0290,SEM,-6.849632235808266,110.1828106127731,1,True,500.0,0.0,3000.0,311.2995272795621,3000.0,3000.0,True,2990.0,0.0,4.188595679093581e-22,1.2703133722661044e-18,0.6183436052185283,,,,0.0,-0.4280663754015117,False,ORANGE,SEM_K111,ORANGE
TRS_SEM_0291,SEM,-6.849100917029068,110.18121254023698,1,True,500.0,0.0,3000.0,311.2995272795621,3000.0,3000.0,True,2990.0,0.0,4.188595679093581e-22,1.2703133722661044e-18,0.6312886676077956,,,,0.0,-0.4280663754015117,False,ORANGE,SEM_K111,ORANGE
TRS_SEM_0292,SEM,-6.843313067331898,110.17686317712281,1,True,520.1049074058992,1.7803268322728067,2979.895092594101,29.38090424245669,2979.004929177964,2978.114765761828,True,2780.0,1.7803268322728067,0.0,6.515417967313408e-110,0.5736289155644323,,,,0.0,-0.3904905275998828,False,ORANGE,SEM_K111,ORANGE
TRS_SEM_0293,SEM,-6.836285639439634,110.17474970949819,1,False,,,,,,,,2670.0,,,,,0.5395527290705786,False,lainnya,,,False,ABU,SEM_K111,ORANGE
TRS_SEM_0294,SEM,-6.836268466160099,110.1730982030465,1,False,,,,,,,,2840.0,,,,,0.5686446385768903,False,lainnya,,,False,ABU,SEM_K111,ORANGE
TRS_SEM_0295,SEM,-6.841228959339146,110.17251138886411,1,True,500.0,0.0,3000.0,311.2995272795621,3000.0,3000.0,True,2990.0,0.0,4.188595679093581e-22,1.2703133722661044e-18,0.6698680445678229,,,,0.0,-0.3020420957639734,False,ORANGE,SEM_K112,GREEN
TRS_SEM_0296,SEM,-6.8445751400429575,110.17189202752567,3,True,885.8462774616011,-0.3633993027472959,2614.153722538399,29.381078798488332,2614.3354221897725,2614.517121841146,True,2510.0,-0.3633993027472959,0.0,1.0279968561243783e-85,0.5816302777558322,,,,0.0,-0.34884977406006984,False,GREEN,SEM_K112,GREEN
TRS_SEM_0297,SEM,-6.852307762556538,110.1683525836032,1,True,1117.6524141004465,0.8347616990299894,542.3475858995535,29.381108459105032,541.9302050500385,541.5128242005235,False,510.0,0.8347616990299894,1.539217443117989e-43,2.8147521720050557e-05,0.5358690218296951,,,,5.1544577582524695e-05,-0.4279300559845136,False,GREEN,SEM_K112,GREEN
TRS_SEM_0298,SEM,-6.853565297590775,110.16716878601318,1,True,494.7313627780078,-4.143358720716994,1135.2686372219923,29.381078994413862,1137.3403165823506,1139.4119959427092,False,1050.0,-4.143358720716994,2.2536030236563498e-185,2.4705451397131497e-18,0.5766440712262242,,,,4.412495431292134e-18,-0.4279300559845136,False,GREEN,SEM_K112,GREEN
TRS_SEM_0299,SEM,-6.855115697452451,110.16606022703952,1,True,475.79420993140565,-1.7265543606478921,1104.2057900685943,29.381078954357456,1105.0690672489184,1105.9323444292422,False,1010.0,-1.7265543606478921,8.903278024365911e-175,3.984762254120994e-17,0.5290490982526015,,,,7.266111279760191e-17,-0.4625688472639334,False,GREEN,SEM_K112,GREEN
TRS_SEM_0300,SEM,-6.85643675475272,110.16480246149136,1,True,984.6456286839216,22.894751210307533,2515.3543713160784,55.49333721022994,2503.9069957109245,2492.459620105771,True,2470.0,22.894751210307533,0.0,2.6323712408803727e-64,0.5884430445802893,,,,4.4232668805424516e-64,-0.4625688472639334,False,GREEN,SEM_K112,GREEN
TRS_SEM_0301,SEM,-6.85783624510675,110.1635342997631,1,True,799.9673000397136,12.952176756777067,2390.0326999602867,44.20156657218081,2383.556611581898,2377.0805232035095,False,2360.0,12.952176756777067,0.0,3.8895272157231886e-64,0.5811596725404523,,,,5.423757763584513e-64,-0.4625688472639334,False,GREEN,SEM_K112,GREEN
TRS_SEM_0302,SEM,-6.859289578033641,110.16225135507466,1,True,467.91665391818896,-36.439127255139,2652.083346081811,29.381230285975203,2670.3029097093804,2688.52247333695,False,2570.0,-36.439127255139,0.0,6.46622130855726e-100,0.5487008245059027,,,,8.482090767940976e-100,-0.42806637540151155,False,ORANGE,SEM_K113,ABU
TRS_SEM_0303,SEM,-6.860805803359874,110.16096588059496,1,True,453.35374724426487,-31.71051282501453,3046.646252755735,29.381175524311526,3062.5015091682426,3078.3567655807497,True,2960.0,-31.71051282501453,0.0,2.9029589267213583e-127,0.5890126138886762,,,,3.2998531176144562e-127,-0.39049052759988256,False,ORANGE,SEM_K113,ABU
TRS_SEM_0304,SEM,-6.862345590875821,110.15966003788346,1,False,,,,,,,,2280.0,,,,,0.4460650571576621,False,lainnya,,,False,ABU,SEM_K113,ABU
TRS_SEM_0305,SEM,-6.863793751960144,110.1582582094168,1,False,,,,,,,,1640.0,,,,,0.37289458337621345,False,lainnya,,,False,ABU,SEM_K113,ABU
TRS_SEM_0306,SEM,-6.865394852860681,110.1569269762302,1,False,,,,,,,,1580.0,,,,,0.41922845087402044,False,lainnya,,,False,ABU,SEM_K113,ABU
TRS_SEM_0307,SEM,-6.866780419485878,110.15536648992857,1,False,,,,,,,,1270.0,,,,,0.5507800448994509,False,lainnya,,,False,ABU,SEM_K113,ABU
TRS_SEM_0308,SEM,-6.8679840792236755,110.15352693527414,1,False,,,,,,,,1430.0,,,,,0.40989671369418207,False,lainnya,,,False,ABU,SEM_K113,ABU
TRS_SEM_0309,SEM,-6.869161799961078,110.15168626872624,1,False,,,,,,,,2450.0,,,,,0.4260799678521198,False,amblesan >= 1 cm/th (restorasi biasa tidak layak),,,False,ABU,SEM_K113,ABU
TRS_SEM_0310,SEM,-6.870288702669429,110.14978298641809,1,False,,,,,,,,2830.0,,,,,0.44246111618746586,False,lainnya,,,False,ABU,SEM_K113,ABU
TRS_SEM_0311,SEM,-6.8714490141422075,110.14788179607206,1,False,,,,,,,,2470.0,,,,,0.3542595534600865,False,lainnya,,,False,ABU,SEM_K113,ABU
TRS_SEM_0312,SEM,-6.872610838462935,110.14596790607025,1,True,488.7492903936866,-0.568359597469779,3011.2507096063136,29.38144476421801,3011.5348894050485,3011.8190692037833,True,2970.0,-0.568359597469779,0.0,3.8237053169912825e-112,0.6188627302295857,,,,1.5867357970456904e-112,-0.3020420957639734,False,GREEN,SEM_K113,ABU
TRS_SEM_0313,SEM,-6.873714372568702,110.14399845071273,1,False,,,,,,,,2990.0,,,,,0.5005950448988424,False,amblesan >= 1 cm/th (restorasi biasa tidak layak),,,False,ABU,SEM_K113,ABU
TRS_SEM_0314,SEM,-6.874853891459306,110.14204469311943,1,True,490.0,0.0,3010.0,30.15123293816946,3010.0,3010.0,True,2820.0,0.0,0.0,2.3825539980256853e-111,0.5669878749522834,,,,9.886964092819762e-112,-0.3020420957639734,False,GREEN,SEM_K113,ABU
TRS_SEM_0315,SEM,-6.876010281247779,110.14009131903558,1,True,1352.8506469137606,20.577147244746435,2147.1493530862394,33.74995590671123,2136.8607794638665,2126.572205841493,True,0.0,20.577147244746435,0.0,2.3889452343177037e-52,0.3335694050991501,,,,7.191441735281469e-53,-0.3020420957639734,False,GREEN,SEM_K113,ABU
