transek_id,dist_m,sumber,jenis,nama,tahun_mulai
TRS_CIR_0159,3401.2,osm,highway=trunk,Jalan Raya Cirebon - Brebes,
TRS_CIR_0159,3414.8,osm,highway=trunk,Jalan Raya Cirebon - Brebes,
TRS_CIR_0160,3099.2,osm,highway=trunk,Jalan Raya Cirebon - Brebes,
TRS_CIR_0160,3109.4,osm,highway=trunk,Jalan Raya Cirebon - Brebes,
TRS_CIR_0161,2856.7,osm,highway=trunk,Jalan Raya Cirebon - Brebes,
TRS_CIR_0161,2866.1,osm,highway=trunk,Jalan Raya Cirebon - Brebes,
TRS_CIR_0162,2641.4,osm,highway=trunk,Jalan Raya Cirebon - Brebes,
TRS_CIR_0162,2651.3,osm,highway=trunk,Jalan Raya Cirebon - Brebes,
TRS_CIR_0163,2436.5,osm,highway=trunk,Jalan Raya Cirebon - Brebes,
TRS_CIR_0163,2446.7,osm,highway=trunk,Jalan Raya Cirebon - Brebes,
TRS_CIR_0164,2294.5,osm,highway=trunk,Jalan Raya Cirebon - Brebes,
TRS_CIR_0164,2304.5,osm,highway=trunk,Jalan Raya Cirebon - Brebes,
TRS_CIR_0165,2216.2,osm,highway=trunk,Jalan Raya Cirebon - Brebes,
TRS_CIR_0165,2228.4,osm,highway=trunk,Jalan Raya Cirebon - Brebes,
TRS_CIR_0166,2119.3,osm,highway=trunk,Jalan Raya Cirebon - Brebes,
TRS_CIR_0166,2132.1,osm,highway=trunk,Jalan Raya Cirebon - Brebes,
TRS_CIR_0167,2041.3,osm,highway=trunk,Jalan Raya Cirebon - Brebes,
TRS_CIR_0167,2052.1,osm,highway=trunk,Jalan Raya Cirebon - Brebes,
TRS_CIR_0168,1966.8,osm,highway=trunk,Jalan Raya Cirebon - Brebes,
TRS_CIR_0168,1977.7,osm,highway=trunk,Jalan Raya Cirebon - Brebes,
TRS_CIR_0169,1922.4,osm,highway=trunk,Jalan Raya Cirebon - Brebes,
TRS_CIR_0169,1934.6,osm,highway=trunk,Jalan Raya Cirebon - Brebes,
TRS_CIR_0170,1857.1,osm,highway=trunk,Jalan Raya Cirebon - Brebes,
TRS_CIR_0170,1869.0,osm,highway=trunk,Jalan Raya Cirebon - Brebes,
TRS_CIR_0171,1796.0,osm,highway=trunk,Jalan Raya Cirebon - Brebes,
TRS_CIR_0171,1805.5,osm,highway=trunk,Jalan Raya Cirebon - Brebes,
TRS_CIR_0172,1757.9,osm,highway=trunk,Jalan Raya Cirebon - Brebes,
TRS_CIR_0172,1770.2,osm,highway=trunk,Jalan Raya Cirebon - Brebes,
TRS_CIR_0173,1749.2,osm,highway=trunk,Jalan Raya Cirebon - Brebes,
TRS_CIR_0173,1761.3,osm,highway=trunk,Jalan Raya Cirebon - Brebes,
TRS_CIR_0174,1767.7,osm,highway=trunk,Jalan Raya Cirebon - Brebes,
TRS_CIR_0174,1778.3,osm,highway=trunk,Jalan Raya Cirebon - Brebes,
TRS_CIR_0175,1778.2,osm,highway=trunk,Jalan Raya Cirebon - Brebes,
TRS_CIR_0175,1789.7,osm,highway=trunk,Jalan Raya Cirebon - Brebes,
TRS_CIR_0176,479.5,osm,man_made=breakwater,,
TRS_CIR_0176,500.0,osm,man_made=breakwater,,
TRS_CIR_0176,2061.3,osm,highway=trunk,Jalan Raya Cirebon - Brebes,
TRS_CIR_0176,2071.7,osm,highway=trunk,Jalan Raya Cirebon - Brebes,
TRS_CIR_0177,385.8,osm,man_made=breakwater,,
TRS_CIR_0177,409.2,osm,man_made=breakwater,,
TRS_CIR_0177,1993.4,osm,highway=trunk,Jalan Raya Cirebon - Brebes,
TRS_CIR_0177,2003.4,osm,highway=trunk,Jalan Raya Cirebon - Brebes,
TRS_CIR_0177,2010.5,osm,highway=trunk,,
TRS_CIR_0178,1654.2,osm,highway=trunk,Jalan Raya Cirebon - Brebes,
TRS_CIR_0178,1660.6,osm,highway=trunk,Jalan Raya Cirebon - Brebes,
TRS_CIR_0178,1666.5,osm,highway=trunk,,
TRS_CIR_0179,1629.4,osm,highway=trunk,Jalan Raya Cirebon - Brebes,
TRS_CIR_0179,1638.4,osm,highway=trunk,Jalan Raya Cirebon - Brebes,
TRS_CIR_0179,1647.2,osm,highway=trunk,,
TRS_CIR_0180,1362.9,osm,highway=trunk,Jalan Raya Cirebon - Brebes,
TRS_CIR_0180,1373.2,osm,highway=trunk,Jalan Raya Cirebon - Brebes,
TRS_CIR_0181,1326.7,osm,highway=trunk,Jalan Raya Cirebon - Brebes,
TRS_CIR_0181,1335.6,osm,highway=trunk,Jalan Raya Cirebon - Brebes,
TRS_CIR_0182,1324.1,osm,highway=trunk,Jalan Raya Cirebon - Brebes,
TRS_CIR_0182,1335.0,osm,highway=trunk,Jalan Raya Cirebon - Brebes,
TRS_CIR_0183,1328.0,osm,highway=trunk,Jalan Raya Cirebon - Brebes,
TRS_CIR_0183,1340.8,osm,highway=trunk,Jalan Raya Cirebon - Brebes,
TRS_CIR_0184,1373.6,osm,highway=trunk,Jalan Raya Cirebon - Brebes,
TRS_CIR_0184,1385.0,osm,highway=trunk,Jalan Raya Cirebon - Brebes,
TRS_CIR_0185,1427.8,osm,highway=trunk,Jalan Raya Cirebon - Brebes,
TRS_CIR_0185,1439.4,osm,highway=trunk,Jalan Raya Cirebon - Brebes,
TRS_CIR_0186,1480.4,osm,highway=trunk,Jalan Raya Cirebon - Brebes,
TRS_CIR_0186,1490.0,osm,highway=trunk,Jalan Raya Cirebon - Brebes,
TRS_CIR_0187,1545.7,osm,highway=trunk,Jalan Raya Cirebon - Brebes,
TRS_CIR_0187,1555.0,osm,highway=trunk,Jalan Raya Cirebon - Brebes,
TRS_CIR_0188,1583.8,osm,highway=trunk,Jalan Raya Cirebon - Brebes,
TRS_CIR_0188,1593.9,osm,highway=trunk,Jalan Raya Cirebon - Brebes,
TRS_CIR_0189,1604.5,osm,highway=trunk,Jalan Raya Cirebon - Brebes,
TRS_CIR_0189,1618.9,osm,highway=trunk,Jalan Raya Cirebon - Brebes,
TRS_CIR_0190,1493.4,osm,highway=trunk,Jalan Raya Cirebon - Brebes,
TRS_CIR_0190,1505.3,osm,highway=trunk,Jalan Raya Cirebon - Brebes,
TRS_CIR_0191,1513.2,osm,highway=trunk,Jalan Raya Cirebon - Brebes,
TRS_CIR_0191,1525.2,osm,highway=trunk,Jalan Raya Cirebon - Brebes,
TRS_CIR_0192,1517.2,osm,highway=trunk,Jalan Raya Cirebon - Brebes,
TRS_CIR_0192,1528.8,osm,highway=trunk,Jalan Raya Cirebon - Brebes,
TRS_CIR_0193,1483.8,osm,highway=trunk,Jalan Raya Cirebon - Brebes,
TRS_CIR_0193,1493.6,osm,highway=trunk,Jalan Raya Cirebon - Brebes,
TRS_CIR_0194,1509.3,osm,highway=trunk,Jalan Raya Cirebon - Brebes,
TRS_CIR_0194,1519.4,osm,highway=trunk,Jalan Raya Cirebon - Brebes,
TRS_CIR_0195,1566.3,osm,highway=trunk,Jalan Raya Cirebon - Brebes,
TRS_CIR_0195,1576.2,osm,highway=trunk,Jalan Raya Cirebon - Brebes,
TRS_CIR_0196,1582.3,osm,highway=trunk,Jalan Raya Cirebon - Brebes,
TRS_CIR_0196,1590.6,osm,highway=trunk,Jalan Raya Cirebon - Brebes,
TRS_CIR_0196,3393.2,osm,railway=rail,Jalur Kereta Api Cirebon–Tegal,
TRS_CIR_0196,3397.3,osm,railway=rail,Jalur Kereta Api Cirebon–Tegal,
TRS_CIR_0197,1525.3,osm,highway=trunk,Jalan Raya Cirebon - Brebes,
TRS_CIR_0197,1534.9,osm,highway=trunk,Jalan Raya Cirebon - Brebes,
TRS_CIR_0197,3250.1,osm,railway=rail,Jalur Kereta Api Cirebon–Tegal,
TRS_CIR_0197,3254.4,osm,railway=rail,Jalur Kereta Api Cirebon–Tegal,
TRS_CIR_0198,1550.7,osm,highway=trunk,Jalan Raya Cirebon - Brebes,
TRS_CIR_0198,1559.7,osm,highway=trunk,Jalan Raya Cirebon - Brebes,
TRS_CIR_0198,3175.4,osm,railway=rail,Jalur Kereta Api Cirebon–Tegal,
TRS_CIR_0198,3179.9,osm,railway=rail,Jalur Kereta Api Cirebon–Tegal,
TRS_CIR_0199,1647.0,osm,highway=trunk,Jalan Raya Cirebon - Brebes,
TRS_CIR_0199,1656.1,osm,highway=trunk,Jalan Raya Cirebon - Brebes,
TRS_CIR_0199,3158.3,osm,railway=rail,Jalur Kereta Api Cirebon–Tegal,
TRS_CIR_0199,3162.9,osm,railway=rail,Jalur Kereta Api Cirebon–Tegal,
TRS_CIR_0200,1778.7,osm,highway=trunk,Jalan Raya Cirebon - Brebes,
TRS_CIR_0200,1788.0,osm,highway=trunk,Jalan Raya Cirebon - Brebes,
TRS_CIR_0200,3166.7,osm,railway=rail,Jalur Kereta Api Cirebon–Tegal,
TRS_CIR_0200,3171.3,osm,railway=rail,Jalur Kereta Api Cirebon–Tegal,
TRS_CIR_0201,1962.3,osm,highway=trunk,Jalan Raya Cirebon - Brebes,
TRS_CIR_0201,1971.6,osm,highway=trunk,Jalan Raya Cirebon - Brebes,
TRS_CIR_0201,3214.5,osm,railway=rail,Jalur Kereta Api Cirebon–Tegal,
TRS_CIR_0201,3219.2,osm,railway=rail,Jalur Kereta Api Cirebon–Tegal,
TRS_CIR_0202,2182.5,osm,highway=trunk,Jalan Raya Cirebon - Brebes,
TRS_CIR_0202,2190.9,osm,highway=trunk,Jalan Raya Cirebon - Brebes,
TRS_CIR_0202,3295.9,osm,railway=rail,Jalur Kereta Api Cirebon–Tegal,
TRS_CIR_0202,3300.6,osm,railway=rail,Jalur Kereta Api Cirebon–Tegal,
TRS_CIR_0203,2438.1,osm,highway=trunk,Jalan Raya Cirebon - Brebes,
TRS_CIR_0203,2448.5,osm,highway=trunk,Jalan Raya Cirebon - Brebes,
TRS_CIR_0203,3423.8,osm,railway=rail,Jalur Kereta Api Cirebon–Tegal,
TRS_CIR_0203,3428.5,osm,railway=rail,Jalur Kereta Api Cirebon–Tegal,
TRS_CIR_0204,2812.3,osm,highway=trunk,Jalan Raya Cirebon - Brebes,
TRS_CIR_0204,2824.2,osm,highway=trunk,Jalan Raya Cirebon - Brebes,
TRS_CIR_0205,3098.9,osm,highway=trunk,Jalan Raya Cirebon - Brebes,
TRS_CIR_0205,3108.2,osm,highway=trunk,Jalan Raya Cirebon - Brebes,
TRS_CIR_0206,3390.8,osm,highway=trunk,Jalan Raya Cirebon - Brebes,
TRS_CIR_0206,3400.3,osm,highway=trunk,Jalan Raya Cirebon - Brebes,
TRS_CIR_0228,3420.4,osm,highway=trunk,Jalan Raya Cirebon - Brebes,
TRS_CIR_0228,3429.9,osm,highway=trunk,Jalan Raya Cirebon - Brebes,
TRS_CIR_0229,3224.2,osm,highway=trunk,Jalan Raya Cirebon - Brebes,
TRS_CIR_0229,3233.7,osm,highway=trunk,Jalan Raya Cirebon - Brebes,
TRS_CIR_0230,3006.2,osm,highway=trunk,Jalan Raya Cirebon - Brebes,
TRS_CIR_0230,3016.4,osm,highway=trunk,Jalan Raya Cirebon - Brebes,
TRS_CIR_0231,2837.1,osm,highway=trunk,Jalan Raya Cirebon - Brebes,
TRS_CIR_0231,2846.1,osm,highway=trunk,Jalan Raya Cirebon - Brebes,
TRS_CIR_0231,3333.8,osm,railway=rail,Jalur Kereta Api Cirebon–Tegal,
TRS_CIR_0231,3339.4,osm,railway=rail,Jalur Kereta Api Cirebon–Tegal,
TRS_CIR_0232,2657.3,osm,highway=trunk,Jalan Raya Cirebon - Brebes,
TRS_CIR_0232,2667.4,osm,highway=trunk,Jalan Raya Cirebon - Brebes,
TRS_CIR_0232,3073.4,osm,railway=rail,Jalur Kereta Api Cirebon–Tegal,
TRS_CIR_0232,3079.1,osm,railway=rail,Jalur Kereta Api Cirebon–Tegal,
TRS_CIR_0233,2471.3,osm,highway=trunk,Jalan Raya Cirebon - Brebes,
TRS_CIR_0233,2485.4,osm,highway=trunk,Jalan Raya Cirebon - Brebes,
TRS_CIR_0233,2838.6,osm,railway=rail,Jalur Kereta Api Cirebon–Tegal,
TRS_CIR_0233,2844.4,osm,railway=rail,Jalur Kereta Api Cirebon–Tegal,
TRS_CIR_0234,2384.8,osm,highway=trunk,Jalan Raya Cirebon - Brebes,
TRS_CIR_0234,2393.8,osm,highway=trunk,Jalan Raya Cirebon - Brebes,
TRS_CIR_0234,2702.8,osm,railway=rail,Jalur Kereta Api Cirebon–Tegal,
TRS_CIR_0234,2703.4,osm,railway=rail,,
TRS_CIR_0234,2708.4,osm,railway=rail,Jalur Kereta Api Cirebon–Tegal,
TRS_CIR_0235,2648.7,osm,highway=trunk,Jalan Raya Cirebon - Brebes,
TRS_CIR_0235,2657.4,osm,highway=trunk,Jalan Raya Cirebon - Brebes,
TRS_CIR_0235,2910.7,osm,railway=rail,,
TRS_CIR_0235,2916.4,osm,railway=rail,Jalur Kereta Api Cirebon–Tegal,
TRS_CIR_0235,2921.7,osm,railway=rail,Jalur Kereta Api Cirebon–Tegal,
TRS_CIR_0235,2927.6,osm,railway=rail,,
TRS_CIR_0236,3202.0,osm,highway=trunk,Jalan Raya Cirebon - Brebes,
TRS_CIR_0236,3211.9,osm,highway=trunk,Jalan Raya Cirebon - Brebes,
TRS_CIR_0236,3403.6,osm,railway=rail,,
TRS_CIR_0236,3410.4,osm,railway=rail,Jalur Kereta Api Cirebon–Tegal,
TRS_CIR_0236,3415.5,osm,railway=rail,Jalur Kereta Api Cirebon–Tegal,
TRS_CIR_0236,3422.6,osm,railway=rail,,
TRS_CIR_0237,2036.6,osm,highway=trunk,Jalan Raya Cirebon - Brebes,
TRS_CIR_0237,2045.6,osm,highway=trunk,Jalan Raya Cirebon - Brebes,
TRS_CIR_0237,2195.0,osm,railway=rail,Jalur Kereta Api Cirebon–Tegal,
TRS_CIR_0237,2199.8,osm,railway=rail,Jalur Kereta Api Cirebon–Tegal,
TRS_CIR_0237,2206.1,osm,railway=rail,,
TRS_CIR_0238,2015.5,osm,highway=trunk,Jalan Raya Cirebon - Brebes,
TRS_CIR_0238,2025.8,osm,highway=trunk,Jalan Raya Cirebon - Brebes,
TRS_CIR_0238,2125.2,osm,railway=rail,Jalur Kereta Api Cirebon–Tegal,
TRS_CIR_0238,2129.7,osm,railway=rail,Jalur Kereta Api Cirebon–Tegal,
TRS_CIR_0239,2057.1,osm,highway=trunk,Jalan Raya Cirebon - Brebes,
TRS_CIR_0239,2068.6,osm,highway=trunk,Jalan Raya Cirebon - Brebes,
TRS_CIR_0239,2115.9,osm,railway=rail,Jalur Kereta Api Cirebon–Tegal,
TRS_CIR_0239,2123.5,osm,railway=rail,Jalur Kereta Api Cirebon–Tegal,
TRS_CIR_0240,2132.4,osm,highway=trunk,Jalan Raya Cirebon - Brebes,
TRS_CIR_0240,2145.8,osm,highway=trunk,Jalan Raya Cirebon - Brebes,
TRS_CIR_0240,2167.0,osm,railway=rail,Jalur Kereta Api Cirebon–Tegal,
TRS_CIR_0240,2175.6,osm,railway=rail,Jalur Kereta Api Cirebon–Tegal,
TRS_CIR_0241,2300.7,osm,highway=trunk,Jalan Raya Cirebon - Brebes,
TRS_CIR_0241,2310.7,osm,highway=trunk,Jalan Raya Cirebon - Brebes,
TRS_CIR_0241,2326.0,osm,railway=rail,Jalur Kereta Api Cirebon–Tegal,
TRS_CIR_0241,2334.6,osm,railway=rail,Jalur Kereta Api Cirebon–Tegal,
TRS_CIR_0242,1942.3,osm,highway=trunk,Jalan Raya Cirebon - Brebes,
TRS_CIR_0242,1951.1,osm,highway=trunk,Jalan Raya Cirebon - Brebes,
TRS_CIR_0242,1968.0,osm,railway=rail,Jalur Kereta Api Cirebon–Tegal,
TRS_CIR_0242,1975.3,osm,railway=rail,Jalur Kereta Api Cirebon–Tegal,
TRS_CIR_0243,1751.6,osm,highway=trunk,Jalan Raya Cirebon - Brebes,
TRS_CIR_0243,1762.1,osm,highway=trunk,Jalan Raya Cirebon - Brebes,
TRS_CIR_0243,1772.4,osm,railway=rail,Jalur Kereta Api Cirebon–Tegal,
TRS_CIR_0243,1778.1,osm,railway=rail,Jalur Kereta Api Cirebon–Tegal,
TRS_CIR_0244,1540.7,osm,highway=trunk,Jalan Raya Cirebon - Brebes,
TRS_CIR_0244,1552.8,osm,highway=trunk,Jalan Raya Cirebon - Brebes,
TRS_CIR_0244,1565.6,osm,railway=rail,Jalur Kereta Api Cirebon–Tegal,
TRS_CIR_0244,1571.0,osm,railway=rail,Jalur Kereta Api Cirebon–Tegal,
TRS_CIR_0245,1456.7,osm,highway=trunk,Jalan Raya Cirebon - Brebes,
TRS_CIR_0245,1469.2,osm,highway=trunk,Jalan Raya Cirebon - Brebes,
TRS_CIR_0245,1485.5,osm,railway=rail,Jalur Kereta Api Cirebon–Tegal,
TRS_CIR_0245,1490.5,osm,railway=rail,Jalur Kereta Api Cirebon–Tegal,
TRS_CIR_0246,1381.8,osm,highway=trunk,Jalan Raya Cirebon - Brebes,
TRS_CIR_0246,1393.8,osm,highway=trunk,Jalan Raya Cirebon - Brebes,
TRS_CIR_0246,1409.7,osm,railway=rail,Jalur Kereta Api Cirebon–Tegal,
TRS_CIR_0246,1414.9,osm,railway=rail,Jalur Kereta Api Cirebon–Tegal,
TRS_CIR_0246,3239.2,osm,railway=rail,Jalur Kereta Api Cirebon–Prupuk,
TRS_CIR_0246,3245.1,osm,railway=rail,Jalur Kereta Api Cirebon–Prupuk,
TRS_CIR_0247,1296.7,osm,highway=trunk,Jalan Raya Cirebon - Brebes,
TRS_CIR_0247,1309.1,osm,highway=trunk,Jalan Raya Cirebon - Brebes,
TRS_CIR_0247,1317.9,osm,railway=rail,Jalur Kereta Api Cirebon–Tegal,
TRS_CIR_0247,1323.1,osm,railway=rail,Jalur Kereta Api Cirebon–Tegal,
TRS_CIR_0247,2979.5,osm,railway=rail,Jalur Kereta Api Cirebon–Prupuk,
TRS_CIR_0247,2984.9,osm,railway=rail,Jalur Kereta Api Cirebon–Prupuk,
TRS_CIR_0248,1238.0,osm,highway=trunk,Jalan Raya Cirebon - Brebes,
TRS_CIR_0248,1247.6,osm,highway=trunk,Jalan Raya Cirebon - Brebes,
TRS_CIR_0248,1256.3,osm,railway=rail,Jalur Kereta Api Cirebon–Tegal,
TRS_CIR_0248,1261.1,osm,railway=rail,Jalur Kereta Api Cirebon–Tegal,
TRS_CIR_0248,2775.3,osm,railway=rail,Jalur Kereta Api Cirebon–Prupuk,
TRS_CIR_0248,2780.5,osm,railway=rail,Jalur Kereta Api Cirebon–Prupuk,
TRS_CIR_0249,1169.6,osm,highway=trunk,Jalan Raya Cirebon - Brebes,
TRS_CIR_0249,1180.4,osm,highway=trunk,Jalan Raya Cirebon - Brebes,
TRS_CIR_0249,1196.7,osm,railway=rail,Jalur Kereta Api Cirebon–Tegal,
TRS_CIR_0249,1201.1,osm,railway=rail,Jalur Kereta Api Cirebon–Tegal,
TRS_CIR_0249,2577.6,osm,railway=rail,,
TRS_CIR_0249,2581.7,osm,railway=rail,,
TRS_CIR_0249,2584.8,osm,railway=rail,Jalur Kereta Api Cirebon–Prupuk,
TRS_CIR_0249,2589.8,osm,railway=rail,Jalur Kereta Api Cirebon–Prupuk,
TRS_CIR_0249,2592.6,osm,railway=rail,,
TRS_CIR_0250,1097.6,osm,highway=trunk,Jalan Raya Cirebon - Brebes,
TRS_CIR_0250,1109.0,osm,highway=trunk,Jalan Raya Cirebon - Brebes,
TRS_CIR_0250,1167.8,osm,railway=rail,Jalur Kereta Api Cirebon–Tegal,
TRS_CIR_0250,1172.8,osm,railway=rail,Jalur Kereta Api Cirebon–Tegal,
TRS_CIR_0250,2427.6,osm,railway=rail,,
TRS_CIR_0250,2435.1,osm,railway=rail,Jalur Kereta Api Cirebon–Prupuk,
TRS_CIR_0250,2439.6,osm,railway=rail,Jalur Kereta Api Cirebon–Prupuk,
TRS_CIR_0250,2448.8,osm,railway=rail,,
TRS_CIR_0251,919.1,osm,highway=trunk,Jalan Raya Cirebon - Brebes,
TRS_CIR_0251,930.7,osm,highway=trunk,Jalan Raya Cirebon - Brebes,
TRS_CIR_0251,1168.3,osm,railway=rail,Jalur Kereta Api Cirebon–Tegal,
TRS_CIR_0251,1173.5,osm,railway=rail,Jalur Kereta Api Cirebon–Tegal,
TRS_CIR_0251,2321.7,osm,railway=rail,Jalur Kereta Api Cirebon–Prupuk,
TRS_CIR_0251,2326.7,osm,railway=rail,Jalur Kereta Api Cirebon–Prupuk,
TRS_CIR_0252,859.9,osm,highway=trunk,Jalan Raya Cirebon - Brebes,
TRS_CIR_0252,868.6,osm,highway=trunk,Jalan Raya Cirebon - Brebes,
TRS_CIR_0252,1212.7,osm,railway=rail,Jalur Kereta Api Cirebon–Tegal,
TRS_CIR_0252,1217.0,osm,railway=rail,Jalur Kereta Api Cirebon–Tegal,
TRS_CIR_0252,2254.7,osm,railway=rail,Jalur Kereta Api Cirebon–Prupuk,
TRS_CIR_0252,2262.6,osm,railway=rail,Jalur Kereta Api Cirebon–Prupuk,
TRS_CIR_0253,890.5,osm,highway=trunk,Jalan Raya Cirebon - Brebes,
TRS_CIR_0253,898.7,osm,highway=trunk,Jalan Raya Cirebon - Brebes,
TRS_CIR_0253,1301.3,osm,railway=rail,Jalur Kereta Api Cirebon–Tegal,
TRS_CIR_0253,1306.1,osm,railway=rail,Jalur Kereta Api Cirebon–Tegal,
TRS_CIR_0253,2243.5,osm,railway=rail,Jalur Kereta Api Cirebon–Prupuk,
TRS_CIR_0253,2251.0,osm,railway=rail,Jalur Kereta Api Cirebon–Prupuk,
TRS_CIR_0254,1026.3,osm,highway=trunk,Jalan Raya Cirebon - Brebes,
TRS_CIR_0254,1034.7,osm,highway=trunk,Jalan Raya Cirebon - Brebes,
TRS_CIR_0254,1481.6,osm,railway=rail,Jalur Kereta Api Cirebon–Tegal,
TRS_CIR_0254,1487.3,osm,railway=rail,Jalur Kereta Api Cirebon–Tegal,
TRS_CIR_0254,2329.2,osm,railway=rail,Jalur Kereta Api Cirebon–Prupuk,
TRS_CIR_0254,2334.3,osm,railway=rail,Jalur Kereta Api Cirebon–Prupuk,
TRS_CIR_0255,1131.0,osm,highway=trunk,Jalan Raya Cirebon - Brebes,
TRS_CIR_0255,1141.6,osm,highway=trunk,Jalan Raya Cirebon - Brebes,
TRS_CIR_0255,1606.0,osm,railway=rail,Jalur Kereta Api Cirebon–Tegal,
TRS_CIR_0255,1611.1,osm,railway=rail,Jalur Kereta Api Cirebon–Tegal,
TRS_CIR_0255,2371.4,osm,railway=rail,Jalur Kereta Api Cirebon–Prupuk,
TRS_CIR_0255,2375.6,osm,railway=rail,Jalur Kereta Api Cirebon–Prupuk,
TRS_CIR_0256,1269.9,osm,highway=trunk,Jalan Raya Cirebon - Brebes,
TRS_CIR_0256,1279.2,osm,highway=trunk,Jalan Raya Cirebon - Brebes,
TRS_CIR_0256,1755.0,osm,railway=rail,Jalur Kereta Api Cirebon–Tegal,
TRS_CIR_0256,1760.1,osm,railway=rail,Jalur Kereta Api Cirebon–Tegal,
TRS_CIR_0256,2481.0,osm,railway=rail,Jalur Kereta Api Cirebon–Prupuk,
TRS_CIR_0256,2484.7,osm,railway=rail,Jalur Kereta Api Cirebon–Prupuk,
TRS_CIR_0257,1438.4,osm,highway=trunk,Jalan Raya Cirebon - Brebes,
TRS_CIR_0257,1448.0,osm,highway=trunk,Jalan Raya Cirebon - Brebes,
TRS_CIR_0257,1915.5,osm,railway=rail,Jalur Kereta Api Cirebon–Tegal,
TRS_CIR_0257,1920.3,osm,railway=rail,Jalur Kereta Api Cirebon–Tegal,
TRS_CIR_0257,2610.1,osm,railway=rail,Jalur Kereta Api Cirebon–Prupuk,
TRS_CIR_0257,2613.9,osm,railway=rail,Jalur Kereta Api Cirebon–Prupuk,
TRS_CIR_0258,1235.9,osm,highway=trunk,Jalan Kalijaga,
TRS_CIR_0258,1247.8,osm,highway=trunk,Jalan Kalijaga,
TRS_CIR_0258,1752.1,osm,railway=rail,Jalur Kereta Api Cirebon–Tegal,
TRS_CIR_0258,1756.7,osm,railway=rail,Jalur Kereta Api Cirebon–Tegal,
TRS_CIR_0258,2416.2,osm,railway=rail,Jalur Kereta Api Cirebon–Prupuk,
TRS_CIR_0258,2420.6,osm,railway=rail,Jalur Kereta Api Cirebon–Prupuk,
TRS_CIR_0259,1092.4,osm,highway=trunk,Jalan Kalijaga,
TRS_CIR_0259,1100.5,osm,highway=trunk,Jalan Kalijaga,
TRS_CIR_0259,1672.7,osm,railway=rail,Jalur Kereta Api Cirebon–Tegal,
TRS_CIR_0259,1679.5,osm,railway=rail,Jalur Kereta Api Cirebon–Tegal,
TRS_CIR_0259,2306.9,osm,railway=rail,Jalur Kereta Api Cirebon–Prupuk,
TRS_CIR_0259,2312.4,osm,railway=rail,Jalur Kereta Api Cirebon–Prupuk,
TRS_CIR_0260,1040.3,osm,highway=trunk,Jalan Kalijaga,
TRS_CIR_0260,1049.6,osm,highway=trunk,Jalan Kalijaga,
TRS_CIR_0260,1670.9,osm,railway=rail,Jalur Kereta Api Cirebon–Tegal,
TRS_CIR_0260,1678.8,osm,railway=rail,Jalur Kereta Api Cirebon–Tegal,
TRS_CIR_0260,2274.0,osm,railway=rail,Jalur Kereta Api Cirebon–Prupuk,
TRS_CIR_0260,2282.8,osm,railway=rail,Jalur Kereta Api Cirebon–Prupuk,
TRS_CIR_0261,1013.6,osm,highway=trunk,Jalan Kalijaga,
TRS_CIR_0261,1025.4,osm,highway=trunk,Jalan Kalijaga,
TRS_CIR_0261,1674.6,osm,railway=rail,Jalur Kereta Api Cirebon–Tegal,
TRS_CIR_0261,1678.7,osm,railway=rail,Jalur Kereta Api Cirebon–Tegal,
TRS_CIR_0261,2260.0,osm,railway=rail,Jalur Kereta Api Cirebon–Prupuk,
TRS_CIR_0261,2266.8,osm,railway=rail,Jalur Kereta Api Cirebon–Prupuk,
TRS_CIR_0261,2269.4,osm,barrier=wall,,
TRS_CIR_0262,1019.4,osm,highway=trunk,Jalan Kalijaga,
TRS_CIR_0262,1114.1,osm,highway=trunk,Jalan Jenderal Ahmad Yani,
TRS_CIR_0262,1699.1,osm,railway=rail,Jalur Kereta Api Cirebon–Tegal,
TRS_CIR_0262,1703.3,osm,railway=rail,Jalur Kereta Api Cirebon–Tegal,
TRS_CIR_0262,2283.1,osm,railway=rail,Jalur Kereta Api Cirebon–Prupuk,
TRS_CIR_0262,2287.3,osm,railway=rail,Jalur Kereta Api Cirebon–Prupuk,
TRS_CIR_0262,2289.8,osm,barrier=wall,,
TRS_CIR_0263,1165.7,osm,highway=trunk,Jalan Kalijaga,
TRS_CIR_0263,1870.2,osm,railway=rail,Jalur Kereta Api Cirebon–Tegal,
TRS_CIR_0263,1874.3,osm,railway=rail,Jalur Kereta Api Cirebon–Tegal,
TRS_CIR_0263,2080.1,osm,highway=trunk,Jalan Jenderal Ahmad Yani,
TRS_CIR_0263,2109.8,osm,highway=trunk,Jalan Jenderal Ahmad Yani,
TRS_CIR_0263,2450.6,osm,railway=rail,Jalur Kereta Api Cirebon–Prupuk,
TRS_CIR_0263,2454.7,osm,railway=rail,Jalur Kereta Api Cirebon–Prupuk,
TRS_CIR_0263,2487.1,osm,barrier=wall,,
TRS_CIR_0263,2611.6,osm,barrier=wall,,
TRS_CIR_0264,1220.3,osm,highway=trunk,Jalan Kalijaga,
TRS_CIR_0264,1958.7,osm,railway=rail,Jalur Kereta Api Cirebon–Tegal,
TRS_CIR_0264,1962.9,osm,railway=rail,Jalur Kereta Api Cirebon–Tegal,
TRS_CIR_0264,2536.4,osm,railway=rail,Jalur Kereta Api Cirebon–Prupuk,
TRS_CIR_0264,2540.6,osm,railway=rail,Jalur Kereta Api Cirebon–Prupuk,
TRS_CIR_0264,2672.0,osm,highway=trunk,Jalan Jenderal Ahmad Yani,
TRS_CIR_0264,2686.6,osm,highway=trunk,Jalan Jenderal Ahmad Yani,
TRS_CIR_0264,3314.2,osm,barrier=wall,,
TRS_CIR_0265,1929.8,osm,highway=trunk,Jalan Kalijaga,
TRS_CIR_0265,2697.5,osm,railway=rail,Jalur Kereta Api Cirebon–Tegal,
TRS_CIR_0265,2701.9,osm,railway=rail,Jalur Kereta Api Cirebon–Tegal,
TRS_CIR_0265,3272.2,osm,railway=rail,Jalur Kereta Api Cirebon–Prupuk,
TRS_CIR_0265,3276.4,osm,railway=rail,Jalur Kereta Api Cirebon–Prupuk,
TRS_CIR_0266,1198.5,osm,highway=trunk,Jalan Kalijaga,
TRS_CIR_0266,2027.1,osm,railway=rail,Jalur Kereta Api Cirebon–Tegal,
TRS_CIR_0266,2032.7,osm,railway=rail,Jalur Kereta Api Cirebon–Tegal,
TRS_CIR_0266,2560.7,osm,railway=rail,Jalur Kereta Api Cirebon–Prupuk,
TRS_CIR_0266,2564.9,osm,railway=rail,Jalur Kereta Api Cirebon–Prupuk,
TRS_CIR_0266,3262.6,osm,barrier=wall,,
TRS_CIR_0266,3419.5,osm,barrier=wall,,
TRS_CIR_0267,1154.1,osm,highway=trunk,Jalan Kesunean,
TRS_CIR_0267,2100.3,osm,railway=rail,Jalur Kereta Api Cirebon–Tegal,
TRS_CIR_0267,2106.0,osm,railway=rail,Jalur Kereta Api Cirebon–Tegal,
TRS_CIR_0267,2413.4,osm,barrier=wall,,
TRS_CIR_0267,2559.5,osm,barrier=wall,,
TRS_CIR_0267,2561.1,osm,barrier=wall,,
TRS_CIR_0267,2575.8,osm,railway=rail,Jalur Kereta Api Cirebon–Prupuk,
TRS_CIR_0267,2579.9,osm,railway=rail,Jalur Kereta Api Cirebon–Prupuk,
TRS_CIR_0267,3248.1,osm,barrier=wall,,
TRS_CIR_0267,3260.5,osm,barrier=wall,,
TRS_CIR_0267,3266.4,osm,barrier=wall,,
TRS_CIR_0268,952.5,osm,highway=trunk,Jalan Kesunean,
TRS_CIR_0268,1957.9,osm,railway=rail,Jalur Kereta Api Cirebon–Tegal,
TRS_CIR_0268,1965.8,osm,railway=rail,Jalur Kereta Api Cirebon–Tegal,
TRS_CIR_0268,2270.0,osm,barrier=wall,,
TRS_CIR_0268,2279.8,osm,barrier=wall,,
TRS_CIR_0268,2375.4,osm,railway=rail,Jalur Kereta Api Cirebon–Prupuk,
TRS_CIR_0268,2379.4,osm,railway=rail,Jalur Kereta Api Cirebon–Prupuk,
TRS_CIR_0269,882.9,osm,highway=trunk,Jalan Kesunean,
TRS_CIR_0269,1362.7,osm,barrier=wall,,
TRS_CIR_0269,1405.7,osm,barrier=wall,,
TRS_CIR_0269,2015.4,osm,railway=rail,Jalur Kereta Api Cirebon–Tegal,
TRS_CIR_0269,2023.4,osm,railway=rail,Jalur Kereta Api Cirebon–Tegal,
TRS_CIR_0269,2357.2,osm,railway=rail,Jalur Kereta Api Cirebon–Prupuk,
TRS_CIR_0269,2361.4,osm,railway=rail,Jalur Kereta Api Cirebon–Prupuk,
TRS_CIR_0270,983.9,osm,highway=trunk,Jalan Yos Sudarso,
TRS_CIR_0270,1086.1,osm,highway=primary,Jalan Ariodinoto,
TRS_CIR_0270,2121.4,osm,railway=rail,Jalur Kereta Api Cirebon–Tegal,
TRS_CIR_0270,2126.8,osm,railway=rail,Jalur Kereta Api Cirebon–Tegal,
TRS_CIR_0270,2359.9,osm,railway=rail,Jalur Kereta Api Cirebon–Prupuk,
TRS_CIR_0270,2363.8,osm,railway=rail,Jalur Kereta Api Cirebon–Prupuk,
TRS_CIR_0271,915.0,osm,highway=trunk,Jalan Yos Sudarso,
TRS_CIR_0271,975.9,osm,barrier=wall,,
TRS_CIR_0271,1479.3,osm,highway=primary,Jalan Pulasaren,
TRS_CIR_0271,2167.0,osm,railway=rail,Jalur Kereta Api Cirebon–Tegal,
TRS_CIR_0271,2171.6,osm,railway=rail,Jalur Kereta Api Cirebon–Tegal,
TRS_CIR_0271,2316.0,osm,railway=rail,Jalur Kereta Api Cirebon–Prupuk,
TRS_CIR_0271,2319.9,osm,railway=rail,Jalur Kereta Api Cirebon–Prupuk,
TRS_CIR_0271,2840.0,osm,highway=primary,Jalan Kesambi,
TRS_CIR_0271,3389.6,osm,barrier=wall,,
TRS_CIR_0272,851.3,osm,highway=trunk,Jalan Yos Sudarso,
TRS_CIR_0272,2137.4,osm,highway=primary,Jalan Lawanggada,
TRS_CIR_0272,2173.6,osm,railway=rail,Jalur Kereta Api Cirebon–Tegal,
TRS_CIR_0272,2178.3,osm,railway=rail,Jalur Kereta Api Cirebon–Tegal,
TRS_CIR_0272,2291.9,osm,railway=rail,Jalur Kereta Api Cirebon–Prupuk,
TRS_CIR_0272,2295.8,osm,railway=rail,Jalur Kereta Api Cirebon–Prupuk,
TRS_CIR_0272,2365.2,osm,highway=primary,Jalan Kesambi,
TRS_CIR_0272,2605.7,osm,barrier=wall,,
TRS_CIR_0272,2723.5,osm,barrier=wall,,
TRS_CIR_0272,3116.7,osm,barrier=wall,,
TRS_CIR_0273,1068.5,osm,highway=trunk,Jalan Benteng,
TRS_CIR_0273,1078.3,osm,barrier=wall,,
TRS_CIR_0273,2243.9,osm,railway=rail,,
TRS_CIR_0273,2247.4,osm,railway=rail,,
TRS_CIR_0273,2254.1,osm,railway=rail,Jalur Kereta Api Cirebon–Tegal,
TRS_CIR_0273,2255.4,osm,railway=rail,,
TRS_CIR_0273,2258.6,osm,railway=rail,Jalur Kereta Api Cirebon–Tegal,
TRS_CIR_0273,2263.1,osm,railway=rail,,
TRS_CIR_0273,2286.7,osm,railway=rail,,
TRS_CIR_0273,2292.6,osm,railway=rail,,
TRS_CIR_0273,2294.6,osm,railway=rail,,
TRS_CIR_0273,2372.7,osm,railway=rail,Jalur Kereta Api Cirebon–Prupuk,
TRS_CIR_0273,2377.1,osm,railway=rail,Jalur Kereta Api Cirebon–Prupuk,
TRS_CIR_0273,2575.0,osm,barrier=wall,,
TRS_CIR_0274,1116.1,osm,highway=trunk,Jalan Benteng,
TRS_CIR_0274,2292.5,osm,railway=rail,,
TRS_CIR_0274,2294.3,osm,railway=rail,,
TRS_CIR_0274,2301.5,osm,railway=rail,Jalur Kereta Api Cirebon–Tegal,
TRS_CIR_0274,2306.0,osm,railway=rail,Jalur Kereta Api Cirebon–Tegal,
TRS_CIR_0274,2313.2,osm,railway=rail,,
TRS_CIR_0274,2317.8,osm,railway=rail,,
TRS_CIR_0274,2349.5,osm,railway=rail,,
TRS_CIR_0274,2357.2,osm,railway=rail,Jalur Kereta Api Cirebon–Prupuk,
TRS_CIR_0274,2361.9,osm,railway=rail,Jalur Kereta Api Cirebon–Prupuk,
TRS_CIR_0274,2369.5,osm,railway=rail,,
TRS_CIR_0274,3379.0,osm,barrier=wall,,
TRS_CIR_0275,1284.2,osm,highway=trunk,Jalan Sisingamangaraja,
TRS_CIR_0275,2371.4,osm,railway=rail,,
TRS_CIR_0275,2378.3,osm,railway=rail,Jalur Kereta Api Cirebon–Tegal,
TRS_CIR_0275,2382.9,osm,railway=rail,Jalur Kereta Api Cirebon–Tegal,
TRS_CIR_0275,2390.1,osm,railway=rail,,
TRS_CIR_0275,2395.0,osm,railway=rail,,
TRS_CIR_0275,2405.6,osm,railway=rail,,
TRS_CIR_0275,2413.1,osm,railway=rail,Jalur Kereta Api Cirebon–Prupuk,
TRS_CIR_0275,2418.1,osm,railway=rail,Jalur Kereta Api Cirebon–Prupuk,
TRS_CIR_0275,2425.0,osm,railway=rail,,
TRS_CIR_0276,1239.9,osm,highway=trunk,Jalan Sisingamangaraja,
TRS_CIR_0276,2223.3,osm,railway=rail,Jalur Kereta Api Cirebon–Tegal,
TRS_CIR_0276,2228.2,osm,railway=rail,Jalur Kereta Api Cirebon–Tegal,
TRS_CIR_0276,2228.9,osm,railway=rail,Jalur Kereta Api Cirebon–Prupuk,
TRS_CIR_0276,2236.3,osm,railway=rail,Jalur Kereta Api Cirebon–Prupuk,
TRS_CIR_0276,2245.3,osm,barrier=wall,,
TRS_CIR_0277,1419.3,osm,barrier=wall,,
TRS_CIR_0277,1731.4,osm,highway=trunk,Jalan Sisingamangaraja,
TRS_CIR_0277,1739.3,osm,highway=trunk,Jalan Sisingamangaraja,
TRS_CIR_0277,1783.8,osm,highway=primary,Jalan Cemara,
TRS_CIR_0277,2606.0,osm,railway=rail,Jalur Kereta Api Cirebon–Prupuk,
TRS_CIR_0277,2610.5,osm,railway=rail,Jalur Kereta Api Cirebon–Prupuk,
TRS_CIR_0277,3330.0,osm,barrier=wall,,
TRS_CIR_0277,3338.5,osm,barrier=wall,,
TRS_CIR_0278,1681.2,osm,highway=trunk,Jalan Sisingamangaraja,
TRS_CIR_0278,2221.7,osm,barrier=wall,,
TRS_CIR_0278,2222.6,osm,barrier=wall,,
TRS_CIR_0278,2223.2,osm,barrier=wall,,
TRS_CIR_0278,2224.0,osm,barrier=wall,,
TRS_CIR_0278,2224.7,osm,barrier=wall,,
TRS_CIR_0278,2225.5,osm,barrier=wall,,
TRS_CIR_0278,2233.7,osm,barrier=wall,,
TRS_CIR_0278,2234.4,osm,barrier=wall,,
TRS_CIR_0278,2235.2,osm,barrier=wall,,
TRS_CIR_0278,2235.9,osm,barrier=wall,,
TRS_CIR_0278,2236.7,osm,barrier=wall,,
TRS_CIR_0278,2237.3,osm,barrier=wall,,
TRS_CIR_0278,2496.4,osm,railway=rail,Jalur Kereta Api Cirebon–Prupuk,
TRS_CIR_0278,2500.9,osm,railway=rail,Jalur Kereta Api Cirebon–Prupuk,
TRS_CIR_0278,2557.5,osm,highway=primary,Jalan RA Kartini,
TRS_CIR_0278,2680.4,osm,barrier=wall,,
TRS_CIR_0278,2714.6,osm,barrier=wall,,
TRS_CIR_0279,996.5,osm,highway=trunk,Jalan Sisingamangaraja,
TRS_CIR_0279,1792.3,osm,railway=rail,,
TRS_CIR_0279,1793.0,osm,railway=rail,Jalur Kereta Api Cikampek–Cirebon,
TRS_CIR_0279,1799.0,osm,railway=rail,Jalur Kereta Api Cikampek–Cirebon,
TRS_CIR_0279,1804.0,osm,railway=rail,,
TRS_CIR_0279,1804.9,osm,railway=rail,,
TRS_CIR_0279,1809.5,osm,railway=rail,,
TRS_CIR_0279,1813.0,osm,railway=rail,,
TRS_CIR_0279,1817.5,osm,railway=rail,,
TRS_CIR_0279,1819.6,osm,railway=rail,,
TRS_CIR_0279,2753.6,osm,highway=primary,Jalan Tuparev,
TRS_CIR_0280,1002.7,osm,highway=trunk,Jalan Kapten Samadikun,
TRS_CIR_0280,1751.2,osm,railway=rail,,
TRS_CIR_0280,1759.2,osm,railway=rail,Jalur Kereta Api Cikampek–Cirebon,
TRS_CIR_0280,1765.3,osm,railway=rail,Jalur Kereta Api Cikampek–Cirebon,
TRS_CIR_0280,1773.2,osm,railway=rail,,
TRS_CIR_0280,1780.6,osm,railway=rail,,
TRS_CIR_0280,1789.8,osm,railway=rail,,
TRS_CIR_0280,1794.3,osm,railway=rail,,
TRS_CIR_0280,1795.3,osm,railway=rail,,
TRS_CIR_0280,1801.2,osm,railway=rail,,
TRS_CIR_0280,1807.2,osm,railway=rail,,
TRS_CIR_0280,3216.0,osm,highway=primary,Jalan Tuparev,
TRS_CIR_0281,1045.9,osm,highway=trunk,Jalan Kapten Samadikun,
TRS_CIR_0281,1768.1,osm,railway=rail,Jalur Kereta Api Cikampek–Cirebon,
TRS_CIR_0281,1774.2,osm,railway=rail,Jalur Kereta Api Cikampek–Cirebon,
TRS_CIR_0281,1779.8,osm,railway=rail,,
TRS_CIR_0281,1780.8,osm,railway=rail,,
TRS_CIR_0281,1806.0,osm,railway=rail,,
TRS_CIR_0281,1809.5,osm,railway=rail,,
TRS_CIR_0281,1813.9,osm,railway=rail,,
TRS_CIR_0281,1819.0,osm,railway=rail,,
TRS_CIR_0281,1843.2,osm,railway=rail,,
TRS_CIR_0281,2136.5,osm,barrier=wall,,
TRS_CIR_0282,1040.8,osm,highway=trunk,Jalan Kapten Samadikun,
TRS_CIR_0282,1784.1,osm,railway=rail,Jalur Kereta Api Cikampek–Cirebon,
TRS_CIR_0282,1789.0,osm,railway=rail,Jalur Kereta Api Cikampek–Cirebon,
TRS_CIR_0282,1794.9,osm,railway=rail,,
TRS_CIR_0282,1803.3,osm,railway=rail,,
TRS_CIR_0283,1061.4,osm,highway=trunk,Jalan Diponegoro,
TRS_CIR_0283,1598.5,osm,highway=trunk,Jalan Siliwangi,
TRS_CIR_0283,1619.7,osm,highway=trunk,Jalan Siliwangi,
TRS_CIR_0283,1726.5,osm,barrier=wall,,
TRS_CIR_0283,1956.2,osm,railway=rail,Jalur Kereta Api Cikampek–Cirebon,
TRS_CIR_0283,1964.8,osm,railway=rail,Jalur Kereta Api Cikampek–Cirebon,
TRS_CIR_0284,1638.1,osm,highway=trunk,,
TRS_CIR_0284,1646.0,osm,highway=trunk,,
TRS_CIR_0284,2245.0,osm,railway=rail,Jalur Kereta Api Cikampek–Cirebon,
TRS_CIR_0284,2251.3,osm,railway=rail,Jalur Kereta Api Cikampek–Cirebon,
TRS_CIR_0285,1773.1,osm,highway=trunk,Jalan Sunan Gunung Jati,
TRS_CIR_0285,1779.7,osm,highway=trunk,,
TRS_CIR_0285,2655.5,osm,railway=rail,Jalur Kereta Api Cikampek–Cirebon,
TRS_CIR_0285,2661.9,osm,railway=rail,Jalur Kereta Api Cikampek–Cirebon,
TRS_CIR_0286,1729.6,osm,highway=trunk,Jalan Sunan Gunung Jati,
TRS_CIR_0286,1737.8,osm,highway=trunk,,
TRS_CIR_0286,2802.4,osm,barrier=wall,,
TRS_CIR_0286,2901.8,osm,railway=rail,Jalur Kereta Api Cikampek–Cirebon,
TRS_CIR_0286,2907.8,osm,railway=rail,Jalur Kereta Api Cikampek–Cirebon,
TRS_CIR_0287,1752.7,osm,highway=trunk,Jalan Sunan Gunung Jati,
TRS_CIR_0287,1759.9,osm,highway=trunk,,
TRS_CIR_0287,2957.8,osm,barrier=wall,,
TRS_CIR_0287,2958.6,osm,barrier=wall,,
TRS_CIR_0287,2960.8,osm,barrier=wall,,
TRS_CIR_0287,2984.4,osm,barrier=wall,,
TRS_CIR_0287,3232.3,osm,railway=rail,Jalur Kereta Api Cikampek–Cirebon,
TRS_CIR_0287,3238.2,osm,railway=rail,Jalur Kereta Api Cikampek–Cirebon,
TRS_CIR_0288,1785.8,osm,highway=trunk,Jalan Sunan Gunung Jati,
TRS_CIR_0288,1794.6,osm,highway=trunk,,
TRS_CIR_0289,1826.1,osm,highway=trunk,Jalan Sunan Gunung Jati,
TRS_CIR_0289,1835.0,osm,highway=trunk,,
TRS_CIR_0290,1860.3,osm,highway=trunk,Jalan Sunan Gunung Jati,
TRS_CIR_0290,1870.2,osm,highway=trunk,,
TRS_CIR_0291,1917.2,osm,highway=trunk,Jalan Sunan Gunung Jati,
TRS_CIR_0291,1925.4,osm,highway=trunk,,
TRS_CIR_0292,1993.8,osm,highway=trunk,Jalan Sunan Gunung Jati,
TRS_CIR_0292,2003.1,osm,highway=trunk,,
TRS_CIR_0293,2128.7,osm,highway=trunk,Jalan Sunan Gunung Jati,
TRS_CIR_0293,2138.2,osm,highway=trunk,,
TRS_CIR_0294,2234.3,osm,highway=trunk,,
TRS_CIR_0294,2244.7,osm,highway=trunk,,
TRS_CIR_0295,2273.1,osm,highway=trunk,,
TRS_CIR_0295,2282.3,osm,highway=trunk,,
TRS_CIR_0296,2292.3,osm,highway=trunk,,
TRS_CIR_0296,2301.2,osm,highway=trunk,,
TRS_CIR_0297,2345.5,osm,highway=trunk,,
TRS_CIR_0297,2356.2,osm,highway=trunk,,
TRS_CIR_0298,2426.5,osm,highway=trunk,,
TRS_CIR_0298,2437.0,osm,highway=trunk,,
TRS_CIR_0299,2533.5,osm,highway=trunk,,
TRS_CIR_0299,2540.8,osm,highway=trunk,,
TRS_CIR_0300,2607.5,osm,highway=trunk,,
TRS_CIR_0300,2614.8,osm,highway=trunk,,
TRS_CIR_0301,2679.3,osm,highway=trunk,,
TRS_CIR_0301,2690.3,osm,highway=trunk,,
TRS_CIR_0302,2816.5,osm,highway=trunk,,
TRS_CIR_0302,2836.1,osm,highway=trunk,,
TRS_CIR_0303,3003.0,osm,highway=trunk,Jalan Raya Kapetakan,
TRS_CIR_0303,3011.6,osm,highway=trunk,Jalan Raya Kapetakan,
TRS_CIR_0304,3283.0,osm,highway=trunk,Jalan Raya Kapetakan,
TRS_CIR_0304,3294.2,osm,highway=trunk,Jalan Raya Kapetakan,
TRS_JPR_0103,2671.7,osm,highway=primary,Jl Jepara-Bangsri,
TRS_JPR_0104,2636.3,osm,highway=primary,Jl Jepara-Bangsri,
TRS_JPR_0105,2593.2,osm,highway=primary,Jl Jepara-Bangsri,
TRS_JPR_0106,2561.4,osm,highway=primary,,
TRS_JPR_0107,2525.3,osm,highway=primary,,
TRS_JPR_0108,2518.4,osm,highway=primary,Jalan Jepara-Bangsri,
TRS_JPR_0109,2510.7,osm,highway=primary,Jalan Jepara-Bangsri,
TRS_JPR_0110,2559.3,osm,highway=primary,Jalan Jepara-Bangsri,
TRS_JPR_0111,2611.9,osm,highway=primary,Jalan Jepara-Bangsri,
TRS_JPR_0112,2693.5,osm,highway=primary,Jalan Jepara-Bangsri,
TRS_JPR_0113,2841.3,osm,highway=primary,Jalan Jepara-Bangsri,
TRS_JPR_0132,3120.6,osm,highway=primary,Jalan Jepara-Bangsri,
TRS_JPR_0133,3036.8,osm,highway=primary,Jalan Jepara-Bangsri,
TRS_JPR_0134,2965.2,osm,highway=primary,Jalan Jepara-Bangsri,
TRS_JPR_0135,2852.0,osm,highway=primary,Jalan Jepara-Bangsri,
TRS_JPR_0136,2836.3,osm,highway=primary,Jalan Jepara-Bangsri,
TRS_JPR_0136,2845.4,osm,highway=primary,Jalan Jepara-Bangsri,
TRS_JPR_0137,2790.0,osm,highway=primary,Jalan Jepara-Bangsri,
TRS_JPR_0137,2865.4,osm,highway=primary,Jalan Jepara-Bangsri,
TRS_JPR_0138,2761.6,osm,highway=primary,Jalan Jepara-Bangsri,
TRS_JPR_0138,2891.4,osm,highway=primary,Jalan Jepara-Bangsri,
TRS_JPR_0139,2804.7,osm,highway=primary,Jalan Jepara-Bangsri,
TRS_JPR_0139,2894.9,osm,highway=primary,Jalan Jepara-Bangsri,
TRS_JPR_0140,2785.1,osm,highway=trunk,Jalan Jendral Ahmad Yani,
TRS_JPR_0141,2817.5,osm,highway=trunk,Jalan Jendral Ahmad Yani,
TRS_JPR_0142,2923.3,osm,highway=trunk,Jalan Jendral Ahmad Yani,
TRS_JPR_0143,3020.3,osm,highway=trunk,Jalan Jendral Ahmad Yani,
TRS_JPR_0146,3075.8,osm,highway=trunk,Jalan Raden Ajeng Kartini,
TRS_JPR_0146,3086.0,osm,highway=trunk,Jalan Raden Ajeng Kartini,
TRS_JPR_0147,2659.6,osm,highway=trunk,Jalan Raden Ajeng Kartini,
TRS_JPR_0148,982.1,osm,highway=primary,Jalan Jendral Sudirman,
TRS_JPR_0148,1719.9,osm,highway=primary,Jalan Ks Tubun,
TRS_JPR_0148,1729.0,osm,highway=primary,,
TRS_JPR_0148,1818.7,osm,highway=trunk,Jalan Pemuda,
TRS_JPR_0149,864.7,osm,highway=primary,Jalan Jendral Sudirman,
TRS_JPR_0149,1618.5,osm,highway=primary,Jalan Ks Tubun,
TRS_JPR_0149,3039.5,osm,highway=trunk,Jalan Kyai Haji Wahid Hasyim,
TRS_JPR_0150,891.5,osm,highway=primary,,
TRS_JPR_0150,1664.9,osm,highway=primary,Jalan Ratu Kaliyamatan,
TRS_JPR_0150,3230.2,osm,highway=trunk,Jalan Kyai Haji Wahid Hasyim,
TRS_JPR_0151,809.9,osm,highway=primary,Jalan Raya Sultan Mantingan,
TRS_JPR_0151,1624.9,osm,highway=primary,Jalan Ratu Kaliyamatan,
TRS_JPR_0152,777.4,osm,highway=primary,Jalan Raya Sultan Mantingan,
TRS_JPR_0152,1678.8,osm,highway=primary,Jalan Ratu Kaliyamatan,
TRS_JPR_0153,743.9,osm,highway=primary,Jalan Raya Sultan Mantingan,
TRS_JPR_0153,1752.8,osm,highway=primary,Jalan Ratu Kaliyamatan,
TRS_JPR_0154,723.9,osm,highway=primary,Jalan Raya Sultan Mantingan,
TRS_JPR_0154,1805.6,osm,highway=primary,Jalan Ratu Kaliyamatan,
TRS_JPR_0155,725.1,osm,highway=primary,Jalan Raya Sultan Mantingan,
TRS_JPR_0155,1878.9,osm,highway=primary,Jalan Ratu Kaliyamatan,
TRS_JPR_0156,783.1,osm,highway=primary,Jalan Raya Sultan Mantingan,
TRS_JPR_0156,2011.7,osm,highway=primary,Jalan Ratu Kaliyamatan,
TRS_JPR_0157,865.6,osm,highway=primary,Jalan Raya Sultan Mantingan,
TRS_JPR_0157,2178.9,osm,highway=primary,Jalan Ratu Kaliyamatan,
TRS_JPR_0158,942.0,osm,highway=primary,Jalan Raya Sultan Mantingan,
TRS_JPR_0158,2356.2,osm,highway=primary,Jalan Ratu Kaliyamatan,
TRS_JPR_0159,1018.7,osm,highway=primary,Jalan Raya Sultan Mantingan,
TRS_JPR_0159,2865.0,osm,highway=primary,Jalan Sultan Hadlirin,
TRS_JPR_0159,2953.9,osm,highway=primary,Jalan Sultan Hadlirin,
TRS_JPR_0159,3052.1,osm,highway=primary,Jalan Sultan Hadlirin,
TRS_JPR_0160,1849.4,osm,highway=primary,Jalan Raya Sultan Mantingan,
TRS_JPR_0161,1744.7,osm,highway=primary,Jalan Raya Sultan Mantingan,
TRS_JPR_0162,1637.0,osm,highway=primary,Jalan Raya Sultan Mantingan,
TRS_JPR_0163,1616.1,osm,highway=primary,Jalan Raya Sultan Mantingan,
TRS_JPR_0164,1582.3,osm,highway=primary,Jalan Raya Sultan Mantingan,
TRS_JPR_0165,1523.8,osm,highway=primary,Jalan Raya Sultan Mantingan,
TRS_JPR_0166,1255.7,osm,highway=primary,Jalan Raya Sultan Mantingan,
TRS_JPR_0167,1097.8,osm,highway=primary,Jalan Raya Sultan Mantingan,
TRS_JPR_0168,1079.5,osm,highway=primary,,
TRS_JPR_0169,958.0,osm,highway=primary,,
TRS_JPR_0170,767.5,osm,highway=primary,,
TRS_JPR_0171,625.9,osm,highway=primary,,
TRS_JPR_0172,604.0,osm,highway=primary,,
TRS_JPR_0173,707.1,osm,highway=primary,,
TRS_JPR_0174,723.8,osm,highway=primary,,
TRS_JPR_0175,747.9,osm,highway=primary,,
TRS_JPR_0176,740.0,osm,highway=primary,,
TRS_JPR_0177,718.1,osm,highway=primary,,
TRS_JPR_0178,747.2,osm,highway=primary,,
TRS_JPR_0179,766.1,osm,highway=primary,,
TRS_JPR_0180,778.0,osm,highway=primary,,
TRS_JPR_0181,859.3,osm,highway=primary,,
TRS_JPR_0182,880.3,osm,highway=primary,,
TRS_JPR_0183,949.9,osm,highway=primary,,
TRS_JPR_0184,1031.0,osm,highway=primary,,
TRS_JPR_0185,998.6,osm,highway=primary,,
TRS_JPR_0186,938.6,osm,highway=primary,,
TRS_JPR_0187,788.5,osm,highway=primary,,
TRS_JPR_0188,777.6,osm,highway=primary,,
TRS_JPR_0188,777.6,osm,highway=primary,,
TRS_JPR_0189,798.6,osm,highway=primary,,
TRS_JPR_0189,798.6,osm,highway=primary,,
TRS_JPR_0190,829.4,osm,highway=primary,,
TRS_JPR_0190,829.4,osm,highway=primary,,
TRS_PKL_0001,992.7,osm,railway=rail,Jalur Kereta Api Tegal–Semarang–Brumbung,
TRS_PKL_0001,998.3,osm,railway=rail,Jalur Kereta Api Tegal–Semarang–Brumbung,
TRS_PKL_0001,1116.2,osm,highway=motorway,Jalan Tol Semarang–Batang,
TRS_PKL_0001,1126.3,osm,highway=motorway,Jalan Tol Semarang–Batang,
TRS_PKL_0002,941.6,osm,railway=rail,Jalur Kereta Api Tegal–Semarang–Brumbung,
TRS_PKL_0002,947.2,osm,railway=rail,Jalur Kereta Api Tegal–Semarang–Brumbung,
TRS_PKL_0002,1059.4,osm,highway=motorway,Jalan Tol Semarang–Batang,
TRS_PKL_0002,1069.3,osm,highway=motorway,Jalan Tol Semarang–Batang,
TRS_PKL_0003,900.6,osm,railway=rail,Jalur Kereta Api Tegal–Semarang–Brumbung,
TRS_PKL_0003,906.0,osm,railway=rail,Jalur Kereta Api Tegal–Semarang–Brumbung,
TRS_PKL_0003,1020.7,osm,highway=motorway,Jalan Tol Semarang–Batang,
TRS_PKL_0003,1032.4,osm,highway=motorway,Jalan Tol Semarang–Batang,
TRS_PKL_0004,859.3,osm,railway=rail,Jalur Kereta Api Tegal–Semarang–Brumbung,
TRS_PKL_0004,864.7,osm,railway=rail,Jalur Kereta Api Tegal–Semarang–Brumbung,
TRS_PKL_0004,1017.9,osm,highway=motorway,Jalan Tol Semarang–Batang,
TRS_PKL_0004,1031.0,osm,highway=motorway,Jalan Tol Semarang–Batang,
TRS_PKL_0005,854.2,osm,railway=rail,Jalur Kereta Api Tegal–Semarang–Brumbung,
TRS_PKL_0005,860.0,osm,railway=rail,Jalur Kereta Api Tegal–Semarang–Brumbung,
TRS_PKL_0005,1041.5,osm,highway=motorway,Jalan Tol Semarang–Batang,
TRS_PKL_0005,1055.0,osm,highway=motorway,Jalan Tol Semarang–Batang,
TRS_PKL_0006,919.8,osm,railway=rail,Jalur Kereta Api Tegal–Semarang–Brumbung,
TRS_PKL_0006,925.8,osm,railway=rail,Jalur Kereta Api Tegal–Semarang–Brumbung,
TRS_PKL_0006,1114.3,osm,highway=motorway,Jalan Tol Semarang–Batang,
TRS_PKL_0006,1125.1,osm,highway=motorway,Jalan Tol Semarang–Batang,
TRS_PKL_0007,991.7,osm,railway=rail,Jalur Kereta Api Tegal–Semarang–Brumbung,
TRS_PKL_0007,997.2,osm,railway=rail,Jalur Kereta Api Tegal–Semarang–Brumbung,
TRS_PKL_0007,1190.0,osm,highway=motorway,Jalan Tol Semarang–Batang,
TRS_PKL_0007,1202.4,osm,highway=motorway,Jalan Tol Semarang–Batang,
TRS_PKL_0008,1068.9,osm,railway=rail,Jalur Kereta Api Tegal–Semarang–Brumbung,
TRS_PKL_0008,1074.0,osm,railway=rail,Jalur Kereta Api Tegal–Semarang–Brumbung,
TRS_PKL_0008,1269.7,osm,highway=motorway,Jalan Tol Semarang–Batang,
TRS_PKL_0008,1281.3,osm,highway=motorway,Jalan Tol Semarang–Batang,
TRS_PKL_0009,1163.3,osm,railway=rail,Jalur Kereta Api Tegal–Semarang–Brumbung,
TRS_PKL_0009,1168.3,osm,railway=rail,Jalur Kereta Api Tegal–Semarang–Brumbung,
TRS_PKL_0009,1367.6,osm,highway=motorway,Jalan Tol Semarang–Batang,
TRS_PKL_0009,1379.0,osm,highway=motorway,Jalan Tol Semarang–Batang,
TRS_PKL_0010,1267.9,osm,railway=rail,Jalur Kereta Api Tegal–Semarang–Brumbung,
TRS_PKL_0010,1273.0,osm,railway=rail,Jalur Kereta Api Tegal–Semarang–Brumbung,
TRS_PKL_0010,1477.1,osm,highway=motorway,Jalan Tol Semarang–Batang,
TRS_PKL_0010,1490.7,osm,highway=motorway,Jalan Tol Semarang–Batang,
TRS_PKL_0011,1351.8,osm,railway=rail,Jalur Kereta Api Tegal–Semarang–Brumbung,
TRS_PKL_0011,1357.0,osm,railway=rail,Jalur Kereta Api Tegal–Semarang–Brumbung,
TRS_PKL_0011,1559.4,osm,highway=motorway,Jalan Tol Semarang–Batang,
TRS_PKL_0011,1570.6,osm,highway=motorway,Jalan Tol Semarang–Batang,
TRS_PKL_0012,1398.6,osm,railway=rail,Jalur Kereta Api Tegal–Semarang–Brumbung,
TRS_PKL_0012,1405.2,osm,railway=rail,Jalur Kereta Api Tegal–Semarang–Brumbung,
TRS_PKL_0012,1599.0,osm,highway=motorway,Jalan Tol Semarang–Batang,
TRS_PKL_0012,1610.8,osm,highway=motorway,Jalan Tol Semarang–Batang,
TRS_PKL_0013,1342.2,osm,railway=rail,Jalur Kereta Api Tegal–Semarang–Brumbung,
TRS_PKL_0013,1348.1,osm,railway=rail,Jalur Kereta Api Tegal–Semarang–Brumbung,
TRS_PKL_0013,1618.5,osm,highway=motorway,Jalan Tol Semarang–Batang,
TRS_PKL_0013,1629.6,osm,highway=motorway,Jalan Tol Semarang–Batang,
TRS_PKL_0014,1219.8,osm,railway=rail,Jalur Kereta Api Tegal–Semarang–Brumbung,
TRS_PKL_0014,1226.7,osm,railway=rail,Jalur Kereta Api Tegal–Semarang–Brumbung,
TRS_PKL_0014,1626.1,osm,highway=motorway,Jalan Tol Semarang–Batang,
TRS_PKL_0014,1637.2,osm,highway=motorway,Jalan Tol Semarang–Batang,
TRS_PKL_0015,1088.3,osm,railway=rail,Jalur Kereta Api Tegal–Semarang–Brumbung,
TRS_PKL_0015,1093.7,osm,railway=rail,Jalur Kereta Api Tegal–Semarang–Brumbung,
TRS_PKL_0015,1634.1,osm,highway=motorway,Jalan Tol Semarang–Batang,
TRS_PKL_0015,1645.2,osm,highway=motorway,Jalan Tol Semarang–Batang,
TRS_PKL_0016,995.7,osm,railway=rail,Jalur Kereta Api Tegal–Semarang–Brumbung,
TRS_PKL_0016,1001.8,osm,railway=rail,Jalur Kereta Api Tegal–Semarang–Brumbung,
TRS_PKL_0016,1668.7,osm,highway=motorway,Jalan Tol Semarang–Batang,
TRS_PKL_0016,1679.4,osm,highway=motorway,Jalan Tol Semarang–Batang,
TRS_PKL_0017,1004.1,osm,railway=rail,Jalur Kereta Api Tegal–Semarang–Brumbung,
TRS_PKL_0017,1008.9,osm,railway=rail,Jalur Kereta Api Tegal–Semarang–Brumbung,
TRS_PKL_0017,1701.5,osm,highway=motorway,Jalan Tol Semarang–Batang,
TRS_PKL_0017,1712.9,osm,highway=motorway,Jalan Tol Semarang–Batang,
TRS_PKL_0018,981.8,osm,railway=rail,Jalur Kereta Api Tegal–Semarang–Brumbung,
TRS_PKL_0018,986.2,osm,railway=rail,Jalur Kereta Api Tegal–Semarang–Brumbung,
TRS_PKL_0018,1653.3,osm,highway=motorway,Jalan Tol Semarang–Batang,
TRS_PKL_0018,1664.7,osm,highway=motorway,Jalan Tol Semarang–Batang,
TRS_PKL_0019,1019.8,osm,railway=rail,Jalur Kereta Api Tegal–Semarang–Brumbung,
TRS_PKL_0019,1024.2,osm,railway=rail,Jalur Kereta Api Tegal–Semarang–Brumbung,
TRS_PKL_0019,1693.2,osm,highway=motorway,Jalan Tol Semarang–Batang,
TRS_PKL_0019,1704.7,osm,highway=motorway,Jalan Tol Semarang–Batang,
TRS_PKL_0020,981.6,osm,railway=rail,Jalur Kereta Api Tegal–Semarang–Brumbung,
TRS_PKL_0020,986.1,osm,railway=rail,Jalur Kereta Api Tegal–Semarang–Brumbung,
TRS_PKL_0020,1670.0,osm,highway=motorway,Jalan Tol Semarang–Batang,
TRS_PKL_0020,1681.6,osm,highway=motorway,Jalan Tol Semarang–Batang,
TRS_PKL_0021,944.5,osm,railway=rail,Jalur Kereta Api Tegal–Semarang–Brumbung,
TRS_PKL_0021,949.3,osm,railway=rail,Jalur Kereta Api Tegal–Semarang–Brumbung,
TRS_PKL_0021,1648.7,osm,highway=motorway,Jalan Tol Semarang–Batang,
TRS_PKL_0021,1660.5,osm,highway=motorway,Jalan Tol Semarang–Batang,
TRS_PKL_0022,912.9,osm,railway=rail,Jalur Kereta Api Tegal–Semarang–Brumbung,
TRS_PKL_0022,918.1,osm,railway=rail,Jalur Kereta Api Tegal–Semarang–Brumbung,
TRS_PKL_0022,1633.0,osm,highway=motorway,Jalan Tol Semarang–Batang,
TRS_PKL_0022,1644.9,osm,highway=motorway,Jalan Tol Semarang–Batang,
TRS_PKL_0023,851.8,osm,railway=rail,Jalur Kereta Api Tegal–Semarang–Brumbung,
TRS_PKL_0023,856.9,osm,railway=rail,Jalur Kereta Api Tegal–Semarang–Brumbung,
TRS_PKL_0023,1609.6,osm,highway=motorway,Jalan Tol Semarang–Batang,
TRS_PKL_0023,1621.2,osm,highway=motorway,Jalan Tol Semarang–Batang,
TRS_PKL_0024,792.0,osm,railway=rail,Jalur Kereta Api Tegal–Semarang–Brumbung,
TRS_PKL_0024,797.0,osm,railway=rail,Jalur Kereta Api Tegal–Semarang–Brumbung,
TRS_PKL_0024,1597.7,osm,highway=motorway,Jalan Tol Semarang–Batang,
TRS_PKL_0024,1608.7,osm,highway=motorway,Jalan Tol Semarang–Batang,
TRS_PKL_0025,734.1,osm,railway=rail,Jalur Kereta Api Tegal–Semarang–Brumbung,
TRS_PKL_0025,739.0,osm,railway=rail,Jalur Kereta Api Tegal–Semarang–Brumbung,
TRS_PKL_0025,1585.5,osm,highway=motorway,Jalan Tol Semarang–Batang,
TRS_PKL_0025,1595.8,osm,highway=motorway,Jalan Tol Semarang–Batang,
TRS_PKL_0026,701.5,osm,railway=rail,Jalur Kereta Api Tegal–Semarang–Brumbung,
TRS_PKL_0026,705.9,osm,railway=rail,Jalur Kereta Api Tegal–Semarang–Brumbung,
TRS_PKL_0026,1579.1,osm,highway=motorway,Jalan Tol Semarang–Batang,
TRS_PKL_0026,1588.7,osm,highway=motorway,Jalan Tol Semarang–Batang,
TRS_PKL_0027,677.1,osm,railway=rail,Jalur Kereta Api Tegal–Semarang–Brumbung,
TRS_PKL_0027,682.0,osm,railway=rail,Jalur Kereta Api Tegal–Semarang–Brumbung,
TRS_PKL_0027,1580.3,osm,highway=motorway,Jalan Tol Semarang–Batang,
TRS_PKL_0027,1589.3,osm,highway=motorway,Jalan Tol Semarang–Batang,
TRS_PKL_0028,652.8,osm,railway=rail,Jalur Kereta Api Tegal–Semarang–Brumbung,
TRS_PKL_0028,658.3,osm,railway=rail,Jalur Kereta Api Tegal–Semarang–Brumbung,
TRS_PKL_0028,1581.7,osm,highway=motorway,Jalan Tol Semarang–Batang,
TRS_PKL_0028,1591.4,osm,highway=motorway,Jalan Tol Semarang–Batang,
TRS_PKL_0029,670.6,osm,railway=rail,Jalur Kereta Api Tegal–Semarang–Brumbung,
TRS_PKL_0029,675.9,osm,railway=rail,Jalur Kereta Api Tegal–Semarang–Brumbung,
TRS_PKL_0029,1621.7,osm,highway=motorway,Jalan Tol Semarang–Batang,
TRS_PKL_0029,1630.0,osm,highway=motorway,Jalan Tol Semarang–Batang,
TRS_PKL_0030,777.3,osm,railway=rail,Jalur Kereta Api Tegal–Semarang–Brumbung,
TRS_PKL_0030,783.8,osm,railway=rail,Jalur Kereta Api Tegal–Semarang–Brumbung,
TRS_PKL_0030,1664.2,osm,highway=motorway,Jalan Tol Semarang–Batang,
TRS_PKL_0030,1673.8,osm,highway=motorway,Jalan Tol Semarang–Batang,
TRS_PKL_0031,976.3,osm,railway=rail,Jalur Kereta Api Tegal–Semarang–Brumbung,
TRS_PKL_0031,984.2,osm,railway=rail,Jalur Kereta Api Tegal–Semarang–Brumbung,
TRS_PKL_0031,1711.8,osm,highway=motorway,Jalan Tol Semarang–Batang,
TRS_PKL_0031,1721.3,osm,highway=motorway,Jalan Tol Semarang–Batang,
TRS_PKL_0032,1187.6,osm,railway=rail,Jalur Kereta Api Tegal–Semarang–Brumbung,
TRS_PKL_0032,1195.0,osm,railway=rail,Jalur Kereta Api Tegal–Semarang–Brumbung,
TRS_PKL_0032,1787.3,osm,highway=motorway,Jalan Tol Semarang–Batang,
TRS_PKL_0032,1800.7,osm,highway=motorway,Jalan Tol Semarang–Batang,
TRS_PKL_0033,1414.1,osm,railway=rail,Jalur Kereta Api Tegal–Semarang–Brumbung,
TRS_PKL_0033,1420.8,osm,railway=rail,Jalur Kereta Api Tegal–Semarang–Brumbung,
TRS_PKL_0033,1908.9,osm,highway=motorway,Jalan Tol Semarang–Batang,
TRS_PKL_0033,1920.0,osm,highway=motorway,Jalan Tol Semarang–Batang,
TRS_PKL_0034,1655.2,osm,railway=rail,Jalur Kereta Api Tegal–Semarang–Brumbung,
TRS_PKL_0034,1661.3,osm,railway=rail,Jalur Kereta Api Tegal–Semarang–Brumbung,
TRS_PKL_0034,2073.5,osm,highway=motorway,Jalan Tol Semarang–Batang,
TRS_PKL_0034,2083.2,osm,highway=motorway,Jalan Tol Semarang–Batang,
TRS_PKL_0035,2028.6,osm,railway=rail,Jalur Kereta Api Tegal–Semarang–Brumbung,
TRS_PKL_0035,2036.3,osm,railway=rail,Jalur Kereta Api Tegal–Semarang–Brumbung,
TRS_PKL_0035,2413.3,osm,highway=motorway,Jalan Tol Semarang–Batang,
TRS_PKL_0035,2424.0,osm,highway=motorway,Jalan Tol Semarang–Batang,
TRS_PKL_0036,2266.2,osm,railway=rail,Jalur Kereta Api Tegal–Semarang–Brumbung,
TRS_PKL_0036,2272.0,osm,railway=rail,Jalur Kereta Api Tegal–Semarang–Brumbung,
TRS_PKL_0036,2748.5,osm,highway=motorway,Jalan Tol Semarang–Batang,
TRS_PKL_0036,2764.1,osm,highway=motorway,Jalan Tol Semarang–Batang,
TRS_PKL_0037,2462.3,osm,railway=rail,Jalur Kereta Api Tegal–Semarang–Brumbung,
TRS_PKL_0037,2466.6,osm,railway=rail,Jalur Kereta Api Tegal–Semarang–Brumbung,
TRS_PKL_0037,3179.3,osm,highway=motorway,Jalan Tol Semarang–Batang,
TRS_PKL_0037,3196.6,osm,highway=motorway,Jalan Tol Semarang–Batang,
TRS_PKL_0038,2526.7,osm,railway=rail,Jalur Kereta Api Tegal–Semarang–Brumbung,
TRS_PKL_0038,2530.8,osm,railway=rail,Jalur Kereta Api Tegal–Semarang–Brumbung,
TRS_PKL_0038,3493.4,osm,highway=motorway,Jalan Tol Semarang–Batang,
TRS_PKL_0039,2541.0,osm,railway=rail,,
TRS_PKL_0039,2545.6,osm,railway=rail,Jalur Kereta Api Tegal–Semarang–Brumbung,
TRS_PKL_0039,2550.2,osm,railway=rail,Jalur Kereta Api Tegal–Semarang–Brumbung,
TRS_PKL_0039,2554.0,osm,railway=rail,,
TRS_PKL_0040,2498.7,osm,railway=rail,,
TRS_PKL_0040,2503.6,osm,railway=rail,Jalur Kereta Api Tegal–Semarang–Brumbung,
TRS_PKL_0040,2509.3,osm,railway=rail,Jalur Kereta Api Tegal–Semarang–Brumbung,
TRS_PKL_0040,2516.5,osm,railway=rail,,
TRS_PKL_0041,2516.4,osm,railway=rail,,
TRS_PKL_0041,2519.1,osm,railway=rail,Jalur Kereta Api Tegal–Semarang–Brumbung,
TRS_PKL_0041,2523.8,osm,railway=rail,Jalur Kereta Api Tegal–Semarang–Brumbung,
TRS_PKL_0041,2527.4,osm,railway=rail,,
TRS_PKL_0041,2529.2,osm,railway=rail,,
TRS_PKL_0042,2567.7,osm,railway=rail,Jalur Kereta Api Tegal–Semarang–Brumbung,
TRS_PKL_0042,2572.8,osm,railway=rail,Jalur Kereta Api Tegal–Semarang–Brumbung,
TRS_PKL_0043,2661.1,osm,railway=rail,Jalur Kereta Api Tegal–Semarang–Brumbung,
TRS_PKL_0043,2665.9,osm,railway=rail,Jalur Kereta Api Tegal–Semarang–Brumbung,
TRS_PKL_0044,2661.9,osm,railway=rail,Jalur Kereta Api Tegal–Semarang–Brumbung,
TRS_PKL_0044,2668.4,osm,railway=rail,Jalur Kereta Api Tegal–Semarang–Brumbung,
TRS_PKL_0045,2638.5,osm,railway=rail,Jalur Kereta Api Tegal–Semarang–Brumbung,
TRS_PKL_0045,2643.8,osm,railway=rail,Jalur Kereta Api Tegal–Semarang–Brumbung,
TRS_PKL_0046,2612.2,osm,railway=rail,Jalur Kereta Api Tegal–Semarang–Brumbung,
TRS_PKL_0046,2618.2,osm,railway=rail,Jalur Kereta Api Tegal–Semarang–Brumbung,
TRS_PKL_0047,2687.3,osm,railway=rail,Jalur Kereta Api Tegal–Semarang–Brumbung,
TRS_PKL_0047,2692.2,osm,railway=rail,Jalur Kereta Api Tegal–Semarang–Brumbung,
TRS_PKL_0048,2838.5,osm,railway=rail,Jalur Kereta Api Tegal–Semarang–Brumbung,
TRS_PKL_0048,2844.3,osm,railway=rail,Jalur Kereta Api Tegal–Semarang–Brumbung,
TRS_PKL_0049,3012.4,osm,railway=rail,Jalur Kereta Api Tegal–Semarang–Brumbung,
TRS_PKL_0049,3026.7,osm,railway=rail,Jalur Kereta Api Tegal–Semarang–Brumbung,
TRS_PKL_0050,3186.2,osm,railway=rail,Jalur Kereta Api Tegal–Semarang–Brumbung,
TRS_PKL_0050,3192.6,osm,railway=rail,Jalur Kereta Api Tegal–Semarang–Brumbung,
TRS_PKL_0051,3339.7,osm,railway=rail,Jalur Kereta Api Tegal–Semarang–Brumbung,
TRS_PKL_0051,3346.7,osm,railway=rail,Jalur Kereta Api Tegal–Semarang–Brumbung,
TRS_PKL_0052,3416.2,osm,railway=rail,Jalur Kereta Api Tegal–Semarang–Brumbung,
TRS_PKL_0052,3421.3,osm,railway=rail,Jalur Kereta Api Tegal–Semarang–Brumbung,
TRS_PKL_0053,3465.5,osm,railway=rail,Jalur Kereta Api Tegal–Semarang–Brumbung,
TRS_PKL_0053,3470.9,osm,railway=rail,Jalur Kereta Api Tegal–Semarang–Brumbung,
TRS_PKL_0092,2944.5,osm,highway=primary,Jalan Raden Saleh,
TRS_PKL_0092,3031.6,osm,highway=primary,Jalan Sultan Agung,
TRS_PKL_0092,3075.9,osm,highway=primary,Jalan Sultan Agung,
TRS_PKL_0093,3009.1,osm,highway=primary,Jalan Diponegoro,
TRS_PKL_0119,481.4,osm,man_made=breakwater,,
TRS_PKL_0237,3457.8,osm,highway=trunk,Jalan Lingkar Utara Pemalang,
TRS_PKL_0237,3467.5,osm,highway=trunk,Jalan Lingkar Utara Pemalang,
TRS_PKL_0238,3334.0,osm,highway=trunk,Jalan Lingkar Utara Pemalang,
TRS_PKL_0238,3342.2,osm,highway=trunk,Jalan Lingkar Utara Pemalang,
TRS_PKL_0239,3216.6,osm,highway=trunk,Jalan Lingkar Utara Pemalang,
TRS_PKL_0239,3227.6,osm,highway=trunk,Jalan Lingkar Utara Pemalang,
TRS_PKL_0240,3108.2,osm,highway=trunk,Jalan Lingkar Utara Pemalang,
TRS_PKL_0240,3119.8,osm,highway=trunk,Jalan Lingkar Utara Pemalang,
TRS_PKL_0241,3010.1,osm,highway=trunk,Jalan Lingkar Utara Pemalang,
TRS_PKL_0241,3021.9,osm,highway=trunk,Jalan Lingkar Utara Pemalang,
TRS_PKL_0242,2936.5,osm,highway=trunk,Jalan Lingkar Utara Pemalang,
TRS_PKL_0242,2947.9,osm,highway=trunk,Jalan Lingkar Utara Pemalang,
TRS_PKL_0243,2943.9,osm,highway=trunk,Jalan Lingkar Utara Pemalang,
TRS_PKL_0243,2953.7,osm,highway=trunk,Jalan Lingkar Utara Pemalang,
TRS_PKL_0244,2921.4,osm,highway=trunk,Jalan Lingkar Utara Pemalang,
TRS_PKL_0244,2933.6,osm,highway=trunk,Jalan Lingkar Utara Pemalang,
TRS_PKL_0245,2825.2,osm,highway=trunk,Jalan Lingkar Utara Pemalang,
TRS_PKL_0245,2836.4,osm,highway=trunk,Jalan Lingkar Utara Pemalang,
TRS_PKL_0246,536.1,osm,highway=primary,,
TRS_PKL_0246,713.0,osm,highway=primary,,
TRS_PKL_0246,2725.9,osm,highway=trunk,Jalan Lingkar Utara Pemalang,
TRS_PKL_0246,2736.3,osm,highway=trunk,Jalan Lingkar Utara Pemalang,
TRS_PKL_0246,3453.2,osm,railway=rail,,
TRS_PKL_0246,3455.5,osm,railway=rail,Jalur Kereta Api Tegal–Semarang–Brumbung,
TRS_PKL_0246,3460.7,osm,railway=rail,Jalur Kereta Api Tegal–Semarang–Brumbung,
TRS_PKL_0246,3462.2,osm,railway=rail,,
TRS_PKL_0247,540.3,osm,highway=primary,,
TRS_PKL_0247,1876.6,osm,highway=primary,Jalan Yos Sudarso,
TRS_PKL_0247,2642.6,osm,highway=trunk,Jalan Lingkar Utara Pemalang,
TRS_PKL_0247,2656.2,osm,highway=trunk,Jalan Lingkar Utara Pemalang,
TRS_PKL_0247,3369.1,osm,railway=rail,Jalur Kereta Api Tegal–Semarang–Brumbung,
TRS_PKL_0247,3374.1,osm,railway=rail,Jalur Kereta Api Tegal–Semarang–Brumbung,
TRS_PKL_0248,528.0,osm,highway=primary,,
TRS_PKL_0248,2556.2,osm,highway=trunk,Jalan Lingkar Utara Pemalang,
TRS_PKL_0248,2568.2,osm,highway=trunk,Jalan Lingkar Utara Pemalang,
TRS_PKL_0248,3009.1,osm,highway=primary,,
TRS_PKL_0248,3285.0,osm,railway=rail,Jalur Kereta Api Tegal–Semarang–Brumbung,
TRS_PKL_0248,3289.5,osm,railway=rail,Jalur Kereta Api Tegal–Semarang–Brumbung,
TRS_PKL_0249,516.5,osm,highway=primary,,
TRS_PKL_0249,2285.6,osm,highway=trunk,Jalan Raya Tegal - Pemalang,
TRS_PKL_0249,2300.0,osm,highway=trunk,Jalan Raya Tegal - Pemalang,
TRS_PKL_0249,3213.1,osm,railway=rail,Jalur Kereta Api Tegal–Semarang–Brumbung,
TRS_PKL_0249,3218.0,osm,railway=rail,Jalur Kereta Api Tegal–Semarang–Brumbung,
TRS_PKL_0250,748.7,osm,highway=primary,Jalan Lumba-Lumba,
TRS_PKL_0250,1882.8,osm,highway=trunk,Jalan Raya Tegal - Pemalang,
TRS_PKL_0250,1899.5,osm,highway=trunk,Jalan Raya Tegal - Pemalang,
TRS_PKL_0250,3155.7,osm,railway=rail,Jalur Kereta Api Tegal–Semarang–Brumbung,
TRS_PKL_0250,3160.4,osm,railway=rail,Jalur Kereta Api Tegal–Semarang–Brumbung,
TRS_PKL_0251,1642.1,osm,highway=trunk,Jalan Raya Tegal - Pemalang,
TRS_PKL_0251,1653.1,osm,highway=trunk,Jalan Raya Tegal - Pemalang,
TRS_PKL_0251,3132.3,osm,railway=rail,Jalur Kereta Api Tegal–Semarang–Brumbung,
TRS_PKL_0251,3137.2,osm,railway=rail,Jalur Kereta Api Tegal–Semarang–Brumbung,
TRS_PKL_0252,1521.4,osm,highway=trunk,Jalan Raya Tegal - Pemalang,
TRS_PKL_0252,1532.1,osm,highway=trunk,Jalan Raya Tegal - Pemalang,
TRS_PKL_0252,3113.7,osm,railway=rail,Jalur Kereta Api Tegal–Semarang–Brumbung,
TRS_PKL_0252,3118.4,osm,railway=rail,Jalur Kereta Api Tegal–Semarang–Brumbung,
TRS_PKL_0253,1491.9,osm,highway=trunk,Jalan Raya Tegal - Pemalang,
TRS_PKL_0253,1501.5,osm,highway=trunk,Jalan Raya Tegal - Pemalang,
TRS_PKL_0253,3039.5,osm,railway=rail,Jalur Kereta Api Tegal–Semarang–Brumbung,
TRS_PKL_0253,3043.9,osm,railway=rail,Jalur Kereta Api Tegal–Semarang–Brumbung,
TRS_PKL_0254,1552.2,osm,highway=trunk,Jalan Raya Tegal - Pemalang,
TRS_PKL_0254,1560.2,osm,highway=trunk,Jalan Raya Tegal - Pemalang,
TRS_PKL_0254,3026.1,osm,railway=rail,Jalur Kereta Api Tegal–Semarang–Brumbung,
TRS_PKL_0254,3030.0,osm,railway=rail,Jalur Kereta Api Tegal–Semarang–Brumbung,
TRS_PKL_0255,1617.9,osm,highway=trunk,Jalan Raya Tegal - Pemalang,
TRS_PKL_0255,1627.9,osm,highway=trunk,Jalan Raya Tegal - Pemalang,
TRS_PKL_0255,3020.1,osm,railway=rail,Jalur Kereta Api Tegal–Semarang–Brumbung,
TRS_PKL_0255,3024.5,osm,railway=rail,Jalur Kereta Api Tegal–Semarang–Brumbung,
TRS_PKL_0256,1668.0,osm,highway=trunk,Jalan Raya Tegal - Pemalang,
TRS_PKL_0256,1679.2,osm,highway=trunk,Jalan Raya Tegal - Pemalang,
TRS_PKL_0256,3014.9,osm,railway=rail,Jalur Kereta Api Tegal–Semarang–Brumbung,
TRS_PKL_0256,3019.7,osm,railway=rail,Jalur Kereta Api Tegal–Semarang–Brumbung,
TRS_PKL_0257,1713.4,osm,highway=trunk,Jalan Raya Tegal - Pemalang,
TRS_PKL_0257,1724.0,osm,highway=trunk,Jalan Raya Tegal - Pemalang,
TRS_PKL_0257,3007.0,osm,railway=rail,Jalur Kereta Api Tegal–Semarang–Brumbung,
TRS_PKL_0257,3012.3,osm,railway=rail,Jalur Kereta Api Tegal–Semarang–Brumbung,
TRS_PKL_0258,1730.2,osm,highway=trunk,Jalan Raya Tegal - Pemalang,
TRS_PKL_0258,1740.8,osm,highway=trunk,Jalan Raya Tegal - Pemalang,
TRS_PKL_0258,3008.8,osm,railway=rail,Jalur Kereta Api Tegal–Semarang–Brumbung,
TRS_PKL_0258,3014.3,osm,railway=rail,Jalur Kereta Api Tegal–Semarang–Brumbung,
TRS_PKL_0259,1720.4,osm,highway=trunk,Jalan Raya Tegal - Pemalang,
TRS_PKL_0259,1730.3,osm,highway=trunk,Jalan Raya Tegal - Pemalang,
TRS_PKL_0259,3010.6,osm,railway=rail,Jalur Kereta Api Tegal–Semarang–Brumbung,
TRS_PKL_0259,3017.2,osm,railway=rail,Jalur Kereta Api Tegal–Semarang–Brumbung,
TRS_PKL_0260,1689.4,osm,highway=trunk,Jalan Raya Tegal - Pemalang,
TRS_PKL_0260,1698.7,osm,highway=trunk,Jalan Raya Tegal - Pemalang,
TRS_PKL_0260,2964.0,osm,railway=rail,Jalur Kereta Api Tegal–Semarang–Brumbung,
TRS_PKL_0260,2973.8,osm,railway=rail,Jalur Kereta Api Tegal–Semarang–Brumbung,
TRS_PKL_0261,1691.8,osm,highway=trunk,Jalan Raya Tegal - Pemalang,
TRS_PKL_0261,1702.0,osm,highway=trunk,Jalan Raya Tegal - Pemalang,
TRS_PKL_0261,2934.9,osm,railway=rail,Jalur Kereta Api Tegal–Semarang–Brumbung,
TRS_PKL_0261,2944.9,osm,railway=rail,Jalur Kereta Api Tegal–Semarang–Brumbung,
TRS_PKL_0262,1659.8,osm,highway=trunk,Jalan Raya Tegal - Pemalang,
TRS_PKL_0262,1669.9,osm,highway=trunk,Jalan Raya Tegal - Pemalang,
TRS_PKL_0262,2901.8,osm,railway=rail,Jalur Kereta Api Tegal–Semarang–Brumbung,
TRS_PKL_0262,2905.0,osm,railway=rail,Jalur Kereta Api Tegal–Semarang–Brumbung,
TRS_PKL_0263,1577.2,osm,highway=trunk,Jalan Raya Tegal - Pemalang,
TRS_PKL_0263,1588.3,osm,highway=trunk,Jalan Raya Tegal - Pemalang,
TRS_PKL_0263,2838.7,osm,railway=rail,Jalur Kereta Api Tegal–Semarang–Brumbung,
TRS_PKL_0263,2842.0,osm,railway=rail,Jalur Kereta Api Tegal–Semarang–Brumbung,
TRS_PKL_0264,1457.7,osm,highway=trunk,Jalan Raya Tegal - Pemalang,
TRS_PKL_0264,1466.6,osm,highway=trunk,Jalan Raya Tegal - Pemalang,
TRS_PKL_0264,2728.7,osm,railway=rail,Jalur Kereta Api Tegal–Semarang–Brumbung,
TRS_PKL_0264,2732.8,osm,railway=rail,Jalur Kereta Api Tegal–Semarang–Brumbung,
TRS_PKL_0265,1371.0,osm,highway=trunk,Jalan Raya Tegal - Pemalang,
TRS_PKL_0265,1378.9,osm,highway=trunk,Jalan Raya Tegal - Pemalang,
TRS_PKL_0265,2655.4,osm,railway=rail,Jalur Kereta Api Tegal–Semarang–Brumbung,
TRS_PKL_0265,2660.2,osm,railway=rail,Jalur Kereta Api Tegal–Semarang–Brumbung,
TRS_PKL_0266,1257.2,osm,highway=trunk,Jalan Raya Tegal - Pemalang,
TRS_PKL_0266,1263.7,osm,highway=trunk,Jalan Raya Tegal - Pemalang,
TRS_PKL_0266,2553.6,osm,railway=rail,Jalur Kereta Api Tegal–Semarang–Brumbung,
TRS_PKL_0266,2559.1,osm,railway=rail,Jalur Kereta Api Tegal–Semarang–Brumbung,
TRS_PKL_0267,1129.2,osm,highway=trunk,Jalan Raya Tegal - Pemalang,
TRS_PKL_0267,1135.3,osm,highway=trunk,Jalan Raya Tegal - Pemalang,
TRS_PKL_0267,2439.2,osm,railway=rail,Jalur Kereta Api Tegal–Semarang–Brumbung,
TRS_PKL_0267,2444.2,osm,railway=rail,Jalur Kereta Api Tegal–Semarang–Brumbung,
TRS_PKL_0268,1016.1,osm,highway=trunk,Jalan Raya Tegal - Pemalang,
TRS_PKL_0268,1025.1,osm,highway=trunk,Jalan Raya Tegal - Pemalang,
TRS_PKL_0268,2343.1,osm,railway=rail,Jalur Kereta Api Tegal–Semarang–Brumbung,
TRS_PKL_0268,2347.3,osm,railway=rail,Jalur Kereta Api Tegal–Semarang–Brumbung,
TRS_PKL_0269,899.3,osm,highway=trunk,Jalan Raya Tegal - Pemalang,
TRS_PKL_0269,908.9,osm,highway=trunk,Jalan Raya Tegal - Pemalang,
TRS_PKL_0269,2246.7,osm,railway=rail,Jalur Kereta Api Tegal–Semarang–Brumbung,
TRS_PKL_0269,2250.9,osm,railway=rail,Jalur Kereta Api Tegal–Semarang–Brumbung,
TRS_PKL_0270,813.6,osm,highway=trunk,Jalan Raya Tegal - Pemalang,
TRS_PKL_0270,824.3,osm,highway=trunk,Jalan Raya Tegal - Pemalang,
TRS_PKL_0270,2150.3,osm,railway=rail,Jalur Kereta Api Tegal–Semarang–Brumbung,
TRS_PKL_0270,2154.6,osm,railway=rail,Jalur Kereta Api Tegal–Semarang–Brumbung,
TRS_PKL_0271,781.3,osm,highway=trunk,Jalan Raya Tegal - Pemalang,
TRS_PKL_0271,790.9,osm,highway=trunk,Jalan Raya Tegal - Pemalang,
TRS_PKL_0271,2066.3,osm,railway=rail,Jalur Kereta Api Tegal–Semarang–Brumbung,
TRS_PKL_0271,2070.7,osm,railway=rail,Jalur Kereta Api Tegal–Semarang–Brumbung,
TRS_PKL_0272,764.9,osm,highway=trunk,Jalan Raya Tegal - Pemalang,
TRS_PKL_0272,772.6,osm,highway=trunk,Jalan Raya Tegal - Pemalang,
TRS_PKL_0272,1982.0,osm,railway=rail,Jalur Kereta Api Tegal–Semarang–Brumbung,
TRS_PKL_0272,1986.4,osm,railway=rail,Jalur Kereta Api Tegal–Semarang–Brumbung,
TRS_PKL_0273,728.2,osm,highway=trunk,Jalan Raya Tegal - Pemalang,
TRS_PKL_0273,735.8,osm,highway=trunk,Jalan Raya Tegal - Pemalang,
TRS_PKL_0273,1876.1,osm,railway=rail,Jalur Kereta Api Tegal–Semarang–Brumbung,
TRS_PKL_0273,1880.7,osm,railway=rail,Jalur Kereta Api Tegal–Semarang–Brumbung,
TRS_PKL_0274,735.3,osm,highway=trunk,Jalan Raya Tegal - Pemalang,
TRS_PKL_0274,742.9,osm,highway=trunk,Jalan Raya Tegal - Pemalang,
TRS_PKL_0274,1816.4,osm,railway=rail,Jalur Kereta Api Tegal–Semarang–Brumbung,
TRS_PKL_0274,1821.3,osm,railway=rail,Jalur Kereta Api Tegal–Semarang–Brumbung,
TRS_PKL_0275,735.4,osm,highway=trunk,Jalan Raya Tegal - Pemalang,
TRS_PKL_0275,743.1,osm,highway=trunk,Jalan Raya Tegal - Pemalang,
TRS_PKL_0275,1755.1,osm,railway=rail,Jalur Kereta Api Tegal–Semarang–Brumbung,
TRS_PKL_0275,1761.1,osm,railway=rail,Jalur Kereta Api Tegal–Semarang–Brumbung,
TRS_PKL_0276,732.7,osm,highway=trunk,Jalan Raya Tegal - Pemalang,
TRS_PKL_0276,740.8,osm,highway=trunk,Jalan Raya Tegal - Pemalang,
TRS_PKL_0276,1687.9,osm,railway=rail,Jalur Kereta Api Tegal–Semarang–Brumbung,
TRS_PKL_0276,1694.1,osm,railway=rail,Jalur Kereta Api Tegal–Semarang–Brumbung,
TRS_PKL_0277,765.1,osm,highway=trunk,Jalan Raya Tegal - Pemalang,
TRS_PKL_0277,774.3,osm,highway=trunk,Jalan Raya Tegal - Pemalang,
TRS_PKL_0277,1632.6,osm,railway=rail,Jalur Kereta Api Tegal–Semarang–Brumbung,
TRS_PKL_0277,1638.7,osm,railway=rail,Jalur Kereta Api Tegal–Semarang–Brumbung,
TRS_PKL_0278,793.0,osm,highway=trunk,Jalan Raya Tegal - Pemalang,
TRS_PKL_0278,801.6,osm,highway=trunk,Jalan Raya Tegal - Pemalang,
TRS_PKL_0278,1588.4,osm,railway=rail,Jalur Kereta Api Tegal–Semarang–Brumbung,
TRS_PKL_0278,1594.4,osm,railway=rail,Jalur Kereta Api Tegal–Semarang–Brumbung,
TRS_PKL_0279,768.3,osm,highway=trunk,Jalan Raya Tegal - Pemalang,
TRS_PKL_0279,777.0,osm,highway=trunk,Jalan Raya Tegal - Pemalang,
TRS_PKL_0279,1540.9,osm,railway=rail,Jalur Kereta Api Tegal–Semarang–Brumbung,
TRS_PKL_0279,1546.8,osm,railway=rail,Jalur Kereta Api Tegal–Semarang–Brumbung,
TRS_PKL_0280,745.2,osm,highway=trunk,Jalan Raya Tegal - Pemalang,
TRS_PKL_0280,754.2,osm,highway=trunk,Jalan Raya Tegal - Pemalang,
TRS_PKL_0280,1498.7,osm,railway=rail,Jalur Kereta Api Tegal–Semarang–Brumbung,
TRS_PKL_0280,1504.5,osm,railway=rail,Jalur Kereta Api Tegal–Semarang–Brumbung,
TRS_PKL_0281,723.2,osm,highway=trunk,Jalan Raya Tegal - Pemalang,
TRS_PKL_0281,732.9,osm,highway=trunk,Jalan Raya Tegal - Pemalang,
TRS_PKL_0281,1460.1,osm,railway=rail,Jalur Kereta Api Tegal–Semarang–Brumbung,
TRS_PKL_0281,1465.8,osm,railway=rail,Jalur Kereta Api Tegal–Semarang–Brumbung,
TRS_PKL_0282,705.2,osm,highway=trunk,Jalan Raya Tegal - Pemalang,
TRS_PKL_0282,714.8,osm,highway=trunk,Jalan Raya Tegal - Pemalang,
TRS_PKL_0282,1426.2,osm,railway=rail,Jalur Kereta Api Tegal–Semarang–Brumbung,
TRS_PKL_0282,1432.3,osm,railway=rail,Jalur Kereta Api Tegal–Semarang–Brumbung,
TRS_PKL_0283,705.4,osm,highway=trunk,Jalan Raya Tegal - Pemalang,
TRS_PKL_0283,714.1,osm,highway=trunk,Jalan Raya Tegal - Pemalang,
TRS_PKL_0283,1410.8,osm,railway=rail,Jalur Kereta Api Tegal–Semarang–Brumbung,
TRS_PKL_0283,1418.7,osm,railway=rail,Jalur Kereta Api Tegal–Semarang–Brumbung,
TRS_PKL_0284,693.7,osm,highway=trunk,Jalan Raya Tegal - Pemalang,
TRS_PKL_0284,702.4,osm,highway=trunk,Jalan Raya Tegal - Pemalang,
TRS_PKL_0284,1385.3,osm,railway=rail,Jalur Kereta Api Tegal–Semarang–Brumbung,
TRS_PKL_0284,1394.0,osm,railway=rail,Jalur Kereta Api Tegal–Semarang–Brumbung,
TRS_PKL_0285,698.9,osm,highway=trunk,Jalan Raya Tegal - Pemalang,
TRS_PKL_0285,707.8,osm,highway=trunk,Jalan Raya Tegal - Pemalang,
TRS_PKL_0285,1382.1,osm,railway=rail,Jalur Kereta Api Tegal–Semarang–Brumbung,
TRS_PKL_0285,1389.6,osm,railway=rail,Jalur Kereta Api Tegal–Semarang–Brumbung,
TRS_PKL_0286,688.5,osm,highway=trunk,Jalan Raya Tegal - Pemalang,
TRS_PKL_0286,698.7,osm,highway=trunk,Jalan Raya Tegal - Pemalang,
TRS_PKL_0286,1369.3,osm,railway=rail,Jalur Kereta Api Tegal–Semarang–Brumbung,
TRS_PKL_0286,1375.7,osm,railway=rail,Jalur Kereta Api Tegal–Semarang–Brumbung,
TRS_PKL_0287,649.8,osm,highway=trunk,Jalan Raya Tegal - Pemalang,
TRS_PKL_0287,659.5,osm,highway=trunk,Jalan Raya Tegal - Pemalang,
TRS_PKL_0287,1321.5,osm,railway=rail,Jalur Kereta Api Tegal–Semarang–Brumbung,
TRS_PKL_0287,1326.8,osm,railway=rail,Jalur Kereta Api Tegal–Semarang–Brumbung,
TRS_PKL_0288,661.3,osm,highway=trunk,Jalan Raya Tegal - Pemalang,
TRS_PKL_0288,670.0,osm,highway=trunk,Jalan Raya Tegal - Pemalang,
TRS_PKL_0288,1326.3,osm,railway=rail,Jalur Kereta Api Tegal–Semarang–Brumbung,
TRS_PKL_0288,1331.4,osm,railway=rail,Jalur Kereta Api Tegal–Semarang–Brumbung,
TRS_PKL_0289,634.2,osm,highway=trunk,Jalan Raya Tegal - Pemalang,
TRS_PKL_0289,646.4,osm,highway=trunk,Jalan Raya Tegal - Pemalang,
TRS_PKL_0289,1296.1,osm,railway=rail,Jalur Kereta Api Tegal–Semarang–Brumbung,
TRS_PKL_0289,1301.3,osm,railway=rail,Jalur Kereta Api Tegal–Semarang–Brumbung,
TRS_PKL_0290,662.8,osm,highway=trunk,Jalan Raya Tegal - Pemalang,
TRS_PKL_0290,673.9,osm,highway=trunk,Jalan Raya Tegal - Pemalang,
TRS_PKL_0290,1322.6,osm,railway=rail,Jalur Kereta Api Tegal–Semarang–Brumbung,
TRS_PKL_0290,1328.0,osm,railway=rail,Jalur Kereta Api Tegal–Semarang–Brumbung,
TRS_SBY_0036,2762.5,osm,highway=track,,
TRS_SBY_0128,1572.9,osm,highway=primary,Jalan Sukolilo Sukorejo,
TRS_SBY_0128,1591.7,osm,highway=primary,Jalan Sukolilo Sukorejo,
TRS_SBY_0128,1614.3,osm,highway=primary,Jalan Kenjeran,
TRS_SBY_0128,1642.1,osm,highway=primary,Jalan Kenjeran,
TRS_SBY_0128,3467.2,osm,highway=primary,Jalan Doktor Insinyur Haji Soekarno,
TRS_SBY_0128,3491.3,osm,highway=primary,Jalan Doktor Insinyur Haji Soekarno,
TRS_SBY_0129,1137.8,osm,highway=primary,Jalan Sukolilo Sukorejo,
TRS_SBY_0129,1150.4,osm,highway=primary,Jalan Sukolilo Sukorejo,
TRS_SBY_0129,1753.8,osm,highway=primary,Jalan Kenjeran,
TRS_SBY_0129,1782.1,osm,highway=primary,Jalan Kenjeran,
TRS_SBY_0129,3270.5,osm,highway=primary,Jalan Doktor Insinyur Haji Soekarno,
TRS_SBY_0129,3290.0,osm,highway=primary,Jalan Doktor Insinyur Haji Soekarno,
TRS_SBY_0130,765.9,osm,highway=primary,Jalan Sukolilo Sukorejo,
TRS_SBY_0130,776.1,osm,highway=primary,Jalan Sukolilo Sukorejo,
TRS_SBY_0130,1984.0,osm,highway=primary,Jalan Kenjeran,
TRS_SBY_0130,2012.6,osm,highway=primary,Jalan Kenjeran,
TRS_SBY_0130,3163.8,osm,highway=primary,Jalan Doktor Insinyur Haji Soekarno,
TRS_SBY_0130,3181.8,osm,highway=primary,Jalan Doktor Insinyur Haji Soekarno,
TRS_SBY_0131,659.8,osm,highway=primary,Jalan Sukolilo Sukorejo,
TRS_SBY_0131,664.5,osm,highway=primary,Jalan Sukolilo Sukorejo,
TRS_SBY_0131,2187.1,osm,highway=primary,Jalan Kenjeran,
TRS_SBY_0131,2215.9,osm,highway=primary,Jalan Kenjeran,
TRS_SBY_0131,3001.8,osm,highway=primary,Jalan Doktor Insinyur Haji Soekarno,
TRS_SBY_0131,3021.3,osm,highway=primary,Jalan Doktor Insinyur Haji Soekarno,
TRS_SBY_0132,775.4,osm,highway=primary,Jalan Pantai Kenjeran Lama,
TRS_SBY_0132,2290.3,osm,highway=primary,Jalan Kenjeran,
TRS_SBY_0132,2316.7,osm,highway=primary,Jalan Kenjeran,
TRS_SBY_0132,2483.8,osm,highway=primary,Jalan Doktor Insinyur Haji Soekarno,
TRS_SBY_0132,2517.0,osm,highway=primary,Jalan Doktor Insinyur Haji Soekarno,
TRS_SBY_0133,578.0,osm,highway=primary,Jalan Pantai Kenjeran Lama,
TRS_SBY_0133,2473.6,osm,highway=primary,Jalan Kenjeran,
TRS_SBY_0133,2498.0,osm,highway=primary,Jalan Kenjeran,
TRS_SBY_0134,598.0,osm,highway=primary,Jalan Pantai Kenjeran Lama,
TRS_SBY_0134,2813.9,osm,highway=primary,Jalan Kenjeran,
TRS_SBY_0134,2833.2,osm,highway=primary,Jalan Kenjeran,
TRS_SBY_0135,619.6,osm,highway=primary,Jalan Pantai Kenjeran Lama,
TRS_SBY_0135,3073.3,osm,highway=primary,Jalan Kenjeran,
TRS_SBY_0135,3086.7,osm,highway=primary,Jalan Kenjeran,
TRS_SBY_0136,521.1,osm,highway=primary,Jalan Pantai Kenjeran Lama,
TRS_SBY_0136,529.1,osm,highway=primary,Jalan Pantai Kenjeran Lama,
TRS_SBY_0136,3188.8,osm,highway=primary,Jalan Kenjeran,
TRS_SBY_0136,3204.2,osm,highway=primary,Jalan Kenjeran,
TRS_SBY_0137,517.8,osm,highway=primary,Jalan Pantai Kenjeran Lama,
TRS_SBY_0137,524.7,osm,highway=primary,Jalan Pantai Kenjeran Lama,
TRS_SBY_0137,3425.9,osm,highway=primary,Jalan Kenjeran,
TRS_SBY_0137,3440.5,osm,highway=primary,Jalan Kenjeran,
TRS_SBY_0138,516.4,osm,highway=primary,Jalan Pantai Kenjeran Lama,
TRS_SBY_0138,526.0,osm,highway=primary,Jalan Pantai Kenjeran Lama,
TRS_SBY_0139,604.3,osm,highway=primary,Jalan Pantai Kenjeran Lama,
TRS_SBY_0139,611.6,osm,highway=primary,Jalan Pantai Kenjeran Lama,
TRS_SBY_0140,601.7,osm,highway=primary,Jalan Cumpat,
TRS_SBY_0140,3422.1,osm,highway=trunk,Jalan Kedung Cowek,
TRS_SBY_0140,3476.0,osm,highway=trunk,Jalan Kedung Cowek,
TRS_SBY_0141,853.9,osm,highway=primary,Jalan Nambangan,
TRS_SBY_0141,3162.7,osm,highway=trunk,Jalan Kedung Cowek,
TRS_SBY_0141,3218.9,osm,highway=trunk,Jalan Kedung Cowek,
TRS_SBY_0142,1047.6,osm,highway=primary,Jalan Nambangan,
TRS_SBY_0142,2647.6,osm,highway=trunk,Jalan Kedung Cowek,
TRS_SBY_0142,2702.4,osm,highway=trunk,Jalan Kedung Cowek,
TRS_SBY_0143,1335.1,osm,highway=primary,Jalan Nambangan,
TRS_SBY_0143,2164.0,osm,highway=trunk,Jalan Kedung Cowek,
TRS_SBY_0143,2210.1,osm,highway=trunk,Jalan Kedung Cowek,
TRS_SBY_0144,1107.8,osm,highway=construction:primary,Jalan Lingkar Luar Timur,2026.0
TRS_SBY_0144,1639.3,osm,highway=primary,Jalan Nambangan,
TRS_SBY_0144,1684.1,osm,highway=trunk,Jalan Kedung Cowek,
TRS_SBY_0144,1727.7,osm,highway=trunk,Jalan Kedung Cowek,
TRS_SBY_0145,1224.8,osm,highway=construction:primary,Jalan Lingkar Luar Timur,
TRS_SBY_0145,1380.1,osm,highway=trunk,Jalan Kedung Cowek,
TRS_SBY_0145,1418.3,osm,highway=trunk,Jalan Kedung Cowek,
TRS_SBY_0146,938.6,osm,highway=trunk,Jalan Kedung Cowek,
TRS_SBY_0146,956.2,osm,highway=trunk,Jalan Kedung Cowek,
TRS_SBY_0147,580.0,osm,highway=trunk,Jalan Kedung Cowek,
TRS_SBY_0147,599.5,osm,highway=trunk,Jalan Kedung Cowek,
TRS_SBY_0148,67.4,osm,highway=trunk,Jembatan Suramadu,
TRS_SBY_0148,88.8,osm,highway=trunk,Jembatan Suramadu,
TRS_SBY_0148,2404.3,osm,barrier=wall,,
TRS_SBY_0149,2615.2,osm,barrier=wall,,
TRS_SBY_0159,3401.5,osm,railway=rail,Jalur Kereta Api Surabaya Gubeng–Benteng,
TRS_SBY_0160,3101.2,osm,railway=rail,Jalur Kereta Api Surabaya Gubeng–Benteng,
TRS_SBY_0161,2982.5,osm,railway=rail,Jalur Kereta Api Surabaya Gubeng–Benteng,
TRS_SBY_0162,3005.9,osm,railway=rail,Jalur Kereta Api Surabaya Gubeng–Benteng,
TRS_SBY_0163,3492.5,osm,railway=rail,Jalur Kereta Api Surabaya Gubeng–Benteng,
TRS_SBY_0163,3496.1,osm,railway=rail,,
TRS_SBY_0163,3499.0,osm,railway=rail,,
TRS_SBY_0163,3499.5,osm,railway=rail,,
TRS_SBY_0164,3460.1,osm,railway=rail,,
TRS_SBY_0164,3464.3,osm,railway=rail,,
TRS_SBY_0164,3468.1,osm,railway=rail,Jalur Kereta Api Surabaya Gubeng–Benteng,
TRS_SBY_0164,3472.4,osm,railway=rail,,
TRS_SBY_0164,3476.4,osm,railway=rail,,
TRS_SBY_0164,3480.6,osm,railway=rail,,
TRS_SBY_0164,3485.0,osm,railway=rail,,
TRS_SBY_0165,3436.5,osm,railway=rail,,
TRS_SBY_0165,3441.3,osm,railway=rail,,
TRS_SBY_0165,3445.9,osm,railway=rail,Jalur Kereta Api Surabaya Gubeng–Benteng,
TRS_SBY_0165,3450.3,osm,railway=rail,,
TRS_SBY_0165,3455.1,osm,railway=rail,,
TRS_SBY_0165,3459.3,osm,railway=rail,,
TRS_SBY_0165,3464.0,osm,railway=rail,,
TRS_SBY_0166,3391.1,osm,railway=rail,,
TRS_SBY_0166,3396.2,osm,railway=rail,,
TRS_SBY_0166,3400.1,osm,railway=rail,Jalur Kereta Api Surabaya Gubeng–Benteng,
TRS_SBY_0166,3404.8,osm,railway=rail,,
TRS_SBY_0166,3409.5,osm,railway=rail,,
TRS_SBY_0166,3413.5,osm,railway=rail,,
TRS_SBY_0166,3418.4,osm,railway=rail,,
TRS_SBY_0167,2998.2,osm,railway=rail,,
TRS_SBY_0167,2999.1,osm,railway=rail,Jalur Kereta Api Surabaya Gubeng–Benteng,
TRS_SBY_0167,3004.6,osm,railway=rail,,
TRS_SBY_0167,3008.7,osm,railway=rail,,
TRS_SBY_0167,3012.3,osm,railway=rail,,
TRS_SBY_0167,3016.9,osm,railway=rail,,
TRS_SBY_0167,3489.3,osm,highway=trunk,Jalan Sultan Iskandar Muda,
TRS_SBY_0167,3498.7,osm,highway=trunk,Jalan Sultan Iskandar Muda,
TRS_SBY_0168,3347.6,osm,railway=rail,Jalur Kereta Api Surabaya Gubeng–Benteng,
TRS_SBY_0168,3352.1,osm,railway=rail,,
TRS_SBY_0168,3359.3,osm,railway=rail,,
TRS_SBY_0169,2569.2,osm,railway=rail,,
TRS_SBY_0169,2587.1,osm,railway=rail,,
TRS_SBY_0169,2601.6,osm,railway=rail,,
TRS_SBY_0169,2636.9,osm,railway=rail,,
TRS_SBY_0169,2641.2,osm,railway=rail,,
TRS_SBY_0169,3330.5,osm,railway=rail,,
TRS_SBY_0170,890.7,osm,highway=trunk,Jalan Perak Barat,
TRS_SBY_0170,1039.7,osm,highway=trunk,Jalan Perak,
TRS_SBY_0170,3042.2,osm,railway=rail,,
TRS_SBY_0170,3301.2,osm,railway=rail,,
TRS_SBY_0170,3483.6,osm,barrier=wall,,
TRS_SBY_0170,3495.5,osm,highway=trunk,Jalan Jakarta,
TRS_SBY_0171,2021.2,osm,highway=trunk,Jalan Perak Barat,
TRS_SBY_0171,2073.4,osm,highway=trunk,Jalan Perak Timur,
TRS_SBY_0171,3459.1,osm,highway=trunk,Jalan Jakarta,
TRS_SBY_0171,3485.8,osm,highway=trunk,Jalan Jakarta,
TRS_SBY_0172,1926.9,osm,railway=rail,Sepur Simpang Kalimas–Pelabuhan,
TRS_SBY_0172,1932.4,osm,railway=rail,,
TRS_SBY_0172,2451.4,osm,highway=trunk,Jalan Perak Barat,
TRS_SBY_0172,2504.9,osm,highway=trunk,Jalan Perak Timur,
TRS_SBY_0172,2927.5,osm,railway=rail,,
TRS_SBY_0172,2935.4,osm,railway=rail,,
TRS_SBY_0172,2945.1,osm,railway=rail,,
TRS_SBY_0172,2954.0,osm,railway=rail,,
TRS_SBY_0172,2963.4,osm,railway=rail,,
TRS_SBY_0172,2973.6,osm,railway=rail,,
TRS_SBY_0172,2981.8,osm,railway=rail,,
TRS_SBY_0172,2991.3,osm,railway=rail,Jalur Kereta Api Kalimas–Sidotopo,
TRS_SBY_0172,3001.6,osm,railway=rail,,
TRS_SBY_0172,3011.4,osm,railway=rail,,
TRS_SBY_0172,3021.4,osm,railway=rail,,
TRS_SBY_0172,3093.3,osm,railway=rail,,
TRS_SBY_0172,3447.2,osm,highway=trunk,Jalan Jakarta,
TRS_SBY_0172,3458.5,osm,highway=trunk,Jalan Jakarta,
TRS_SBY_0173,1914.1,osm,railway=rail,Sepur Simpang Kalimas–Pelabuhan,
TRS_SBY_0173,1918.9,osm,railway=rail,,
TRS_SBY_0173,2862.1,osm,highway=trunk,Jalan Perak Barat,
TRS_SBY_0173,2920.7,osm,highway=trunk,Jalan Perak Timur,
TRS_SBY_0173,3308.0,osm,railway=rail,,
TRS_SBY_0173,3317.5,osm,railway=rail,,
TRS_SBY_0173,3318.7,osm,railway=rail,,
TRS_SBY_0173,3323.5,osm,railway=rail,,
TRS_SBY_0173,3329.5,osm,railway=rail,,
TRS_SBY_0173,3330.2,osm,railway=rail,,
TRS_SBY_0173,3335.8,osm,railway=rail,Jalur Kereta Api Kalimas–Sidotopo,
TRS_SBY_0173,3340.5,osm,railway=rail,,
TRS_SBY_0173,3344.2,osm,railway=rail,,
TRS_SBY_0173,3344.8,osm,railway=rail,,
TRS_SBY_0173,3428.9,osm,highway=trunk,Jalan Jakarta,
TRS_SBY_0174,1331.5,osm,railway=rail,Sepur Simpang Kalimas–Pelabuhan,
TRS_SBY_0174,1337.3,osm,railway=rail,,
TRS_SBY_0174,2763.9,osm,highway=trunk,Jalan Perak Barat,
TRS_SBY_0174,2817.7,osm,highway=trunk,Jalan Perak Timur,
TRS_SBY_0174,2843.5,osm,highway=trunk,Jalan Jakarta,
TRS_SBY_0174,2963.4,osm,railway=rail,Jalur Kereta Api Kalimas–Sidotopo,
TRS_SBY_0175,1467.3,osm,railway=rail,Sepur Simpang Kalimas–Pelabuhan,
TRS_SBY_0175,2566.4,osm,highway=primary,Jalan Laksda. Mohammad Nazir,
TRS_SBY_0175,2578.0,osm,highway=primary,Jalan Laksda. Mohammad Nazir,
TRS_SBY_0175,3315.9,osm,highway=trunk,Jalan Perak Barat,
TRS_SBY_0175,3358.6,osm,highway=trunk,Jalan Perak Timur,
TRS_SBY_0175,3405.6,osm,railway=rail,Jalur Kereta Api Kalimas–Sidotopo,
TRS_SBY_0176,2025.1,osm,railway=rail,Sepur Simpang Kalimas–Pelabuhan,
TRS_SBY_0176,3023.4,osm,highway=primary,Jalan Laksda. Mohammad Nazir,
TRS_SBY_0176,3034.8,osm,highway=primary,Jalan Laksda. Mohammad Nazir,
TRS_SBY_0177,2945.3,osm,highway=primary,Jalan Laksda. Mohammad Nazir,
TRS_SBY_0177,2954.8,osm,highway=primary,Jalan Laksda. Mohammad Nazir,
TRS_SBY_0178,2186.6,osm,highway=primary,Jalan Laksda. Mohammad Nazir,
TRS_SBY_0178,2198.8,osm,highway=primary,Jalan Laksda. Mohammad Nazir,
TRS_SBY_0178,3327.4,osm,highway=trunk,Jalan Ikan Dorang,
TRS_SBY_0179,2346.7,osm,highway=primary,,
TRS_SBY_0179,2485.3,osm,highway=primary,,
TRS_SBY_0179,2490.9,osm,highway=motorway,Jalan Tol Surabaya–Gempol,
TRS_SBY_0179,3498.2,osm,highway=trunk,Jalan Gresik,
TRS_SBY_0180,2785.8,osm,highway=motorway,Jalan Tol Surabaya–Gempol,
TRS_SBY_0180,2804.5,osm,highway=motorway,Jalan Tol Surabaya–Gempol,
TRS_SBY_0180,3407.5,osm,highway=trunk,Jalan Gresik,
TRS_SBY_0180,3421.1,osm,highway=trunk,Jalan Gresik,
TRS_SBY_0181,3141.1,osm,highway=motorway,Jalan Tol Surabaya–Gempol,
TRS_SBY_0181,3156.2,osm,highway=motorway,Jalan Tol Surabaya–Gempol,
TRS_SBY_0181,3401.8,osm,highway=trunk,Jalan Gresik,
TRS_SBY_0181,3416.2,osm,highway=trunk,Jalan Gresik,
TRS_SBY_0181,3424.4,osm,highway=trunk,Jalan Raya Demak,
TRS_SBY_0181,3448.1,osm,highway=trunk,Jalan Raya Demak,
TRS_SBY_0182,3251.5,osm,highway=trunk,Jalan Gresik,
TRS_SBY_0182,3251.9,osm,highway=motorway,Jalan Tol Surabaya–Gempol,
TRS_SBY_0182,3265.4,osm,highway=motorway,Jalan Tol Surabaya–Gempol,
TRS_SBY_0183,2276.2,osm,highway=trunk,Jalan Gresik Gadukan Timur,
TRS_SBY_0183,2504.6,osm,highway=motorway,Jalan Tol Surabaya–Gempol,
TRS_SBY_0183,2518.1,osm,highway=motorway,Jalan Tol Surabaya–Gempol,
TRS_SBY_0184,2144.8,osm,highway=trunk,Jalan Gresik Gadukan Timur,
TRS_SBY_0184,2596.4,osm,highway=motorway,Jalan Tol Surabaya–Gempol,
TRS_SBY_0184,2611.5,osm,highway=motorway,Jalan Tol Surabaya–Gempol,
TRS_SBY_0185,2057.4,osm,highway=trunk,Jalan Gresik Gadukan Timur,
TRS_SBY_0185,2720.9,osm,highway=motorway,Jalan Tol Surabaya–Gempol,
TRS_SBY_0185,2740.2,osm,highway=motorway,Jalan Tol Surabaya–Gempol,
TRS_SBY_0186,1983.0,osm,highway=trunk,Jalan Gresik Gadukan Timur,
TRS_SBY_0186,2861.0,osm,highway=motorway,Jalan Tol Surabaya–Gempol,
TRS_SBY_0186,2874.8,osm,highway=motorway,Jalan Tol Surabaya–Gempol,
TRS_SBY_0187,1488.2,osm,highway=trunk,Jalan Kalianak Timur,
TRS_SBY_0187,2572.0,osm,highway=motorway,Jalan Tol Surabaya–Gempol,
TRS_SBY_0187,2587.9,osm,highway=motorway,Jalan Tol Surabaya–Gempol,
TRS_SBY_0187,3138.5,osm,highway=primary,Jalan Dupak Rukun,
TRS_SBY_0187,3161.3,osm,highway=primary,Jalan Dupak Rukun,
TRS_SBY_0188,1261.1,osm,highway=trunk,Jalan Kalianak Timur,
TRS_SBY_0188,2563.2,osm,highway=motorway,Jalan Tol Surabaya–Gempol,
TRS_SBY_0188,2581.0,osm,highway=motorway,Jalan Tol Surabaya–Gempol,
TRS_SBY_0188,2875.5,osm,highway=motorway,Jalan Tol Surabaya - Gresik,
TRS_SBY_0188,2890.2,osm,highway=motorway,Jalan Tol Surabaya - Gresik,
TRS_SBY_0189,1294.8,osm,highway=trunk,Jalan Kalianak Timur,
TRS_SBY_0189,2857.4,osm,highway=motorway,Jalan Tol Surabaya - Gresik,
TRS_SBY_0189,2874.0,osm,highway=motorway,Jalan Tol Surabaya - Gresik,
TRS_SBY_0189,2911.9,osm,highway=motorway,Jalan Tol Surabaya–Gempol,
TRS_SBY_0189,2932.7,osm,highway=motorway,Jalan Tol Surabaya–Gempol,
TRS_SBY_0190,1485.2,osm,highway=trunk,Jalan Raya Kalianak Barat,
TRS_SBY_0190,2972.4,osm,highway=motorway,Jalan Tol Surabaya - Gresik,
TRS_SBY_0190,2988.2,osm,highway=motorway,Jalan Tol Surabaya - Gresik,
TRS_SBY_0191,1524.8,osm,highway=trunk,Jalan Raya Kalianak Barat,
TRS_SBY_0191,3052.3,osm,highway=motorway,Jalan Tol Surabaya - Gresik,
TRS_SBY_0191,3062.4,osm,highway=motorway,Jalan Tol Surabaya - Gresik,
TRS_SBY_0192,1411.9,osm,highway=trunk,Jalan Raya Kalianak Barat,
TRS_SBY_0192,3031.1,osm,highway=motorway,Jalan Tol Surabaya - Gresik,
TRS_SBY_0192,3042.9,osm,highway=motorway,Jalan Tol Surabaya - Gresik,
TRS_SBY_0193,1322.6,osm,highway=trunk,Jalan Raya Kalianak Barat,
TRS_SBY_0193,2968.8,osm,highway=motorway,Jalan Tol Surabaya - Gresik,
TRS_SBY_0193,2983.8,osm,highway=motorway,Jalan Tol Surabaya - Gresik,
TRS_SBY_0194,1209.2,osm,highway=trunk,Jalan Raya Kalianak Barat,
TRS_SBY_0194,2801.7,osm,highway=motorway,Jalan Tol Surabaya - Gresik,
TRS_SBY_0194,2815.6,osm,highway=motorway,Jalan Tol Surabaya - Gresik,
TRS_SBY_0195,1192.4,osm,highway=trunk,Jalan Greges,
TRS_SBY_0195,2698.6,osm,highway=motorway,Jalan Tol Surabaya - Gresik,
TRS_SBY_0195,2715.3,osm,highway=motorway,Jalan Tol Surabaya - Gresik,
TRS_SBY_0196,1150.1,osm,highway=trunk,Jalan Greges,
TRS_SBY_0196,2564.7,osm,highway=motorway,Jalan Tol Surabaya - Gresik,
TRS_SBY_0196,2579.6,osm,highway=motorway,Jalan Tol Surabaya - Gresik,
TRS_SBY_0197,1109.8,osm,highway=trunk,Jalan Greges,
TRS_SBY_0197,2409.0,osm,highway=motorway,Jalan Tol Surabaya - Gresik,
TRS_SBY_0197,2425.5,osm,highway=motorway,Jalan Tol Surabaya - Gresik,
TRS_SBY_0198,961.4,osm,highway=trunk,Jalan Greges,
TRS_SBY_0198,2123.4,osm,highway=motorway,Jalan Tol Surabaya - Gresik,
TRS_SBY_0198,2137.8,osm,highway=motorway,Jalan Tol Surabaya - Gresik,
TRS_SBY_0199,1127.3,osm,highway=trunk,Jalan Greges,
TRS_SBY_0199,1137.4,osm,highway=trunk,Jalan Tambak Osowilangun,
TRS_SBY_0199,2138.6,osm,highway=motorway,Jalan Tol Surabaya - Gresik,
TRS_SBY_0199,2158.8,osm,highway=motorway,Jalan Tol Surabaya - Gresik,
TRS_SBY_0204,1414.3,osm,highway=trunk,Jalan Tambak Oso Wilangon,
TRS_SBY_0204,2229.1,osm,highway=motorway,Jalan Tol Surabaya - Gresik,
TRS_SBY_0204,2241.8,osm,highway=motorway,Jalan Tol Surabaya - Gresik,
TRS_SBY_0204,3264.7,osm,railway=rail,Jalur Kereta Api Kandangan–Indro,
TRS_SBY_0205,1547.9,osm,highway=trunk,Jalan Tambak Oso Wilangon,
TRS_SBY_0205,1557.6,osm,highway=trunk,Jalan Tambak Oso Wilangon,
TRS_SBY_0205,2336.0,osm,highway=motorway,Jalan Tol Surabaya - Gresik,
TRS_SBY_0205,2347.0,osm,highway=motorway,Jalan Tol Surabaya - Gresik,
TRS_SBY_0205,2878.3,osm,railway=rail,Jalur Kereta Api Kandangan–Indro,
TRS_SBY_0206,1684.7,osm,highway=trunk,Jalan Tambak Oso Wilangon,
TRS_SBY_0206,1695.8,osm,highway=trunk,Jalan Tambak Oso Wilangon,
TRS_SBY_0206,2383.2,osm,highway=motorway,Jalan Tol Surabaya - Gresik,
TRS_SBY_0206,2396.5,osm,highway=motorway,Jalan Tol Surabaya - Gresik,
TRS_SBY_0206,2581.4,osm,railway=rail,Jalur Kereta Api Kandangan–Indro,
TRS_SBY_0207,1698.6,osm,highway=trunk,Jalan Tambak Oso Wilangon,
TRS_SBY_0207,1712.3,osm,highway=trunk,Jalan Tambak Oso Wilangon,
TRS_SBY_0207,2374.3,osm,railway=rail,Jalur Kereta Api Kandangan–Indro,
TRS_SBY_0207,2413.7,osm,highway=motorway,Jalan Tol Surabaya - Gresik,
TRS_SBY_0207,2430.8,osm,highway=motorway,Jalan Tol Surabaya - Gresik,
TRS_SBY_0208,1666.0,osm,highway=trunk,Jalan Tambak Oso Wilangon,
TRS_SBY_0208,1678.2,osm,highway=trunk,Jalan Tambak Oso Wilangon,
TRS_SBY_0208,2256.8,osm,railway=rail,Jalur Kereta Api Kandangan–Indro,
TRS_SBY_0208,2456.8,osm,highway=motorway,Jalan Tol Surabaya - Gresik,
TRS_SBY_0208,2473.1,osm,highway=motorway,Jalan Tol Surabaya - Gresik,
TRS_SBY_0209,2610.3,osm,highway=trunk,Jalan Tambak Oso Wilangon,
TRS_SBY_0209,3126.2,osm,railway=rail,Jalur Kereta Api Kandangan–Indro,
TRS_SBY_0209,3459.2,osm,highway=motorway,Jalan Tol Surabaya - Gresik,
TRS_SBY_0209,3477.7,osm,highway=motorway,Jalan Tol Surabaya - Gresik,
TRS_SBY_0210,2571.4,osm,highway=trunk,Jalan Tambak Oso Wilangon,
TRS_SBY_0210,3024.6,osm,railway=rail,Jalur Kereta Api Kandangan–Indro,
TRS_SBY_0210,3486.4,osm,highway=motorway,Jalan Tol Surabaya - Gresik,
TRS_SBY_0211,3437.3,osm,highway=trunk,Jalan Tambak Oso Wilangon,
TRS_SBY_0212,3261.5,osm,highway=trunk,Jalan Tambak Oso Wilangon,
TRS_SBY_0213,1850.3,osm,highway=trunk,,
TRS_SBY_0213,1861.9,osm,highway=trunk,,
TRS_SBY_0213,2156.1,osm,railway=rail,Jalur Kereta Api Kandangan–Indro,
TRS_SBY_0213,2941.9,osm,highway=motorway,Jalan Tol Surabaya - Gresik,
TRS_SBY_0213,2957.4,osm,highway=motorway,Jalan Tol Surabaya - Gresik,
TRS_SBY_0214,2063.7,osm,highway=trunk,,
TRS_SBY_0214,2074.3,osm,highway=trunk,,
TRS_SBY_0214,2317.0,osm,railway=rail,Jalur Kereta Api Kandangan–Indro,
TRS_SBY_0214,3222.6,osm,highway=motorway,Jalan Tol Surabaya - Gresik,
TRS_SBY_0214,3237.4,osm,highway=motorway,Jalan Tol Surabaya - Gresik,
TRS_SBY_0218,2584.2,osm,highway=trunk,,
TRS_SBY_0218,2610.7,osm,railway=rail,Jalur Kereta Api Kandangan–Indro,
TRS_SBY_0218,2815.6,osm,highway=trunk,Jalan Romokalisari,
TRS_SBY_0218,2827.6,osm,highway=trunk,,
TRS_SBY_0218,2862.5,osm,highway=trunk,Jalan Romokalisari,
TRS_SBY_0219,2550.2,osm,railway=rail,Jalur Kereta Api Kandangan–Indro,
TRS_SBY_0219,2711.4,osm,highway=trunk,,
TRS_SBY_0219,2805.5,osm,highway=trunk,Jalan Romokalisari,
TRS_SBY_0219,2816.0,osm,highway=trunk,Jalan Romokalisari,
TRS_SBY_0220,2488.7,osm,railway=rail,Jalur Kereta Api Kandangan–Indro,
TRS_SBY_0220,2750.3,osm,highway=trunk,Jalan Veteran,
TRS_SBY_0220,2842.7,osm,highway=trunk,Jalan Veteran,
TRS_SBY_0221,1443.7,osm,railway=rail,Jalur Kereta Api Kandangan–Indro,
TRS_SBY_0221,2148.5,osm,railway=rail,Jalur Kereta Api Kandangan–Indro,
TRS_SBY_0221,2442.0,osm,railway=rail,Jalur Kereta Api Kandangan–Indro,
TRS_SBY_0221,2859.4,osm,highway=trunk,Jalan Veteran,
TRS_SBY_0221,2888.2,osm,highway=trunk,Jalan Veteran,
TRS_SBY_0222,1194.1,osm,railway=rail,Jalur Kereta Api Kandangan–Indro,
TRS_SBY_0222,2832.0,osm,highway=trunk,Jalan Veteran,
TRS_SBY_0222,2839.6,osm,highway=trunk,Jalan Veteran,
TRS_SBY_0223,931.0,osm,railway=rail,Jalur Kereta Api Kandangan–Indro,
TRS_SBY_0223,2577.6,osm,highway=trunk,Jalan Veteran,
TRS_SBY_0223,2586.3,osm,highway=trunk,Jalan Veteran,
TRS_SBY_0224,1947.3,osm,railway=rail,Jalur Kereta Api Kandangan–Indro,
TRS_SBY_0225,1831.5,osm,railway=rail,Jalur Kereta Api Kandangan–Indro,
TRS_SBY_0226,1709.3,osm,railway=rail,,
TRS_SBY_0226,1709.5,osm,railway=rail,Jalur Kereta Api Kandangan–Indro,
TRS_SBY_0226,3339.9,osm,highway=trunk,Jalan Veteran,
TRS_SBY_0226,3350.4,osm,highway=trunk,Jalan Veteran,
TRS_SBY_0227,1564.1,osm,railway=rail,,
TRS_SBY_0227,1569.9,osm,railway=rail,,
TRS_SBY_0227,1587.5,osm,railway=rail,,
TRS_SBY_0227,1591.9,osm,railway=rail,Jalur Kereta Api Kandangan–Indro,
TRS_SBY_0227,1595.8,osm,railway=rail,,
TRS_SBY_0227,3103.7,osm,highway=trunk,Jalan Veteran,
TRS_SBY_0227,3112.9,osm,highway=trunk,Jalan Veteran,
TRS_SBY_0228,2577.3,osm,highway=trunk,Jalan Veteran,
TRS_SBY_0228,2589.0,osm,highway=trunk,Jalan Veteran,
TRS_SBY_0229,2436.1,osm,highway=trunk,Jalan Veteran,
TRS_SBY_0229,2447.0,osm,highway=trunk,Jalan Veteran,
TRS_SBY_0230,2558.1,osm,highway=trunk,Jalan Veteran,
TRS_SBY_0230,2570.4,osm,highway=trunk,Jalan Veteran,
TRS_SBY_0231,2313.5,osm,highway=trunk,Jalan Raden Ajeng Kartini,
TRS_SBY_0231,2329.4,osm,highway=trunk,Jalan Raden Ajeng Kartini,
TRS_SBY_0232,2695.0,osm,highway=trunk,Jalan Raden Ajeng Kartini,
TRS_SBY_0232,2715.7,osm,highway=trunk,Jalan Raden Ajeng Kartini,
TRS_SBY_0233,3007.8,osm,highway=trunk,Jalan Raden Ajeng Kartini,
TRS_SBY_0233,3022.6,osm,highway=trunk,Jalan Raden Ajeng Kartini,
TRS_SBY_0234,3073.6,osm,highway=trunk,Jalan Raden Ajeng Kartini,
TRS_SBY_0234,3086.2,osm,highway=trunk,Jalan Raden Ajeng Kartini,
TRS_SBY_0235,2870.6,osm,highway=trunk,Jalan Raden Ajeng Kartini,
TRS_SBY_0235,2881.4,osm,highway=trunk,Jalan Raden Ajeng Kartini,
TRS_SBY_0236,2886.5,osm,highway=trunk,Jalan Raden Ajeng Kartini,
TRS_SBY_0236,2896.9,osm,highway=trunk,Jalan Raden Ajeng Kartini,
TRS_SBY_0237,3245.6,osm,highway=trunk,Jalan Raden Ajeng Kartini,
TRS_SBY_0237,3255.0,osm,highway=trunk,Jalan Raden Ajeng Kartini,
TRS_SBY_0238,3346.5,osm,highway=trunk,Jalan Raden Ajeng Kartini,
TRS_SBY_0238,3356.5,osm,highway=trunk,Jalan Raden Ajeng Kartini,
TRS_SBY_0239,2234.5,osm,highway=trunk,Jalan Usman Sadar,
TRS_SBY_0239,3322.4,osm,highway=trunk,Jalan Dokter Wahidin Sudirohusodo,
TRS_SBY_0239,3332.1,osm,highway=trunk,Jalan Dokter Wahidin Sudirohusodo,
TRS_SBY_0240,1988.1,osm,highway=trunk,Jalan Usman Sadar,
TRS_SBY_0240,3448.6,osm,highway=trunk,Jalan Dokter Wahidin Sudirohusodo,
TRS_SBY_0240,3458.0,osm,highway=trunk,Jalan Dokter Wahidin Sudirohusodo,
TRS_SBY_0241,1607.6,osm,highway=trunk,Jalan Usman Sadar,
TRS_SBY_0241,3479.9,osm,highway=trunk,Jalan Dokter Wahidin Sudirohusodo,
TRS_SBY_0241,3489.9,osm,highway=trunk,Jalan Dokter Wahidin Sudirohusodo,
TRS_SBY_0242,1497.8,osm,highway=trunk,Jalan Gubernur Suryo,
TRS_SBY_0242,1508.7,osm,highway=trunk,Jalan Gubernur Suryo,
TRS_SBY_0243,1707.0,osm,highway=trunk,Jalan Gubernur Suryo,
TRS_SBY_0243,1716.2,osm,highway=trunk,Jalan Gubernur Suryo,
TRS_SBY_0244,1781.3,osm,highway=trunk,Jalan Gubernur Suryo,
TRS_SBY_0245,1856.1,osm,highway=trunk,Jalan Gubernur Suryo,
TRS_SBY_0246,2044.6,osm,highway=trunk,Jalan Raya Roomo,
TRS_SBY_0247,2436.8,osm,highway=trunk,Jalan Raya Roomo,
TRS_SBY_0248,2620.9,osm,highway=trunk,Jalan Raya Roomo,
TRS_SBY_0249,3003.4,osm,highway=trunk,Jalan Raya Roomo,
TRS_SBY_0250,3206.2,osm,highway=trunk,Jalan Raya Roomo,
TRS_SBY_0251,3106.8,osm,highway=trunk,Jalan Raya Roomo,
TRS_SBY_0252,2353.2,osm,highway=trunk,Jalan Raya Roomo,
TRS_SBY_0253,1633.4,osm,highway=trunk,Jalan Raya Roomo,
TRS_SBY_0259,3457.2,osm,highway=trunk,Jalan Raya Roomo,
TRS_SBY_0260,3220.8,osm,highway=trunk,Jalan Raya Roomo,
TRS_SBY_0459,3374.2,osm,highway=trunk,Jalan Raya Daendels,
TRS_SBY_0460,3117.5,osm,highway=trunk,Jalan Raya Daendels,
TRS_SBY_0461,2874.6,osm,highway=trunk,Jalan Raya Daendels,
TRS_SBY_0462,2633.0,osm,highway=trunk,Jalan Raya Daendels,
TRS_SBY_0463,2426.0,osm,highway=trunk,Jalan Raya Daendels,
TRS_SBY_0464,547.3,osm,highway=trunk,,
TRS_SBY_0465,613.4,osm,highway=trunk,,
TRS_SBY_0466,559.9,osm,highway=trunk,,
TRS_SBY_0467,538.7,osm,highway=trunk,,
TRS_SBY_0468,577.7,osm,highway=trunk,,
TRS_SBY_0469,569.6,osm,highway=trunk,,
TRS_SBY_0470,589.7,osm,highway=trunk,,
TRS_SBY_0471,594.4,osm,highway=trunk,,
TRS_SBY_0472,591.0,osm,highway=trunk,,
TRS_SBY_0473,636.4,osm,highway=trunk,,
TRS_SBY_0474,634.7,osm,highway=trunk,,
TRS_SBY_0475,634.5,osm,highway=trunk,,
TRS_SBY_0476,630.0,osm,highway=trunk,,
TRS_SBY_0477,633.5,osm,highway=trunk,,
TRS_SBY_0478,640.0,osm,highway=trunk,,
TRS_SBY_0479,652.1,osm,highway=trunk,,
TRS_SBY_0480,672.8,osm,highway=trunk,,
TRS_SBY_0481,652.8,osm,highway=trunk,,
TRS_SBY_0482,691.8,osm,highway=trunk,,
TRS_SBY_0483,700.8,osm,highway=trunk,,
TRS_SBY_0484,758.3,osm,highway=trunk,,
TRS_SBY_0485,795.7,osm,highway=trunk,,
TRS_SBY_0486,945.6,osm,highway=trunk,,
TRS_SBY_0487,1087.9,osm,highway=trunk,,
TRS_SBY_0488,1074.8,osm,highway=trunk,,
TRS_SBY_0489,1023.5,osm,highway=trunk,,
TRS_SBY_0490,948.0,osm,highway=trunk,,
TRS_SBY_0491,850.0,osm,highway=trunk,,
TRS_SBY_0492,808.4,osm,highway=trunk,,
TRS_SBY_0493,851.1,osm,highway=trunk,,
TRS_SBY_0494,897.3,osm,highway=trunk,,
TRS_SBY_0494,1836.2,osm,highway=primary,Jalan Raya Ketapang-Sampang,
TRS_SBY_0495,1028.6,osm,highway=trunk,,
TRS_SBY_0495,2581.7,osm,highway=primary,Jalan Raya Ketapang-Sampang,
TRS_SBY_0496,1072.0,osm,highway=trunk,,
TRS_SBY_0497,1070.8,osm,highway=trunk,,
TRS_SBY_0498,1044.5,osm,highway=trunk,,
TRS_SBY_0499,1097.1,osm,highway=trunk,,
TRS_SBY_0500,1129.3,osm,highway=trunk,,
TRS_SBY_0501,1168.3,osm,highway=trunk,,
TRS_SBY_0502,1214.1,osm,highway=trunk,,
TRS_SBY_0503,1275.8,osm,highway=trunk,,
TRS_SBY_0504,1294.2,osm,highway=trunk,,
TRS_SBY_0505,1305.9,osm,highway=trunk,,
TRS_SBY_0506,1318.3,osm,highway=trunk,,
TRS_SBY_0507,1331.7,osm,highway=trunk,,
TRS_SBY_0508,1290.4,osm,highway=trunk,,
TRS_SBY_0509,1240.9,osm,highway=trunk,,
TRS_SBY_0510,1164.4,osm,highway=trunk,,
TRS_SBY_0511,1075.4,osm,highway=trunk,,
TRS_SBY_0512,1029.8,osm,highway=trunk,,
TRS_SBY_0513,1034.2,osm,highway=trunk,,
TRS_SBY_0514,1078.9,osm,highway=trunk,,
TRS_SBY_0515,1107.0,osm,highway=trunk,,
TRS_SBY_0516,1039.4,osm,highway=trunk,,
TRS_SBY_0517,1124.1,osm,highway=trunk,,
TRS_SBY_0518,1094.3,osm,highway=trunk,,
TRS_SBY_0519,946.9,osm,highway=trunk,,
TRS_SBY_0520,1017.5,osm,highway=trunk,,
TRS_SBY_0521,1181.0,osm,highway=trunk,,
TRS_SBY_0522,1265.1,osm,highway=trunk,,
TRS_SBY_0523,1397.8,osm,highway=trunk,,
TRS_SBY_0524,1454.4,osm,highway=trunk,,
TRS_SBY_0525,1470.8,osm,highway=trunk,,
TRS_SBY_0526,1497.8,osm,highway=trunk,,
TRS_SBY_0527,1498.2,osm,highway=trunk,,
TRS_SBY_0528,1445.0,osm,highway=trunk,,
TRS_SBY_0529,1385.6,osm,highway=trunk,,
TRS_SBY_0530,1357.3,osm,highway=trunk,,
TRS_SBY_0531,1349.9,osm,highway=trunk,,
TRS_SBY_0532,1419.1,osm,highway=trunk,,
TRS_SBY_0533,1529.3,osm,highway=trunk,,
TRS_SBY_0534,1632.7,osm,highway=trunk,,
TRS_SBY_0535,1581.5,osm,highway=trunk,,
TRS_SBY_0536,1489.2,osm,highway=trunk,,
TRS_SBY_0537,1390.8,osm,highway=trunk,,
TRS_SBY_0538,1339.0,osm,highway=trunk,,
TRS_SBY_0539,1345.8,osm,highway=trunk,,
TRS_SBY_0540,1352.3,osm,highway=trunk,,
TRS_SBY_0541,1358.7,osm,highway=trunk,,
TRS_SBY_0542,1372.6,osm,highway=trunk,,
TRS_SBY_0543,1406.6,osm,highway=trunk,,
TRS_SBY_0544,1418.2,osm,highway=trunk,,
TRS_SBY_0545,1203.6,osm,highway=trunk,,
TRS_SBY_0546,1097.0,osm,highway=trunk,,
TRS_SBY_0547,993.1,osm,highway=trunk,,
TRS_SBY_0548,853.3,osm,highway=trunk,,
TRS_SBY_0549,857.0,osm,highway=trunk,,
TRS_SBY_0550,997.6,osm,highway=trunk,,
TRS_SBY_0551,1093.9,osm,highway=trunk,,
TRS_SBY_0552,1232.6,osm,highway=trunk,,
TRS_SBY_0553,1193.8,osm,highway=trunk,,
TRS_SBY_0554,1205.4,osm,highway=trunk,,
TRS_SBY_0555,1153.4,osm,highway=trunk,,
TRS_SBY_0556,1018.6,osm,highway=trunk,,
TRS_SBY_0557,968.9,osm,highway=trunk,,
TRS_SBY_0558,822.1,osm,highway=trunk,,
TRS_SBY_0559,937.5,osm,highway=trunk,,
TRS_SBY_0560,1001.1,osm,highway=trunk,,
TRS_SBY_0561,1092.7,osm,highway=trunk,,
TRS_SBY_0562,880.3,osm,highway=trunk,,
TRS_SBY_0563,862.6,osm,highway=trunk,,
TRS_SBY_0564,898.9,osm,highway=trunk,,
TRS_SBY_0565,1131.8,osm,highway=trunk,,
TRS_SBY_0566,627.1,osm,highway=trunk,,
TRS_SBY_0567,527.8,osm,highway=trunk,,
TRS_SBY_0568,520.5,osm,highway=trunk,,
TRS_SBY_0569,513.2,osm,highway=trunk,,
TRS_SBY_0570,587.0,osm,highway=trunk,,
TRS_SBY_0571,1115.5,osm,highway=trunk,,
TRS_SBY_0572,1049.3,osm,highway=trunk,,
TRS_SBY_0573,1018.6,osm,highway=trunk,,
TRS_SBY_0574,1004.6,osm,highway=trunk,,
TRS_SBY_0575,979.7,osm,highway=trunk,,
TRS_SBY_0576,928.8,osm,highway=trunk,,
TRS_SBY_0577,877.4,osm,highway=trunk,,
TRS_SBY_0578,910.0,osm,highway=trunk,,
TRS_SBY_0579,844.0,osm,highway=trunk,,
TRS_SBY_0580,839.5,osm,highway=trunk,,
TRS_SBY_0581,953.8,osm,highway=trunk,,
TRS_SBY_0582,1202.2,osm,highway=trunk,,
TRS_SBY_0583,1118.6,osm,highway=trunk,,
TRS_SBY_0584,1277.1,osm,highway=trunk,,
TRS_SBY_0585,1198.9,osm,highway=trunk,,
TRS_SBY_0586,1302.5,osm,highway=trunk,,
TRS_SBY_0587,1289.6,osm,highway=trunk,,
TRS_SBY_0588,1374.0,osm,highway=trunk,,
TRS_SBY_0589,1389.2,osm,highway=trunk,,
TRS_SBY_0590,1442.0,osm,highway=trunk,,
TRS_SBY_0591,1412.6,osm,highway=trunk,,
TRS_SBY_0592,1356.9,osm,highway=trunk,,
TRS_SBY_0593,1265.1,osm,highway=trunk,,
TRS_SBY_0594,1278.4,osm,highway=trunk,,
TRS_SBY_0595,1139.7,osm,highway=trunk,,
TRS_SBY_0596,1130.6,osm,highway=trunk,,
TRS_SBY_0597,1241.0,osm,highway=trunk,,
TRS_SBY_0598,1468.1,osm,highway=trunk,,
TRS_SBY_0599,1500.7,osm,highway=trunk,,
TRS_SBY_0600,1532.4,osm,highway=trunk,,
TRS_SBY_0601,1514.5,osm,highway=trunk,,
TRS_SBY_0602,1482.9,osm,highway=trunk,,
TRS_SBY_0603,1468.3,osm,highway=trunk,,
TRS_SBY_0604,1425.1,osm,highway=trunk,,
TRS_SBY_0605,1374.2,osm,highway=trunk,,
TRS_SBY_0606,1081.1,osm,highway=trunk,,
TRS_SBY_0607,1366.6,osm,highway=trunk,,
TRS_SBY_0608,1240.4,osm,highway=trunk,,
TRS_SBY_0609,1244.1,osm,highway=trunk,,
TRS_SBY_0610,1330.3,osm,highway=trunk,,
TRS_SBY_0611,1409.7,osm,highway=trunk,,
TRS_SBY_0612,1494.4,osm,highway=trunk,,
TRS_SBY_0613,1554.0,osm,highway=trunk,,
TRS_SBY_0614,1629.7,osm,highway=trunk,,
TRS_SBY_0615,1502.8,osm,highway=trunk,,
TRS_SBY_0616,1588.8,osm,highway=trunk,,
TRS_SBY_0617,1209.1,osm,highway=trunk,,
TRS_SBY_0618,1057.3,osm,highway=trunk,,
TRS_SBY_0619,1409.6,osm,highway=trunk,,
TRS_SBY_0620,1403.3,osm,highway=trunk,,
TRS_SBY_0621,1401.8,osm,highway=trunk,,
TRS_SBY_0622,1442.1,osm,highway=trunk,,
TRS_SBY_0623,1361.5,osm,highway=trunk,,
TRS_SBY_0624,1272.6,osm,highway=trunk,,
TRS_SBY_0625,1312.3,osm,highway=trunk,,
TRS_SBY_0626,1434.8,osm,highway=trunk,,
TRS_SBY_0627,1553.7,osm,highway=trunk,,
TRS_SBY_0628,1525.0,osm,highway=trunk,,
TRS_SBY_0629,1494.0,osm,highway=trunk,,
TRS_SBY_0630,1466.9,osm,highway=trunk,,
TRS_SBY_0631,1406.6,osm,highway=trunk,,
TRS_SBY_0632,1392.0,osm,highway=trunk,,
TRS_SBY_0633,1597.6,osm,highway=trunk,,
TRS_SBY_0634,1633.6,osm,highway=trunk,,
TRS_SBY_0635,1760.3,osm,highway=trunk,,
TRS_SBY_0636,1409.5,osm,highway=trunk,,
TRS_SBY_0637,259.5,osm,man_made=breakwater,,
TRS_SBY_0637,294.3,osm,man_made=breakwater,,
TRS_SBY_0637,1435.7,osm,highway=trunk,,
TRS_SBY_0638,1466.4,osm,highway=trunk,,
TRS_SBY_0639,1480.1,osm,highway=trunk,,
TRS_SBY_0640,1476.9,osm,highway=trunk,,
TRS_SBY_0641,1360.3,osm,highway=trunk,,
TRS_SBY_0642,1233.8,osm,highway=trunk,,
TRS_SBY_0643,1126.6,osm,highway=trunk,,
TRS_SBY_0644,1079.6,osm,highway=trunk,,
TRS_SBY_0645,1075.4,osm,highway=trunk,,
TRS_SBY_0646,1145.9,osm,highway=trunk,,
TRS_SBY_0647,984.9,osm,highway=trunk,,
TRS_SBY_0648,991.6,osm,highway=trunk,,
TRS_SBY_0649,892.4,osm,highway=trunk,,
TRS_SBY_0650,882.1,osm,highway=trunk,,
TRS_SBY_0651,999.9,osm,highway=trunk,,
TRS_SBY_0652,968.2,osm,highway=trunk,,
TRS_SBY_0653,657.9,osm,highway=trunk,,
TRS_SBY_0654,560.3,osm,highway=trunk,,
TRS_SBY_0655,579.0,osm,highway=trunk,,
TRS_SBY_0656,580.1,osm,highway=trunk,,
TRS_SBY_0657,557.2,osm,highway=trunk,,
TRS_SBY_0658,686.9,osm,highway=trunk,,
TRS_SBY_0659,695.3,osm,highway=trunk,,
TRS_SBY_0660,724.0,osm,highway=trunk,,
TRS_SBY_0661,860.4,osm,highway=trunk,,
TRS_SBY_0662,679.9,osm,highway=trunk,,
TRS_SBY_0663,1022.2,osm,highway=trunk,,
TRS_SBY_0664,920.8,osm,highway=trunk,,
TRS_SBY_0665,884.9,osm,highway=trunk,,
TRS_SBY_0666,969.4,osm,highway=trunk,,
TRS_SBY_0667,1025.1,osm,highway=trunk,,
TRS_SBY_0668,1105.3,osm,highway=trunk,,
TRS_SBY_0669,1140.5,osm,highway=trunk,,
TRS_SBY_0670,1201.2,osm,highway=trunk,,
TRS_SBY_0671,1278.7,osm,highway=trunk,,
TRS_SBY_0672,1336.6,osm,highway=trunk,,
TRS_SBY_0673,725.5,osm,highway=trunk,,
TRS_SBY_0674,641.8,osm,highway=trunk,,
TRS_SBY_0675,842.7,osm,highway=trunk,,
TRS_SBY_0676,1554.5,osm,highway=trunk,,
TRS_SBY_0677,1746.2,osm,highway=trunk,,
TRS_SBY_0678,1890.3,osm,highway=trunk,,
TRS_SBY_0679,2082.0,osm,highway=trunk,,
TRS_SBY_0680,2130.5,osm,highway=trunk,,
TRS_SBY_0681,2285.4,osm,highway=trunk,,
TRS_SBY_0682,2346.1,osm,highway=trunk,,
TRS_SBY_0683,2547.6,osm,highway=trunk,,
TRS_SBY_0684,2646.3,osm,highway=trunk,,
TRS_SBY_0685,2812.8,osm,highway=trunk,,
TRS_SBY_0686,2838.4,osm,highway=trunk,,
TRS_SBY_0687,2906.5,osm,highway=trunk,,
TRS_SBY_0688,2482.5,osm,highway=trunk,,
TRS_SBY_0689,2144.4,osm,highway=trunk,,
TRS_SBY_0690,2104.2,osm,highway=trunk,,
TRS_SBY_0691,2073.2,osm,highway=trunk,,
TRS_SBY_0692,2066.3,osm,highway=trunk,,
TRS_SBY_0693,2070.1,osm,highway=trunk,,
TRS_SBY_0694,2094.0,osm,highway=trunk,,
TRS_SBY_0701,2855.4,osm,highway=trunk,,
TRS_SBY_0702,2666.7,osm,highway=trunk,,
TRS_SBY_0703,2554.0,osm,highway=trunk,,
TRS_SBY_0704,2497.0,osm,highway=trunk,,
TRS_SBY_0705,2447.1,osm,highway=trunk,,
TRS_SBY_0706,2418.5,osm,highway=trunk,,
TRS_SBY_0707,2285.0,osm,highway=trunk,,
TRS_SBY_0708,2100.0,osm,highway=trunk,,
TRS_SBY_0709,1998.2,osm,highway=trunk,,
TRS_SBY_0710,2091.3,osm,highway=trunk,,
TRS_SBY_0711,2142.3,osm,highway=trunk,,
TRS_SBY_0712,2182.0,osm,highway=trunk,,
TRS_SBY_0713,2193.6,osm,highway=trunk,,
TRS_SBY_0714,2125.3,osm,highway=trunk,,
TRS_SBY_0715,1663.4,osm,highway=trunk,,
TRS_SBY_0716,1579.5,osm,highway=trunk,,
TRS_SBY_0717,1561.2,osm,highway=trunk,,
TRS_SBY_0718,1480.2,osm,highway=trunk,,
TRS_SBY_0719,1500.1,osm,highway=trunk,,
TRS_SBY_0720,1471.3,osm,highway=trunk,,
TRS_SBY_0721,1459.4,osm,highway=trunk,,
TRS_SBY_0722,1433.3,osm,highway=trunk,,
TRS_SBY_0723,1462.6,osm,highway=trunk,,
TRS_SBY_0724,1394.3,osm,highway=trunk,,
TRS_SBY_0725,1304.4,osm,highway=trunk,,
TRS_SBY_0726,1233.6,osm,highway=trunk,,
TRS_SBY_0727,1252.0,osm,highway=trunk,,
TRS_SBY_0728,1223.5,osm,highway=trunk,,
TRS_SBY_0729,1183.0,osm,highway=trunk,,
TRS_SBY_0730,1177.2,osm,highway=trunk,,
TRS_SBY_0731,1140.4,osm,highway=trunk,,
TRS_SBY_0732,1297.2,osm,highway=trunk,,
TRS_SBY_0733,1527.4,osm,highway=trunk,,
TRS_SBY_0734,1016.3,osm,highway=trunk,,
TRS_SBY_0735,1009.3,osm,highway=trunk,,
TRS_SBY_0736,929.9,osm,highway=trunk,,
TRS_SBY_0737,883.2,osm,highway=trunk,,
TRS_SBY_0738,889.1,osm,highway=trunk,,
TRS_SBY_0739,837.3,osm,highway=trunk,,
TRS_SBY_0740,795.1,osm,highway=trunk,,
TRS_SBY_0741,705.2,osm,highway=trunk,,
TRS_SBY_0742,694.2,osm,highway=trunk,,
TRS_SBY_0743,779.2,osm,highway=trunk,,
TRS_SBY_0744,754.7,osm,highway=trunk,,
TRS_SBY_0745,751.3,osm,highway=trunk,,
TRS_SBY_0746,727.1,osm,highway=trunk,,
TRS_SBY_0747,747.9,osm,highway=trunk,,
TRS_SBY_0748,827.4,osm,highway=trunk,,
TRS_SBY_0749,878.1,osm,highway=trunk,,
TRS_SBY_0750,925.7,osm,highway=trunk,,
TRS_SBY_0751,979.6,osm,highway=trunk,,
TRS_SBY_0752,1024.6,osm,highway=trunk,,
TRS_SBY_0753,1065.8,osm,highway=trunk,,
TRS_SBY_0754,1118.6,osm,highway=trunk,,
TRS_SBY_0755,1195.2,osm,highway=trunk,Jalan Ki Lemah Duwur,
TRS_SBY_0755,1758.0,osm,highway=trunk,Jalan Pertahanan,
TRS_SBY_0755,2094.8,osm,highway=trunk,Jalan Kapten Syafiri,
TRS_SBY_0756,2077.6,osm,highway=trunk,Jalan Kapten Syafiri,
TRS_SBY_0757,2181.6,osm,highway=trunk,Jalan Kapten Syafiri,
TRS_SBY_0758,2216.6,osm,highway=trunk,Jalan Kapten Syafiri,
TRS_SBY_0758,3177.9,osm,highway=trunk,Jalan Pemuda Kaffa,
TRS_SBY_0758,3204.7,osm,highway=trunk,Jalan Pemuda Kaffa,
TRS_SBY_0759,2257.0,osm,highway=trunk,Jalan Kapten Syafiri,
TRS_SBY_0759,2322.1,osm,highway=trunk,Jalan Pemuda Kaffa,
TRS_SBY_0759,2343.5,osm,highway=trunk,Jalan Pemuda Kaffa,
TRS_SBY_0759,3038.7,osm,highway=trunk,Jalan Halim Perdana Kusuma,
TRS_SBY_0767,3369.1,osm,highway=trunk,Jalan Halim Perdana Kusuma,
TRS_SBY_0768,3136.4,osm,highway=trunk,Jalan Halim Perdana Kusuma,
TRS_SBY_0769,2885.6,osm,highway=trunk,Jalan Halim Perdana Kusuma,
TRS_SBY_0770,2651.8,osm,highway=trunk,Jalan Halim Perdana Kusuma,
TRS_SBY_0771,2477.7,osm,highway=trunk,Jalan Halim Perdana Kusuma,
TRS_SBY_0772,2345.0,osm,highway=trunk,Jalan Halim Perdana Kusuma,
TRS_SBY_0773,2352.4,osm,highway=trunk,Jalan Soekarno-Hatta,
TRS_SBY_0773,2362.7,osm,highway=trunk,Jalan Soekarno-Hatta,
TRS_SBY_0774,2438.2,osm,highway=trunk,Jalan Soekarno-Hatta,
TRS_SBY_0774,2448.0,osm,highway=trunk,Jalan Soekarno-Hatta,
TRS_SBY_0775,2650.8,osm,highway=trunk,,
TRS_SBY_0776,2865.2,osm,highway=trunk,,
TRS_SBY_0777,3173.6,osm,highway=trunk,,
TRS_SBY_0778,3258.3,osm,highway=trunk,,
TRS_SBY_0779,3476.6,osm,highway=trunk,,
TRS_SBY_0821,3408.8,osm,highway=trunk,,
TRS_SBY_0822,2011.4,osm,highway=trunk,,
TRS_SBY_0823,1503.9,osm,highway=trunk,,
TRS_SBY_0824,1445.1,osm,highway=trunk,,
TRS_SBY_0825,1304.0,osm,highway=trunk,,
TRS_SBY_0826,1287.2,osm,highway=trunk,,
TRS_SBY_0827,1319.7,osm,highway=trunk,,
TRS_SBY_0828,1350.4,osm,highway=trunk,,
TRS_SBY_0829,1394.1,osm,highway=trunk,,
TRS_SBY_0830,1437.5,osm,highway=trunk,,
TRS_SBY_0831,1447.3,osm,highway=trunk,,
TRS_SBY_0832,1489.2,osm,highway=trunk,,
TRS_SBY_0833,1551.7,osm,highway=trunk,,
TRS_SBY_0834,1620.5,osm,highway=trunk,,
TRS_SBY_0835,1687.8,osm,highway=trunk,,
TRS_SBY_0836,1805.5,osm,highway=trunk,,
TRS_SBY_0837,1885.0,osm,highway=trunk,,
TRS_SBY_0838,1988.8,osm,highway=trunk,,
TRS_SBY_0839,2029.4,osm,highway=trunk,,
TRS_SBY_0840,2106.2,osm,highway=trunk,,
TRS_SBY_0841,2238.7,osm,highway=trunk,,
TRS_SBY_0842,2273.5,osm,highway=trunk,,
TRS_SBY_0843,2390.3,osm,highway=trunk,,
TRS_SBY_0844,2526.1,osm,highway=trunk,,
TRS_SBY_0845,2651.2,osm,highway=trunk,,
TRS_SBY_0846,2811.4,osm,highway=trunk,,
TRS_SBY_0847,2948.2,osm,highway=trunk,,
TRS_SBY_0848,3001.2,osm,highway=trunk,,
TRS_SBY_0849,3049.8,osm,highway=trunk,,
TRS_SBY_0850,3109.3,osm,highway=trunk,,
TRS_SBY_0851,3156.0,osm,highway=trunk,,
TRS_SBY_0852,3073.8,osm,highway=trunk,,
TRS_SBY_0853,2835.7,osm,highway=trunk,,
TRS_SBY_0854,2756.1,osm,highway=trunk,,
TRS_SBY_0855,2680.1,osm,highway=trunk,,
TRS_SBY_0856,2619.4,osm,highway=trunk,,
TRS_SBY_0857,2594.5,osm,highway=trunk,,
TRS_SBY_0858,2542.3,osm,highway=trunk,,
TRS_SBY_0859,2427.8,osm,highway=trunk,,
TRS_SBY_0860,2272.2,osm,highway=trunk,,
TRS_SBY_0861,2032.3,osm,highway=trunk,,
TRS_SBY_0862,1835.3,osm,highway=trunk,,
TRS_SBY_0863,1641.6,osm,highway=trunk,,
TRS_SBY_0864,1432.9,osm,highway=trunk,,
TRS_SBY_0865,1494.2,osm,highway=trunk,,
TRS_SBY_0866,1170.6,osm,highway=trunk,,
TRS_SBY_0867,541.6,osm,highway=trunk,,
TRS_SBY_0894,306.7,osm,highway=trunk,Jembatan Suramadu,
TRS_SBY_0894,371.4,osm,highway=trunk,Jembatan Suramadu,
TRS_SBY_0895,1172.9,osm,highway=trunk,Jalan Raya Suramadu,
TRS_SBY_0895,1202.5,osm,highway=trunk,Jalan Raya Suramadu,
TRS_SBY_0896,1550.1,osm,highway=trunk,Jalan Raya Suramadu,
TRS_SBY_0896,1584.7,osm,highway=trunk,Jalan Raya Suramadu,
TRS_SBY_0897,1983.6,osm,highway=trunk,Jalan Raya Suramadu,
TRS_SBY_0897,2019.9,osm,highway=trunk,Jalan Raya Suramadu,
TRS_SBY_0898,2667.5,osm,highway=trunk,Jalan Raya Suramadu,
TRS_SBY_0898,2730.2,osm,highway=trunk,Jalan Raya Suramadu,
TRS_SBY_0899,3392.6,osm,highway=trunk,Jalan Raya Suramadu,
TRS_SBY_0899,3456.1,osm,highway=trunk,Jalan Raya Suramadu,
TRS_SBY_1068,3284.4,osm,highway=primary,Jalan Raya Ragung - Sampang,
TRS_SBY_1069,3165.0,osm,highway=primary,Jalan Raya Ragung - Sampang,
TRS_SBY_1070,2934.0,osm,highway=primary,Jalan Raya Ragung - Sampang,
TRS_SBY_1071,2565.0,osm,highway=primary,Jalan Raya Ragung - Sampang,
TRS_SBY_1072,2072.5,osm,highway=primary,Jalan Raya Ragung - Sampang,
TRS_SBY_1073,1873.9,osm,highway=primary,Jalan Raya Ragung - Sampang,
TRS_SBY_1074,1827.1,osm,highway=primary,Jalan Raya Ragung - Sampang,
TRS_SBY_1075,1871.0,osm,highway=primary,Jalan Raya Ragung - Sampang,
TRS_SBY_1076,1913.8,osm,highway=primary,Jalan Raya Ragung - Sampang,
TRS_SBY_1077,1988.1,osm,highway=primary,Jalan Raya Ragung - Sampang,
TRS_SBY_1078,2243.7,osm,highway=primary,Jalan Raya Ragung - Sampang,
TRS_SBY_1079,2850.0,osm,highway=primary,Jalan Raya Ragung - Sampang,
TRS_SBY_1080,3372.7,osm,highway=primary,Jalan Raya Ragung - Sampang,
TRS_SBY_1083,3348.0,osm,highway=primary,Jalan Raya Ragung - Sampang,
TRS_SBY_1084,3065.0,osm,highway=primary,Jalan Raya Ragung - Sampang,
TRS_SBY_1085,2768.0,osm,highway=primary,Jalan Raya Ragung - Sampang,
TRS_SBY_1086,2483.3,osm,highway=primary,Jalan Raya Ragung - Sampang,
TRS_SBY_1087,2205.4,osm,highway=primary,Jalan Raya Ragung - Sampang,
TRS_SBY_1088,2002.9,osm,highway=primary,Jalan Raya Ragung - Sampang,
TRS_SBY_1089,1847.2,osm,highway=primary,Jalan Raya Ragung - Sampang,
TRS_SBY_1090,1697.2,osm,highway=primary,Jalan Raya Ragung - Sampang,
TRS_SBY_1091,1535.8,osm,highway=primary,Jalan Raya Ragung - Sampang,
TRS_SBY_1092,1373.5,osm,highway=primary,Jalan Raya Ragung - Sampang,
TRS_SBY_1093,1208.3,osm,highway=primary,Jalan Raya Ragung - Sampang,
TRS_SBY_1094,1034.3,osm,highway=primary,Jalan Raya Ragung - Sampang,
TRS_SBY_1095,861.5,osm,highway=primary,Jalan Raya Ragung - Sampang,
TRS_SBY_1096,742.2,osm,highway=primary,Jalan Raya Ragung - Sampang,
TRS_SBY_1097,764.3,osm,highway=primary,Jalan Raya Ragung - Sampang,
TRS_SBY_1098,787.7,osm,highway=primary,Jalan Raya Ragung - Sampang,
TRS_SBY_1099,841.9,osm,highway=primary,Jalan Raya Ragung - Sampang,
TRS_SBY_1100,887.8,osm,highway=primary,Jalan Raya Ragung - Sampang,
TRS_SBY_1101,990.0,osm,highway=primary,Jalan Raya Ragung - Sampang,
TRS_SBY_1102,1056.9,osm,highway=primary,Jalan Raya Ragung - Sampang,
TRS_SBY_1103,1139.2,osm,highway=primary,Jalan Raya Ragung - Sampang,
TRS_SBY_1104,1212.4,osm,highway=primary,Jalan Raya Ragung - Sampang,
TRS_SBY_1105,1292.2,osm,highway=primary,Jalan Raya Ragung - Sampang,
TRS_SBY_1106,1422.0,osm,highway=primary,Jalan Raya Ragung - Sampang,
TRS_SBY_1107,1649.0,osm,highway=primary,Jalan Raya Ragung - Sampang,
TRS_SBY_1108,2083.5,osm,highway=primary,Jalan Raya Ragung - Sampang,
TRS_SBY_1109,2272.0,osm,highway=primary,Jalan Raya Ragung - Sampang,
TRS_SBY_1110,2435.7,osm,highway=primary,Jalan Raya Ragung - Sampang,
TRS_SBY_1111,2604.1,osm,highway=primary,Jalan Raya Ragung - Sampang,
TRS_SBY_1112,2651.1,osm,highway=primary,Jalan Raya Ragung - Sampang,
TRS_SBY_1113,2346.8,osm,highway=primary,Jalan Haji Makboel,
TRS_SBY_1114,2433.0,osm,highway=primary,Jalan Haji Makboel,
TRS_SBY_1115,2483.7,osm,highway=primary,Jalan Haji Makboel,
TRS_SBY_1116,2504.9,osm,highway=primary,Jalan Haji Makboel,
TRS_SBY_1117,2482.5,osm,highway=primary,Jalan Haji Makboel,
TRS_SBY_1118,2282.2,osm,highway=primary,Jalan Haji Makboel,
TRS_SBY_1119,2206.4,osm,highway=trunk,Jalan KH. Agus Salim,
TRS_SBY_1120,2164.4,osm,highway=trunk,Jalan KH. Agus Salim,
TRS_SBY_1121,2159.4,osm,highway=trunk,Jalan KH. Agus Salim,
TRS_SBY_1122,2121.2,osm,highway=trunk,Jalan KH. Agus Salim,
TRS_SBY_1123,2021.3,osm,highway=trunk,Jalan KH. Agus Salim,
TRS_SBY_1124,1747.6,osm,highway=trunk,Jalan KH. Agus Salim,
TRS_SBY_1125,1386.3,osm,highway=trunk,Jalan KH. Agus Salim,
TRS_SBY_1126,1429.8,osm,highway=trunk,Jalan KH. Agus Salim,
TRS_SBY_1127,1198.7,osm,highway=trunk,Jalan KH. Agus Salim,
TRS_SBY_1128,913.7,osm,highway=trunk,Jalan Raya Camplong,
TRS_SBY_1129,760.2,osm,highway=trunk,Jalan Raya Camplong,
TRS_SBY_1130,694.8,osm,highway=trunk,Jalan Raya Camplong,
TRS_SBY_1131,646.1,osm,highway=trunk,Jalan Raya Camplong,
TRS_SBY_1132,568.6,osm,highway=trunk,Jalan Raya Camplong,
TRS_SBY_1133,536.5,osm,highway=trunk,Jalan Raya Camplong,
TRS_SBY_1134,509.4,osm,highway=trunk,Jalan Raya Camplong,
TRS_SBY_1135,523.6,osm,highway=trunk,Jalan Raya Camplong,
TRS_SBY_1136,555.2,osm,highway=trunk,Jalan Raya Camplong,
TRS_SBY_1137,559.8,osm,highway=trunk,Jalan Raya Camplong,
TRS_SBY_1138,508.5,osm,highway=trunk,Jalan Raya Camplong,
TRS_SBY_1139,884.4,osm,highway=trunk,Jalan Raya Camplong,
TRS_SBY_1140,568.9,osm,highway=trunk,Jalan Raya Camplong,
TRS_SBY_1141,510.9,osm,highway=trunk,Jalan Raya Camplong,
TRS_SBY_1142,550.0,osm,highway=trunk,Jalan Raya Camplong,
TRS_SBY_1143,546.8,osm,highway=trunk,Jalan Raya Camplong,
TRS_SBY_1144,590.8,osm,highway=trunk,Jalan Raya Camplong,
TRS_SBY_1145,638.8,osm,highway=trunk,Jalan Raya Camplong,
TRS_SBY_1146,639.4,osm,highway=trunk,Jalan Raya Camplong,
TRS_SBY_1147,734.3,osm,highway=trunk,Jalan Raya Camplong,
TRS_SBY_1148,727.3,osm,highway=trunk,Jalan Raya Camplong,
TRS_SBY_1149,676.8,osm,highway=trunk,Jalan Raya Camplong,
TRS_SBY_1150,664.3,osm,highway=trunk,Jalan Raya Camplong,
TRS_SBY_1151,694.1,osm,highway=trunk,Jalan Raya Camplong,
TRS_SBY_1152,737.5,osm,highway=trunk,Jalan Raya Camplong,
TRS_SBY_1153,691.9,osm,highway=trunk,Jalan Raya Camplong,
TRS_SBY_1154,604.1,osm,highway=trunk,Jalan Raya Camplong,
TRS_SBY_1155,551.8,osm,highway=trunk,Jalan Raya Camplong,
TRS_SBY_1156,574.3,osm,highway=trunk,Jalan Raya Camplong,
TRS_SBY_1157,629.3,osm,highway=trunk,Jalan Raya Camplong,
TRS_SBY_1158,927.0,osm,highway=trunk,Jalan Raya Camplong,
TRS_SBY_1159,509.1,osm,highway=trunk,Jalan Raya Camplong,
TRS_SBY_1160,512.5,osm,highway=trunk,Jalan Raya Camplong,
TRS_SBY_1161,922.0,osm,highway=trunk,,
TRS_SEM_0001,874.0,osm,highway=primary,,
TRS_SEM_0001,874.0,osm,highway=primary,,
TRS_SEM_0002,950.1,osm,highway=primary,,
TRS_SEM_0002,950.1,osm,highway=primary,,
TRS_SEM_0003,999.9,osm,highway=primary,,
TRS_SEM_0003,999.9,osm,highway=primary,,
TRS_SEM_0004,1063.5,osm,highway=primary,,
TRS_SEM_0004,1063.5,osm,highway=primary,,
TRS_SEM_0005,1100.5,osm,highway=primary,,
TRS_SEM_0005,1100.5,osm,highway=primary,,
TRS_SEM_0006,1116.3,osm,highway=primary,,
TRS_SEM_0006,1116.3,osm,highway=primary,,
TRS_SEM_0006,3362.8,osm,highway=primary,,
TRS_SEM_0007,1154.7,osm,highway=primary,,
TRS_SEM_0007,1154.7,osm,highway=primary,,
TRS_SEM_0007,2480.8,osm,highway=primary,,
TRS_SEM_0008,1258.7,osm,highway=primary,,
TRS_SEM_0008,1258.7,osm,highway=primary,,
TRS_SEM_0008,1981.1,osm,highway=primary,,
TRS_SEM_0009,1382.6,osm,highway=primary,,
TRS_SEM_0009,1552.8,osm,highway=primary,,
TRS_SEM_0028,3065.6,osm,man_made=embankment,,
TRS_SEM_0028,3072.5,osm,man_made=embankment,,
TRS_SEM_0029,2948.1,osm,man_made=embankment,,
TRS_SEM_0029,2955.2,osm,man_made=embankment,,
TRS_SEM_0030,2839.7,osm,man_made=embankment,,
TRS_SEM_0030,2847.0,osm,man_made=embankment,,
TRS_SEM_0031,2711.3,osm,man_made=embankment,,
TRS_SEM_0031,2718.4,osm,man_made=embankment,,
TRS_SEM_0032,3063.7,osm,man_made=embankment,,
TRS_SEM_0032,3068.8,osm,man_made=embankment,,
TRS_SEM_0033,3196.4,osm,man_made=embankment,,
TRS_SEM_0033,3201.5,osm,man_made=embankment,,
TRS_SEM_0083,1520.7,osm,man_made=embankment,,
TRS_SEM_0083,1559.5,osm,man_made=embankment,,
TRS_SEM_0083,1608.7,osm,man_made=embankment,,
TRS_SEM_0083,1630.7,osm,man_made=embankment,,
TRS_SEM_0084,2675.4,osm,man_made=embankment,,
TRS_SEM_0084,2692.5,osm,man_made=embankment,,
TRS_SEM_0085,2917.3,osm,man_made=embankment,,
TRS_SEM_0085,2938.5,osm,man_made=embankment,,
TRS_SEM_0086,2779.4,osm,man_made=embankment,,
TRS_SEM_0086,2792.7,osm,man_made=embankment,,
TRS_SEM_0086,3184.8,osm,man_made=embankment,,
TRS_SEM_0086,3196.4,osm,man_made=embankment,,
TRS_SEM_0087,2835.5,osm,man_made=embankment,,
TRS_SEM_0087,2847.5,osm,man_made=embankment,,
TRS_SEM_0087,3230.7,osm,man_made=embankment,,
TRS_SEM_0087,3241.9,osm,man_made=embankment,,
TRS_SEM_0088,2976.4,osm,man_made=embankment,,
TRS_SEM_0088,2987.4,osm,man_made=embankment,,
TRS_SEM_0088,3364.8,osm,man_made=embankment,,
TRS_SEM_0088,3376.2,osm,man_made=embankment,,
TRS_SEM_0089,3247.7,osm,man_made=embankment,,
TRS_SEM_0089,3258.6,osm,man_made=embankment,,
TRS_SEM_0127,624.5,osm,highway=construction:motorway,Jalan Tol Semarang–Demak,2025.0
TRS_SEM_0127,664.5,osm,highway=construction:motorway,Jalan Tol Semarang–Demak,2025.0
TRS_SEM_0128,570.7,osm,highway=construction:motorway,Jalan Tol Semarang–Demak,2025.0
TRS_SEM_0128,595.4,osm,highway=construction:motorway,Jalan Tol Semarang–Demak,2025.0
TRS_SEM_0129,559.5,osm,highway=construction:motorway,Jalan Tol Semarang–Demak,2025.0
TRS_SEM_0129,581.2,osm,highway=construction:motorway,Jalan Tol Semarang–Demak,2025.0
TRS_SEM_0129,1909.9,osm,man_made=embankment,,
TRS_SEM_0129,2002.0,osm,man_made=embankment,,
TRS_SEM_0130,563.2,osm,highway=construction:motorway,Jalan Tol Semarang–Demak,2024.0
TRS_SEM_0130,584.1,osm,highway=construction:motorway,Jalan Tol Semarang–Demak,2024.0
TRS_SEM_0130,1286.4,osm,man_made=embankment,,
TRS_SEM_0130,1390.2,osm,man_made=embankment,,
TRS_SEM_0131,3447.5,osm,highway=trunk,Jalan Raya Semarang-Demak,
TRS_SEM_0131,3458.8,osm,highway=trunk,Jalan Raya Semarang-Demak,
TRS_SEM_0132,550.6,osm,highway=construction:motorway,Jalan Tol Semarang–Demak,2025.0
TRS_SEM_0132,575.6,osm,highway=construction:motorway,Jalan Tol Semarang–Demak,2025.0
TRS_SEM_0132,3371.2,osm,highway=trunk,Jalan Raya Semarang-Demak,
TRS_SEM_0132,3381.4,osm,highway=trunk,Jalan Raya Semarang-Demak,
TRS_SEM_0133,551.5,osm,highway=construction:motorway,Jalan Tol Semarang–Demak,2025.0
TRS_SEM_0133,575.2,osm,highway=construction:motorway,Jalan Tol Semarang–Demak,2025.0
TRS_SEM_0133,3308.0,osm,highway=trunk,Jalan Raya Semarang-Demak,
TRS_SEM_0133,3318.3,osm,highway=trunk,Jalan Raya Semarang-Demak,
TRS_SEM_0134,796.8,osm,highway=construction:motorway,Jalan Tol Semarang–Demak,2025.0
TRS_SEM_0134,819.7,osm,highway=construction:motorway,Jalan Tol Semarang–Demak,2025.0
TRS_SEM_0135,758.9,osm,highway=construction:motorway,Jalan Tol Semarang–Demak,2025.0
TRS_SEM_0135,783.1,osm,highway=construction:motorway,Jalan Tol Semarang–Demak,2025.0
TRS_SEM_0136,541.6,osm,highway=construction:motorway,Jalan Tol Semarang–Demak,2025.0
TRS_SEM_0136,565.4,osm,highway=construction:motorway,Jalan Tol Semarang–Demak,2025.0
TRS_SEM_0136,2668.5,osm,highway=living_street,,
TRS_SEM_0136,2936.1,osm,man_made=embankment,,
TRS_SEM_0136,3008.1,osm,man_made=embankment,,
TRS_SEM_0136,3008.2,osm,man_made=embankment,,
TRS_SEM_0136,3323.9,osm,highway=trunk,Jalan Raya Semarang-Demak,
TRS_SEM_0136,3334.2,osm,highway=trunk,Jalan Raya Semarang-Demak,
TRS_SEM_0137,553.5,osm,highway=construction:motorway,Jalan Tol Semarang–Demak,2025.0
TRS_SEM_0137,576.6,osm,highway=construction:motorway,Jalan Tol Semarang–Demak,2025.0
TRS_SEM_0137,2604.1,osm,man_made=embankment,,
TRS_SEM_0137,2669.6,osm,man_made=embankment,,
TRS_SEM_0137,3336.0,osm,highway=trunk,Jalan Raya Semarang-Demak,
TRS_SEM_0137,3348.5,osm,highway=trunk,Jalan Raya Semarang-Demak,
TRS_SEM_0138,555.2,osm,highway=construction:motorway,Jalan Tol Semarang–Demak,2025.0
TRS_SEM_0138,576.7,osm,highway=construction:motorway,Jalan Tol Semarang–Demak,2025.0
TRS_SEM_0138,2257.4,osm,man_made=embankment,,
TRS_SEM_0138,2323.7,osm,man_made=embankment,,
TRS_SEM_0138,3311.6,osm,highway=trunk,Jalan Raya Kaligawe,
TRS_SEM_0138,3321.5,osm,highway=trunk,Jalan Raya Semarang-Demak,
TRS_SEM_0139,552.3,osm,highway=construction:motorway,Jalan Tol Semarang–Demak,2025.0
TRS_SEM_0139,572.4,osm,highway=construction:motorway,Jalan Tol Semarang–Demak,2024.0
TRS_SEM_0139,1931.6,osm,man_made=embankment,,
TRS_SEM_0139,1994.3,osm,man_made=embankment,,
TRS_SEM_0139,3269.4,osm,highway=trunk,Jalan Raya Kaligawe,
TRS_SEM_0139,3280.3,osm,highway=trunk,Jalan Raya Semarang-Demak,
TRS_SEM_0140,550.3,osm,highway=construction:motorway,Jalan Tol Semarang–Demak,2023.0
TRS_SEM_0140,568.5,osm,highway=construction:motorway,Jalan Tol Semarang–Demak,2023.0
TRS_SEM_0140,989.1,osm,man_made=embankment,,
TRS_SEM_0140,1177.4,osm,man_made=embankment,,
TRS_SEM_0140,2292.2,osm,man_made=embankment,,
TRS_SEM_0140,2385.4,osm,man_made=embankment,,
TRS_SEM_0140,2948.1,osm,man_made=embankment,,
TRS_SEM_0140,2966.5,osm,man_made=embankment,,
TRS_SEM_0140,3220.6,osm,highway=trunk,Jalan Raya Kaligawe,
TRS_SEM_0140,3230.0,osm,highway=trunk,Jalan Raya Semarang-Demak,
TRS_SEM_0141,542.5,osm,highway=construction:motorway,Jalan Tol Semarang–Demak,2024.0
TRS_SEM_0141,558.7,osm,highway=construction:motorway,Jalan Tol Semarang–Demak,2024.0
TRS_SEM_0141,3134.0,osm,highway=trunk,Jalan Kaligawe Raya,
TRS_SEM_0141,3144.3,osm,highway=trunk,Jalan Raya Semarang-Demak,
TRS_SEM_0142,554.1,osm,highway=construction:motorway,Jalan Tol Semarang–Demak,2025.0
TRS_SEM_0142,568.3,osm,highway=construction:motorway,Jalan Tol Semarang–Demak,2025.0
TRS_SEM_0142,3030.5,osm,highway=trunk,Jalan Kaligawe Raya,
TRS_SEM_0142,3037.1,osm,highway=trunk,Jalan Raya Semarang-Demak,
TRS_SEM_0143,555.1,osm,highway=construction:motorway,Jalan Tol Semarang–Demak,2025.0
TRS_SEM_0143,570.6,osm,highway=construction:motorway,Jalan Tol Semarang–Demak,2025.0
TRS_SEM_0143,2945.6,osm,highway=trunk,Jalan Kaligawe Raya,
TRS_SEM_0143,2953.2,osm,highway=trunk,Jalan Kaligawe Raya,
TRS_SEM_0144,551.7,osm,highway=construction:motorway,Jalan Tol Semarang–Demak,2025.0
TRS_SEM_0144,567.2,osm,highway=construction:motorway,Jalan Tol Semarang–Demak,2025.0
TRS_SEM_0144,2878.9,osm,highway=trunk,Jalan Kaligawe Raya,
TRS_SEM_0144,2886.5,osm,highway=trunk,Jalan Kaligawe Raya,
TRS_SEM_0145,558.7,osm,highway=construction:motorway,Jalan Tol Semarang–Demak,2025.0
TRS_SEM_0145,574.1,osm,highway=construction:motorway,Jalan Tol Semarang–Demak,2025.0
TRS_SEM_0145,2826.8,osm,highway=trunk,Jalan Kaligawe Raya,
TRS_SEM_0145,2835.0,osm,highway=trunk,Jalan Kaligawe Raya,
TRS_SEM_0146,571.2,osm,highway=construction:motorway,Jalan Tol Semarang–Demak,2025.0
TRS_SEM_0146,587.1,osm,highway=construction:motorway,Jalan Tol Semarang–Demak,2025.0
TRS_SEM_0146,2763.7,osm,highway=trunk,Jalan Kaligawe Raya,
TRS_SEM_0146,2771.1,osm,highway=trunk,Jalan Kaligawe Raya,
TRS_SEM_0147,613.6,osm,highway=construction:motorway,Jalan Tol Semarang–Demak,2025.0
TRS_SEM_0147,630.9,osm,highway=construction:motorway,Jalan Tol Semarang–Demak,2025.0
TRS_SEM_0147,2654.3,osm,highway=trunk,Jalan Kaligawe Raya,
TRS_SEM_0147,2660.8,osm,highway=trunk,Jalan Kaligawe Raya,
TRS_SEM_0148,778.2,osm,highway=construction:motorway,Jalan Tol Semarang–Demak,2025.0
TRS_SEM_0148,799.8,osm,highway=construction:motorway,Jalan Tol Semarang–Demak,2025.0
TRS_SEM_0148,1952.5,osm,highway=trunk,Jalan Komdor Laut Yos Sudarso,
TRS_SEM_0148,1963.2,osm,highway=construction:motorway,Jalan Tol Semarang–Demak,
TRS_SEM_0148,1982.6,osm,highway=construction:motorway,Jalan Tol Semarang–Demak,
TRS_SEM_0148,2010.1,osm,highway=trunk,Jalan Komdor Laut Yos Sudarso,
TRS_SEM_0148,2448.0,osm,highway=trunk,Jalan Komdor Laut Yos Sudarso,
TRS_SEM_0148,2485.7,osm,highway=motorway,Jalan Tol Semarang,
TRS_SEM_0148,2525.4,osm,highway=motorway,Jalan Tol Semarang,
TRS_SEM_0148,2540.0,osm,highway=trunk,Jalan Raya Kaligawe,
TRS_SEM_0148,2547.9,osm,highway=trunk,Jalan Raden Patah,
TRS_SEM_0148,3482.9,osm,railway=rail,Jalur Kereta Api Tegal–Semarang–Brumbung,
TRS_SEM_0148,3493.4,osm,railway=rail,Jalur Kereta Api Tegal–Semarang–Brumbung,
TRS_SEM_0149,721.7,osm,man_made=embankment,,
TRS_SEM_0149,934.8,osm,man_made=embankment,,
TRS_SEM_0149,1328.1,osm,highway=construction:motorway,Jalan Tol Semarang–Demak,2024.0
TRS_SEM_0149,1349.2,osm,highway=construction:motorway,Jalan Tol Semarang–Demak,2024.0
TRS_SEM_0149,1918.5,osm,highway=trunk,Jalan Komdor Laut Yos Sudarso,
TRS_SEM_0149,1966.9,osm,highway=trunk,Jalan Komdor Laut Yos Sudarso,
TRS_SEM_0149,2088.5,osm,man_made=embankment,Tanggul Sungai Tenggang,
TRS_SEM_0149,2699.8,osm,highway=trunk,Jalan Raden Patah,
TRS_SEM_0149,2709.1,osm,highway=trunk,Jalan Raden Patah,
TRS_SEM_0149,3244.9,osm,highway=motorway,Jalan Tol Semarang,
TRS_SEM_0149,3268.9,osm,highway=motorway,Jalan Tol Semarang,
TRS_SEM_0149,3356.7,osm,railway=rail,Jalur Kereta Api Tegal–Semarang–Brumbung,
TRS_SEM_0149,3367.9,osm,railway=rail,Jalur Kereta Api Tegal–Semarang–Brumbung,
TRS_SEM_0150,598.6,osm,man_made=embankment,,
TRS_SEM_0150,778.2,osm,man_made=embankment,,
TRS_SEM_0150,1230.2,osm,highway=trunk,Jalan Komdor Laut Yos Sudarso,
TRS_SEM_0150,1267.8,osm,highway=trunk,Jalan Komdor Laut Yos Sudarso,
TRS_SEM_0150,2241.9,osm,highway=trunk,Jalan Raden Patah,
TRS_SEM_0150,2251.0,osm,highway=trunk,Jalan Raden Patah,
TRS_SEM_0150,2547.5,osm,railway=rail,Jalur Kereta Api Tegal–Semarang–Brumbung,
TRS_SEM_0150,2554.6,osm,railway=rail,Jalur Kereta Api Tegal–Semarang–Brumbung,
TRS_SEM_0150,3018.2,osm,highway=motorway,Jalan Tol Semarang,
TRS_SEM_0150,3036.8,osm,highway=motorway,Jalan Tol Semarang,
TRS_SEM_0151,734.6,osm,man_made=embankment,,
TRS_SEM_0151,882.3,osm,man_made=embankment,,
TRS_SEM_0151,978.3,osm,highway=trunk,Jalan Komdor Laut Yos Sudarso,
TRS_SEM_0151,1007.5,osm,highway=trunk,Jalan Komdor Laut Yos Sudarso,
TRS_SEM_0151,1883.0,osm,railway=rail,Jalur Kereta Api Tegal–Semarang–Brumbung,
TRS_SEM_0151,1894.7,osm,railway=rail,Jalur Kereta Api Tegal–Semarang–Brumbung,
TRS_SEM_0151,2067.9,osm,highway=trunk,Jalan Kaligawe Raya,
TRS_SEM_0151,2076.5,osm,highway=trunk,Jalan Kaligawe Raya,
TRS_SEM_0151,3041.9,osm,highway=motorway,Jalan Tol Semarang,
TRS_SEM_0151,3060.2,osm,highway=motorway,Jalan Tol Semarang,
TRS_SEM_0152,1091.7,osm,highway=trunk,Jalan Komdor Laut Yos Sudarso,
TRS_SEM_0152,1120.1,osm,highway=trunk,Jalan Komdor Laut Yos Sudarso,
TRS_SEM_0152,1135.2,osm,man_made=embankment,,
TRS_SEM_0152,1222.0,osm,man_made=embankment,,
TRS_SEM_0152,1714.2,osm,railway=rail,Jalur Kereta Api Tegal–Semarang–Brumbung,
TRS_SEM_0152,1723.1,osm,railway=rail,Jalur Kereta Api Tegal–Semarang–Brumbung,
TRS_SEM_0152,2176.2,osm,highway=trunk,Jalan Kaligawe Raya,
TRS_SEM_0152,2188.4,osm,highway=trunk,Jalan Kaligawe Raya,
TRS_SEM_0153,1404.5,osm,highway=trunk,Jalan Arteri Utara,
TRS_SEM_0153,1433.4,osm,highway=trunk,Jalan Arteri Utara,
TRS_SEM_0153,1940.1,osm,railway=rail,Jalur Kereta Api Tegal–Semarang–Brumbung,
TRS_SEM_0153,1947.6,osm,railway=rail,Jalur Kereta Api Tegal–Semarang–Brumbung,
TRS_SEM_0153,2113.8,osm,man_made=embankment,,
TRS_SEM_0153,2486.4,osm,highway=trunk,Jalan Kaligawe Raya,
TRS_SEM_0153,2500.8,osm,highway=trunk,Jalan Kaligawe Raya,
TRS_SEM_0153,2518.0,osm,man_made=embankment,,
TRS_SEM_0154,1146.6,osm,highway=trunk,Jalan Arteri Utara,
TRS_SEM_0154,1167.0,osm,highway=trunk,Jalan Arteri Utara,
TRS_SEM_0154,1640.5,osm,railway=rail,Jalur Kereta Api Tegal–Semarang–Brumbung,
TRS_SEM_0154,1645.3,osm,railway=rail,Jalur Kereta Api Tegal–Semarang–Brumbung,
TRS_SEM_0154,2194.7,osm,highway=trunk,Jalan Kaligawe Raya,
TRS_SEM_0154,2207.8,osm,highway=trunk,Jalan Kaligawe Raya,
TRS_SEM_0154,2267.3,osm,man_made=embankment,Tanggul,
TRS_SEM_0154,2317.3,osm,man_made=embankment,Tanggul,
TRS_SEM_0154,2927.2,osm,man_made=embankment,,
TRS_SEM_0154,3037.5,osm,man_made=embankment,,
TRS_SEM_0155,844.6,osm,highway=trunk,Jalan Arteri Utara,
TRS_SEM_0155,873.1,osm,highway=trunk,Jalan Arteri Utara,
TRS_SEM_0155,1321.0,osm,railway=rail,Jalur Kereta Api Tegal–Semarang–Brumbung,
TRS_SEM_0155,1325.9,osm,railway=rail,Jalur Kereta Api Tegal–Semarang–Brumbung,
TRS_SEM_0155,1865.4,osm,highway=trunk,Jalan Kaligawe Raya,
TRS_SEM_0155,1910.7,osm,highway=trunk,Jalan Kaligawe Raya,
TRS_SEM_0155,2856.2,osm,man_made=embankment,,
TRS_SEM_0155,2975.7,osm,man_made=embankment,,
TRS_SEM_0156,1597.7,osm,highway=trunk,Jalan Arteri Utara,
TRS_SEM_0156,1626.3,osm,highway=trunk,Jalan Arteri Utara,
TRS_SEM_0156,2060.9,osm,railway=rail,Jalur Kereta Api Tegal–Semarang–Brumbung,
TRS_SEM_0156,2066.0,osm,railway=rail,Jalur Kereta Api Tegal–Semarang–Brumbung,
TRS_SEM_0156,2515.5,osm,highway=trunk,Jalan Pengapon,
TRS_SEM_0156,2751.8,osm,highway=trunk,Jalan Raden Patah,
TRS_SEM_0157,1616.2,osm,highway=trunk,Jalan Arteri Utara,
TRS_SEM_0157,1634.1,osm,highway=trunk,Jalan Arteri Utara,
TRS_SEM_0157,2067.0,osm,railway=rail,Jalur Kereta Api Tegal–Semarang–Brumbung,
TRS_SEM_0157,2071.8,osm,railway=rail,Jalur Kereta Api Tegal–Semarang–Brumbung,
TRS_SEM_0157,2550.5,osm,highway=trunk,Jalan Pengapon,
TRS_SEM_0157,2798.0,osm,highway=trunk,Jalan Raden Patah,
TRS_SEM_0157,3418.6,osm,man_made=embankment,,
TRS_SEM_0157,3458.2,osm,man_made=embankment,,
TRS_SEM_0158,1619.2,osm,highway=trunk,Jalan Arteri Utara,
TRS_SEM_0158,1630.3,osm,highway=trunk,Jalan Arteri Utara,
TRS_SEM_0158,2060.7,osm,railway=rail,Jalur Kereta Api Tegal–Semarang–Brumbung,
TRS_SEM_0158,2067.3,osm,railway=rail,Jalur Kereta Api Tegal–Semarang–Brumbung,
TRS_SEM_0158,2587.0,osm,highway=trunk,Jalan Pengapon,
TRS_SEM_0158,2843.5,osm,highway=trunk,Jalan Raden Patah,
TRS_SEM_0158,3490.3,osm,highway=primary,Jalan Citarum Raya,
TRS_SEM_0159,1626.3,osm,highway=trunk,,
TRS_SEM_0159,1637.0,osm,highway=trunk,,
TRS_SEM_0159,2055.7,osm,railway=rail,Jalur Kereta Api Tegal–Semarang–Brumbung,
TRS_SEM_0159,2056.7,osm,railway=rail,,
TRS_SEM_0159,2062.6,osm,railway=rail,Jalur Kereta Api Tegal–Semarang–Brumbung,
TRS_SEM_0159,2642.2,osm,highway=trunk,Jalan Pengapon,
TRS_SEM_0159,2914.6,osm,highway=trunk,Jalan Raden Patah,
TRS_SEM_0159,3382.5,osm,highway=primary,Jalan Citarum Raya,
TRS_SEM_0160,1411.5,osm,railway=rail,,
TRS_SEM_0160,1516.2,osm,railway=rail,,
TRS_SEM_0160,1791.6,osm,highway=trunk,,
TRS_SEM_0160,1802.7,osm,highway=trunk,,
TRS_SEM_0160,2229.9,osm,railway=rail,,
TRS_SEM_0160,2235.5,osm,railway=rail,,
TRS_SEM_0160,2280.9,osm,railway=rail,Jalur Kereta Api Tegal–Semarang–Brumbung,
TRS_SEM_0160,2288.5,osm,railway=rail,Jalur Kereta Api Tegal–Semarang–Brumbung,
TRS_SEM_0160,2849.5,osm,highway=primary,,
TRS_SEM_0160,2858.3,osm,highway=primary,,
TRS_SEM_0160,2940.2,osm,highway=trunk,Jalan Ronggowarsito,
TRS_SEM_0160,3161.6,osm,highway=trunk,Jalan Raden Patah,
TRS_SEM_0160,3468.4,osm,highway=primary,Jalan Pattimura,
TRS_SEM_0161,1302.7,osm,railway=rail,,
TRS_SEM_0161,1316.8,osm,railway=rail,,
TRS_SEM_0161,1331.4,osm,railway=rail,,
TRS_SEM_0161,2670.1,osm,highway=trunk,,
TRS_SEM_0161,2681.8,osm,highway=trunk,,
TRS_SEM_0162,2754.4,osm,highway=trunk,,
TRS_SEM_0162,2765.3,osm,highway=trunk,,
TRS_SEM_0163,2800.5,osm,highway=trunk,,
TRS_SEM_0163,2812.1,osm,highway=trunk,,
TRS_SEM_0164,1300.9,osm,highway=trunk,,
TRS_SEM_0164,1312.4,osm,highway=trunk,,
TRS_SEM_0164,1670.3,osm,man_made=embankment,Tanggul,
TRS_SEM_0164,1769.8,osm,man_made=embankment,Tanggul,
TRS_SEM_0164,2029.8,osm,man_made=embankment,Tanggul,
TRS_SEM_0164,2066.8,osm,man_made=embankment,Tanggul,
TRS_SEM_0164,2556.5,osm,railway=rail,Jalur Kereta Api Tegal–Semarang–Brumbung,
TRS_SEM_0164,2561.6,osm,railway=rail,Jalur Kereta Api Tegal–Semarang–Brumbung,
TRS_SEM_0165,1476.2,osm,highway=trunk,,
TRS_SEM_0165,1486.5,osm,highway=trunk,,
TRS_SEM_0165,1602.7,osm,man_made=embankment,Tanggul,
TRS_SEM_0165,2127.3,osm,man_made=embankment,Tanggul,
TRS_SEM_0165,2168.3,osm,man_made=embankment,Tanggul,
TRS_SEM_0165,2768.3,osm,railway=rail,Jalur Kereta Api Tegal–Semarang–Brumbung,
TRS_SEM_0165,2773.6,osm,railway=rail,Jalur Kereta Api Tegal–Semarang–Brumbung,
TRS_SEM_0166,1097.9,osm,highway=trunk,Jalan Arteri Utara,
TRS_SEM_0166,1109.6,osm,highway=trunk,Jalan Arteri Utara,
TRS_SEM_0166,1723.2,osm,man_made=embankment,Tanggul,
TRS_SEM_0166,1759.8,osm,man_made=embankment,Tanggul,
TRS_SEM_0166,2445.5,osm,railway=rail,Jalur Kereta Api Tegal–Semarang–Brumbung,
TRS_SEM_0166,2451.0,osm,railway=rail,Jalur Kereta Api Tegal–Semarang–Brumbung,
TRS_SEM_0167,1978.0,osm,highway=trunk,Jalan Arteri Utara,
TRS_SEM_0167,1988.3,osm,highway=trunk,Jalan Arteri Utara,
TRS_SEM_0167,2594.5,osm,man_made=embankment,Tanggul,
TRS_SEM_0167,2629.6,osm,man_made=embankment,Tanggul,
TRS_SEM_0167,3380.6,osm,railway=rail,,
TRS_SEM_0167,3386.0,osm,railway=rail,Jalur Kereta Api Tegal–Semarang–Brumbung,
TRS_SEM_0167,3392.3,osm,railway=rail,Jalur Kereta Api Tegal–Semarang–Brumbung,
TRS_SEM_0168,1646.8,osm,highway=trunk,Jalan Arteri Utara,
TRS_SEM_0168,1657.0,osm,highway=trunk,Jalan Arteri Utara,
TRS_SEM_0168,2226.5,osm,man_made=embankment,Tanggul,
TRS_SEM_0168,2269.4,osm,man_made=embankment,Tanggul,
TRS_SEM_0168,3102.2,osm,railway=rail,,
TRS_SEM_0168,3107.2,osm,railway=rail,Jalur Kereta Api Tegal–Semarang–Brumbung,
TRS_SEM_0168,3112.0,osm,railway=rail,,
TRS_SEM_0168,3113.4,osm,railway=rail,Jalur Kereta Api Tegal–Semarang–Brumbung,
TRS_SEM_0168,3136.1,osm,railway=rail,,
TRS_SEM_0168,3141.6,osm,railway=rail,,
TRS_SEM_0168,3147.3,osm,railway=rail,,
TRS_SEM_0168,3157.9,osm,railway=rail,,
TRS_SEM_0168,3165.0,osm,railway=rail,,
TRS_SEM_0169,1615.7,osm,highway=trunk,Jalan Arteri Utara,
TRS_SEM_0169,1625.9,osm,highway=trunk,Jalan Arteri Utara,
TRS_SEM_0169,2138.7,osm,man_made=embankment,Tanggul,
TRS_SEM_0169,2201.8,osm,man_made=embankment,Tanggul,
TRS_SEM_0169,3112.7,osm,railway=rail,,
TRS_SEM_0169,3117.6,osm,railway=rail,Jalur Kereta Api Tegal–Semarang–Brumbung,
TRS_SEM_0169,3121.0,osm,railway=rail,,
TRS_SEM_0169,3123.7,osm,railway=rail,Jalur Kereta Api Tegal–Semarang–Brumbung,
TRS_SEM_0169,3141.1,osm,railway=rail,,
TRS_SEM_0169,3146.5,osm,railway=rail,,
TRS_SEM_0169,3152.1,osm,railway=rail,,
TRS_SEM_0169,3162.6,osm,railway=rail,,
TRS_SEM_0169,3169.9,osm,railway=rail,,
TRS_SEM_0170,1914.4,osm,highway=trunk,Jalan Arteri Utara,
TRS_SEM_0170,1924.8,osm,highway=trunk,Jalan Arteri Utara,
TRS_SEM_0170,2328.1,osm,man_made=embankment,Tanggul,
TRS_SEM_0170,2415.4,osm,man_made=embankment,Tanggul,
TRS_SEM_0170,3443.3,osm,railway=rail,,
TRS_SEM_0170,3448.1,osm,railway=rail,Jalur Kereta Api Tegal–Semarang–Brumbung,
TRS_SEM_0170,3451.0,osm,railway=rail,,
TRS_SEM_0170,3454.1,osm,railway=rail,Jalur Kereta Api Tegal–Semarang–Brumbung,
TRS_SEM_0170,3469.6,osm,railway=rail,,
TRS_SEM_0170,3475.0,osm,railway=rail,,
TRS_SEM_0170,3480.5,osm,railway=rail,,
TRS_SEM_0170,3490.9,osm,railway=rail,,
TRS_SEM_0170,3498.2,osm,railway=rail,,
TRS_SEM_0171,2045.2,osm,highway=trunk,Jalan Arteri Utara,
TRS_SEM_0171,2057.5,osm,highway=trunk,Jalan Arteri Utara,
TRS_SEM_0171,2448.5,osm,man_made=embankment,Tanggul,
TRS_SEM_0171,2484.0,osm,man_made=embankment,Tanggul,
TRS_SEM_0172,1384.3,osm,highway=trunk,Jalan Arteri Utara,
TRS_SEM_0172,1401.0,osm,highway=trunk,Jalan Arteri Utara,
TRS_SEM_0172,1791.4,osm,man_made=embankment,Tanggul,
TRS_SEM_0172,1889.6,osm,man_made=embankment,Tanggul,
TRS_SEM_0172,3242.7,osm,railway=rail,,
TRS_SEM_0172,3246.6,osm,railway=rail,,
TRS_SEM_0172,3288.7,osm,railway=rail,,
TRS_SEM_0173,1015.6,osm,highway=trunk,Jalan Arteri Utara,
TRS_SEM_0173,1026.8,osm,highway=trunk,Jalan Arteri Utara,
TRS_SEM_0173,1275.4,osm,man_made=embankment,Tanggul,
TRS_SEM_0173,1348.0,osm,man_made=embankment,Tanggul,
TRS_SEM_0174,990.4,osm,highway=trunk,Jalan Arteri Utara,
TRS_SEM_0174,998.1,osm,highway=trunk,Jalan Arteri Utara,
TRS_SEM_0175,1019.9,osm,highway=trunk,Jalan Arteri Utara,
TRS_SEM_0175,1033.3,osm,highway=trunk,Jalan Arteri Utara,
TRS_SEM_0176,1514.4,osm,highway=trunk,Jalan Arteri Utara,
TRS_SEM_0176,1525.1,osm,highway=trunk,Jalan Arteri Utara,
TRS_SEM_0177,1522.9,osm,highway=trunk,Jalan Arteri Utara,
TRS_SEM_0177,1534.2,osm,highway=trunk,Jalan Arteri Utara,
TRS_SEM_0177,1729.0,osm,man_made=embankment,Tanggul,
TRS_SEM_0178,1617.3,osm,highway=trunk,Jalan Arteri Utara,
TRS_SEM_0178,1629.0,osm,highway=trunk,Jalan Arteri Utara,
TRS_SEM_0179,2013.2,osm,highway=trunk,Jalan Arteri Yos Sudarso,
TRS_SEM_0179,2081.8,osm,highway=trunk,Flyover Madukoro,
TRS_SEM_0179,2107.6,osm,highway=trunk,Flyover Madukoro,
TRS_SEM_0179,2201.0,osm,highway=trunk,,
TRS_SEM_0180,2237.7,osm,highway=trunk,Jalan Madukoro Raya,
TRS_SEM_0180,2249.0,osm,highway=trunk,Flyover Ahmad Yani,
TRS_SEM_0180,2267.3,osm,highway=trunk,Flyover Ahmad Yani,
TRS_SEM_0180,2277.3,osm,highway=trunk,Jalan Madukoro Raya,
TRS_SEM_0180,3070.9,osm,highway=trunk,Jalan Arteri Utara,
TRS_SEM_0180,3088.0,osm,highway=trunk,Jalan Arteri Utara,
TRS_SEM_0181,2103.6,osm,highway=trunk,,
TRS_SEM_0181,2118.7,osm,highway=trunk,Flyover Ahmad Yani,
TRS_SEM_0181,2127.4,osm,highway=trunk,Flyover Ahmad Yani,
TRS_SEM_0181,2137.8,osm,highway=trunk,,
TRS_SEM_0181,3118.0,osm,highway=trunk,Jalan Arteri Utara,
TRS_SEM_0181,3134.3,osm,highway=trunk,Jalan Arteri Utara,
TRS_SEM_0182,1726.6,osm,highway=trunk,,
TRS_SEM_0182,1739.5,osm,highway=trunk,Flyover Ahmad Yani,
TRS_SEM_0182,1753.8,osm,highway=trunk,Flyover Ahmad Yani,
TRS_SEM_0182,1761.4,osm,highway=trunk,,
TRS_SEM_0182,2888.5,osm,highway=trunk,Jalan Arteri Utara,
TRS_SEM_0182,2906.4,osm,highway=trunk,Jalan Arteri Utara,
TRS_SEM_0183,2293.0,osm,highway=trunk,,
TRS_SEM_0183,2299.9,osm,highway=trunk,,
TRS_SEM_0183,2323.8,osm,highway=trunk,,
TRS_SEM_0183,2331.6,osm,highway=trunk,,
TRS_SEM_0184,2225.7,osm,highway=trunk,,
TRS_SEM_0184,2231.7,osm,highway=trunk,,
TRS_SEM_0184,2257.7,osm,highway=trunk,,
TRS_SEM_0184,2264.4,osm,highway=trunk,,
TRS_SEM_0185,2266.7,osm,highway=trunk,,
TRS_SEM_0185,2299.1,osm,highway=trunk,,
TRS_SEM_0186,2387.2,osm,highway=trunk,,
TRS_SEM_0186,2419.4,osm,highway=trunk,,
TRS_SEM_0187,2397.1,osm,highway=trunk,,
TRS_SEM_0187,2429.3,osm,highway=trunk,,
TRS_SEM_0188,2411.9,osm,highway=trunk,,
TRS_SEM_0188,2444.1,osm,highway=trunk,,
TRS_SEM_0189,2378.1,osm,highway=trunk,,
TRS_SEM_0189,2395.3,osm,highway=trunk,,
TRS_SEM_0200,1131.4,osm,highway=path,,
TRS_SEM_0214,1430.3,osm,man_made=embankment,,
TRS_SEM_0214,1457.1,osm,man_made=embankment,,
TRS_SEM_0215,1765.7,osm,man_made=embankment,,
TRS_SEM_0215,1776.3,osm,man_made=embankment,,
TRS_SEM_0233,491.8,osm,man_made=breakwater,,
