transek_id,pop_2021,pop_2022,pop_2023,pop_2024,pop_2025,pop_2026
TRS_PKL_0001,12.6,12.7,12.7,12.7,12.8,12.8
TRS_PKL_0002,10.7,10.7,10.7,10.7,10.8,10.8
TRS_PKL_0003,6.8,6.8,6.8,6.8,6.9,6.9
TRS_PKL_0004,5.6,5.6,5.6,5.6,5.6,5.6
TRS_PKL_0005,32.4,32.7,33.0,33.4,33.7,34.0
TRS_PKL_0006,51.6,52.0,52.5,53.0,53.5,53.9
TRS_PKL_0007,54.0,54.4,54.9,55.5,55.9,56.4
TRS_PKL_0008,51.9,52.3,52.8,53.3,53.8,54.3
TRS_PKL_0009,7.0,7.1,7.1,7.2,7.2,7.3
TRS_PKL_0010,10.7,10.7,10.8,10.8,10.8,10.9
TRS_PKL_0011,24.1,24.2,24.3,24.4,24.5,24.6
TRS_PKL_0012,40.2,40.4,40.6,40.8,41.0,41.1
TRS_PKL_0013,136.1,137.1,138.6,140.0,141.4,142.7
TRS_PKL_0014,417.9,421.4,426.5,431.2,435.8,440.2
TRS_PKL_0015,604.8,609.9,617.2,623.9,630.5,636.8
TRS_PKL_0016,616.4,621.5,629.0,635.9,642.6,649.1
TRS_PKL_0017,622.2,627.4,635.0,641.9,648.8,655.3
TRS_PKL_0018,643.5,648.8,656.6,663.8,670.8,677.6
TRS_PKL_0019,628.6,633.8,641.5,648.6,655.5,662.1
TRS_PKL_0020,622.6,627.9,635.6,642.8,649.8,656.6
TRS_PKL_0021,432.7,436.3,441.6,446.4,451.3,455.9
TRS_PKL_0022,153.7,154.9,156.6,158.2,159.8,161.4
TRS_PKL_0023,12.4,12.4,12.5,12.6,12.6,12.6
TRS_PKL_0024,13.4,13.5,13.6,13.6,13.7,13.7
TRS_PKL_0025,12.4,12.4,12.5,12.6,12.6,12.6
TRS_PKL_0026,28.1,28.3,28.5,28.7,28.9,29.1
TRS_PKL_0027,54.1,54.8,55.7,56.6,57.5,58.3
TRS_PKL_0028,139.3,141.2,144.0,146.8,149.4,151.9
TRS_PKL_0029,295.7,300.2,306.1,312.0,317.6,322.9
TRS_PKL_0030,499.7,506.1,514.5,523.2,531.3,539.0
TRS_PKL_0031,720.6,730.3,743.3,756.5,768.8,780.6
TRS_PKL_0032,1096.5,1111.2,1131.4,1151.7,1170.7,1188.8
TRS_PKL_0033,1361.6,1380.7,1405.7,1430.9,1454.7,1477.5
TRS_PKL_0034,1689.9,1713.9,1745.1,1776.4,1806.4,1834.7
TRS_PKL_0035,1673.8,1697.5,1728.4,1759.5,1789.5,1818.0
TRS_PKL_0036,1465.2,1485.8,1512.4,1539.1,1565.0,1589.6
TRS_PKL_0037,997.8,1011.4,1030.0,1048.6,1066.7,1084.0
TRS_PKL_0038,720.1,729.6,742.2,755.0,767.6,779.6
TRS_PKL_0039,447.3,452.9,460.1,467.5,475.1,482.4
TRS_PKL_0040,337.2,341.2,346.4,351.8,357.4,362.7
TRS_PKL_0041,211.1,213.1,215.5,217.9,220.5,223.1
TRS_PKL_0042,131.4,132.3,133.2,134.3,135.4,136.5
TRS_PKL_0043,148.6,149.5,150.5,151.5,152.5,153.5
TRS_PKL_0044,140.2,141.1,142.0,142.9,143.8,144.7
TRS_PKL_0045,106.7,107.4,108.1,108.8,109.4,110.1
TRS_PKL_0046,78.3,78.7,79.2,79.7,80.1,80.6
TRS_PKL_0047,80.4,80.9,81.3,81.8,82.3,82.8
TRS_PKL_0048,76.7,77.1,77.6,78.2,78.7,79.1
TRS_PKL_0049,51.5,51.8,52.1,52.4,52.8,53.1
TRS_PKL_0050,33.8,33.9,34.1,34.3,34.5,34.7
TRS_PKL_0051,33.7,33.8,34.0,34.2,34.4,34.6
TRS_PKL_0052,34.1,34.2,34.4,34.6,34.8,35.0
TRS_PKL_0053,187.6,188.5,189.6,190.8,191.9,193.1
TRS_PKL_0054,349.5,351.3,353.6,356.0,358.4,360.7
TRS_PKL_0055,477.8,480.4,483.7,487.3,490.7,494.1
TRS_PKL_0056,857.0,862.0,868.4,875.1,881.6,887.9
TRS_PKL_0057,1894.7,1906.1,1921.5,1937.0,1952.3,1966.7
TRS_PKL_0058,3401.5,3422.2,3450.9,3479.7,3507.9,3534.5
TRS_PKL_0059,4142.3,4167.1,4201.4,4235.8,4269.6,4301.5
TRS_PKL_0060,4215.0,4240.1,4275.0,4309.8,4344.0,4376.3
TRS_PKL_0061,3251.5,3270.8,3297.8,3324.4,3350.6,3375.4
TRS_PKL_0062,3836.6,3859.6,3891.7,3923.4,3954.7,3984.3
TRS_PKL_0063,3468.9,3489.4,3518.6,3547.1,3575.4,3602.1
TRS_PKL_0064,2344.8,2358.4,2378.0,2397.1,2416.1,2434.0
TRS_PKL_0065,1043.1,1048.8,1057.1,1065.3,1073.5,1081.2
TRS_PKL_0066,551.0,554.0,558.4,562.7,567.0,571.1
TRS_PKL_0067,209.0,210.1,211.5,212.9,214.3,215.6
TRS_PKL_0068,68.1,68.5,68.9,69.2,69.6,69.9
TRS_PKL_0069,68.5,69.0,69.3,69.7,70.0,70.3
TRS_PKL_0070,71.7,72.1,72.5,72.8,73.2,73.5
TRS_PKL_0071,71.1,71.5,71.9,72.3,72.6,72.9
TRS_PKL_0072,66.7,67.1,67.4,67.8,68.1,68.4
TRS_PKL_0073,7.6,7.6,7.7,7.7,7.7,7.7
TRS_PKL_0074,6.0,6.0,6.1,6.1,6.1,6.1
TRS_PKL_0075,19.0,19.1,19.2,19.3,19.4,19.5
TRS_PKL_0076,119.6,120.5,121.7,122.9,124.1,125.2
TRS_PKL_0077,334.4,336.7,340.0,343.4,346.7,349.9
TRS_PKL_0078,429.1,432.0,436.2,440.4,444.6,448.6
TRS_PKL_0079,481.6,484.8,489.5,494.3,499.0,503.4
TRS_PKL_0080,671.6,676.0,682.3,688.6,694.9,700.9
TRS_PKL_0081,757.6,762.5,769.3,776.2,783.1,789.7
TRS_PKL_0082,1069.3,1075.9,1085.6,1095.4,1105.1,1114.5
TRS_PKL_0083,1767.7,1778.9,1795.4,1812.0,1828.2,1843.8
TRS_PKL_0084,1160.4,1167.5,1177.6,1187.9,1198.0,1207.7
TRS_PKL_0085,3119.6,3138.7,3166.6,3194.5,3221.2,3247.2
TRS_PKL_0086,3294.4,3314.7,3343.5,3372.4,3400.1,3427.0
TRS_PKL_0087,3393.1,3413.6,3442.5,3471.6,3499.4,3526.5
TRS_PKL_0088,6240.3,6278.3,6331.9,6385.4,6436.8,6487.0
TRS_PKL_0089,8103.1,8152.3,8222.4,8291.5,8358.1,8423.1
TRS_PKL_0090,9182.4,9238.7,9319.5,9398.7,9475.0,9549.5
TRS_PKL_0091,9498.8,9556.7,9640.1,9721.8,9800.5,9877.1
TRS_PKL_0092,7899.1,7946.7,8016.2,8084.0,8149.6,8213.2
TRS_PKL_0093,6055.9,6092.4,6146.7,6199.2,6250.2,6299.4
TRS_PKL_0094,4098.1,4122.7,4160.1,4196.0,4231.0,4264.4
TRS_PKL_0095,2492.0,2507.2,2530.4,2552.4,2573.9,2594.3
TRS_PKL_0096,861.7,866.8,874.5,881.7,888.8,895.6
TRS_PKL_0097,114.4,115.0,115.9,116.8,117.7,118.5
TRS_PKL_0098,3.7,3.7,3.8,3.8,3.8,3.9
TRS_PKL_0099,0.1,0.1,0.1,0.1,0.1,0.1
TRS_PKL_0100,0.1,0.1,0.1,0.1,0.1,0.1
TRS_PKL_0101,0.1,0.1,0.1,0.1,0.1,0.1
TRS_PKL_0102,0.1,0.1,0.1,0.1,0.1,0.1
TRS_PKL_0103,0.2,0.2,0.2,0.2,0.2,0.2
TRS_PKL_0104,0.2,0.2,0.2,0.2,0.2,0.2
TRS_PKL_0105,0.4,0.4,0.4,0.4,0.4,0.4
TRS_PKL_0106,0.4,0.4,0.4,0.4,0.4,0.4
TRS_PKL_0107,0.4,0.4,0.4,0.4,0.4,0.4
TRS_PKL_0108,1.1,1.1,1.1,1.1,1.1,1.1
TRS_PKL_0109,14.6,14.6,14.8,14.9,15.0,15.1
TRS_PKL_0110,50.7,51.1,51.9,52.6,53.3,53.9
TRS_PKL_0111,73.6,74.3,75.6,76.8,77.9,79.0
TRS_PKL_0112,257.7,259.4,262.2,264.9,267.3,269.8
TRS_PKL_0113,530.6,533.6,538.8,543.6,548.2,552.6
TRS_PKL_0114,711.8,715.5,722.3,728.6,734.6,740.5
TRS_PKL_0115,780.0,784.1,791.3,798.1,804.5,810.8
TRS_PKL_0116,816.7,820.9,828.4,835.3,841.9,848.3
TRS_PKL_0117,795.7,799.7,807.0,813.8,820.3,826.6
TRS_PKL_0118,755.2,758.8,765.2,771.2,776.9,782.5
TRS_PKL_0119,733.2,736.5,742.5,748.1,753.3,758.5
TRS_PKL_0120,546.3,548.7,553.1,557.1,561.0,564.9
TRS_PKL_0121,340.2,341.6,344.2,346.7,349.0,351.3
TRS_PKL_0122,143.2,143.8,144.7,145.5,146.3,147.1
TRS_PKL_0123,86.9,87.3,87.7,88.1,88.5,88.9
TRS_PKL_0124,79.4,79.8,80.3,80.8,81.2,81.7
TRS_PKL_0125,83.9,84.3,84.9,85.4,85.8,86.3
TRS_PKL_0126,83.7,84.1,84.6,85.1,85.6,86.1
TRS_PKL_0127,59.5,59.8,60.2,60.6,60.9,61.3
TRS_PKL_0128,54.2,54.4,54.8,55.1,55.4,55.8
TRS_PKL_0129,51.0,51.2,51.5,51.9,52.1,52.5
TRS_PKL_0130,47.5,47.8,48.1,48.4,48.6,48.9
TRS_PKL_0131,38.6,38.8,39.1,39.4,39.6,39.9
TRS_PKL_0132,36.3,36.5,36.7,37.0,37.3,37.6
TRS_PKL_0133,42.2,42.4,42.7,43.0,43.3,43.6
TRS_PKL_0134,45.3,45.5,45.8,46.2,46.5,46.8
TRS_PKL_0135,48.9,49.2,49.5,49.9,50.2,50.5
TRS_PKL_0136,54.0,54.3,54.6,55.0,55.4,55.7
TRS_PKL_0137,57.0,57.3,57.7,58.1,58.4,58.8
TRS_PKL_0138,54.7,54.9,55.2,55.6,55.9,56.2
TRS_PKL_0139,47.9,48.1,48.3,48.5,48.7,48.9
TRS_PKL_0140,54.9,55.1,55.3,55.6,55.8,56.0
TRS_PKL_0141,76.1,76.4,76.8,77.2,77.5,77.9
TRS_PKL_0142,106.0,106.4,106.9,107.5,108.0,108.5
TRS_PKL_0143,93.9,94.3,94.8,95.3,95.7,96.2
TRS_PKL_0144,85.5,85.9,86.3,86.8,87.2,87.6
TRS_PKL_0145,76.4,76.7,77.1,77.6,77.9,78.3
TRS_PKL_0146,69.1,69.4,69.8,70.2,70.6,70.9
TRS_PKL_0147,28.0,28.1,28.2,28.4,28.5,28.6
TRS_PKL_0148,18.8,18.8,18.9,19.0,19.0,19.1
TRS_PKL_0149,5.2,5.2,5.3,5.3,5.3,5.4
TRS_PKL_0150,1.1,1.1,1.1,1.1,1.1,1.1
TRS_PKL_0151,0.6,0.6,0.6,0.6,0.6,0.6
TRS_PKL_0152,0.2,0.2,0.2,0.2,0.2,0.2
TRS_PKL_0153,0.0,0.0,0.0,0.0,0.0,0.0
TRS_PKL_0154,0.0,0.0,0.0,0.0,0.0,0.0
TRS_PKL_0155,0.2,0.2,0.2,0.2,0.2,0.2
TRS_PKL_0156,0.2,0.2,0.2,0.2,0.2,0.2
TRS_PKL_0157,0.0,0.0,0.0,0.0,0.0,0.0
TRS_PKL_0158,0.0,0.0,0.0,0.0,0.0,0.0
TRS_PKL_0159,0.0,0.0,0.0,0.0,0.0,0.0
TRS_PKL_0160,0.0,0.0,0.0,0.0,0.0,0.0
TRS_PKL_0161,0.0,0.0,0.0,0.0,0.0,0.0
TRS_PKL_0162,0.0,0.0,0.0,0.0,0.0,0.0
TRS_PKL_0163,0.3,0.3,0.3,0.3,0.3,0.3
TRS_PKL_0164,0.7,0.7,0.7,0.8,0.8,0.8
TRS_PKL_0165,1.7,1.7,1.7,1.7,1.7,1.7
TRS_PKL_0166,1.2,1.2,1.2,1.2,1.3,1.3
TRS_PKL_0167,0.3,0.3,0.3,0.3,0.3,0.3
TRS_PKL_0168,0.3,0.3,0.3,0.3,0.3,0.3
TRS_PKL_0169,0.3,0.3,0.3,0.3,0.3,0.3
TRS_PKL_0170,0.0,0.0,0.0,0.0,0.0,0.0
TRS_PKL_0171,0.0,0.0,0.0,0.0,0.0,0.0
TRS_PKL_0172,0.0,0.0,0.0,0.0,0.0,0.0
TRS_PKL_0173,0.0,0.0,0.0,0.0,0.0,0.0
TRS_PKL_0174,0.0,0.0,0.0,0.0,0.0,0.0
TRS_PKL_0175,0.0,0.0,0.0,0.0,0.0,0.0
TRS_PKL_0176,0.0,0.0,0.0,0.0,0.0,0.0
TRS_PKL_0177,0.0,0.0,0.0,0.0,0.0,0.0
TRS_PKL_0178,0.0,0.0,0.0,0.0,0.0,0.0
TRS_PKL_0179,0.0,0.0,0.0,0.0,0.0,0.0
TRS_PKL_0180,0.0,0.0,0.0,0.0,0.0,0.0
TRS_PKL_0181,0.0,0.0,0.0,0.0,0.0,0.0
TRS_PKL_0182,0.5,0.5,0.5,0.5,0.5,0.5
TRS_PKL_0183,0.5,0.5,0.5,0.5,0.5,0.5
TRS_PKL_0184,0.0,0.0,0.0,0.0,0.0,0.0
TRS_PKL_0185,0.0,0.0,0.0,0.0,0.0,0.0
TRS_PKL_0186,0.0,0.0,0.0,0.0,0.0,0.0
TRS_PKL_0187,1.0,1.0,1.0,1.0,1.0,1.0
TRS_PKL_0188,4.0,4.0,4.0,4.0,4.1,4.1
TRS_PKL_0189,11.5,11.5,11.6,11.6,11.7,11.7
TRS_PKL_0190,17.0,17.0,17.1,17.2,17.2,17.3
TRS_PKL_0191,21.0,21.1,21.2,21.3,21.4,21.5
TRS_PKL_0192,29.4,29.5,29.6,29.8,29.9,30.0
TRS_PKL_0193,33.7,33.9,34.0,34.1,34.3,34.4
TRS_PKL_0194,29.4,29.6,29.7,29.9,30.0,30.2
TRS_PKL_0195,36.8,37.0,37.2,37.4,37.6,37.7
TRS_PKL_0196,46.9,47.2,47.5,47.8,48.0,48.3
TRS_PKL_0197,50.0,50.4,50.7,51.1,51.4,51.7
TRS_PKL_0198,225.3,226.4,228.4,230.0,231.6,233.1
TRS_PKL_0199,513.5,516.1,521.5,526.0,530.3,534.4
TRS_PKL_0200,692.8,696.2,704.0,710.4,716.7,722.7
TRS_PKL_0201,804.6,808.7,817.6,825.0,832.4,839.3
TRS_PKL_0202,915.4,920.2,929.9,938.1,946.2,953.9
TRS_PKL_0203,1052.7,1058.6,1069.7,1079.1,1088.4,1097.3
TRS_PKL_0204,1242.1,1249.5,1262.5,1273.9,1285.1,1295.7
TRS_PKL_0205,1282.2,1290.4,1304.3,1316.6,1328.8,1340.3
TRS_PKL_0206,1380.8,1390.8,1406.0,1419.9,1433.9,1447.0
TRS_PKL_0207,1365.3,1375.8,1390.1,1403.7,1417.2,1430.1
TRS_PKL_0208,1425.2,1436.5,1451.3,1465.5,1479.6,1493.1
TRS_PKL_0209,1554.9,1567.5,1584.1,1600.0,1615.9,1631.1
TRS_PKL_0210,1795.3,1810.1,1829.9,1849.0,1867.9,1886.2
TRS_PKL_0211,1922.3,1938.3,1959.9,1981.0,2001.8,2021.8
TRS_PKL_0212,1945.4,1962.4,1984.7,2006.8,2028.6,2049.7
TRS_PKL_0213,1903.6,1920.6,1942.6,1964.7,1986.4,2007.5
TRS_PKL_0214,1736.6,1752.0,1771.7,1791.8,1811.6,1830.8
TRS_PKL_0215,1816.4,1832.0,1852.1,1872.6,1892.7,1912.2
TRS_PKL_0216,1608.0,1621.6,1639.9,1658.7,1677.3,1695.1
TRS_PKL_0217,1297.2,1307.7,1322.0,1336.8,1351.7,1366.1
TRS_PKL_0218,1113.3,1122.1,1134.3,1146.9,1159.5,1171.9
TRS_PKL_0219,1039.6,1047.7,1058.8,1070.3,1081.8,1093.1
TRS_PKL_0220,1285.0,1294.9,1308.1,1321.5,1334.8,1347.7
TRS_PKL_0221,1526.0,1537.3,1552.2,1567.3,1582.2,1596.6
TRS_PKL_0222,1845.2,1858.3,1874.7,1891.0,1906.7,1921.9
TRS_PKL_0223,2229.6,2245.5,2265.1,2284.3,2303.0,2321.0
TRS_PKL_0224,2452.1,2469.9,2491.6,2513.3,2534.6,2554.7
TRS_PKL_0225,3339.8,3362.8,3391.6,3420.2,3448.0,3474.6
TRS_PKL_0226,4671.0,4700.9,4739.8,4778.1,4814.5,4850.0
TRS_PKL_0227,5491.5,5525.8,5571.0,5615.3,5657.2,5698.4
TRS_PKL_0228,6033.3,6070.1,6119.7,6167.8,6213.4,6258.3
TRS_PKL_0229,6027.6,6064.2,6113.9,6161.9,6207.1,6251.8
TRS_PKL_0230,5062.8,5094.0,5136.2,5176.9,5215.3,5253.2
TRS_PKL_0231,4734.1,4763.9,4804.0,4842.8,4879.4,4915.5
TRS_PKL_0232,3621.8,3646.7,3679.9,3711.8,3742.4,3772.1
TRS_PKL_0233,2567.1,2586.7,2613.4,2638.8,2663.9,2687.8
TRS_PKL_0234,2718.0,2739.0,2768.1,2795.6,2822.7,2848.6
TRS_PKL_0235,2534.3,2554.1,2581.5,2607.6,2633.0,2657.5
TRS_PKL_0236,2258.5,2277.0,2302.4,2326.6,2350.2,2372.8
TRS_PKL_0237,2033.0,2049.7,2072.9,2094.9,2116.2,2136.8
TRS_PKL_0238,2066.2,2082.6,2105.5,2127.3,2148.3,2168.6
TRS_PKL_0239,1610.6,1622.9,1639.6,1655.8,1671.5,1686.5
TRS_PKL_0240,1323.7,1332.5,1343.7,1354.8,1365.7,1376.2
TRS_PKL_0241,1037.4,1044.4,1052.6,1061.2,1069.7,1077.9
TRS_PKL_0242,1386.7,1396.1,1407.2,1418.6,1429.9,1441.1
TRS_PKL_0243,2412.1,2427.7,2446.8,2466.2,2485.3,2503.9
TRS_PKL_0244,4533.5,4563.2,4599.5,4636.2,4671.4,4705.9
TRS_PKL_0245,6134.2,6174.4,6223.8,6273.6,6321.2,6367.7
TRS_PKL_0246,8290.1,8344.8,8412.4,8480.3,8545.1,8608.1
TRS_PKL_0247,10508.8,10578.5,10665.8,10753.4,10836.7,10917.4
TRS_PKL_0248,11524.8,11601.6,11698.0,11794.6,11886.6,11975.6
TRS_PKL_0249,11506.4,11583.4,11680.5,11777.4,11870.1,11959.4
TRS_PKL_0250,10125.0,10192.3,10277.3,10362.2,10443.5,10521.7
TRS_PKL_0251,7816.5,7868.6,7934.8,8000.7,8064.0,8124.9
TRS_PKL_0252,5899.7,5938.7,5988.7,6038.6,6086.5,6132.6
TRS_PKL_0253,5121.7,5154.3,5196.2,5238.0,5278.3,5317.0
TRS_PKL_0254,2924.4,2942.9,2966.5,2989.8,3012.9,3034.8
TRS_PKL_0255,1628.2,1638.7,1651.7,1664.6,1677.7,1689.8
TRS_PKL_0256,1172.8,1180.0,1188.9,1197.7,1206.6,1214.9
TRS_PKL_0257,652.4,656.4,661.3,666.3,671.3,675.9
TRS_PKL_0258,500.3,503.3,507.2,511.2,515.1,518.8
TRS_PKL_0259,459.7,462.5,466.3,470.2,474.0,477.6
TRS_PKL_0260,609.1,612.8,618.2,623.5,628.7,633.7
TRS_PKL_0261,678.1,682.4,688.2,694.1,699.9,705.6
TRS_PKL_0262,992.5,998.4,1007.2,1016.0,1024.6,1033.1
TRS_PKL_0263,1529.3,1538.6,1553.3,1568.0,1582.2,1596.1
TRS_PKL_0264,2346.4,2360.5,2383.0,2405.4,2427.3,2448.2
TRS_PKL_0265,2690.8,2706.5,2731.7,2756.8,2781.4,2804.9
TRS_PKL_0266,3464.0,3484.0,3516.1,3548.1,3579.6,3609.4
TRS_PKL_0267,3700.5,3722.1,3756.1,3790.3,3823.9,3855.7
TRS_PKL_0268,3343.3,3363.7,3394.7,3426.1,3457.2,3486.4
TRS_PKL_0269,2915.0,2933.2,2960.1,2987.5,3014.9,3040.5
TRS_PKL_0270,3314.2,3334.8,3364.9,3395.4,3425.8,3454.5
TRS_PKL_0271,3647.6,3669.9,3702.6,3735.9,3768.6,3799.7
TRS_PKL_0272,4170.4,4195.2,4232.4,4270.0,4306.5,4341.5
TRS_PKL_0273,4179.9,4204.4,4241.5,4278.9,4315.1,4349.9
TRS_PKL_0274,4420.6,4446.2,4485.4,4524.7,4562.9,4599.6
TRS_PKL_0275,5083.0,5112.0,5156.0,5200.1,5243.1,5284.4
TRS_PKL_0276,5483.7,5514.3,5561.3,5608.3,5653.9,5697.8
TRS_PKL_0277,5740.7,5772.3,5820.3,5868.5,5915.1,5960.1
TRS_PKL_0278,6089.9,6122.9,6172.5,6222.1,6270.1,6316.6
TRS_PKL_0279,6159.0,6192.3,6241.7,6291.0,6338.8,6385.1
TRS_PKL_0280,6139.1,6172.2,6220.5,6268.7,6315.3,6360.7
TRS_PKL_0281,5897.3,5929.1,5975.1,6021.4,6065.7,6109.0
TRS_PKL_0282,5443.1,5472.9,5515.6,5558.7,5599.9,5640.1
TRS_PKL_0283,5595.6,5627.3,5671.8,5716.4,5759.5,5801.4
TRS_PKL_0284,5911.5,5946.9,5995.7,6044.6,6092.0,6137.8
TRS_PKL_0285,6318.4,6359.1,6414.2,6469.4,6523.0,6574.3
TRS_PKL_0286,6991.7,7039.1,7103.2,7167.1,7229.0,7288.3
TRS_PKL_0287,7880.2,7935.0,8008.7,8081.7,8152.8,8220.7
TRS_PKL_0288,8752.8,8813.8,8896.2,8977.5,9056.8,9132.4
TRS_PKL_0289,10751.7,10825.0,10925.7,11024.3,11119.9,11211.6
TRS_PKL_0290,11901.0,11980.7,12091.3,12199.3,12303.4,12403.6
TRS_SEM_0001,298.6,301.0,303.9,306.8,309.5,312.3
TRS_SEM_0002,270.1,272.3,274.8,277.4,279.9,282.4
TRS_SEM_0003,260.0,262.1,264.5,266.9,269.2,271.6
TRS_SEM_0004,217.0,218.6,220.5,222.3,224.1,225.9
TRS_SEM_0005,194.1,195.6,197.2,198.9,200.5,202.1
TRS_SEM_0006,221.1,222.7,224.4,226.2,227.8,229.5
TRS_SEM_0007,317.3,319.5,322.0,324.6,327.1,329.5
TRS_SEM_0008,541.1,544.8,549.4,553.9,558.2,562.5
TRS_SEM_0009,604.6,608.7,614.1,619.2,624.3,629.1
TRS_SEM_0010,572.8,576.7,581.8,586.7,591.5,596.1
TRS_SEM_0011,1019.0,1025.7,1034.9,1043.4,1051.6,1059.5
TRS_SEM_0012,836.7,842.3,849.9,857.0,863.8,870.3
TRS_SEM_0013,453.9,457.1,461.2,465.2,469.0,472.6
TRS_SEM_0014,41.3,41.7,42.1,42.6,43.0,43.5
TRS_SEM_0015,54.7,55.1,55.6,56.2,56.7,57.3
TRS_SEM_0016,158.0,159.0,160.5,162.0,163.3,164.7
TRS_SEM_0017,491.9,494.8,499.9,504.2,508.4,512.5
TRS_SEM_0018,695.8,699.9,707.1,713.1,719.0,724.8
TRS_SEM_0019,762.2,766.7,774.6,781.3,787.7,794.0
TRS_SEM_0020,562.0,565.3,571.1,576.0,580.7,585.3
TRS_SEM_0021,345.6,347.6,351.2,354.1,357.0,359.9
TRS_SEM_0022,96.8,97.4,98.3,99.1,100.0,100.8
TRS_SEM_0023,9.5,9.6,9.7,9.8,9.9,10.0
TRS_SEM_0024,0.0,0.0,0.0,0.0,0.0,0.0
TRS_SEM_0025,0.0,0.0,0.0,0.0,0.0,0.0
TRS_SEM_0026,0.0,0.0,0.0,0.0,0.0,0.0
TRS_SEM_0027,0.0,0.0,0.0,0.0,0.0,0.0
TRS_SEM_0028,0.0,0.0,0.0,0.0,0.0,0.0
TRS_SEM_0029,0.0,0.0,0.0,0.0,0.0,0.0
TRS_SEM_0030,0.0,0.0,0.0,0.0,0.0,0.0
TRS_SEM_0031,0.0,0.0,0.0,0.0,0.0,0.0
TRS_SEM_0032,0.0,0.0,0.0,0.0,0.0,0.0
TRS_SEM_0033,0.0,0.0,0.0,0.0,0.0,0.0
TRS_SEM_0034,0.0,0.0,0.0,0.0,0.0,0.0
TRS_SEM_0035,0.0,0.0,0.0,0.0,0.0,0.0
TRS_SEM_0036,0.0,0.0,0.0,0.0,0.0,0.0
TRS_SEM_0037,0.0,0.0,0.0,0.0,0.0,0.0
TRS_SEM_0038,0.0,0.0,0.0,0.0,0.0,0.0
TRS_SEM_0039,0.0,0.0,0.0,0.0,0.0,0.0
TRS_SEM_0040,0.0,0.0,0.0,0.0,0.0,0.0
TRS_SEM_0041,0.0,0.0,0.0,0.0,0.0,0.0
TRS_SEM_0042,0.0,0.0,0.0,0.0,0.0,0.0
TRS_SEM_0043,0.0,0.0,0.0,0.0,0.0,0.0
TRS_SEM_0044,0.0,0.0,0.0,0.0,0.0,0.0
TRS_SEM_0045,0.7,0.7,0.7,0.7,0.7,0.7
TRS_SEM_0046,0.7,0.7,0.7,0.7,0.7,0.7
TRS_SEM_0047,29.0,29.1,29.3,29.5,29.6,29.8
TRS_SEM_0048,73.0,73.4,73.9,74.3,74.8,75.2
TRS_SEM_0049,85.4,85.8,86.4,86.9,87.4,87.9
TRS_SEM_0050,85.4,85.8,86.4,86.9,87.4,87.9
TRS_SEM_0051,84.3,84.7,85.3,85.8,86.3,86.8
TRS_SEM_0052,50.9,51.1,51.4,51.7,52.1,52.3
TRS_SEM_0053,1.3,1.3,1.3,1.3,1.3,1.3
TRS_SEM_0054,0.0,0.0,0.0,0.0,0.0,0.0
TRS_SEM_0055,1.7,1.7,1.7,1.7,1.7,1.7
TRS_SEM_0056,1.7,1.7,1.7,1.7,1.7,1.7
TRS_SEM_0057,2.1,2.1,2.2,2.2,2.2,2.2
TRS_SEM_0058,5.8,5.8,5.9,5.9,6.0,6.0
TRS_SEM_0059,48.1,48.5,49.1,49.6,50.2,50.7
TRS_SEM_0060,101.0,101.8,103.2,104.3,105.4,106.5
TRS_SEM_0061,29.6,29.8,30.1,30.3,30.6,30.8
TRS_SEM_0062,21.7,21.8,21.9,22.0,22.1,22.2
TRS_SEM_0063,17.6,17.7,17.8,17.9,17.9,18.0
TRS_SEM_0064,13.8,13.9,14.0,14.1,14.1,14.2
TRS_SEM_0065,17.6,17.7,17.8,17.9,18.0,18.1
TRS_SEM_0066,55.0,55.3,55.7,56.1,56.5,56.9
TRS_SEM_0067,115.8,116.5,117.5,118.4,119.3,120.1
TRS_SEM_0068,88.7,89.2,90.0,90.7,91.3,92.0
TRS_SEM_0069,85.7,86.3,87.0,87.7,88.3,89.0
TRS_SEM_0070,84.7,85.3,86.0,86.7,87.3,87.9
TRS_SEM_0071,61.8,62.1,62.7,63.2,63.6,64.1
TRS_SEM_0072,151.2,152.1,153.3,154.5,155.6,156.7
TRS_SEM_0073,541.6,545.1,550.0,554.3,558.6,562.6
TRS_SEM_0074,600.0,603.9,609.3,614.0,618.8,623.3
TRS_SEM_0075,586.3,590.1,595.4,600.1,604.8,609.2
TRS_SEM_0076,538.0,541.5,546.4,550.7,555.1,559.2
TRS_SEM_0077,492.0,495.3,499.8,503.8,507.8,511.6
TRS_SEM_0078,327.5,329.6,332.6,335.2,337.9,340.4
TRS_SEM_0079,56.6,57.0,57.5,58.0,58.4,58.9
TRS_SEM_0080,34.8,35.0,35.3,35.6,35.9,36.1
TRS_SEM_0081,14.1,14.2,14.3,14.4,14.5,14.6
TRS_SEM_0082,4.9,4.9,4.9,4.9,5.0,5.0
TRS_SEM_0083,4.9,4.9,4.9,4.9,5.0,5.0
TRS_SEM_0084,4.7,4.7,4.7,4.7,4.7,4.7
TRS_SEM_0085,4.7,4.7,4.7,4.7,4.7,4.7
TRS_SEM_0086,4.9,5.0,5.0,5.0,5.0,5.0
TRS_SEM_0087,4.8,4.8,4.8,4.8,4.8,4.8
TRS_SEM_0088,0.3,0.3,0.3,0.3,0.3,0.3
TRS_SEM_0089,0.8,0.8,0.8,0.8,0.8,0.8
TRS_SEM_0090,0.5,0.5,0.5,0.5,0.5,0.5
TRS_SEM_0091,0.5,0.5,0.5,0.5,0.5,0.5
TRS_SEM_0092,0.5,0.5,0.5,0.5,0.5,0.5
TRS_SEM_0093,0.5,0.5,0.5,0.5,0.5,0.5
TRS_SEM_0094,0.5,0.5,0.5,0.5,0.5,0.5
TRS_SEM_0095,0.5,0.5,0.5,0.5,0.5,0.5
TRS_SEM_0096,0.0,0.0,0.0,0.0,0.0,0.0
TRS_SEM_0097,0.0,0.0,0.0,0.0,0.0,0.0
TRS_SEM_0098,33.6,33.7,34.0,34.2,34.4,34.6
TRS_SEM_0099,118.0,118.5,119.4,120.1,120.9,121.6
TRS_SEM_0100,194.4,195.3,196.8,198.1,199.3,200.6
TRS_SEM_0101,307.6,309.1,311.7,313.8,316.0,318.2
TRS_SEM_0102,366.7,368.7,371.9,374.4,377.1,379.7
TRS_SEM_0103,419.2,421.7,425.8,429.1,432.6,436.1
TRS_SEM_0104,229.8,230.9,232.7,234.2,235.8,237.3
TRS_SEM_0105,41.4,41.6,41.9,42.1,42.4,42.7
TRS_SEM_0106,60.4,60.6,61.1,61.5,61.8,62.2
TRS_SEM_0107,129.5,130.3,131.6,132.7,133.8,135.0
TRS_SEM_0108,309.4,311.5,315.2,318.3,321.3,324.5
TRS_SEM_0109,363.0,365.4,369.8,373.4,376.9,380.7
TRS_SEM_0110,301.4,303.6,307.5,310.7,313.9,317.3
TRS_SEM_0111,289.7,291.8,295.5,298.6,301.6,304.8
TRS_SEM_0112,437.1,439.9,445.2,449.6,453.7,458.3
TRS_SEM_0113,485.5,488.7,494.5,499.2,503.7,508.6
TRS_SEM_0114,586.2,589.6,595.8,601.0,605.9,611.3
TRS_SEM_0115,336.5,337.9,340.5,342.7,344.9,347.1
TRS_SEM_0116,260.7,261.6,263.2,264.6,266.0,267.4
TRS_SEM_0117,263.8,264.7,266.4,267.8,269.3,270.7
TRS_SEM_0118,196.3,197.0,198.2,199.3,200.3,201.4
TRS_SEM_0119,220.0,220.7,222.1,223.3,224.5,225.7
TRS_SEM_0120,237.2,238.0,239.6,240.9,242.2,243.5
TRS_SEM_0121,197.3,198.0,199.2,200.3,201.3,202.4
TRS_SEM_0122,43.4,43.6,43.8,43.9,44.1,44.3
TRS_SEM_0123,1.3,1.3,1.4,1.4,1.4,1.4
TRS_SEM_0124,1.3,1.3,1.4,1.4,1.4,1.4
TRS_SEM_0125,9.0,9.0,9.1,9.1,9.2,9.2
TRS_SEM_0126,52.2,52.4,52.9,53.2,53.6,53.9
TRS_SEM_0127,419.9,422.2,426.0,429.2,432.6,435.7
TRS_SEM_0128,458.2,460.7,464.9,468.3,472.1,475.4
TRS_SEM_0129,475.3,477.9,482.2,485.8,489.6,493.0
TRS_SEM_0130,474.3,476.9,481.2,484.8,488.7,492.1
TRS_SEM_0131,468.7,471.3,475.6,479.1,482.9,486.3
TRS_SEM_0132,435.3,437.6,441.7,445.0,448.5,451.7
TRS_SEM_0133,411.7,413.9,417.7,420.8,424.2,427.2
TRS_SEM_0134,56.5,56.8,57.3,57.8,58.2,58.6
TRS_SEM_0135,0.0,0.0,0.0,0.0,0.0,0.0
TRS_SEM_0136,0.4,0.4,0.4,0.4,0.4,0.4
TRS_SEM_0137,52.6,52.9,53.2,53.5,53.8,54.1
TRS_SEM_0138,193.9,194.8,195.9,197.0,198.1,199.1
TRS_SEM_0139,314.5,316.2,318.5,320.6,322.8,324.8
TRS_SEM_0140,401.2,403.4,406.4,409.4,412.3,415.0
TRS_SEM_0141,474.8,477.4,481.1,484.7,488.2,491.5
TRS_SEM_0142,465.9,468.4,472.1,475.6,479.1,482.3
TRS_SEM_0143,366.7,368.7,371.5,374.2,376.8,379.3
TRS_SEM_0144,289.8,291.3,293.7,295.9,298.0,300.0
TRS_SEM_0145,138.1,138.9,140.1,141.3,142.4,143.4
TRS_SEM_0146,23.3,23.6,24.1,24.6,25.1,25.5
TRS_SEM_0147,36.1,36.6,37.3,37.9,38.6,39.2
TRS_SEM_0148,107.7,108.7,110.0,111.3,112.6,113.8
TRS_SEM_0149,315.2,317.5,320.7,323.9,326.9,329.9
TRS_SEM_0150,2187.0,2202.2,2224.0,2244.7,2264.5,2283.3
TRS_SEM_0151,4034.2,4061.5,4100.0,4137.1,4172.5,4206.3
TRS_SEM_0152,5012.5,5047.0,5095.1,5141.9,5186.5,5229.3
TRS_SEM_0153,4553.0,4584.2,4629.2,4672.8,4714.4,4754.7
TRS_SEM_0154,7410.8,7459.8,7529.4,7597.8,7663.1,7726.3
TRS_SEM_0155,9893.9,9958.9,10050.1,10139.8,10225.7,10308.8
TRS_SEM_0156,5080.9,5114.3,5163.0,5210.8,5256.1,5300.3
TRS_SEM_0157,4991.9,5024.7,5072.5,5119.4,5164.0,5207.6
TRS_SEM_0158,5006.9,5039.6,5087.2,5134.1,5178.5,5222.0
TRS_SEM_0159,5033.4,5066.5,5114.8,5162.5,5207.7,5252.1
TRS_SEM_0160,3706.2,3729.9,3764.7,3799.4,3832.2,3864.5
TRS_SEM_0161,909.4,914.7,922.6,930.5,937.8,945.0
TRS_SEM_0162,887.0,892.2,899.9,907.6,914.8,921.8
TRS_SEM_0163,849.0,854.2,861.7,869.1,876.0,882.8
TRS_SEM_0164,9452.6,9511.7,9596.8,9682.1,9763.7,9843.6
TRS_SEM_0165,6311.3,6349.9,6405.5,6461.9,6515.5,6568.3
TRS_SEM_0166,10347.6,10412.2,10504.4,10596.5,10685.2,10771.9
TRS_SEM_0167,2442.6,2457.7,2479.4,2501.2,2521.8,2542.0
TRS_SEM_0168,3392.8,3413.9,3443.7,3474.1,3503.2,3531.5
TRS_SEM_0169,3261.6,3281.5,3309.3,3337.7,3365.0,3391.5
TRS_SEM_0170,1928.2,1940.1,1956.5,1973.3,1989.4,2005.1
TRS_SEM_0171,1139.3,1146.8,1157.5,1168.5,1179.1,1189.3
TRS_SEM_0172,3695.6,3717.9,3748.9,3780.4,3810.9,3840.5
TRS_SEM_0173,5841.3,5877.5,5927.4,5977.1,6025.4,6072.2
TRS_SEM_0174,6212.3,6251.8,6305.4,6358.5,6410.3,6460.3
TRS_SEM_0175,5306.4,5340.2,5386.3,5431.5,5475.7,5518.3
TRS_SEM_0176,409.0,412.3,416.8,421.5,426.1,430.5
TRS_SEM_0177,899.7,905.5,913.8,922.1,930.2,937.8
TRS_SEM_0178,1102.1,1109.1,1118.8,1128.7,1138.1,1147.2
TRS_SEM_0179,1206.3,1213.2,1222.9,1232.7,1242.1,1251.1
TRS_SEM_0180,1485.1,1493.6,1505.5,1517.6,1529.2,1540.4
TRS_SEM_0181,1983.6,1995.3,2011.5,2028.0,2043.8,2059.1
TRS_SEM_0182,3955.2,3978.9,4011.8,4045.1,4077.2,4108.0
TRS_SEM_0183,604.7,608.1,612.7,617.5,622.1,626.5
TRS_SEM_0184,351.4,353.3,355.7,358.2,360.6,363.0
TRS_SEM_0185,95.8,96.2,96.8,97.4,97.9,98.5
TRS_SEM_0186,56.0,56.3,56.6,57.0,57.4,57.7
TRS_SEM_0187,64.5,64.8,65.2,65.6,66.0,66.4
TRS_SEM_0188,63.6,63.9,64.3,64.7,65.1,65.5
TRS_SEM_0189,39.4,39.6,39.8,40.1,40.4,40.6
TRS_SEM_0190,0.5,0.5,0.5,0.5,0.5,0.5
TRS_SEM_0191,9.2,9.3,9.3,9.4,9.5,9.5
TRS_SEM_0192,12.0,12.1,12.2,12.3,12.3,12.4
TRS_SEM_0193,13.2,13.3,13.4,13.5,13.5,13.6
TRS_SEM_0194,13.2,13.3,13.4,13.5,13.5,13.6
TRS_SEM_0195,13.2,13.3,13.4,13.5,13.5,13.6
TRS_SEM_0196,13.2,13.3,13.4,13.5,13.5,13.6
TRS_SEM_0197,13.2,13.3,13.4,13.5,13.5,13.6
TRS_SEM_0198,10.1,10.2,10.3,10.3,10.4,10.4
TRS_SEM_0199,1.1,1.1,1.1,1.1,1.1,1.1
TRS_SEM_0200,0.2,0.2,0.2,0.2,0.2,0.2
TRS_SEM_0201,39.0,39.3,39.7,40.0,40.4,40.7
TRS_SEM_0202,113.2,114.2,115.3,116.5,117.5,118.6
TRS_SEM_0203,228.5,230.4,232.7,235.1,237.3,239.5
TRS_SEM_0204,325.3,327.8,331.0,334.2,337.2,340.2
TRS_SEM_0205,490.4,493.8,498.4,503.0,507.3,511.5
TRS_SEM_0206,594.8,598.8,604.1,609.4,614.4,619.3
TRS_SEM_0207,456.6,459.9,464.0,468.2,472.3,476.1
TRS_SEM_0208,603.9,607.9,613.1,618.3,623.3,628.1
TRS_SEM_0209,124.4,125.4,126.6,127.8,129.1,130.3
TRS_SEM_0210,0.0,0.0,0.0,0.0,0.0,0.0
TRS_SEM_0211,0.0,0.0,0.0,0.0,0.0,0.0
TRS_SEM_0212,0.0,0.0,0.0,0.0,0.0,0.0
TRS_SEM_0213,17.8,17.9,18.0,18.1,18.3,18.4
TRS_SEM_0214,111.4,111.9,112.9,113.7,114.5,115.3
TRS_SEM_0215,335.6,337.5,340.6,343.2,346.1,348.6
TRS_SEM_0216,350.5,352.4,355.6,358.3,361.2,363.9
TRS_SEM_0217,5.1,5.1,5.1,5.2,5.2,5.2
TRS_SEM_0218,5.6,5.7,5.7,5.7,5.8,5.8
TRS_SEM_0219,5.8,5.8,5.8,5.9,5.9,5.9
TRS_SEM_0220,112.2,112.7,113.6,114.5,115.3,116.1
TRS_SEM_0221,719.8,724.1,730.9,737.6,743.4,749.2
TRS_SEM_0222,1454.7,1463.0,1475.6,1488.3,1499.3,1510.3
TRS_SEM_0223,1890.6,1901.0,1916.7,1932.3,1946.1,1959.7
TRS_SEM_0224,1765.2,1775.1,1790.1,1805.0,1818.2,1831.1
TRS_SEM_0225,1968.2,1979.1,1995.5,2011.8,2026.2,2040.3
TRS_SEM_0226,2357.5,2370.3,2389.9,2409.0,2426.1,2442.7
TRS_SEM_0227,2508.3,2521.8,2542.4,2562.4,2580.6,2598.1
TRS_SEM_0228,2573.6,2587.4,2608.3,2628.7,2647.3,2665.0
TRS_SEM_0229,1983.7,1993.9,2009.2,2024.1,2037.8,2050.8
TRS_SEM_0230,1245.4,1251.8,1261.2,1270.2,1278.8,1286.7
TRS_SEM_0231,335.7,338.0,341.2,344.3,347.3,350.1
TRS_SEM_0232,63.0,63.8,64.8,65.8,66.7,67.6
TRS_SEM_0233,62.7,63.5,64.5,65.5,66.4,67.3
TRS_SEM_0234,62.7,63.5,64.5,65.5,66.4,67.3
TRS_SEM_0235,62.9,63.6,64.6,65.6,66.6,67.4
TRS_SEM_0236,62.7,63.5,64.5,65.5,66.4,67.3
TRS_SEM_0237,62.7,63.5,64.5,65.5,66.4,67.3
TRS_SEM_0238,24.9,25.1,25.4,25.7,26.0,26.3
TRS_SEM_0239,1.1,1.1,1.1,1.1,1.1,1.1
TRS_SEM_0240,1.1,1.1,1.1,1.1,1.1,1.1
TRS_SEM_0241,0.0,0.0,0.0,0.0,0.0,0.0
TRS_SEM_0242,0.0,0.0,0.0,0.0,0.0,0.0
TRS_SEM_0243,29.2,29.4,29.7,30.0,30.3,30.5
TRS_SEM_0244,1.1,1.2,1.2,1.2,1.2,1.2
TRS_SEM_0245,1.9,1.9,1.9,1.9,1.9,1.9
TRS_SEM_0246,2.2,2.2,2.3,2.3,2.3,2.3
TRS_SEM_0247,1.8,1.9,1.9,1.9,1.9,1.9
TRS_SEM_0248,2.4,2.4,2.4,2.4,2.4,2.4
TRS_SEM_0249,3.2,3.2,3.2,3.2,3.2,3.3
TRS_SEM_0250,4.8,4.8,4.8,4.8,4.8,4.9
TRS_SEM_0251,4.3,4.3,4.3,4.3,4.4,4.4
TRS_SEM_0252,4.6,4.6,4.6,4.6,4.7,4.7
TRS_SEM_0253,4.7,4.7,4.8,4.8,4.8,4.9
TRS_SEM_0254,6.0,6.1,6.2,6.3,6.3,6.4
TRS_SEM_0255,5.5,5.6,5.7,5.7,5.8,5.9
TRS_SEM_0256,3.5,3.5,3.5,3.5,3.5,3.5
TRS_SEM_0257,1.7,1.7,1.7,1.7,1.7,1.7
TRS_SEM_0258,1.5,1.5,1.5,1.5,1.5,1.5
TRS_SEM_0259,0.9,1.0,1.0,1.0,1.0,1.0
TRS_SEM_0260,1.1,1.1,1.1,1.1,1.1,1.1
TRS_SEM_0261,1.1,1.1,1.1,1.1,1.1,1.1
TRS_SEM_0262,0.4,0.4,0.4,0.4,0.4,0.4
TRS_SEM_0263,0.3,0.3,0.3,0.3,0.3,0.4
TRS_SEM_0264,0.0,0.0,0.0,0.0,0.0,0.0
TRS_SEM_0265,0.2,0.2,0.2,0.2,0.2,0.2
TRS_SEM_0266,0.2,0.2,0.2,0.2,0.2,0.2
TRS_SEM_0267,3.4,3.4,3.4,3.5,3.5,3.5
TRS_SEM_0268,24.9,25.0,25.1,25.3,25.4,25.5
TRS_SEM_0269,65.3,65.6,65.9,66.2,66.6,66.9
TRS_SEM_0270,44.8,44.9,45.2,45.4,45.6,45.8
TRS_SEM_0271,113.2,113.7,114.3,114.9,115.5,116.1
TRS_SEM_0272,87.1,87.4,87.9,88.3,88.8,89.2
TRS_SEM_0273,17.7,17.8,17.9,18.0,18.0,18.1
TRS_SEM_0274,90.4,90.7,91.2,91.7,92.1,92.6
TRS_SEM_0275,127.2,127.7,128.4,129.0,129.7,130.3
TRS_SEM_0276,106.5,106.9,107.4,107.9,108.5,108.9
TRS_SEM_0277,77.5,77.8,78.2,78.6,79.0,79.3
TRS_SEM_0278,31.3,31.4,31.6,31.7,31.9,32.0
TRS_SEM_0279,0.6,0.6,0.6,0.6,0.6,0.6
TRS_SEM_0280,0.9,0.9,1.0,1.0,1.0,1.0
TRS_SEM_0281,41.9,42.1,42.3,42.4,42.6,42.8
TRS_SEM_0282,48.9,49.1,49.4,49.6,49.8,50.0
TRS_SEM_0283,8.1,8.1,8.2,8.2,8.2,8.3
TRS_SEM_0284,0.9,0.9,0.9,0.9,0.9,0.9
TRS_SEM_0285,0.6,0.6,0.6,0.6,0.6,0.6
TRS_SEM_0286,2.1,2.2,2.2,2.2,2.2,2.2
TRS_SEM_0287,0.3,0.3,0.3,0.3,0.3,0.3
TRS_SEM_0288,0.0,0.0,0.0,0.0,0.0,0.0
TRS_SEM_0289,0.0,0.0,0.0,0.0,0.0,0.0
TRS_SEM_0290,0.0,0.0,0.0,0.0,0.0,0.0
TRS_SEM_0291,0.0,0.0,0.0,0.0,0.0,0.0
TRS_SEM_0292,0.0,0.0,0.0,0.0,0.0,0.0
TRS_SEM_0293,0.0,0.0,0.0,0.0,0.0,0.0
TRS_SEM_0294,0.0,0.0,0.0,0.0,0.0,0.0
TRS_SEM_0295,0.0,0.0,0.0,0.0,0.0,0.0
TRS_SEM_0296,0.0,0.0,0.0,0.0,0.0,0.0
TRS_SEM_0297,64.3,64.8,65.3,65.9,66.3,66.8
TRS_SEM_0298,57.9,58.3,58.8,59.2,59.6,60.1
TRS_SEM_0299,63.2,63.6,64.2,64.7,65.1,65.6
TRS_SEM_0300,45.3,45.6,46.0,46.3,46.6,46.9
TRS_SEM_0301,23.1,23.2,23.4,23.5,23.6,23.8
TRS_SEM_0302,18.9,19.0,19.2,19.3,19.4,19.5
TRS_SEM_0303,12.3,12.4,12.5,12.6,12.6,12.7
TRS_SEM_0304,10.0,10.1,10.1,10.2,10.3,10.3
TRS_SEM_0305,8.7,8.7,8.8,8.8,8.9,9.0
TRS_SEM_0306,6.6,6.7,6.7,6.8,6.8,6.9
TRS_SEM_0307,5.6,5.7,5.7,5.8,5.8,5.8
TRS_SEM_0308,3.9,4.0,4.0,4.0,4.1,4.1
TRS_SEM_0309,3.9,4.0,4.0,4.0,4.1,4.1
TRS_SEM_0310,3.9,4.0,4.0,4.0,4.1,4.1
TRS_SEM_0311,4.9,4.9,5.0,5.0,5.1,5.1
TRS_SEM_0312,1.6,1.6,1.6,1.6,1.6,1.6
TRS_SEM_0313,1.6,1.6,1.6,1.6,1.6,1.6
TRS_SEM_0314,1.6,1.6,1.6,1.6,1.6,1.6
TRS_SEM_0315,0.9,1.0,1.0,1.0,1.0,1.0
TRS_CIR_0001,91.7,92.3,93.4,94.3,95.2,96.0
TRS_CIR_0002,91.7,92.3,93.4,94.3,95.2,96.0
TRS_CIR_0003,91.7,92.2,93.3,94.2,95.1,95.9
TRS_CIR_0004,90.7,91.3,92.3,93.2,94.1,94.9
TRS_CIR_0005,87.2,87.7,88.7,89.6,90.5,91.3
TRS_CIR_0006,86.0,86.6,87.6,88.5,89.3,90.1
TRS_CIR_0007,45.9,46.4,47.1,47.8,48.4,49.0
TRS_CIR_0008,30.2,30.5,30.9,31.3,31.7,32.1
TRS_CIR_0009,1.5,1.5,1.6,1.7,1.8,1.8
TRS_CIR_0010,0.1,0.1,0.1,0.1,0.1,0.1
TRS_CIR_0011,0.0,0.0,0.0,0.0,0.0,0.0
TRS_CIR_0012,0.0,0.0,0.0,0.0,0.0,0.0
TRS_CIR_0013,3.9,3.9,4.0,4.0,4.0,4.0
TRS_CIR_0014,13.8,13.9,13.9,14.0,14.1,14.2
TRS_CIR_0015,92.0,92.6,93.5,94.2,95.0,95.7
TRS_CIR_0016,7.4,7.4,7.4,7.5,7.5,7.5
TRS_CIR_0017,8.2,8.2,8.2,8.2,8.3,8.3
TRS_CIR_0018,0.0,0.0,0.0,0.0,0.0,0.0
TRS_CIR_0019,0.0,0.0,0.0,0.0,0.0,0.0
TRS_CIR_0020,0.0,0.0,0.0,0.0,0.0,0.0
TRS_CIR_0021,0.0,0.0,0.0,0.0,0.0,0.0
TRS_CIR_0022,0.4,0.4,0.4,0.4,0.4,0.4
TRS_CIR_0023,0.4,0.4,0.4,0.4,0.4,0.4
TRS_CIR_0024,1.4,1.4,1.4,1.4,1.4,1.4
TRS_CIR_0025,0.4,0.4,0.4,0.4,0.4,0.4
TRS_CIR_0026,0.4,0.4,0.4,0.4,0.4,0.4
TRS_CIR_0027,0.4,0.4,0.4,0.4,0.4,0.4
TRS_CIR_0028,0.4,0.4,0.4,0.4,0.4,0.4
TRS_CIR_0029,0.0,0.0,0.0,0.0,0.0,0.0
TRS_CIR_0030,0.0,0.0,0.0,0.0,0.0,0.0
TRS_CIR_0031,0.0,0.0,0.0,0.0,0.0,0.0
TRS_CIR_0032,0.0,0.0,0.0,0.0,0.0,0.0
TRS_CIR_0033,0.0,0.0,0.0,0.0,0.0,0.0
TRS_CIR_0034,2.8,2.8,2.8,2.8,2.8,2.8
TRS_CIR_0035,0.0,0.0,0.0,0.0,0.0,0.0
TRS_CIR_0036,31.1,31.3,31.7,32.0,32.3,32.6
TRS_CIR_0037,1.0,1.0,1.0,1.0,1.0,1.0
TRS_CIR_0038,4.9,4.9,5.0,5.0,5.0,5.0
TRS_CIR_0039,5.6,5.6,5.6,5.6,5.6,5.7
TRS_CIR_0040,5.6,5.6,5.6,5.6,5.6,5.7
TRS_CIR_0041,5.6,5.6,5.6,5.6,5.6,5.7
TRS_CIR_0042,5.6,5.6,5.6,5.6,5.6,5.7
TRS_CIR_0043,6.0,6.0,6.1,6.2,6.3,6.4
TRS_CIR_0044,7.6,7.7,7.8,7.9,8.0,8.1
TRS_CIR_0045,0.0,0.0,0.0,0.0,0.0,0.0
TRS_CIR_0046,0.0,0.0,0.0,0.0,0.0,0.0
TRS_CIR_0047,0.0,0.0,0.0,0.0,0.0,0.0
TRS_CIR_0048,0.0,0.0,0.0,0.0,0.0,0.0
TRS_CIR_0049,0.0,0.0,0.0,0.0,0.0,0.0
TRS_CIR_0050,0.0,0.0,0.0,0.0,0.0,0.0
TRS_CIR_0051,0.0,0.0,0.0,0.0,0.0,0.0
TRS_CIR_0052,0.0,0.0,0.0,0.0,0.0,0.0
TRS_CIR_0053,0.3,0.3,0.3,0.3,0.3,0.3
TRS_CIR_0054,0.3,0.3,0.3,0.3,0.3,0.3
TRS_CIR_0055,0.3,0.3,0.3,0.3,0.3,0.3
TRS_CIR_0056,0.5,0.5,0.5,0.5,0.5,0.5
TRS_CIR_0057,8.8,8.8,8.9,8.9,9.0,9.1
TRS_CIR_0058,8.5,8.6,8.6,8.7,8.8,8.8
TRS_CIR_0059,2.8,2.8,2.9,2.9,2.9,2.9
TRS_CIR_0060,2.6,2.6,2.6,2.6,2.6,2.7
TRS_CIR_0061,2.6,2.6,2.6,2.6,2.6,2.7
TRS_CIR_0062,2.6,2.6,2.6,2.6,2.6,2.7
TRS_CIR_0063,2.6,2.6,2.6,2.6,2.6,2.7
TRS_CIR_0064,2.6,2.6,2.6,2.6,2.6,2.7
TRS_CIR_0065,0.0,0.0,0.0,0.0,0.0,0.0
TRS_CIR_0066,0.0,0.0,0.0,0.0,0.0,0.0
TRS_CIR_0067,0.0,0.0,0.0,0.0,0.0,0.0
TRS_CIR_0068,0.0,0.0,0.0,0.0,0.0,0.0
TRS_CIR_0069,0.0,0.0,0.0,0.0,0.0,0.0
TRS_CIR_0070,0.0,0.0,0.0,0.0,0.0,0.0
TRS_CIR_0071,1.0,1.0,1.0,1.0,1.0,1.0
TRS_CIR_0072,1.0,1.0,1.0,1.0,1.0,1.0
TRS_CIR_0073,1.0,1.0,1.0,1.0,1.0,1.0
TRS_CIR_0074,1.0,1.0,1.0,1.0,1.0,1.0
TRS_CIR_0075,1.0,1.0,1.0,1.0,1.0,1.0
TRS_CIR_0076,2.7,2.7,2.8,2.8,2.8,2.8
TRS_CIR_0077,1.7,1.7,1.7,1.7,1.7,1.7
TRS_CIR_0078,1.7,1.7,1.7,1.7,1.7,1.7
TRS_CIR_0079,1.7,1.7,1.7,1.7,1.7,1.7
TRS_CIR_0080,1.7,1.7,1.7,1.7,1.7,1.7
TRS_CIR_0081,1.7,1.7,1.7,1.7,1.7,1.7
TRS_CIR_0082,2.5,2.5,2.6,2.6,2.6,2.6
TRS_CIR_0083,0.5,0.5,0.5,0.5,0.5,0.6
TRS_CIR_0084,0.9,0.9,0.9,0.9,0.9,0.9
TRS_CIR_0085,1.5,1.5,1.5,1.5,1.5,1.5
TRS_CIR_0086,2.7,2.7,2.7,2.7,2.8,2.8
TRS_CIR_0087,7.5,7.5,7.5,7.5,7.6,7.6
TRS_CIR_0088,7.1,7.1,7.1,7.1,7.1,7.2
TRS_CIR_0089,6.5,6.5,6.5,6.5,6.5,6.6
TRS_CIR_0090,6.5,6.5,6.5,6.5,6.5,6.6
TRS_CIR_0091,6.2,6.3,6.3,6.3,6.3,6.3
TRS_CIR_0092,7.5,7.5,7.5,7.6,7.6,7.6
TRS_CIR_0093,7.3,7.3,7.3,7.3,7.3,7.4
TRS_CIR_0094,4.5,4.5,4.5,4.5,4.6,4.6
TRS_CIR_0095,0.0,0.0,0.0,0.0,0.0,0.0
TRS_CIR_0096,0.0,0.0,0.0,0.0,0.0,0.0
TRS_CIR_0097,0.0,0.0,0.0,0.0,0.0,0.0
TRS_CIR_0098,0.5,0.5,0.5,0.5,0.5,0.5
TRS_CIR_0099,0.5,0.5,0.5,0.5,0.5,0.5
TRS_CIR_0100,0.8,0.8,0.8,0.8,0.8,0.8
TRS_CIR_0101,0.8,0.8,0.8,0.8,0.8,0.8
TRS_CIR_0102,0.8,0.8,0.8,0.8,0.8,0.8
TRS_CIR_0103,0.8,0.8,0.8,0.8,0.8,0.9
TRS_CIR_0104,0.8,0.8,0.8,0.8,0.8,0.9
TRS_CIR_0105,0.8,0.8,0.8,0.8,0.8,0.9
TRS_CIR_0106,0.8,0.8,0.8,0.8,0.8,0.9
TRS_CIR_0107,0.5,0.5,0.5,0.5,0.5,0.5
TRS_CIR_0108,0.5,0.5,0.5,0.5,0.5,0.5
TRS_CIR_0109,56.0,56.4,56.9,57.4,58.0,58.4
TRS_CIR_0110,77.0,77.5,78.3,79.0,79.7,80.3
TRS_CIR_0111,17.4,17.6,17.7,17.9,18.0,18.2
TRS_CIR_0112,0.0,0.0,0.0,0.0,0.0,0.0
TRS_CIR_0113,0.0,0.0,0.0,0.0,0.0,0.0
TRS_CIR_0114,0.0,0.0,0.0,0.0,0.0,0.0
TRS_CIR_0115,0.0,0.0,0.0,0.0,0.0,0.0
TRS_CIR_0116,0.0,0.0,0.0,0.0,0.0,0.0
TRS_CIR_0117,0.0,0.0,0.0,0.0,0.0,0.0
TRS_CIR_0118,0.0,0.0,0.0,0.0,0.0,0.0
TRS_CIR_0119,0.0,0.0,0.0,0.0,0.0,0.0
TRS_CIR_0120,0.0,0.0,0.0,0.0,0.0,0.0
TRS_CIR_0121,0.0,0.0,0.0,0.0,0.0,0.0
TRS_CIR_0122,0.0,0.0,0.0,0.0,0.0,0.0
TRS_CIR_0123,30.4,30.6,30.9,31.2,31.5,31.8
TRS_CIR_0124,135.7,136.7,138.1,139.3,140.5,141.8
TRS_CIR_0125,306.6,309.0,312.5,315.8,319.1,322.6
TRS_CIR_0126,631.5,636.6,644.4,651.2,658.4,665.6
TRS_CIR_0127,441.7,445.3,451.2,456.2,461.6,467.1
TRS_CIR_0128,243.0,245.2,248.7,251.7,255.1,258.4
TRS_CIR_0129,191.2,192.9,195.6,198.0,200.6,203.3
TRS_CIR_0130,139.2,140.3,142.1,143.6,145.2,146.8
TRS_CIR_0131,99.1,99.9,101.1,102.1,103.2,104.3
TRS_CIR_0132,25.8,25.9,26.2,26.5,26.7,26.9
TRS_CIR_0133,1.5,1.5,1.5,1.5,1.5,1.6
TRS_CIR_0134,0.0,0.0,0.0,0.0,0.0,0.0
TRS_CIR_0135,0.0,0.0,0.0,0.0,0.0,0.0
TRS_CIR_0136,0.0,0.0,0.0,0.0,0.0,0.0
TRS_CIR_0137,0.0,0.0,0.0,0.0,0.0,0.0
TRS_CIR_0138,0.0,0.0,0.0,0.0,0.0,0.0
TRS_CIR_0139,0.0,0.0,0.0,0.0,0.0,0.0
TRS_CIR_0140,0.0,0.0,0.0,0.0,0.0,0.0
TRS_CIR_0141,0.0,0.0,0.0,0.0,0.0,0.0
TRS_CIR_0142,0.0,0.0,0.0,0.0,0.0,0.0
TRS_CIR_0143,0.0,0.0,0.0,0.0,0.0,0.0
TRS_CIR_0144,0.0,0.0,0.0,0.0,0.0,0.0
TRS_CIR_0145,0.0,0.0,0.0,0.0,0.0,0.0
TRS_CIR_0146,0.0,0.0,0.0,0.0,0.0,0.0
TRS_CIR_0147,0.0,0.0,0.0,0.0,0.0,0.0
TRS_CIR_0148,0.0,0.0,0.0,0.0,0.0,0.0
TRS_CIR_0149,0.0,0.0,0.0,0.0,0.0,0.0
TRS_CIR_0150,0.0,0.0,0.0,0.0,0.0,0.0
TRS_CIR_0151,0.0,0.0,0.0,0.0,0.0,0.0
TRS_CIR_0152,0.0,0.0,0.0,0.0,0.0,0.0
TRS_CIR_0153,0.0,0.0,0.0,0.0,0.0,0.0
TRS_CIR_0154,0.0,0.0,0.0,0.0,0.0,0.0
TRS_CIR_0155,0.0,0.0,0.0,0.0,0.0,0.0
TRS_CIR_0156,0.0,0.0,0.0,0.0,0.0,0.0
TRS_CIR_0157,0.0,0.0,0.0,0.0,0.0,0.0
TRS_CIR_0158,0.0,0.0,0.0,0.0,0.0,0.0
TRS_CIR_0159,0.0,0.0,0.0,0.0,0.0,0.0
TRS_CIR_0160,0.7,0.7,0.7,0.7,0.7,0.7
TRS_CIR_0161,1.3,1.3,1.3,1.3,1.3,1.3
TRS_CIR_0162,0.7,0.7,0.7,0.7,0.7,0.7
TRS_CIR_0163,2.7,2.7,2.7,2.7,2.8,2.8
TRS_CIR_0164,14.1,14.2,14.2,14.3,14.4,14.4
TRS_CIR_0165,14.8,14.8,14.9,15.0,15.0,15.1
TRS_CIR_0166,20.5,20.6,20.6,20.7,20.8,20.9
TRS_CIR_0167,48.8,49.1,49.4,49.7,50.1,50.5
TRS_CIR_0168,55.9,56.3,56.7,57.2,57.7,58.3
TRS_CIR_0169,69.5,70.0,70.6,71.2,71.8,72.5
TRS_CIR_0170,53.3,53.7,54.1,54.5,55.0,55.5
TRS_CIR_0171,58.8,59.3,59.9,60.6,61.3,62.2
TRS_CIR_0172,148.8,149.9,151.3,152.9,154.6,156.5
TRS_CIR_0173,293.9,296.5,299.9,303.7,307.9,312.3
TRS_CIR_0174,1320.8,1330.7,1343.6,1356.7,1370.1,1383.0
TRS_CIR_0175,2319.1,2336.4,2358.5,2380.8,2403.1,2424.4
TRS_CIR_0176,1131.7,1140.7,1152.0,1163.5,1175.4,1186.8
TRS_CIR_0177,1416.1,1427.0,1440.8,1454.8,1469.1,1482.9
TRS_CIR_0178,3874.7,3902.0,3936.4,3971.3,4005.6,4038.4
TRS_CIR_0179,3470.8,3495.5,3526.4,3557.9,3589.0,3618.8
TRS_CIR_0180,7269.8,7318.0,7378.8,7440.5,7500.3,7558.1
TRS_CIR_0181,6780.3,6824.7,6880.1,6936.4,6990.8,7043.3
TRS_CIR_0182,5051.3,5083.9,5123.8,5164.9,5204.6,5243.1
TRS_CIR_0183,3283.0,3304.1,3329.4,3356.0,3382.0,3407.2
TRS_CIR_0184,2041.4,2054.9,2071.2,2088.2,2105.3,2121.8
TRS_CIR_0185,1142.8,1151.0,1160.9,1171.3,1182.0,1192.5
TRS_CIR_0186,1150.0,1158.7,1169.5,1180.6,1191.9,1203.1
TRS_CIR_0187,1075.6,1084.2,1095.1,1106.1,1117.2,1128.0
TRS_CIR_0188,1095.5,1104.7,1116.0,1127.5,1139.0,1150.1
TRS_CIR_0189,1110.2,1119.4,1130.6,1142.2,1153.8,1164.9
TRS_CIR_0190,1260.3,1270.4,1282.7,1295.5,1308.0,1320.2
TRS_CIR_0191,709.7,716.2,723.4,731.3,739.1,746.7
TRS_CIR_0192,549.6,555.0,560.8,567.3,573.7,579.9
TRS_CIR_0193,710.1,716.9,723.8,731.5,739.1,746.4
TRS_CIR_0194,1175.9,1185.6,1195.9,1207.0,1217.8,1228.3
TRS_CIR_0195,1414.9,1427.3,1440.8,1455.3,1469.4,1483.0
TRS_CIR_0196,1604.6,1619.2,1635.3,1652.6,1669.4,1685.6
TRS_CIR_0197,1932.7,1950.1,1969.6,1990.5,2011.1,2031.0
TRS_CIR_0198,1887.5,1904.6,1923.7,1944.4,1964.6,1984.2
TRS_CIR_0199,1841.6,1858.8,1878.9,1900.2,1921.0,1941.3
TRS_CIR_0200,2009.6,2028.0,2049.9,2072.9,2095.1,2116.9
TRS_CIR_0201,1418.6,1433.4,1451.1,1469.6,1487.4,1505.1
TRS_CIR_0202,891.1,901.8,914.2,927.2,939.9,952.5
TRS_CIR_0203,752.2,760.5,770.1,780.1,790.1,799.9
TRS_CIR_0204,587.0,593.0,600.1,607.4,614.7,622.0
TRS_CIR_0205,439.3,443.5,448.4,453.5,458.6,463.7
TRS_CIR_0206,394.0,397.2,401.2,405.3,409.4,413.5
TRS_CIR_0207,420.4,423.2,426.9,430.5,434.2,437.7
TRS_CIR_0208,148.4,149.6,150.8,152.0,153.2,154.3
TRS_CIR_0209,306.8,309.1,311.7,314.2,316.7,319.1
TRS_CIR_0210,364.3,367.2,370.6,374.0,377.2,380.5
TRS_CIR_0211,386.6,389.6,393.4,397.1,400.6,404.2
TRS_CIR_0212,461.3,464.8,469.3,473.8,478.0,482.4
TRS_CIR_0213,572.8,576.9,582.3,587.6,592.7,597.9
TRS_CIR_0214,612.8,617.3,623.2,629.1,634.7,640.5
TRS_CIR_0215,585.5,590.0,595.9,601.9,607.6,613.5
TRS_CIR_0216,541.2,545.3,551.2,556.9,562.5,568.3
TRS_CIR_0217,406.4,409.4,413.8,418.1,422.3,426.6
TRS_CIR_0218,300.3,302.4,305.4,308.3,311.1,314.1
TRS_CIR_0219,215.5,216.9,218.9,220.7,222.5,224.4
TRS_CIR_0220,150.7,151.7,153.0,154.2,155.4,156.6
TRS_CIR_0221,67.6,67.9,68.4,68.8,69.2,69.6
TRS_CIR_0222,53.6,53.9,54.2,54.5,54.9,55.2
TRS_CIR_0223,30.2,30.4,30.5,30.7,30.8,31.0
TRS_CIR_0224,14.4,14.4,14.5,14.5,14.6,14.7
TRS_CIR_0225,5.5,5.6,5.6,5.6,5.6,5.7
TRS_CIR_0226,7.2,7.2,7.3,7.3,7.3,7.4
TRS_CIR_0227,17.8,17.9,18.0,18.1,18.3,18.4
TRS_CIR_0228,6.3,6.4,6.4,6.4,6.5,6.5
TRS_CIR_0229,5.2,5.3,5.4,5.4,5.6,5.7
TRS_CIR_0230,14.3,14.8,15.3,15.9,16.5,17.1
TRS_CIR_0231,98.8,100.8,103.3,105.9,108.5,111.0
TRS_CIR_0232,142.5,145.8,149.8,153.9,158.1,162.1
TRS_CIR_0233,208.0,213.2,219.3,225.7,232.3,238.5
TRS_CIR_0234,218.2,223.7,230.1,236.9,243.8,250.4
TRS_CIR_0235,95.2,97.2,99.8,102.5,105.3,107.9
TRS_CIR_0236,2.3,2.4,2.4,2.4,2.4,2.4
TRS_CIR_0237,457.0,464.4,473.1,482.6,492.3,501.8
TRS_CIR_0238,914.6,923.6,934.2,945.6,957.1,968.4
TRS_CIR_0239,1026.7,1034.3,1043.3,1052.9,1062.8,1072.4
TRS_CIR_0240,1065.1,1072.2,1080.6,1089.6,1098.8,1107.9
TRS_CIR_0241,889.0,894.8,901.8,909.3,916.9,924.5
TRS_CIR_0242,1540.9,1550.9,1563.0,1575.8,1588.7,1601.3
TRS_CIR_0243,3839.4,3863.8,3895.1,3926.9,3958.0,3988.3
TRS_CIR_0244,5769.8,5806.3,5853.8,5901.9,5948.6,5994.0
TRS_CIR_0245,6019.5,6057.0,6106.7,6156.8,6205.2,6252.2
TRS_CIR_0246,5598.6,5633.8,5680.7,5728.0,5773.7,5817.9
TRS_CIR_0247,5509.0,5544.6,5591.8,5639.6,5686.2,5731.1
TRS_CIR_0248,6316.6,6358.9,6414.9,6471.8,6527.0,6580.3
TRS_CIR_0249,7176.1,7224.9,7289.2,7354.6,7418.1,7479.4
TRS_CIR_0250,7892.0,7947.0,8018.8,8091.9,8162.9,8231.3
TRS_CIR_0251,9343.6,9410.1,9496.1,9582.8,9667.1,9748.6
TRS_CIR_0252,9602.2,9668.9,9754.9,9841.6,9925.6,10006.9
TRS_CIR_0253,10182.0,10250.4,10338.9,10428.2,10513.8,10597.2
TRS_CIR_0254,9825.2,9887.2,9967.0,10047.7,10124.4,10199.7
TRS_CIR_0255,8521.0,8574.8,8644.5,8715.1,8782.3,8848.6
TRS_CIR_0256,5723.4,5759.3,5805.7,5853.3,5898.5,5943.5
TRS_CIR_0257,3265.8,3286.5,3313.4,3341.4,3368.2,3394.8
TRS_CIR_0258,5485.5,5519.3,5564.0,5609.9,5653.7,5697.0
TRS_CIR_0259,7113.9,7158.5,7217.7,7278.4,7336.2,7393.3
TRS_CIR_0260,7478.6,7526.7,7590.7,7656.0,7718.2,7779.3
TRS_CIR_0261,8468.7,8523.6,8597.2,8672.0,8742.9,8812.2
TRS_CIR_0262,10029.1,10093.7,10180.4,10267.9,10350.6,10431.2
TRS_CIR_0263,8652.8,8708.0,8782.6,8857.2,8927.8,8996.3
TRS_CIR_0264,8368.3,8422.5,8495.7,8568.4,8637.2,8704.0
TRS_CIR_0265,281.0,283.0,285.7,288.4,291.1,293.6
TRS_CIR_0266,10193.4,10260.5,10351.4,10440.0,10524.1,10605.2
TRS_CIR_0267,11030.8,11104.0,11203.9,11300.7,11392.5,11480.8
TRS_CIR_0268,16075.2,16180.2,16322.3,16459.9,16590.9,16716.9
TRS_CIR_0269,16263.0,16369.2,16513.3,16652.2,16784.6,16911.9
TRS_CIR_0270,15352.7,15452.9,15588.3,15718.7,15843.0,15962.4
TRS_CIR_0271,15921.9,16026.7,16168.7,16304.9,16435.3,16560.3
TRS_CIR_0272,15645.8,15748.7,15889.2,16023.7,16152.6,16276.2
TRS_CIR_0273,12552.2,12635.1,12748.6,12857.7,12962.4,13062.7
TRS_CIR_0274,10814.6,10885.6,10983.0,11077.0,11167.3,11253.7
TRS_CIR_0275,8471.3,8526.1,8602.4,8676.2,8747.4,8815.3
TRS_CIR_0276,9781.5,9844.0,9932.4,10017.5,10099.8,10178.1
TRS_CIR_0277,1841.0,1851.7,1867.7,1883.2,1898.4,1912.9
TRS_CIR_0278,2270.6,2284.1,2303.9,2323.1,2341.8,2359.6
TRS_CIR_0279,16534.9,16639.6,16792.2,16937.9,17079.5,17213.8
TRS_CIR_0280,16284.3,16387.8,16539.0,16683.3,16823.5,16956.5
TRS_CIR_0281,14193.1,14284.5,14418.7,14547.2,14672.0,14790.5
TRS_CIR_0282,12634.4,12715.8,12834.8,12950.2,13061.8,13168.3
TRS_CIR_0283,11510.7,11585.3,11693.0,11798.5,11900.4,11998.1
TRS_CIR_0284,10340.3,10408.9,10506.8,10603.4,10697.1,10787.3
TRS_CIR_0285,7250.9,7299.6,7368.8,7437.6,7504.3,7568.7
TRS_CIR_0286,8289.6,8344.3,8420.7,8496.6,8570.5,8642.2
TRS_CIR_0287,7748.7,7798.7,7869.4,7939.7,8008.2,8074.6
TRS_CIR_0288,5892.2,5930.5,5984.8,6039.4,6093.1,6145.2
TRS_CIR_0289,4357.0,4386.2,4427.7,4469.5,4510.8,4550.9
TRS_CIR_0290,3273.1,3295.7,3328.4,3361.2,3393.6,3425.3
TRS_CIR_0291,2309.3,2325.1,2348.1,2371.3,2394.4,2417.0
TRS_CIR_0292,1168.5,1176.7,1188.8,1201.3,1214.0,1226.5
TRS_CIR_0293,393.1,396.6,401.5,406.8,412.3,417.8
TRS_CIR_0294,149.1,150.5,152.2,153.9,155.7,157.5
TRS_CIR_0295,88.4,89.1,90.1,91.0,92.0,93.0
TRS_CIR_0296,58.9,59.5,60.2,60.9,61.7,62.4
TRS_CIR_0297,53.7,54.3,55.0,55.7,56.4,57.2
TRS_CIR_0298,56.8,57.2,57.9,58.5,59.1,59.7
TRS_CIR_0299,35.6,35.9,36.2,36.5,36.9,37.2
TRS_CIR_0300,71.1,71.5,72.1,72.7,73.3,73.8
TRS_CIR_0301,120.1,120.9,121.7,122.5,123.4,124.3
TRS_CIR_0302,122.6,123.4,124.3,125.2,126.1,127.1
TRS_CIR_0303,115.9,116.6,117.3,118.1,118.9,119.7
TRS_CIR_0304,85.3,85.8,86.3,86.8,87.4,88.0
TRS_CIR_0305,70.2,70.5,70.9,71.4,71.8,72.2
TRS_CIR_0306,5.3,5.4,5.4,5.4,5.4,5.4
TRS_CIR_0307,7.3,7.3,7.3,7.3,7.3,7.4
TRS_CIR_0308,3.1,3.2,3.2,3.2,3.2,3.2
TRS_CIR_0309,7.1,7.2,7.2,7.2,7.3,7.3
TRS_CIR_0310,9.8,9.9,9.9,10.0,10.0,10.1
TRS_CIR_0311,10.3,10.4,10.4,10.5,10.5,10.6
TRS_CIR_0312,9.8,9.8,9.9,9.9,9.9,10.0
TRS_CIR_0313,14.3,14.4,14.5,14.5,14.6,14.7
TRS_CIR_0314,11.0,11.0,11.1,11.1,11.1,11.2
TRS_CIR_0315,10.3,10.3,10.4,10.4,10.4,10.5
TRS_CIR_0316,9.3,9.4,9.4,9.4,9.5,9.6
TRS_CIR_0317,9.3,9.4,9.4,9.4,9.5,9.6
TRS_CIR_0318,5.1,5.1,5.1,5.1,5.1,5.2
TRS_CIR_0319,8.8,8.8,8.8,8.8,8.9,8.9
TRS_CIR_0320,11.1,11.2,11.2,11.2,11.3,11.3
TRS_CIR_0321,13.0,13.0,13.1,13.1,13.1,13.2
TRS_CIR_0322,13.7,13.7,13.8,13.8,13.9,13.9
TRS_CIR_0323,13.4,13.4,13.5,13.5,13.6,13.6
TRS_CIR_0324,14.4,14.4,14.5,14.5,14.6,14.6
TRS_CIR_0325,15.0,15.1,15.1,15.2,15.2,15.3
TRS_CIR_0326,13.9,13.9,14.0,14.0,14.1,14.1
TRS_CIR_0327,15.8,15.9,15.9,16.0,16.1,16.1
TRS_CIR_0328,23.6,23.7,23.8,23.9,24.0,24.2
TRS_CIR_0329,24.9,25.1,25.2,25.4,25.6,25.8
TRS_CIR_0330,33.0,33.2,33.4,33.6,33.8,34.1
TRS_CIR_0331,33.4,33.6,33.8,34.0,34.2,34.4
TRS_CIR_0332,33.3,33.4,33.5,33.7,33.9,34.0
TRS_CIR_0333,28.7,28.9,29.0,29.2,29.3,29.5
TRS_CIR_0334,24.8,24.9,25.0,25.1,25.2,25.3
TRS_CIR_0335,24.9,24.9,25.1,25.2,25.3,25.4
TRS_CIR_0336,26.2,26.3,26.4,26.6,26.7,26.8
TRS_CIR_0337,20.9,20.9,21.0,21.1,21.2,21.3
TRS_CIR_0338,15.3,15.4,15.4,15.5,15.6,15.7
TRS_CIR_0339,9.4,9.4,9.5,9.5,9.5,9.6
TRS_CIR_0340,10.5,10.6,10.6,10.7,10.7,10.7
TRS_CIR_0341,10.3,10.4,10.4,10.4,10.5,10.5
TRS_CIR_0342,8.3,8.3,8.4,8.4,8.4,8.5
TRS_CIR_0343,5.6,5.6,5.6,5.6,5.6,5.6
TRS_CIR_0344,4.1,4.2,4.2,4.2,4.2,4.2
TRS_CIR_0345,8.6,8.6,8.6,8.7,8.7,8.7
TRS_CIR_0346,12.4,12.4,12.5,12.5,12.5,12.6
TRS_CIR_0347,13.1,13.2,13.2,13.2,13.3,13.3
TRS_CIR_0348,12.6,12.7,12.7,12.7,12.8,12.8
TRS_CIR_0349,10.6,10.6,10.6,10.7,10.7,10.8
TRS_CIR_0350,12.5,12.5,12.6,12.6,12.6,12.7
TRS_CIR_0351,18.7,18.7,18.8,18.9,18.9,19.0
TRS_CIR_0352,18.7,18.8,18.9,19.0,19.0,19.1
TRS_CIR_0353,9.6,9.7,9.7,9.7,9.8,9.8
TRS_CIR_0354,13.6,13.6,13.7,13.7,13.8,13.9
TRS_CIR_0355,15.6,15.6,15.7,15.8,15.8,15.9
TRS_CIR_0356,19.4,19.5,19.5,19.6,19.7,19.8
TRS_CIR_0357,16.4,16.5,16.6,16.6,16.7,16.8
TRS_CIR_0358,12.5,12.5,12.6,12.7,12.7,12.8
TRS_CIR_0359,14.1,14.2,14.3,14.4,14.5,14.5
TRS_CIR_0360,16.7,16.8,16.9,17.0,17.1,17.2
TRS_CIR_0361,21.8,21.9,22.0,22.1,22.2,22.3
TRS_CIR_0362,29.0,29.2,29.3,29.5,29.7,29.9
TRS_CIR_0363,32.8,33.0,33.2,33.5,33.6,33.9
TRS_CIR_0364,38.0,38.3,38.6,38.8,39.1,39.3
TRS_CIR_0365,62.5,62.9,63.4,63.9,64.3,64.8
TRS_CIR_0366,80.5,81.0,81.6,82.2,82.7,83.3
TRS_CIR_0367,111.0,111.7,112.5,113.3,114.0,114.9
TRS_CIR_0368,127.0,127.8,128.7,129.6,130.4,131.4
TRS_CIR_0369,109.8,110.5,111.3,112.1,112.9,113.7
TRS_CIR_0370,110.0,110.7,111.6,112.4,113.1,114.0
TRS_CIR_0371,120.2,120.9,121.8,122.7,123.5,124.3
TRS_CIR_0372,153.3,154.2,155.2,156.2,157.1,158.1
TRS_CIR_0373,186.0,186.9,188.1,189.2,190.3,191.4
TRS_CIR_0374,205.0,206.0,207.3,208.5,209.7,211.0
TRS_CIR_0375,179.2,180.0,181.0,182.0,183.0,184.1
TRS_CIR_0376,157.6,158.3,159.2,160.0,160.9,161.8
TRS_CIR_0377,28.2,28.3,28.4,28.6,28.7,28.8
TRS_CIR_0378,46.6,46.8,47.1,47.3,47.6,47.9
TRS_CIR_0379,69.9,70.2,70.6,71.0,71.4,71.9
TRS_CIR_0380,100.3,100.8,101.4,102.0,102.6,103.2
TRS_CIR_0381,108.0,108.5,109.2,109.9,110.6,111.3
TRS_CIR_0382,77.8,78.2,78.7,79.2,79.7,80.2
TRS_CIR_0383,53.5,53.8,54.2,54.5,54.9,55.3
TRS_CIR_0384,45.4,45.6,45.9,46.2,46.4,46.7
TRS_CIR_0385,37.1,37.3,37.6,37.9,38.1,38.4
TRS_CIR_0386,99.7,100.5,101.5,102.4,103.4,104.4
TRS_CIR_0387,207.4,209.2,211.7,213.9,216.3,218.6
TRS_CIR_0388,454.9,458.8,464.8,469.9,475.3,480.4
TRS_CIR_0389,717.2,723.4,732.1,739.6,747.1,754.5
TRS_CIR_0390,811.8,819.0,829.0,837.6,846.3,855.1
TRS_CIR_0391,823.4,830.7,840.7,849.5,858.2,867.1
TRS_CIR_0392,832.6,840.0,850.2,859.2,868.1,877.2
TRS_CIR_0393,853.0,860.3,870.6,879.7,888.7,897.9
TRS_CIR_0394,882.0,889.1,899.1,908.1,917.0,926.0
TRS_CIR_0395,824.4,830.1,838.7,846.8,855.2,863.5
TRS_CIR_0396,900.9,906.5,915.7,924.2,933.3,941.9
TRS_CIR_0397,1354.0,1362.0,1375.2,1387.2,1399.8,1411.6
TRS_CIR_0398,1783.7,1794.2,1811.4,1826.8,1843.2,1858.5
TRS_CIR_0399,2056.3,2068.4,2088.3,2106.4,2125.7,2143.7
TRS_CIR_0400,2168.0,2181.0,2201.9,2220.9,2241.4,2260.3
TRS_CIR_0401,2375.0,2389.4,2412.7,2433.6,2456.3,2477.0
TRS_CIR_0402,2325.0,2339.0,2361.9,2382.3,2404.3,2424.4
TRS_CIR_0403,2264.7,2277.7,2299.4,2318.3,2338.6,2356.9
TRS_CIR_0404,1962.2,1973.2,1992.0,2008.3,2026.0,2041.8
TRS_CIR_0405,1297.8,1304.9,1317.1,1327.6,1339.1,1349.3
TRS_JPR_0001,75.7,76.0,76.6,77.0,77.5,77.9
TRS_JPR_0002,71.5,71.8,72.4,72.8,73.2,73.6
TRS_JPR_0003,72.4,72.7,73.2,73.7,74.1,74.5
TRS_JPR_0004,70.3,70.6,71.2,71.6,72.0,72.4
TRS_JPR_0005,67.0,67.4,67.9,68.3,68.7,69.1
TRS_JPR_0006,9.8,9.9,9.9,10.0,10.1,10.1
TRS_JPR_0007,33.1,33.3,33.7,34.0,34.3,34.6
TRS_JPR_0008,56.4,56.8,57.4,57.9,58.4,58.9
TRS_JPR_0009,86.9,87.5,88.2,88.9,89.7,90.3
TRS_JPR_0010,96.6,97.2,98.1,98.9,99.7,100.5
TRS_JPR_0011,96.6,97.2,98.1,98.9,99.7,100.5
TRS_JPR_0012,96.6,97.2,98.1,98.9,99.7,100.5
TRS_JPR_0013,96.6,97.2,98.1,98.9,99.7,100.5
TRS_JPR_0014,80.1,80.7,81.4,82.0,82.7,83.3
TRS_JPR_0015,60.6,60.9,61.4,61.8,62.2,62.6
TRS_JPR_0016,45.0,45.2,45.5,45.8,46.1,46.4
TRS_JPR_0017,15.4,15.5,15.6,15.7,15.8,15.8
TRS_JPR_0018,10.7,10.8,10.8,10.9,10.9,10.9
TRS_JPR_0019,10.7,10.8,10.8,10.9,10.9,10.9
TRS_JPR_0020,10.7,10.8,10.8,10.9,10.9,10.9
TRS_JPR_0021,7.8,7.8,7.8,7.8,7.9,7.9
TRS_JPR_0022,1.5,1.5,1.5,1.5,1.5,1.5
TRS_JPR_0023,1.5,1.5,1.5,1.5,1.5,1.5
TRS_JPR_0024,0.0,0.0,0.0,0.0,0.0,0.0
TRS_JPR_0025,0.0,0.0,0.0,0.0,0.0,0.0
TRS_JPR_0026,0.0,0.0,0.0,0.0,0.0,0.0
TRS_JPR_0027,0.0,0.0,0.0,0.0,0.0,0.0
TRS_JPR_0028,0.0,0.0,0.0,0.0,0.0,0.0
TRS_JPR_0029,0.0,0.0,0.0,0.0,0.0,0.0
TRS_JPR_0030,0.0,0.0,0.0,0.0,0.0,0.0
TRS_JPR_0031,0.0,0.0,0.0,0.0,0.0,0.0
TRS_JPR_0032,0.0,0.0,0.0,0.0,0.0,0.0
TRS_JPR_0033,0.0,0.0,0.0,0.0,0.0,0.0
TRS_JPR_0034,0.0,0.0,0.0,0.0,0.0,0.0
TRS_JPR_0035,84.5,85.0,85.6,86.3,86.9,87.4
TRS_JPR_0036,141.3,142.2,143.4,144.6,145.7,146.8
TRS_JPR_0037,177.6,178.8,180.6,182.4,184.2,186.0
TRS_JPR_0038,308.9,311.7,315.8,320.0,324.2,328.2
TRS_JPR_0039,621.5,628.1,637.2,646.3,655.3,664.0
TRS_JPR_0040,937.0,946.7,960.1,973.7,987.1,999.9
TRS_JPR_0041,1242.7,1255.3,1272.4,1289.7,1306.6,1322.9
TRS_JPR_0042,1578.1,1593.3,1613.9,1634.5,1654.9,1674.3
TRS_JPR_0043,1977.9,1995.9,2020.2,2044.5,2068.6,2091.5
TRS_JPR_0044,2749.5,2772.7,2803.5,2833.9,2863.5,2891.7
TRS_JPR_0045,3650.1,3679.1,3717.4,3755.2,3792.0,3826.7
TRS_JPR_0046,3676.3,3704.7,3741.4,3777.8,3813.2,3846.3
TRS_JPR_0047,3244.2,3268.0,3298.4,3328.6,3357.7,3384.9
TRS_JPR_0048,3148.3,3171.5,3201.3,3230.9,3259.6,3286.3
TRS_JPR_0049,2273.1,2290.1,2312.1,2334.1,2355.1,2374.6
TRS_JPR_0050,2111.9,2127.8,2148.2,2168.8,2188.6,2207.0
TRS_JPR_0051,1348.0,1358.7,1372.1,1385.8,1399.2,1411.5
TRS_JPR_0052,735.2,741.4,749.0,756.8,764.4,771.3
TRS_JPR_0053,439.9,443.2,447.5,451.8,456.0,459.9
TRS_JPR_0054,322.6,324.5,327.2,329.7,332.2,334.6
TRS_JPR_0055,272.6,274.2,276.4,278.5,280.5,282.5
TRS_JPR_0056,302.2,303.9,306.3,308.6,311.0,313.3
TRS_JPR_0057,190.8,191.8,193.4,194.9,196.4,198.0
TRS_JPR_0058,29.3,29.4,29.7,30.0,30.3,30.7
TRS_JPR_0059,70.9,71.3,71.9,72.6,73.4,74.3
TRS_JPR_0060,14.7,14.8,14.9,15.0,15.2,15.3
TRS_JPR_0061,12.2,12.2,12.3,12.3,12.3,12.4
TRS_JPR_0062,73.0,73.4,74.0,74.5,75.1,75.6
TRS_JPR_0063,107.6,108.2,109.1,110.0,110.8,111.6
TRS_JPR_0064,297.1,298.9,301.5,303.9,306.3,308.7
TRS_JPR_0065,416.5,419.0,422.5,425.8,429.2,432.6
TRS_JPR_0066,424.5,427.1,430.6,433.9,437.3,440.7
TRS_JPR_0067,425.9,428.4,432.0,435.3,438.7,442.1
TRS_JPR_0068,455.7,458.4,462.1,465.6,469.1,472.7
TRS_JPR_0069,495.9,498.8,502.7,506.5,510.2,514.0
TRS_JPR_0070,277.1,278.8,281.2,283.3,285.5,287.8
TRS_JPR_0071,221.6,222.8,224.6,226.2,227.9,229.6
TRS_JPR_0072,141.5,142.2,143.2,144.0,144.9,145.7
TRS_JPR_0073,248.8,250.1,252.0,253.6,255.3,256.8
TRS_JPR_0074,271.9,273.4,275.4,277.2,279.0,280.7
TRS_JPR_0075,300.0,301.6,303.8,305.8,307.8,309.7
TRS_JPR_0076,369.9,371.9,374.6,377.1,379.6,382.0
TRS_JPR_0077,216.9,218.1,219.7,221.1,222.6,223.9
TRS_JPR_0078,204.1,205.2,206.7,208.0,209.4,210.6
TRS_JPR_0079,238.9,240.3,242.2,244.0,245.7,247.3
TRS_JPR_0080,558.4,561.5,566.1,570.3,574.4,578.1
TRS_JPR_0081,706.0,709.9,715.8,721.0,726.3,731.2
TRS_JPR_0082,749.3,753.6,760.1,766.0,772.0,777.4
TRS_JPR_0083,716.7,720.7,726.9,732.5,738.2,743.4
TRS_JPR_0084,317.1,319.2,322.5,325.5,328.6,331.4
TRS_JPR_0085,450.9,454.0,458.7,462.9,467.3,471.3
TRS_JPR_0086,496.5,499.8,504.9,509.6,514.5,518.9
TRS_JPR_0087,490.4,493.7,498.7,503.4,508.2,512.5
TRS_JPR_0088,479.2,482.5,487.4,491.9,496.5,500.7
TRS_JPR_0089,637.0,641.1,647.2,652.8,658.6,663.9
TRS_JPR_0090,641.4,645.4,651.5,657.1,663.0,668.3
TRS_JPR_0091,640.6,644.6,650.8,656.4,662.2,667.5
TRS_JPR_0092,222.2,224.0,226.7,229.2,231.8,234.1
TRS_JPR_0093,59.5,59.9,60.5,61.0,61.5,62.0
TRS_JPR_0094,60.6,61.0,61.6,62.1,62.6,63.1
TRS_JPR_0095,48.9,49.2,49.6,49.9,50.2,50.6
TRS_JPR_0096,105.1,105.8,106.8,107.6,108.6,109.4
TRS_JPR_0097,105.1,105.8,106.8,107.6,108.6,109.4
TRS_JPR_0098,105.1,105.8,106.8,107.6,108.6,109.4
TRS_JPR_0099,105.1,105.8,106.8,107.6,108.6,109.4
TRS_JPR_0100,89.9,90.5,91.3,92.0,92.8,93.5
TRS_JPR_0101,89.9,90.5,91.3,92.0,92.8,93.5
TRS_JPR_0102,64.9,65.2,65.8,66.3,66.9,67.4
TRS_JPR_0103,311.2,312.9,315.5,317.9,320.5,323.1
TRS_JPR_0104,346.4,348.3,351.1,353.9,356.7,359.6
TRS_JPR_0105,380.7,382.8,386.0,388.9,391.9,395.0
TRS_JPR_0106,424.7,427.0,430.5,433.7,437.0,440.4
TRS_JPR_0107,395.8,397.9,401.1,404.2,407.3,410.4
TRS_JPR_0108,333.4,335.2,338.0,340.6,343.2,345.9
TRS_JPR_0109,180.8,181.8,183.3,184.7,186.1,187.7
TRS_JPR_0110,100.9,101.4,102.2,102.9,103.6,104.2
TRS_JPR_0111,153.9,154.7,155.9,157.0,158.1,159.2
TRS_JPR_0112,443.7,446.6,450.4,454.2,458.0,461.7
TRS_JPR_0113,418.7,421.4,424.9,428.3,431.9,435.3
TRS_JPR_0114,250.7,252.6,254.8,257.1,259.5,261.7
TRS_JPR_0115,589.8,594.0,599.3,604.9,610.5,616.0
TRS_JPR_0116,770.4,775.8,782.6,789.6,796.7,803.6
TRS_JPR_0117,811.6,817.8,825.7,833.8,842.0,849.8
TRS_JPR_0118,807.7,813.9,821.8,829.9,838.2,846.1
TRS_JPR_0119,967.9,974.7,983.6,992.6,1001.7,1010.5
TRS_JPR_0120,1260.0,1268.6,1280.0,1291.4,1302.8,1313.9
TRS_JPR_0121,390.5,393.7,397.5,401.4,405.2,409.0
TRS_JPR_0122,812.8,819.0,827.0,834.9,842.8,850.5
TRS_JPR_0123,1540.0,1550.8,1564.9,1579.0,1593.0,1606.6
TRS_JPR_0124,2066.2,2080.0,2098.5,2116.9,2135.2,2152.8
TRS_JPR_0125,2460.8,2477.2,2499.3,2521.1,2542.8,2563.8
TRS_JPR_0126,1873.9,1886.6,1903.8,1921.0,1938.1,1954.6
TRS_JPR_0127,732.3,736.9,742.9,749.0,755.2,761.2
TRS_JPR_0128,581.1,584.7,589.4,594.3,599.2,604.0
TRS_JPR_0129,529.7,533.0,537.2,541.7,546.2,550.6
TRS_JPR_0130,624.1,628.0,632.9,638.1,643.3,648.3
TRS_JPR_0131,2862.2,2882.5,2910.1,2937.4,2964.6,2991.0
TRS_JPR_0132,4416.3,4447.3,4486.4,4525.9,4565.1,4602.8
TRS_JPR_0133,4283.4,4313.8,4351.7,4390.0,4428.1,4464.6
TRS_JPR_0134,3621.6,3647.8,3680.0,3712.7,3745.4,3776.6
TRS_JPR_0135,3762.6,3789.7,3823.0,3857.2,3891.0,3923.4
TRS_JPR_0136,3996.0,4023.7,4058.9,4094.9,4130.1,4163.9
TRS_JPR_0137,4727.6,4759.2,4800.9,4842.8,4883.5,4922.6
TRS_JPR_0138,6152.2,6192.1,6246.7,6300.6,6352.7,6402.7
TRS_JPR_0139,7232.3,7277.7,7341.1,7403.2,7463.1,7520.7
TRS_JPR_0140,7857.0,7905.2,7972.6,8038.3,8101.8,8162.8
TRS_JPR_0141,8153.6,8203.0,8272.7,8340.2,8405.5,8468.3
TRS_JPR_0142,8016.8,8064.6,8133.0,8199.0,8262.9,8324.2
TRS_JPR_0143,7980.6,8028.0,8096.6,8162.5,8226.2,8287.4
TRS_JPR_0144,861.3,865.9,872.4,878.9,885.4,891.5
TRS_JPR_0145,892.2,896.9,903.7,910.4,917.1,923.5
TRS_JPR_0146,1010.0,1015.4,1023.1,1030.7,1038.3,1045.5
TRS_JPR_0147,1784.2,1794.4,1809.4,1823.9,1838.2,1851.8
TRS_JPR_0148,13768.2,13851.4,13969.9,14083.6,14193.5,14299.4
TRS_JPR_0149,13809.0,13893.0,14011.8,14125.9,14236.1,14342.3
TRS_JPR_0150,11182.7,11251.7,11349.1,11443.1,11533.7,11621.0
TRS_JPR_0151,10019.0,10081.9,10168.6,10253.1,10334.5,10413.4
TRS_JPR_0152,8637.8,8692.6,8767.1,8839.9,8910.5,8979.0
TRS_JPR_0153,7216.2,7261.4,7322.3,7382.4,7440.7,7497.5
TRS_JPR_0154,7234.6,7278.3,7337.7,7396.4,7453.1,7508.5
TRS_JPR_0155,6550.9,6589.5,6642.1,6694.5,6745.2,6794.9
TRS_JPR_0156,5984.4,6019.3,6067.8,6116.1,6163.1,6208.8
TRS_JPR_0157,5462.0,5494.0,5538.7,5583.3,5626.9,5669.2
TRS_JPR_0158,5040.3,5069.9,5111.1,5152.2,5192.4,5231.5
TRS_JPR_0159,4856.9,4885.4,4925.5,4965.4,5004.4,5042.4
TRS_JPR_0160,1037.4,1043.6,1051.9,1060.2,1068.6,1076.9
TRS_JPR_0161,1399.7,1408.2,1419.5,1430.7,1442.1,1453.2
TRS_JPR_0162,1806.6,1817.6,1832.2,1846.6,1861.3,1875.4
TRS_JPR_0163,1947.4,1959.3,1974.9,1990.3,2005.8,2020.7
TRS_JPR_0164,1862.5,1874.1,1889.1,1904.1,1919.1,1933.6
TRS_JPR_0165,2079.4,2092.4,2109.3,2126.2,2143.1,2159.4
TRS_JPR_0166,3196.1,3216.3,3242.5,3268.4,3294.4,3319.2
TRS_JPR_0167,3424.8,3446.4,3474.4,3502.1,3529.8,3556.1
TRS_JPR_0168,3236.9,3257.4,3283.9,3310.2,3336.3,3361.2
TRS_JPR_0169,2958.7,2977.5,3001.7,3025.7,3049.5,3072.3
TRS_JPR_0170,2642.9,2659.4,2680.6,2701.5,2722.3,2742.2
TRS_JPR_0171,2646.1,2662.3,2683.9,2705.1,2726.0,2746.2
TRS_JPR_0172,1579.8,1589.7,1603.1,1616.3,1629.3,1642.0
TRS_JPR_0173,867.2,872.5,880.0,887.5,894.9,902.2
TRS_JPR_0174,586.9,590.5,595.8,601.0,606.1,611.3
TRS_JPR_0175,457.9,460.6,464.7,468.7,472.6,476.6
TRS_JPR_0176,284.1,286.0,288.4,290.8,293.2,295.7
TRS_JPR_0177,407.0,409.6,413.5,417.0,420.6,424.2
TRS_JPR_0178,494.4,497.6,502.3,506.6,510.9,515.1
TRS_JPR_0179,487.9,491.2,496.0,500.4,504.7,509.0
TRS_JPR_0180,481.5,484.7,489.2,493.4,497.7,501.8
TRS_JPR_0181,246.4,248.4,250.9,253.3,255.7,258.1
TRS_JPR_0182,240.4,242.6,245.1,247.7,250.2,252.6
TRS_JPR_0183,365.0,368.2,371.7,375.4,378.9,382.4
TRS_JPR_0184,417.0,420.7,424.9,429.2,433.4,437.5
TRS_JPR_0185,463.7,467.8,472.5,477.3,482.0,486.6
TRS_JPR_0186,539.6,544.3,549.7,555.3,560.7,566.0
TRS_JPR_0187,576.8,581.7,587.4,593.2,598.9,604.4
TRS_JPR_0188,552.4,557.0,562.2,567.6,572.9,578.1
TRS_JPR_0189,541.4,545.6,550.5,555.5,560.4,565.1
TRS_JPR_0190,426.6,429.9,433.9,437.9,441.8,445.6
TRS_SBY_0001,5.5,5.5,5.5,5.5,5.6,5.6
TRS_SBY_0002,7.6,7.6,7.6,7.6,7.7,7.7
TRS_SBY_0003,9.2,9.2,9.3,9.3,9.4,9.4
TRS_SBY_0004,9.4,9.4,9.5,9.5,9.6,9.6
TRS_SBY_0005,9.0,9.0,9.1,9.1,9.2,9.2
TRS_SBY_0006,0.4,0.4,0.4,0.4,0.4,0.4
TRS_SBY_0007,1.3,1.3,1.3,1.3,1.4,1.4
TRS_SBY_0008,4.5,4.6,4.6,4.6,4.6,4.7
TRS_SBY_0009,4.5,4.6,4.6,4.6,4.6,4.7
TRS_SBY_0010,4.8,4.8,4.9,4.9,4.9,5.0
TRS_SBY_0011,5.0,5.0,5.1,5.1,5.1,5.2
TRS_SBY_0012,7.5,7.5,7.5,7.6,7.6,7.7
TRS_SBY_0013,13.2,13.3,13.3,13.4,13.5,13.6
TRS_SBY_0014,12.2,12.3,12.4,12.4,12.5,12.6
TRS_SBY_0015,1.5,1.5,1.6,1.6,1.6,1.6
TRS_SBY_0016,1.6,1.6,1.6,1.6,1.6,1.6
TRS_SBY_0017,1.4,1.5,1.5,1.5,1.5,1.5
TRS_SBY_0018,1.5,1.5,1.5,1.5,1.5,1.6
TRS_SBY_0019,0.5,0.5,0.5,0.5,0.5,0.5
TRS_SBY_0020,0.5,0.5,0.5,0.5,0.5,0.5
TRS_SBY_0021,1.5,1.5,1.5,1.6,1.6,1.6
TRS_SBY_0022,1.6,1.6,1.6,1.6,1.6,1.6
TRS_SBY_0023,1.5,1.5,1.5,1.5,1.5,1.5
TRS_SBY_0024,1.5,1.5,1.5,1.5,1.5,1.5
TRS_SBY_0025,1.9,1.9,1.9,1.9,1.9,1.9
TRS_SBY_0026,1.9,1.9,1.9,1.9,1.9,1.9
TRS_SBY_0027,1.9,1.9,1.9,1.9,1.9,1.9
TRS_SBY_0028,1.5,1.5,1.5,1.5,1.5,1.6
TRS_SBY_0029,0.9,0.9,0.9,0.9,0.9,0.9
TRS_SBY_0030,0.9,0.9,0.9,0.9,0.9,0.9
TRS_SBY_0031,1.0,1.0,1.0,1.0,1.0,1.0
TRS_SBY_0032,0.7,0.7,0.7,0.7,0.7,0.8
TRS_SBY_0033,0.7,0.7,0.7,0.7,0.7,0.7
TRS_SBY_0034,0.7,0.7,0.7,0.7,0.7,0.7
TRS_SBY_0035,2.9,2.9,2.9,2.9,2.9,2.9
TRS_SBY_0036,2.9,2.9,2.9,2.9,2.9,2.9
TRS_SBY_0037,2.7,2.7,2.8,2.8,2.8,2.8
TRS_SBY_0038,2.7,2.7,2.8,2.8,2.8,2.8
TRS_SBY_0039,2.6,2.6,2.6,2.6,2.6,2.6
TRS_SBY_0040,2.7,2.7,2.7,2.8,2.8,2.8
TRS_SBY_0041,2.8,2.8,2.8,2.8,2.8,2.8
TRS_SBY_0042,2.9,2.9,2.9,2.9,2.9,2.9
TRS_SBY_0043,0.6,0.6,0.6,0.6,0.6,0.6
TRS_SBY_0044,0.5,0.5,0.5,0.5,0.5,0.5
TRS_SBY_0045,0.6,0.6,0.6,0.6,0.6,0.6
TRS_SBY_0046,0.4,0.4,0.4,0.4,0.4,0.4
TRS_SBY_0047,0.5,0.5,0.5,0.5,0.5,0.5
TRS_SBY_0048,0.4,0.4,0.4,0.4,0.4,0.4
TRS_SBY_0049,0.2,0.2,0.2,0.2,0.2,0.2
TRS_SBY_0050,0.0,0.0,0.0,0.0,0.0,0.0
TRS_SBY_0051,0.0,0.0,0.0,0.0,0.0,0.0
TRS_SBY_0052,0.0,0.0,0.0,0.0,0.0,0.0
TRS_SBY_0053,0.2,0.2,0.2,0.2,0.2,0.2
TRS_SBY_0054,0.5,0.5,0.5,0.5,0.5,0.5
TRS_SBY_0055,0.9,0.9,0.9,0.9,0.9,0.9
TRS_SBY_0056,0.9,0.9,0.9,0.9,0.9,0.9
TRS_SBY_0057,0.9,0.9,0.9,0.9,0.9,0.9
TRS_SBY_0058,1.0,1.0,1.0,1.0,1.0,1.0
TRS_SBY_0059,0.8,0.8,0.8,0.8,0.8,0.8
TRS_SBY_0060,0.8,0.8,0.8,0.8,0.8,0.8
TRS_SBY_0061,0.8,0.8,0.8,0.8,0.8,0.8
TRS_SBY_0062,0.0,0.0,0.0,0.0,0.0,0.0
TRS_SBY_0063,0.3,0.3,0.3,0.3,0.3,0.3
TRS_SBY_0064,0.3,0.3,0.3,0.3,0.3,0.3
TRS_SBY_0065,0.3,0.3,0.3,0.3,0.3,0.3
TRS_SBY_0066,0.2,0.2,0.2,0.2,0.2,0.2
TRS_SBY_0067,0.2,0.2,0.2,0.2,0.2,0.2
TRS_SBY_0068,0.2,0.2,0.2,0.2,0.2,0.2
TRS_SBY_0069,0.3,0.3,0.3,0.3,0.3,0.3
TRS_SBY_0070,0.1,0.1,0.1,0.1,0.1,0.1
TRS_SBY_0071,0.6,0.6,0.6,0.6,0.6,0.6
TRS_SBY_0072,0.6,0.6,0.6,0.6,0.6,0.6
TRS_SBY_0073,1.5,1.5,1.5,1.5,1.5,1.5
TRS_SBY_0074,1.3,1.3,1.3,1.3,1.4,1.4
TRS_SBY_0075,2.1,2.1,2.1,2.1,2.1,2.1
TRS_SBY_0076,2.1,2.1,2.1,2.1,2.1,2.1
TRS_SBY_0077,2.1,2.1,2.1,2.1,2.1,2.1
TRS_SBY_0078,1.6,1.6,1.6,1.6,1.6,1.6
TRS_SBY_0079,1.6,1.6,1.6,1.6,1.6,1.6
TRS_SBY_0080,1.6,1.6,1.6,1.6,1.6,1.6
TRS_SBY_0081,1.6,1.6,1.6,1.6,1.6,1.6
TRS_SBY_0082,4.6,4.6,4.7,4.7,4.7,4.7
TRS_SBY_0083,9.5,9.5,9.6,9.6,9.6,9.7
TRS_SBY_0084,11.4,11.4,11.5,11.5,11.6,11.6
TRS_SBY_0085,10.7,10.8,10.8,10.8,10.9,10.9
TRS_SBY_0086,15.5,15.6,15.7,15.7,15.8,15.8
TRS_SBY_0087,17.3,17.3,17.4,17.5,17.5,17.6
TRS_SBY_0088,17.9,17.9,18.0,18.1,18.2,18.2
TRS_SBY_0089,26.2,26.3,26.5,26.6,26.7,26.9
TRS_SBY_0090,26.3,26.4,26.5,26.7,26.8,26.9
TRS_SBY_0091,25.0,25.1,25.2,25.3,25.5,25.6
TRS_SBY_0092,27.4,27.5,27.7,27.8,27.9,28.1
TRS_SBY_0093,28.3,28.4,28.6,28.7,28.9,29.0
TRS_SBY_0094,21.4,21.5,21.6,21.7,21.9,22.0
TRS_SBY_0095,23.9,24.0,24.1,24.3,24.4,24.6
TRS_SBY_0096,19.5,19.5,19.7,19.8,19.9,20.0
TRS_SBY_0097,10.2,10.3,10.3,10.4,10.4,10.5
TRS_SBY_0098,11.2,11.3,11.3,11.4,11.4,11.5
TRS_SBY_0099,8.3,8.3,8.3,8.4,8.4,8.4
TRS_SBY_0100,5.9,5.9,5.9,5.9,6.0,6.0
TRS_SBY_0101,4.7,4.8,4.8,4.8,4.8,4.8
TRS_SBY_0102,3.0,3.0,3.0,3.0,3.0,3.0
TRS_SBY_0103,2.8,2.8,2.8,2.8,2.8,2.8
TRS_SBY_0104,4.1,4.1,4.2,4.2,4.2,4.2
TRS_SBY_0105,4.8,4.8,4.8,4.9,4.9,4.9
TRS_SBY_0106,4.5,4.5,4.5,4.6,4.6,4.6
TRS_SBY_0107,5.2,5.3,5.3,5.3,5.3,5.3
TRS_SBY_0108,5.2,5.3,5.3,5.3,5.3,5.3
TRS_SBY_0109,4.9,4.9,5.0,5.0,5.0,5.0
TRS_SBY_0110,4.7,4.7,4.7,4.7,4.7,4.8
TRS_SBY_0111,4.7,4.7,4.7,4.7,4.7,4.8
TRS_SBY_0112,4.0,4.0,4.0,4.0,4.0,4.0
TRS_SBY_0113,3.4,3.5,3.5,3.5,3.5,3.5
TRS_SBY_0114,1.2,1.2,1.2,1.2,1.2,1.2
TRS_SBY_0115,1.2,1.2,1.2,1.2,1.2,1.2
TRS_SBY_0116,1.2,1.2,1.2,1.2,1.2,1.2
TRS_SBY_0117,1.2,1.2,1.2,1.2,1.2,1.2
TRS_SBY_0118,0.0,0.0,0.0,0.0,0.0,0.0
TRS_SBY_0119,0.0,0.0,0.0,0.0,0.0,0.0
TRS_SBY_0120,0.6,0.6,0.6,0.6,0.6,0.6
TRS_SBY_0121,0.0,0.0,0.0,0.0,0.0,0.0
TRS_SBY_0122,0.0,0.0,0.0,0.0,0.0,0.0
TRS_SBY_0123,0.0,0.0,0.0,0.0,0.0,0.0
TRS_SBY_0124,0.0,0.0,0.0,0.0,0.0,0.0
TRS_SBY_0125,0.0,0.0,0.0,0.0,0.0,0.0
TRS_SBY_0126,1290.0,1298.8,1309.8,1321.4,1332.7,1343.4
TRS_SBY_0127,4520.3,4549.8,4586.6,4625.2,4662.1,4697.7
TRS_SBY_0128,5768.2,5806.4,5854.1,5904.0,5951.4,5996.9
TRS_SBY_0129,8004.4,8058.1,8126.6,8196.8,8263.7,8327.2
TRS_SBY_0130,9789.5,9855.9,9941.7,10028.2,10110.3,10188.2
TRS_SBY_0131,11242.5,11320.3,11422.0,11523.5,11619.8,11711.1
TRS_SBY_0132,13189.7,13282.7,13405.6,13527.6,13643.5,13753.1
TRS_SBY_0133,13012.5,13106.2,13230.6,13353.7,13470.9,13581.2
TRS_SBY_0134,10951.5,11032.1,11140.4,11247.3,11349.7,11445.8
TRS_SBY_0135,9988.2,10061.8,10160.7,10258.1,10351.6,10439.3
TRS_SBY_0136,11641.5,11725.7,11840.0,11952.3,12060.0,12161.2
TRS_SBY_0137,12950.5,13043.4,13170.2,13294.4,13413.4,13525.4
TRS_SBY_0138,13889.2,13988.1,14123.6,14256.1,14383.4,14503.4
TRS_SBY_0139,15529.4,15637.4,15785.7,15930.7,16069.6,16201.2
TRS_SBY_0140,12048.9,12133.3,12247.6,12360.5,12468.3,12570.5
TRS_SBY_0141,9039.0,9102.3,9187.8,9272.1,9352.1,9427.9
TRS_SBY_0142,9378.9,9444.2,9531.7,9618.2,9700.2,9778.0
TRS_SBY_0143,8164.0,8222.5,8300.0,8377.1,8450.4,8519.6
TRS_SBY_0144,7186.1,7237.6,7304.8,7372.2,7436.4,7496.9
TRS_SBY_0145,6423.1,6467.9,6526.0,6584.0,6639.6,6692.1
TRS_SBY_0146,7814.6,7867.7,7937.4,8006.4,8072.5,8134.9
TRS_SBY_0147,8760.2,8820.3,8899.5,8977.7,9052.7,9123.6
TRS_SBY_0148,11161.5,11238.3,11340.7,11440.8,11537.2,11628.6
TRS_SBY_0149,11404.1,11483.5,11590.1,11693.6,11793.5,11888.2
TRS_SBY_0150,5639.5,5679.1,5731.7,5783.4,5833.0,5879.6
TRS_SBY_0151,4051.9,4080.8,4119.6,4157.6,4194.2,4228.6
TRS_SBY_0152,2246.6,2263.0,2284.7,2306.0,2326.7,2346.2
TRS_SBY_0153,1077.4,1085.3,1095.8,1105.9,1115.9,1125.3
TRS_SBY_0154,451.0,454.4,459.0,463.4,467.9,472.0
TRS_SBY_0155,254.6,256.6,259.3,261.9,264.5,266.9
TRS_SBY_0156,101.3,102.1,103.1,104.1,105.1,106.1
TRS_SBY_0157,31.4,31.6,32.0,32.3,32.6,32.9
TRS_SBY_0158,13.8,13.9,14.0,14.1,14.2,14.3
TRS_SBY_0159,70.8,71.2,71.7,72.2,72.7,73.2
TRS_SBY_0160,1055.5,1062.2,1072.6,1083.1,1093.3,1103.4
TRS_SBY_0161,2365.6,2382.1,2406.1,2430.7,2453.9,2476.7
TRS_SBY_0162,2949.9,2970.9,3001.3,3032.4,3061.6,3090.5
TRS_SBY_0163,1212.5,1220.6,1232.9,1245.5,1257.2,1269.1
TRS_SBY_0164,1687.0,1698.8,1716.3,1734.4,1750.9,1767.6
TRS_SBY_0165,2338.0,2354.2,2378.3,2403.3,2426.1,2449.2
TRS_SBY_0166,3466.3,3489.7,3524.7,3560.8,3594.1,3627.3
TRS_SBY_0167,7802.1,7854.6,7930.5,8008.9,8081.7,8154.0
TRS_SBY_0168,4355.3,4384.6,4428.3,4473.2,4514.3,4555.4
TRS_SBY_0169,3980.1,4007.2,4047.8,4089.6,4128.0,4166.2
TRS_SBY_0170,3802.7,3828.2,3866.7,3906.4,3942.8,3979.0
TRS_SBY_0171,3302.4,3324.7,3357.9,3392.0,3423.4,3454.6
TRS_SBY_0172,2918.3,2938.1,2967.2,2996.7,3024.0,3051.1
TRS_SBY_0173,2438.4,2455.5,2480.9,2506.5,2530.3,2553.8
TRS_SBY_0174,4612.9,4644.1,4687.9,4732.3,4774.1,4815.4
TRS_SBY_0175,3078.8,3099.1,3128.4,3157.9,3185.7,3213.1
TRS_SBY_0176,1514.0,1524.6,1540.5,1556.3,1571.2,1585.8
TRS_SBY_0177,1358.5,1368.1,1382.6,1396.8,1410.3,1423.5
TRS_SBY_0178,4878.5,4911.7,4957.3,5003.2,5046.8,5089.4
TRS_SBY_0179,4272.6,4300.9,4339.5,4378.4,4415.4,4451.6
TRS_SBY_0180,3610.3,3634.9,3668.9,3703.1,3735.6,3767.3
TRS_SBY_0181,2288.9,2304.8,2326.8,2348.9,2369.8,2390.3
TRS_SBY_0182,1491.1,1501.3,1515.1,1529.0,1542.3,1555.3
TRS_SBY_0183,7992.9,8045.3,8117.8,8190.9,8260.6,8328.3
TRS_SBY_0184,7339.2,7387.3,7454.4,7522.0,7586.6,7649.2
TRS_SBY_0185,6255.5,6296.1,6353.4,6411.0,6466.0,6519.3
TRS_SBY_0186,5476.7,5512.4,5563.9,5615.4,5664.6,5712.2
TRS_SBY_0187,8548.6,8603.7,8681.7,8759.5,8834.1,8906.2
TRS_SBY_0188,9635.5,9697.7,9785.5,9872.6,9956.3,10037.2
TRS_SBY_0189,6958.4,7002.7,7065.6,7128.2,7188.2,7246.5
TRS_SBY_0190,3884.4,3908.9,3944.3,3980.0,4013.9,4047.0
TRS_SBY_0191,2768.9,2786.2,2810.4,2834.9,2858.2,2881.1
TRS_SBY_0192,3305.8,3327.0,3355.5,3384.6,3412.3,3439.6
TRS_SBY_0193,3747.1,3770.9,3801.9,3833.9,3864.1,3894.0
TRS_SBY_0194,3975.6,4001.0,4033.8,4067.6,4099.6,4131.1
TRS_SBY_0195,3460.0,3482.1,3510.2,3539.1,3566.4,3593.2
TRS_SBY_0196,3599.9,3624.2,3655.2,3687.1,3716.9,3746.1
TRS_SBY_0197,4024.0,4052.0,4088.4,4126.0,4160.9,4195.3
TRS_SBY_0198,5142.3,5178.6,5224.7,5272.7,5317.6,5361.9
TRS_SBY_0199,4515.2,4546.1,4586.6,4628.9,4668.4,4707.2
TRS_SBY_0200,202.3,203.2,204.6,205.9,207.2,208.4
TRS_SBY_0201,261.0,262.1,263.6,265.1,266.6,268.0
TRS_SBY_0202,292.4,293.6,295.5,297.2,299.0,300.6
TRS_SBY_0203,358.8,360.3,362.7,364.9,367.2,369.3
TRS_SBY_0204,2164.5,2179.2,2199.5,2220.6,2240.5,2259.8
TRS_SBY_0205,970.6,976.8,985.1,993.8,1002.0,1010.1
TRS_SBY_0206,471.4,473.9,477.7,481.7,485.5,489.2
TRS_SBY_0207,314.0,316.0,318.8,321.7,324.6,327.4
TRS_SBY_0208,431.9,434.7,438.7,442.9,447.0,450.9
TRS_SBY_0209,237.2,238.7,240.7,242.7,244.7,246.7
TRS_SBY_0210,285.2,287.0,289.3,291.7,294.0,296.3
TRS_SBY_0211,968.5,973.5,981.1,988.5,995.8,1002.5
TRS_SBY_0212,1055.8,1061.4,1069.9,1078.1,1086.2,1093.8
TRS_SBY_0213,551.8,555.5,560.8,566.4,571.9,577.2
TRS_SBY_0214,554.6,557.9,562.6,567.5,572.3,577.0
TRS_SBY_0215,874.0,878.4,885.2,891.7,898.2,904.1
TRS_SBY_0216,874.0,878.4,885.2,891.7,898.2,904.1
TRS_SBY_0217,844.7,848.9,855.5,861.7,867.9,873.7
TRS_SBY_0218,2130.3,2142.9,2160.1,2177.0,2193.4,2209.5
TRS_SBY_0219,2744.8,2761.4,2783.8,2805.9,2827.4,2848.3
TRS_SBY_0220,3496.3,3518.2,3547.3,3576.0,3603.9,3631.2
TRS_SBY_0221,4198.3,4225.0,4261.2,4296.7,4331.2,4364.8
TRS_SBY_0222,5775.2,5811.5,5862.2,5911.2,5958.9,6005.2
TRS_SBY_0223,8532.2,8585.5,8660.9,8733.0,8803.6,8871.8
TRS_SBY_0224,1286.6,1295.0,1306.6,1318.0,1329.2,1339.9
TRS_SBY_0225,1438.0,1447.5,1460.7,1473.5,1486.3,1498.4
TRS_SBY_0226,1901.2,1913.7,1931.3,1948.3,1965.1,1981.1
TRS_SBY_0227,2295.4,2310.7,2331.9,2352.7,2373.1,2392.5
TRS_SBY_0228,5470.2,5505.2,5554.3,5602.0,5648.8,5693.6
TRS_SBY_0229,5089.0,5121.5,5167.3,5211.9,5255.7,5297.6
TRS_SBY_0230,2199.3,2213.9,2234.1,2253.9,2273.7,2292.5
TRS_SBY_0231,5596.5,5631.8,5679.3,5725.8,5771.8,5815.7
TRS_SBY_0232,3966.7,3992.2,4026.2,4059.6,4092.8,4124.4
TRS_SBY_0233,2634.1,2652.3,2675.4,2698.4,2721.4,2743.4
TRS_SBY_0234,4169.6,4197.9,4235.1,4271.2,4307.0,4341.0
TRS_SBY_0235,13321.6,13405.7,13522.8,13633.2,13741.6,13844.3
TRS_SBY_0236,16950.7,17059.4,17211.7,17354.6,17494.3,17626.6
TRS_SBY_0237,11359.9,11435.6,11542.3,11642.1,11739.4,11831.2
TRS_SBY_0238,11420.3,11497.6,11608.5,11711.8,11812.1,11906.7
TRS_SBY_0239,14478.0,14576.3,14718.3,14850.1,14978.3,15099.0
TRS_SBY_0240,12638.9,12725.0,12850.0,12966.3,13079.1,13185.1
TRS_SBY_0241,11854.9,11936.6,12054.5,12164.7,12271.4,12372.0
TRS_SBY_0242,10432.5,10504.4,10608.6,10706.3,10801.2,10890.4
TRS_SBY_0243,7316.6,7367.0,7440.1,7508.8,7575.6,7638.3
TRS_SBY_0244,6942.8,6990.3,7059.2,7124.2,7188.0,7247.7
TRS_SBY_0245,6030.2,6070.3,6127.2,6181.7,6235.4,6285.9
TRS_SBY_0246,4040.4,4065.9,4101.9,4137.0,4171.9,4204.8
TRS_SBY_0247,1971.4,1983.8,2001.6,2019.1,2036.6,2053.2
TRS_SBY_0248,1280.8,1288.7,1299.5,1310.1,1320.8,1330.9
TRS_SBY_0249,209.4,210.8,212.3,213.9,215.4,216.9
TRS_SBY_0250,40.9,41.1,41.3,41.4,41.5,41.7
TRS_SBY_0251,41.9,42.2,42.3,42.4,42.6,42.7
TRS_SBY_0252,865.6,870.3,876.2,882.0,887.9,893.7
TRS_SBY_0253,2662.0,2679.1,2703.0,2725.5,2747.5,2768.8
TRS_SBY_0254,6.6,6.7,6.8,6.8,6.9,6.9
TRS_SBY_0255,6.6,6.7,6.8,6.8,6.9,6.9
TRS_SBY_0256,11.3,11.4,11.5,11.5,11.6,11.6
TRS_SBY_0257,11.3,11.4,11.5,11.5,11.6,11.6
TRS_SBY_0258,17.5,17.7,17.8,17.9,18.1,18.2
TRS_SBY_0259,248.4,249.3,250.7,252.0,253.3,254.6
TRS_SBY_0260,467.2,468.9,471.8,474.5,477.2,479.8
TRS_SBY_0261,6.6,6.7,6.8,6.8,6.9,6.9
TRS_SBY_0262,2338.8,2351.7,2369.3,2386.3,2403.8,2420.7
TRS_SBY_0263,20.6,20.8,21.2,21.6,21.9,22.3
TRS_SBY_0264,34.5,34.7,35.1,35.5,35.8,36.2
TRS_SBY_0265,162.1,163.2,165.2,167.1,169.0,171.0
TRS_SBY_0266,207.9,208.7,210.1,211.3,212.8,214.1
TRS_SBY_0267,95.2,95.6,96.2,96.8,97.4,98.0
TRS_SBY_0268,20.4,20.6,21.0,21.4,21.7,22.1
TRS_SBY_0269,27.6,27.8,28.3,28.7,29.0,29.4
TRS_SBY_0270,186.1,187.1,189.1,190.8,192.5,194.2
TRS_SBY_0271,230.9,232.2,234.7,236.9,238.9,241.1
TRS_SBY_0272,229.9,231.3,233.7,235.9,238.0,240.2
TRS_SBY_0273,229.9,231.3,233.7,235.9,238.0,240.2
TRS_SBY_0274,938.5,943.4,953.1,961.8,970.2,978.6
TRS_SBY_0275,198.2,199.2,201.1,202.9,204.5,206.2
TRS_SBY_0276,195.6,196.6,198.5,200.2,201.8,203.5
TRS_SBY_0277,151.5,152.3,153.7,155.0,156.1,157.4
TRS_SBY_0278,1190.2,1196.7,1209.9,1222.0,1233.4,1245.0
TRS_SBY_0279,1033.3,1039.1,1050.9,1061.6,1071.7,1082.0
TRS_SBY_0280,810.0,814.8,824.0,832.5,840.5,848.6
TRS_SBY_0281,558.1,561.2,567.8,573.8,579.4,585.2
TRS_SBY_0282,208.6,210.0,213.0,215.8,218.4,221.1
TRS_SBY_0283,100.9,101.6,102.9,104.1,105.2,106.3
TRS_SBY_0284,19.0,19.2,19.5,19.8,20.1,20.4
TRS_SBY_0285,0.6,0.6,0.6,0.6,0.6,0.6
TRS_SBY_0286,100.0,100.5,101.3,102.2,103.0,103.9
TRS_SBY_0287,437.9,440.4,443.8,447.2,450.6,453.9
TRS_SBY_0288,472.7,475.4,479.2,482.9,486.6,490.1
TRS_SBY_0289,688.1,692.2,697.8,703.2,708.7,713.9
TRS_SBY_0290,845.5,850.7,857.6,864.3,871.1,877.6
TRS_SBY_0291,954.4,960.1,967.8,975.3,982.8,990.1
TRS_SBY_0292,971.1,977.0,984.8,992.6,1000.4,1008.0
TRS_SBY_0293,1090.1,1096.9,1105.8,1114.4,1123.2,1131.6
TRS_SBY_0294,999.3,1005.5,1013.6,1021.6,1029.6,1037.3
TRS_SBY_0295,1176.3,1183.7,1193.6,1203.3,1213.1,1222.4
TRS_SBY_0296,1551.5,1560.4,1572.9,1585.0,1597.3,1608.9
TRS_SBY_0297,2259.9,2272.5,2291.1,2308.9,2326.4,2343.2
TRS_SBY_0298,2496.5,2510.5,2531.4,2551.2,2570.7,2589.4
TRS_SBY_0299,2241.5,2254.0,2272.7,2290.4,2307.8,2324.4
TRS_SBY_0300,1842.1,1852.2,1867.6,1882.2,1896.4,1909.8
TRS_SBY_0301,1024.0,1029.5,1037.9,1045.8,1053.4,1060.7
TRS_SBY_0302,259.3,260.7,262.7,264.7,266.6,268.4
TRS_SBY_0303,1.7,1.7,1.8,1.8,1.8,1.8
TRS_SBY_0304,0.9,0.9,0.9,0.9,0.9,0.9
TRS_SBY_0305,1.3,1.3,1.3,1.3,1.3,1.3
TRS_SBY_0306,2.4,2.4,2.4,2.4,2.4,2.4
TRS_SBY_0307,2.4,2.4,2.4,2.4,2.4,2.4
TRS_SBY_0308,2.4,2.4,2.4,2.4,2.4,2.4
TRS_SBY_0309,1.4,1.4,1.4,1.4,1.4,1.4
TRS_SBY_0310,1.2,1.2,1.2,1.2,1.2,1.2
TRS_SBY_0311,1.3,1.3,1.3,1.4,1.4,1.4
TRS_SBY_0312,2.4,2.4,2.4,2.4,2.4,2.5
TRS_SBY_0313,2.7,2.8,2.8,2.8,2.8,2.8
TRS_SBY_0314,2.8,2.8,2.8,2.8,2.8,2.8
TRS_SBY_0315,0.3,0.3,0.3,0.3,0.3,0.3
TRS_SBY_0316,0.4,0.4,0.4,0.4,0.4,0.4
TRS_SBY_0317,12.6,12.7,12.8,12.9,12.9,13.0
TRS_SBY_0318,14.2,14.3,14.4,14.5,14.6,14.7
TRS_SBY_0319,14.3,14.4,14.5,14.6,14.7,14.8
TRS_SBY_0320,14.1,14.1,14.3,14.4,14.5,14.6
TRS_SBY_0321,14.3,14.4,14.5,14.7,14.7,14.8
TRS_SBY_0322,13.7,13.8,13.9,14.0,14.1,14.2
TRS_SBY_0323,10.7,10.7,10.8,10.9,11.0,11.0
TRS_SBY_0324,6.0,6.1,6.1,6.2,6.2,6.3
TRS_SBY_0325,0.7,0.7,0.7,0.8,0.8,0.8
TRS_SBY_0326,0.3,0.3,0.3,0.3,0.3,0.3
TRS_SBY_0327,0.3,0.3,0.3,0.3,0.3,0.3
TRS_SBY_0328,0.0,0.0,0.0,0.0,0.0,0.0
TRS_SBY_0329,0.0,0.0,0.0,0.0,0.0,0.0
TRS_SBY_0330,0.0,0.0,0.0,0.0,0.0,0.0
TRS_SBY_0331,0.0,0.0,0.0,0.0,0.0,0.0
TRS_SBY_0332,0.0,0.0,0.0,0.0,0.0,0.0
TRS_SBY_0333,0.0,0.0,0.0,0.0,0.0,0.0
TRS_SBY_0334,0.0,0.0,0.0,0.0,0.0,0.0
TRS_SBY_0335,0.0,0.0,0.0,0.0,0.0,0.0
TRS_SBY_0336,0.0,0.0,0.0,0.0,0.0,0.0
TRS_SBY_0337,0.0,0.0,0.0,0.0,0.0,0.0
TRS_SBY_0338,0.3,0.3,0.3,0.3,0.3,0.3
TRS_SBY_0339,2.9,2.9,2.9,2.9,2.9,2.9
TRS_SBY_0340,4.7,4.7,4.7,4.7,4.7,4.8
TRS_SBY_0341,8.1,8.1,8.2,8.2,8.2,8.3
TRS_SBY_0342,8.6,8.6,8.6,8.6,8.7,8.7
TRS_SBY_0343,9.1,9.2,9.2,9.2,9.3,9.3
TRS_SBY_0344,8.1,8.1,8.1,8.2,8.2,8.2
TRS_SBY_0345,6.0,6.1,6.1,6.1,6.1,6.2
TRS_SBY_0346,3.4,3.4,3.4,3.4,3.4,3.4
TRS_SBY_0347,2.3,2.3,2.3,2.3,2.3,2.3
TRS_SBY_0348,2.1,2.1,2.1,2.1,2.2,2.2
TRS_SBY_0349,2.9,2.9,2.9,3.0,3.0,3.0
TRS_SBY_0350,3.2,3.2,3.3,3.3,3.3,3.3
TRS_SBY_0351,3.3,3.3,3.3,3.3,3.3,3.3
TRS_SBY_0352,3.0,3.0,3.0,3.0,3.0,3.0
TRS_SBY_0353,2.0,2.0,2.1,2.1,2.1,2.1
TRS_SBY_0354,1.9,1.9,1.9,1.9,1.9,1.9
TRS_SBY_0355,1.3,1.3,1.3,1.3,1.3,1.3
TRS_SBY_0356,0.7,0.7,0.7,0.7,0.7,0.7
TRS_SBY_0357,0.0,0.0,0.0,0.0,0.0,0.0
TRS_SBY_0358,0.0,0.0,0.0,0.0,0.0,0.0
TRS_SBY_0359,0.0,0.0,0.0,0.0,0.0,0.0
TRS_SBY_0360,0.0,0.0,0.0,0.0,0.0,0.0
TRS_SBY_0361,0.0,0.0,0.0,0.0,0.0,0.0
TRS_SBY_0362,1.6,1.6,1.6,1.6,1.6,1.7
TRS_SBY_0363,4.1,4.1,4.1,4.1,4.2,4.2
TRS_SBY_0364,4.1,4.1,4.1,4.1,4.1,4.2
TRS_SBY_0365,4.1,4.1,4.1,4.1,4.1,4.2
TRS_SBY_0366,4.1,4.1,4.1,4.1,4.1,4.2
TRS_SBY_0367,4.1,4.1,4.1,4.1,4.1,4.2
TRS_SBY_0368,4.9,4.9,4.9,4.9,4.9,5.0
TRS_SBY_0369,4.9,4.9,4.9,4.9,4.9,5.0
TRS_SBY_0370,4.9,4.9,4.9,4.9,4.9,5.0
TRS_SBY_0371,5.0,5.0,5.0,5.0,5.0,5.1
TRS_SBY_0372,1.0,1.0,1.0,1.0,1.0,1.0
TRS_SBY_0373,0.0,0.0,0.0,0.0,0.0,0.0
TRS_SBY_0374,0.0,0.0,0.0,0.0,0.0,0.0
TRS_SBY_0375,1.1,1.1,1.1,1.1,1.1,1.1
TRS_SBY_0376,1.1,1.1,1.1,1.1,1.1,1.1
TRS_SBY_0377,1.1,1.1,1.1,1.1,1.1,1.1
TRS_SBY_0378,1.1,1.1,1.1,1.1,1.1,1.1
TRS_SBY_0379,1.3,1.3,1.3,1.3,1.3,1.3
TRS_SBY_0380,0.8,0.8,0.8,0.9,0.9,0.9
TRS_SBY_0381,0.2,0.2,0.2,0.2,0.2,0.2
TRS_SBY_0382,0.2,0.2,0.2,0.2,0.2,0.2
TRS_SBY_0383,0.2,0.2,0.2,0.2,0.2,0.2
TRS_SBY_0384,0.6,0.6,0.6,0.6,0.6,0.6
TRS_SBY_0385,0.6,0.6,0.6,0.6,0.6,0.6
TRS_SBY_0386,0.1,0.1,0.1,0.1,0.1,0.1
TRS_SBY_0387,0.8,0.8,0.8,0.8,0.8,0.8
TRS_SBY_0388,0.0,0.0,0.0,0.0,0.0,0.0
TRS_SBY_0389,0.7,0.7,0.7,0.7,0.7,0.7
TRS_SBY_0390,0.9,0.9,0.9,0.9,0.9,0.9
TRS_SBY_0391,0.9,0.9,0.9,0.9,0.9,0.9
TRS_SBY_0392,0.9,0.9,0.9,0.9,0.9,0.9
TRS_SBY_0393,1.5,1.5,1.6,1.6,1.6,1.6
TRS_SBY_0394,1.2,1.2,1.2,1.2,1.2,1.2
TRS_SBY_0395,0.7,0.7,0.7,0.7,0.7,0.7
TRS_SBY_0396,0.8,0.8,0.8,0.8,0.8,0.8
TRS_SBY_0397,0.8,0.8,0.8,0.8,0.8,0.8
TRS_SBY_0398,0.8,0.8,0.8,0.8,0.8,0.8
TRS_SBY_0399,0.9,0.9,0.9,0.9,0.9,0.9
TRS_SBY_0400,0.3,0.3,0.3,0.3,0.3,0.3
TRS_SBY_0401,0.2,0.2,0.2,0.2,0.2,0.2
TRS_SBY_0402,0.0,0.0,0.0,0.0,0.0,0.0
TRS_SBY_0403,0.0,0.0,0.0,0.0,0.0,0.0
TRS_SBY_0404,0.0,0.0,0.0,0.0,0.0,0.0
TRS_SBY_0405,0.0,0.0,0.0,0.0,0.0,0.0
TRS_SBY_0406,0.0,0.0,0.0,0.0,0.0,0.0
TRS_SBY_0407,5.6,5.6,5.7,5.7,5.7,5.7
TRS_SBY_0408,9.3,9.3,9.4,9.4,9.5,9.5
TRS_SBY_0409,9.1,9.1,9.2,9.2,9.3,9.3
TRS_SBY_0410,9.1,9.1,9.2,9.2,9.3,9.3
TRS_SBY_0411,6.5,6.5,6.5,6.6,6.6,6.6
TRS_SBY_0412,0.7,0.7,0.7,0.7,0.7,0.7
TRS_SBY_0413,2.3,2.3,2.3,2.3,2.3,2.4
TRS_SBY_0414,2.3,2.3,2.3,2.3,2.3,2.4
TRS_SBY_0415,3.2,3.3,3.3,3.3,3.3,3.3
TRS_SBY_0416,3.4,3.4,3.4,3.4,3.5,3.5
TRS_SBY_0417,0.0,0.0,0.0,0.0,0.0,0.0
TRS_SBY_0418,0.0,0.0,0.0,0.0,0.0,0.0
TRS_SBY_0419,0.0,0.0,0.0,0.0,0.0,0.0
TRS_SBY_0420,0.0,0.0,0.0,0.0,0.0,0.0
TRS_SBY_0421,0.0,0.0,0.0,0.0,0.0,0.0
TRS_SBY_0422,0.0,0.0,0.0,0.0,0.0,0.0
TRS_SBY_0423,0.0,0.0,0.0,0.0,0.0,0.0
TRS_SBY_0424,0.0,0.0,0.0,0.0,0.0,0.0
TRS_SBY_0425,0.4,0.4,0.4,0.4,0.4,0.4
TRS_SBY_0426,0.1,0.1,0.1,0.1,0.1,0.1
TRS_SBY_0427,0.0,0.0,0.0,0.0,0.0,0.0
TRS_SBY_0428,0.0,0.0,0.0,0.0,0.0,0.0
TRS_SBY_0429,0.0,0.0,0.0,0.0,0.0,0.0
TRS_SBY_0430,0.2,0.2,0.2,0.2,0.2,0.2
TRS_SBY_0431,16.3,16.4,16.6,16.7,16.9,17.1
TRS_SBY_0432,25.7,26.0,26.4,26.7,27.1,27.5
TRS_SBY_0433,303.5,305.4,307.9,310.5,313.1,315.5
TRS_SBY_0434,1102.8,1109.6,1118.9,1128.1,1137.4,1146.3
TRS_SBY_0435,1677.9,1688.2,1702.5,1717.0,1731.4,1745.4
TRS_SBY_0436,2015.1,2027.5,2044.8,2062.3,2079.7,2096.8
TRS_SBY_0437,1917.7,1929.3,1945.6,1962.1,1978.6,1994.8
TRS_SBY_0438,2005.0,2017.3,2034.6,2052.0,2069.6,2086.8
TRS_SBY_0439,2051.4,2064.2,2081.5,2099.2,2117.0,2134.3
TRS_SBY_0440,2061.3,2074.1,2091.4,2109.0,2126.6,2143.6
TRS_SBY_0441,2476.5,2492.1,2512.8,2533.7,2554.3,2574.3
TRS_SBY_0442,2621.4,2638.0,2660.0,2682.0,2703.7,2724.7
TRS_SBY_0443,2438.4,2454.7,2476.0,2497.5,2518.6,2539.1
TRS_SBY_0444,2255.4,2271.4,2292.2,2313.3,2334.3,2354.5
TRS_SBY_0445,2026.4,2040.6,2058.7,2077.0,2095.1,2112.5
TRS_SBY_0446,2406.1,2423.2,2445.0,2467.1,2488.8,2509.8
TRS_SBY_0447,2455.7,2472.7,2494.4,2516.1,2537.5,2558.3
TRS_SBY_0448,1840.9,1853.3,1868.7,1884.3,1899.8,1914.9
TRS_SBY_0449,2449.0,2465.1,2485.4,2505.9,2526.2,2546.0
TRS_SBY_0450,2551.8,2568.1,2588.8,2609.6,2630.1,2650.2
TRS_SBY_0451,2673.0,2690.2,2712.0,2733.6,2755.1,2775.9
TRS_SBY_0452,2878.0,2897.1,2921.6,2946.1,2970.3,2993.9
TRS_SBY_0453,2178.1,2191.6,2209.1,2226.6,2244.0,2260.9
TRS_SBY_0454,2566.5,2584.1,2607.1,2630.2,2653.4,2675.8
TRS_SBY_0455,2074.4,2088.9,2107.5,2126.6,2145.7,2164.2
TRS_SBY_0456,1821.9,1834.9,1851.7,1869.1,1886.5,1903.4
TRS_SBY_0457,1602.1,1611.6,1624.2,1637.1,1650.0,1662.4
TRS_SBY_0458,1687.5,1697.5,1710.8,1724.4,1738.0,1751.0
TRS_SBY_0459,2018.5,2030.8,2047.1,2063.2,2079.6,2095.1
TRS_SBY_0460,2502.8,2518.1,2538.5,2558.6,2578.7,2597.9
TRS_SBY_0461,2693.2,2710.3,2733.0,2755.5,2777.9,2799.2
TRS_SBY_0462,2863.6,2881.8,2906.1,2930.0,2953.7,2976.4
TRS_SBY_0463,4527.1,4555.6,4594.9,4633.0,4670.1,4705.7
TRS_SBY_0464,1217.1,1225.0,1235.8,1246.5,1257.1,1267.4
TRS_SBY_0465,1079.2,1086.0,1095.3,1104.5,1113.4,1122.1
TRS_SBY_0466,1036.7,1043.1,1051.8,1060.4,1068.8,1077.0
TRS_SBY_0467,1048.0,1054.3,1062.9,1071.3,1079.6,1087.6
TRS_SBY_0468,995.6,1001.4,1009.3,1017.1,1024.6,1032.0
TRS_SBY_0469,1140.6,1147.2,1156.1,1164.9,1173.5,1181.7
TRS_SBY_0470,1210.9,1218.1,1227.7,1237.3,1246.4,1255.3
TRS_SBY_0471,1281.4,1289.1,1299.4,1309.6,1319.4,1328.8
TRS_SBY_0472,1212.4,1219.8,1229.7,1239.6,1249.0,1258.1
TRS_SBY_0473,1052.0,1058.5,1067.1,1075.7,1083.9,1091.8
TRS_SBY_0474,888.2,893.9,901.3,908.6,915.7,922.5
TRS_SBY_0475,720.7,725.3,731.4,737.4,743.1,748.7
TRS_SBY_0476,624.7,628.8,634.2,639.6,644.7,649.7
TRS_SBY_0477,447.3,450.3,454.4,458.5,462.5,466.4
TRS_SBY_0478,491.0,494.2,498.5,502.7,506.9,510.9
TRS_SBY_0479,603.2,607.2,612.8,618.4,624.0,629.5
TRS_SBY_0480,1063.8,1071.0,1081.1,1091.1,1101.0,1110.7
TRS_SBY_0481,1314.1,1323.3,1336.1,1348.9,1361.5,1373.8
TRS_SBY_0482,1153.3,1161.6,1172.9,1184.2,1195.3,1206.2
TRS_SBY_0483,1211.1,1219.6,1231.0,1242.4,1253.5,1264.4
TRS_SBY_0484,1130.5,1138.3,1148.9,1159.6,1170.1,1180.4
TRS_SBY_0485,1220.7,1228.8,1239.8,1250.8,1261.5,1271.9
TRS_SBY_0486,1277.3,1285.3,1296.4,1307.2,1317.6,1327.7
TRS_SBY_0487,1288.4,1296.2,1307.0,1317.2,1327.1,1336.7
TRS_SBY_0488,1825.6,1836.9,1852.7,1867.6,1882.0,1895.6
TRS_SBY_0489,2554.3,2569.9,2592.1,2612.9,2632.7,2651.5
TRS_SBY_0490,3336.8,3357.4,3386.5,3413.7,3439.7,3464.1
TRS_SBY_0491,4214.0,4240.1,4276.8,4311.3,4344.1,4375.1
TRS_SBY_0492,4737.0,4765.8,4806.3,4844.3,4880.5,4914.6
TRS_SBY_0493,5227.8,5259.4,5303.6,5345.2,5384.9,5422.3
TRS_SBY_0494,5112.2,5142.9,5185.7,5226.0,5264.4,5300.6
TRS_SBY_0495,4337.7,4363.8,4400.7,4435.3,4468.2,4499.1
TRS_SBY_0496,3564.1,3585.6,3615.7,3644.1,3671.1,3696.7
TRS_SBY_0497,2807.5,2824.7,2848.3,2870.8,2892.5,2913.1
TRS_SBY_0498,2254.6,2268.3,2287.2,2305.4,2323.2,2340.1
TRS_SBY_0499,1932.7,1944.2,1960.1,1975.5,1990.5,2004.9
TRS_SBY_0500,1817.9,1828.7,1843.4,1857.9,1872.0,1885.6
TRS_SBY_0501,1714.5,1724.7,1738.6,1752.3,1765.8,1778.7
TRS_SBY_0502,1682.1,1692.1,1705.8,1719.4,1732.7,1745.5
TRS_SBY_0503,1559.9,1569.1,1581.5,1593.8,1605.9,1617.5
TRS_SBY_0504,1367.3,1375.6,1386.9,1398.2,1409.3,1420.1
TRS_SBY_0505,1278.3,1285.9,1296.2,1306.5,1316.6,1326.4
TRS_SBY_0506,1216.9,1224.1,1234.0,1243.8,1253.4,1262.8
TRS_SBY_0507,1122.2,1128.9,1138.2,1147.4,1156.6,1165.5
TRS_SBY_0508,1342.6,1350.7,1361.7,1372.6,1383.3,1393.7
TRS_SBY_0509,1533.4,1542.4,1554.7,1566.7,1578.5,1589.8
TRS_SBY_0510,1551.6,1560.7,1572.8,1584.7,1596.3,1607.5
TRS_SBY_0511,1559.6,1568.6,1580.4,1592.1,1603.5,1614.5
TRS_SBY_0512,1440.6,1449.0,1460.0,1470.7,1481.2,1491.3
TRS_SBY_0513,1260.4,1267.7,1277.2,1286.6,1295.8,1304.6
TRS_SBY_0514,1077.4,1083.7,1091.8,1099.8,1107.6,1115.1
TRS_SBY_0515,937.6,943.2,950.3,957.4,964.4,971.1
TRS_SBY_0516,1007.8,1013.7,1021.3,1028.9,1036.3,1043.4
TRS_SBY_0517,861.0,866.1,872.6,879.0,885.4,891.5
TRS_SBY_0518,868.4,873.5,880.1,886.5,892.8,898.9
TRS_SBY_0519,1288.1,1295.5,1305.3,1314.8,1324.0,1333.0
TRS_SBY_0520,1754.1,1764.0,1777.4,1790.3,1802.8,1815.1
TRS_SBY_0521,2136.6,2148.2,2164.7,2180.4,2195.6,2210.5
TRS_SBY_0522,2668.6,2682.8,2703.7,2723.4,2742.4,2761.0
TRS_SBY_0523,2926.3,2941.7,2964.5,2986.2,3006.9,3027.3
TRS_SBY_0524,3233.1,3250.0,3275.3,3299.4,3322.5,3345.1
TRS_SBY_0525,3350.5,3367.9,3394.5,3419.7,3443.8,3467.3
TRS_SBY_0526,3140.6,3157.1,3182.5,3206.7,3229.9,3252.4
TRS_SBY_0527,3083.4,3099.7,3125.0,3149.0,3172.1,3194.3
TRS_SBY_0528,2792.4,2807.2,2830.3,2852.1,2873.2,2893.3
TRS_SBY_0529,2081.2,2092.6,2109.8,2126.2,2142.4,2157.7
TRS_SBY_0530,2145.0,2157.9,2176.6,2194.5,2212.3,2229.1
TRS_SBY_0531,2566.2,2581.7,2604.2,2625.7,2646.7,2666.7
TRS_SBY_0532,3335.9,3355.7,3385.0,3412.5,3439.3,3464.9
TRS_SBY_0533,3519.5,3540.1,3570.9,3599.5,3627.2,3653.7
TRS_SBY_0534,3357.7,3377.1,3406.0,3432.7,3458.4,3483.2
TRS_SBY_0535,3560.7,3580.9,3611.0,3638.9,3665.8,3691.7
TRS_SBY_0536,3846.8,3868.4,3900.5,3930.2,3958.8,3986.3
TRS_SBY_0537,3979.0,4001.0,4034.0,4064.4,4093.7,4122.0
TRS_SBY_0538,3582.7,3602.2,3631.3,3658.2,3684.2,3709.2
TRS_SBY_0539,3179.3,3196.7,3222.3,3246.2,3269.3,3291.5
TRS_SBY_0540,2709.6,2724.5,2746.1,2766.3,2786.0,2804.7
TRS_SBY_0541,2356.7,2369.8,2388.7,2406.6,2424.1,2440.7
TRS_SBY_0542,2098.1,2110.2,2127.2,2143.4,2159.3,2174.4
TRS_SBY_0543,1780.9,1791.4,1805.9,1819.8,1833.3,1846.2
TRS_SBY_0544,1574.4,1583.9,1596.9,1609.4,1621.5,1633.2
TRS_SBY_0545,2396.2,2411.0,2431.1,2450.3,2469.0,2486.8
TRS_SBY_0546,3675.5,3698.6,3730.7,3761.2,3790.4,3818.1
TRS_SBY_0547,4451.3,4479.2,4518.4,4555.3,4590.4,4623.5
TRS_SBY_0548,4966.9,4998.0,5041.4,5082.3,5121.2,5157.8
TRS_SBY_0549,5454.9,5488.8,5536.4,5581.1,5623.6,5663.6
TRS_SBY_0550,5243.5,5276.0,5322.1,5365.2,5406.3,5444.8
TRS_SBY_0551,5022.1,5053.2,5097.8,5139.6,5179.3,5216.5
TRS_SBY_0552,4194.2,4220.3,4257.6,4292.5,4325.7,4356.9
TRS_SBY_0553,3783.7,3807.3,3841.0,3872.8,3903.3,3932.0
TRS_SBY_0554,2902.4,2920.5,2946.1,2970.5,2994.1,3016.3
TRS_SBY_0555,2426.5,2441.6,2462.7,2483.0,2502.8,2521.4
TRS_SBY_0556,2287.6,2301.9,2321.5,2340.6,2359.3,2376.9
TRS_SBY_0557,1824.2,1836.2,1851.8,1867.5,1883.1,1897.8
TRS_SBY_0558,1702.5,1713.8,1728.4,1743.3,1758.1,1772.2
TRS_SBY_0559,1676.7,1687.3,1701.1,1715.0,1728.7,1741.9
TRS_SBY_0560,1884.9,1896.3,1911.4,1926.5,1941.4,1955.6
TRS_SBY_0561,1689.5,1699.5,1712.8,1726.1,1739.2,1751.7
TRS_SBY_0562,2044.8,2056.8,2072.8,2089.0,2104.9,2120.1
TRS_SBY_0563,1877.5,1888.4,1903.0,1918.0,1932.5,1946.6
TRS_SBY_0564,1611.2,1620.4,1632.9,1645.6,1658.1,1670.0
TRS_SBY_0565,1049.6,1055.4,1063.6,1071.8,1079.7,1087.4
TRS_SBY_0566,1842.5,1853.2,1867.4,1882.0,1896.2,1909.9
TRS_SBY_0567,1880.9,1892.0,1907.0,1922.1,1936.9,1951.1
TRS_SBY_0568,1654.4,1664.6,1677.9,1691.5,1704.8,1717.8
TRS_SBY_0569,1804.6,1815.7,1830.3,1845.1,1859.7,1873.8
TRS_SBY_0570,1893.2,1904.7,1920.0,1935.6,1950.9,1965.8
TRS_SBY_0571,951.9,957.6,965.2,972.9,980.4,987.6
TRS_SBY_0572,1280.2,1287.8,1298.0,1308.2,1318.1,1327.6
TRS_SBY_0573,1558.2,1567.5,1579.8,1592.2,1604.4,1616.1
TRS_SBY_0574,1577.2,1586.6,1599.0,1611.8,1624.2,1636.3
TRS_SBY_0575,1590.1,1599.7,1612.5,1625.8,1638.9,1651.6
TRS_SBY_0576,1837.9,1849.4,1865.2,1881.2,1897.0,1912.1
TRS_SBY_0577,2829.7,2847.9,2873.6,2899.0,2923.6,2946.9
TRS_SBY_0578,3724.8,3748.9,3783.1,3816.4,3848.2,3878.1
TRS_SBY_0579,5342.8,5376.8,5425.4,5472.1,5516.2,5557.8
TRS_SBY_0580,6826.6,6870.3,6932.2,6991.5,7047.1,7099.5
TRS_SBY_0581,7757.1,7806.5,7876.6,7943.5,8006.1,8065.1
TRS_SBY_0582,6158.9,6198.2,6254.7,6308.2,6358.2,6405.2
TRS_SBY_0583,7146.8,7192.0,7256.3,7317.5,7374.7,7428.7
TRS_SBY_0584,5654.1,5689.7,5740.5,5788.6,5833.8,5876.4
TRS_SBY_0585,5779.2,5815.2,5865.6,5913.9,5959.4,6002.4
TRS_SBY_0586,4626.1,4654.6,4693.8,4731.7,4767.6,4801.7
TRS_SBY_0587,4144.8,4169.7,4203.6,4236.7,4268.5,4298.7
TRS_SBY_0588,2945.4,2962.9,2985.9,3008.9,3031.1,3052.4
TRS_SBY_0589,2856.5,2873.2,2895.2,2917.3,2938.6,2959.2
TRS_SBY_0590,2524.0,2538.7,2557.9,2577.2,2595.8,2613.7
TRS_SBY_0591,2798.7,2815.1,2836.7,2858.3,2879.2,2899.3
TRS_SBY_0592,3022.2,3040.0,3063.4,3086.7,3109.4,3131.2
TRS_SBY_0593,3158.0,3176.8,3201.2,3225.7,3249.5,3272.4
TRS_SBY_0594,3029.1,3047.4,3071.3,3095.3,3118.9,3141.5
TRS_SBY_0595,2665.8,2681.7,2702.4,2723.1,2743.3,2762.7
TRS_SBY_0596,2429.9,2444.3,2463.0,2481.7,2500.0,2517.6
TRS_SBY_0597,2055.7,2068.0,2084.0,2099.9,2115.4,2130.4
TRS_SBY_0598,1292.4,1300.4,1310.7,1321.0,1331.1,1341.0
TRS_SBY_0599,1142.2,1149.4,1158.6,1167.8,1176.8,1185.6
TRS_SBY_0600,995.7,1002.0,1010.1,1018.2,1026.1,1033.7
TRS_SBY_0601,854.8,860.4,867.5,874.6,881.5,888.3
TRS_SBY_0602,1175.7,1183.4,1193.5,1203.4,1212.7,1221.8
TRS_SBY_0603,1585.1,1595.6,1609.4,1622.8,1635.3,1647.4
TRS_SBY_0604,2098.3,2111.9,2129.8,2147.3,2163.5,2179.1
TRS_SBY_0605,2319.9,2334.7,2354.4,2373.5,2391.3,2408.4
TRS_SBY_0606,2613.8,2630.4,2652.3,2673.7,2693.7,2713.0
TRS_SBY_0607,2195.3,2209.3,2228.0,2246.0,2262.7,2278.9
TRS_SBY_0608,2198.5,2212.5,2231.2,2249.2,2266.0,2282.2
TRS_SBY_0609,1605.8,1615.8,1629.1,1641.9,1653.7,1665.3
TRS_SBY_0610,665.0,669.0,674.4,679.6,684.5,689.3
TRS_SBY_0611,381.5,383.7,386.6,389.4,392.1,394.7
TRS_SBY_0612,183.7,184.7,185.9,187.2,188.4,189.5
TRS_SBY_0613,106.0,106.5,107.2,107.8,108.4,109.1
TRS_SBY_0614,28.6,28.7,28.9,29.0,29.1,29.3
TRS_SBY_0615,105.2,106.1,107.1,108.3,109.5,110.6
TRS_SBY_0616,27.4,27.6,27.9,28.3,28.6,29.0
TRS_SBY_0617,679.7,684.2,690.3,696.3,702.3,708.1
TRS_SBY_0618,997.8,1004.2,1012.7,1021.2,1029.5,1037.6
TRS_SBY_0619,482.3,485.2,489.1,492.8,496.3,499.8
TRS_SBY_0620,652.4,656.2,661.3,666.2,671.0,675.6
TRS_SBY_0621,881.8,886.8,893.6,900.0,906.3,912.4
TRS_SBY_0622,834.4,839.1,845.6,851.7,857.7,863.5
TRS_SBY_0623,897.4,902.5,909.5,916.2,922.8,929.3
TRS_SBY_0624,1022.9,1028.9,1037.1,1044.9,1052.9,1060.5
TRS_SBY_0625,897.9,903.2,910.3,917.1,924.0,930.7
TRS_SBY_0626,758.2,762.6,768.4,774.0,779.5,784.7
TRS_SBY_0627,494.8,497.7,501.7,505.4,509.1,512.7
TRS_SBY_0628,385.9,388.3,391.5,394.6,397.6,400.6
TRS_SBY_0629,637.1,640.8,646.0,650.9,655.6,660.2
TRS_SBY_0630,1095.5,1102.1,1111.7,1120.8,1129.4,1137.8
TRS_SBY_0631,2283.9,2297.6,2318.0,2337.0,2355.0,2372.3
TRS_SBY_0632,3511.3,3532.5,3564.3,3593.5,3621.5,3648.1
TRS_SBY_0633,3844.3,3867.5,3902.9,3935.3,3966.1,3995.4
TRS_SBY_0634,4541.3,4568.3,4609.3,4646.7,4682.3,4716.2
TRS_SBY_0635,4153.0,4177.9,4215.8,4250.4,4283.2,4314.4
TRS_SBY_0636,5255.1,5287.0,5334.4,5378.1,5419.7,5459.5
TRS_SBY_0637,4849.7,4879.1,4923.2,4963.7,5002.3,5039.2
TRS_SBY_0638,3517.7,3539.2,3571.3,3600.8,3629.0,3656.1
TRS_SBY_0639,2102.8,2115.9,2135.0,2152.7,2169.6,2186.1
TRS_SBY_0640,1190.9,1198.0,1208.2,1217.8,1227.1,1236.2
TRS_SBY_0641,1069.9,1076.2,1085.0,1093.4,1101.6,1109.6
TRS_SBY_0642,1086.0,1092.4,1101.2,1109.8,1118.3,1126.4
TRS_SBY_0643,1231.3,1238.3,1248.1,1257.5,1266.8,1275.8
TRS_SBY_0644,1222.1,1228.9,1238.1,1247.2,1256.0,1264.5
TRS_SBY_0645,1315.4,1322.7,1332.7,1342.4,1351.8,1361.0
TRS_SBY_0646,1142.1,1148.5,1157.1,1165.5,1173.8,1181.6
TRS_SBY_0647,1653.3,1662.7,1675.3,1687.7,1699.8,1711.5
TRS_SBY_0648,1753.4,1763.4,1776.5,1789.5,1802.3,1814.6
TRS_SBY_0649,1885.5,1896.3,1910.3,1924.4,1938.2,1951.5
TRS_SBY_0650,1924.3,1935.3,1949.7,1964.1,1978.1,1991.7
TRS_SBY_0651,1580.9,1590.2,1602.1,1614.2,1625.9,1637.2
TRS_SBY_0652,1881.1,1892.6,1907.4,1922.2,1936.6,1950.4
TRS_SBY_0653,2987.8,3006.5,3030.9,3055.1,3078.6,3101.2
TRS_SBY_0654,3601.0,3623.9,3654.2,3683.8,3712.6,3740.1
TRS_SBY_0655,3836.1,3860.7,3894.0,3926.2,3957.1,3986.6
TRS_SBY_0656,4190.4,4217.3,4254.0,4289.2,4322.7,4354.6
TRS_SBY_0657,4541.2,4570.3,4610.1,4648.2,4684.3,4718.6
TRS_SBY_0658,4534.5,4563.2,4602.6,4640.2,4675.5,4709.2
TRS_SBY_0659,5113.2,5145.0,5188.7,5230.4,5269.5,5306.9
TRS_SBY_0660,5032.2,5062.8,5105.3,5145.6,5183.6,5219.9
TRS_SBY_0661,4427.3,4453.7,4490.5,4525.6,4558.4,4590.0
TRS_SBY_0662,4846.5,4875.1,4914.2,4951.8,4987.3,5021.4
TRS_SBY_0663,2983.4,3000.5,3024.1,3046.9,3068.4,3089.2
TRS_SBY_0664,3057.7,3075.0,3098.5,3121.3,3142.8,3163.8
TRS_SBY_0665,2609.4,2624.1,2643.9,2663.1,2681.6,2699.5
TRS_SBY_0666,1730.6,1740.5,1753.5,1766.3,1778.7,1790.8
TRS_SBY_0667,1156.8,1163.6,1172.4,1181.1,1189.6,1197.9
TRS_SBY_0668,845.2,850.3,857.1,863.9,870.8,877.5
TRS_SBY_0669,791.2,795.7,802.1,808.3,814.7,820.8
TRS_SBY_0670,708.6,712.5,718.3,723.9,729.5,735.0
TRS_SBY_0671,702.8,706.6,712.3,717.8,723.3,728.6
TRS_SBY_0672,763.6,767.8,774.1,780.0,786.0,791.7
TRS_SBY_0673,2176.2,2188.3,2205.2,2221.5,2237.6,2253.3
TRS_SBY_0674,2417.8,2431.5,2450.5,2468.9,2487.1,2504.7
TRS_SBY_0675,2222.3,2235.1,2252.9,2270.0,2286.9,2303.2
TRS_SBY_0676,497.3,500.3,504.1,507.9,511.7,515.2
TRS_SBY_0677,378.4,380.7,383.7,386.8,389.7,392.6
TRS_SBY_0678,293.6,295.4,297.9,300.3,302.7,305.0
TRS_SBY_0679,148.0,148.9,150.1,151.2,152.4,153.5
TRS_SBY_0680,163.4,164.4,165.9,167.3,168.8,170.3
TRS_SBY_0681,39.6,39.9,40.2,40.6,41.0,41.5
TRS_SBY_0682,43.4,43.7,44.2,44.6,45.2,45.8
TRS_SBY_0683,9.6,9.7,9.8,9.9,10.0,10.2
TRS_SBY_0684,4.4,4.5,4.5,4.6,4.6,4.8
TRS_SBY_0685,0.5,0.5,0.5,0.5,0.5,0.6
TRS_SBY_0686,0.1,0.1,0.1,0.1,0.1,0.1
TRS_SBY_0687,0.1,0.1,0.1,0.1,0.1,0.1
TRS_SBY_0688,135.5,136.2,137.0,137.8,138.6,139.4
TRS_SBY_0689,738.4,742.2,747.6,752.8,757.9,762.8
TRS_SBY_0690,916.3,921.0,927.8,934.2,940.4,946.6
TRS_SBY_0691,1065.9,1071.3,1079.3,1086.8,1094.1,1101.2
TRS_SBY_0692,1216.9,1223.1,1232.3,1241.0,1249.3,1257.4
TRS_SBY_0693,1486.0,1493.4,1504.6,1515.1,1525.1,1534.9
TRS_SBY_0694,1549.9,1557.7,1569.6,1580.7,1591.3,1601.6
TRS_SBY_0695,18.1,18.1,18.2,18.3,18.4,18.5
TRS_SBY_0696,18.3,18.4,18.5,18.6,18.7,18.8
TRS_SBY_0697,19.9,19.9,20.1,20.2,20.3,20.4
TRS_SBY_0698,17.3,17.4,17.5,17.5,17.6,17.7
TRS_SBY_0699,12.6,12.6,12.7,12.8,12.8,12.9
TRS_SBY_0700,9.6,9.6,9.6,9.7,9.7,9.8
TRS_SBY_0701,20.1,20.1,20.3,20.4,20.5,20.6
TRS_SBY_0702,25.7,25.8,26.0,26.1,26.2,26.4
TRS_SBY_0703,25.4,25.5,25.7,25.8,25.9,26.1
TRS_SBY_0704,17.4,17.5,17.6,17.7,17.8,17.9
TRS_SBY_0705,18.6,18.6,18.7,18.8,18.9,19.0
TRS_SBY_0706,19.7,19.8,19.9,20.0,20.1,20.2
TRS_SBY_0707,23.8,23.9,24.0,24.1,24.2,24.3
TRS_SBY_0708,52.0,52.2,52.5,52.7,53.0,53.2
TRS_SBY_0709,19.9,19.9,20.0,20.1,20.1,20.2
TRS_SBY_0710,12.4,12.5,12.5,12.5,12.5,12.6
TRS_SBY_0711,10.0,10.0,10.1,10.1,10.1,10.1
TRS_SBY_0712,9.6,9.6,9.6,9.6,9.6,9.7
TRS_SBY_0713,7.4,7.4,7.5,7.5,7.5,7.5
TRS_SBY_0714,7.5,7.5,7.5,7.5,7.5,7.5
TRS_SBY_0715,475.8,478.7,482.6,486.8,491.1,495.2
TRS_SBY_0716,513.3,516.5,520.9,525.8,530.6,535.4
TRS_SBY_0717,459.9,463.0,466.9,471.3,475.7,480.0
TRS_SBY_0718,558.5,562.0,566.7,571.7,576.7,581.7
TRS_SBY_0719,439.4,441.9,445.3,448.8,452.3,455.8
TRS_SBY_0720,479.0,481.7,485.3,488.8,492.3,495.8
TRS_SBY_0721,389.6,391.6,394.5,397.3,399.9,402.5
TRS_SBY_0722,712.2,715.9,721.3,726.4,731.3,736.1
TRS_SBY_0723,732.7,736.5,742.1,747.4,752.5,757.5
TRS_SBY_0724,643.9,647.2,652.1,656.8,661.3,665.6
TRS_SBY_0725,1171.7,1177.7,1186.8,1195.5,1203.7,1211.6
TRS_SBY_0726,1674.6,1683.4,1696.8,1709.3,1721.3,1732.9
TRS_SBY_0727,1516.4,1524.2,1536.2,1547.6,1558.4,1568.8
TRS_SBY_0728,1663.0,1671.6,1684.9,1697.4,1709.3,1720.8
TRS_SBY_0729,1887.1,1896.8,1911.8,1925.9,1939.4,1952.3
TRS_SBY_0730,1788.5,1797.7,1811.9,1825.2,1837.9,1850.1
TRS_SBY_0731,1724.3,1733.2,1746.8,1759.6,1771.9,1783.6
TRS_SBY_0732,1178.7,1184.7,1193.7,1202.3,1210.6,1218.5
TRS_SBY_0733,354.7,356.5,359.3,361.9,364.6,367.2
TRS_SBY_0734,2695.2,2709.2,2730.3,2750.0,2769.4,2787.9
TRS_SBY_0735,2605.1,2618.6,2639.0,2658.1,2676.8,2694.6
TRS_SBY_0736,2509.7,2522.6,2542.2,2560.5,2578.4,2595.5
TRS_SBY_0737,2440.1,2452.5,2471.4,2489.1,2506.4,2522.9
TRS_SBY_0738,2431.8,2444.2,2463.2,2480.8,2498.1,2514.5
TRS_SBY_0739,2528.2,2540.9,2560.6,2578.8,2596.6,2613.6
TRS_SBY_0740,2900.9,2915.5,2938.0,2958.5,2978.6,2997.6
TRS_SBY_0741,3164.5,3180.2,3204.8,3227.0,3248.7,3269.3
TRS_SBY_0742,2921.2,2935.7,2958.3,2978.8,2999.0,3018.1
TRS_SBY_0743,2623.5,2636.5,2656.7,2675.1,2693.4,2710.7
TRS_SBY_0744,2924.6,2939.3,2962.0,2982.7,3003.3,3022.7
TRS_SBY_0745,3197.0,3213.3,3238.3,3261.2,3284.1,3305.6
TRS_SBY_0746,3728.7,3747.9,3777.2,3804.1,3830.9,3856.2
TRS_SBY_0747,3856.4,3876.2,3906.4,3934.3,3961.8,3987.9
TRS_SBY_0748,3441.9,3459.6,3486.6,3511.6,3536.3,3559.8
TRS_SBY_0749,3198.2,3214.6,3239.7,3263.2,3286.2,3308.0
TRS_SBY_0750,3112.4,3128.4,3152.6,3175.3,3197.3,3218.3
TRS_SBY_0751,3049.3,3064.9,3088.5,3110.5,3132.0,3152.5
TRS_SBY_0752,3073.7,3089.7,3113.7,3136.1,3158.0,3178.8
TRS_SBY_0753,3110.0,3126.1,3150.8,3173.8,3196.3,3217.5
TRS_SBY_0754,2914.3,2929.6,2953.0,2974.7,2996.1,3016.1
TRS_SBY_0755,2665.4,2679.7,2701.6,2721.9,2742.0,2760.7
TRS_SBY_0756,3597.6,3617.6,3648.0,3676.4,3704.3,3730.1
TRS_SBY_0757,3778.8,3800.5,3833.8,3864.9,3895.2,3923.4
TRS_SBY_0758,4807.9,4836.1,4879.2,4919.6,4958.7,4994.9
TRS_SBY_0759,6093.8,6129.5,6184.5,6236.1,6286.1,6332.4
TRS_SBY_0760,7260.3,7302.3,7366.9,7427.1,7485.4,7539.6
TRS_SBY_0761,7509.8,7553.3,7619.6,7681.3,7741.3,7797.0
TRS_SBY_0762,6132.3,6167.6,6221.6,6271.9,6320.8,6366.2
TRS_SBY_0763,5468.2,5499.7,5547.8,5592.9,5636.8,5677.6
TRS_SBY_0764,6103.1,6138.1,6191.6,6242.0,6290.9,6336.2
TRS_SBY_0765,5976.2,6010.4,6062.6,6112.0,6159.9,6204.1
TRS_SBY_0766,6560.0,6597.8,6655.1,6709.6,6762.8,6812.0
TRS_SBY_0767,6343.1,6379.9,6435.4,6488.3,6540.1,6588.0
TRS_SBY_0768,5616.0,5648.9,5698.5,5746.1,5792.6,5835.9
TRS_SBY_0769,6138.0,6173.7,6227.5,6279.1,6329.4,6376.3
TRS_SBY_0770,5665.5,5698.2,5747.9,5795.2,5841.7,5884.8
TRS_SBY_0771,5322.8,5353.1,5399.5,5443.7,5487.0,5527.3
TRS_SBY_0772,5390.7,5421.0,5467.3,5511.4,5554.3,5594.3
TRS_SBY_0773,5673.3,5705.7,5755.0,5801.6,5847.0,5889.3
TRS_SBY_0774,5163.0,5193.3,5239.2,5282.7,5325.4,5365.2
TRS_SBY_0775,3687.6,3709.4,3742.7,3774.1,3805.0,3833.7
TRS_SBY_0776,2449.9,2464.4,2486.8,2507.9,2528.7,2548.0
TRS_SBY_0777,1570.8,1580.1,1594.2,1607.6,1620.9,1633.2
TRS_SBY_0778,1215.9,1223.1,1233.8,1244.1,1254.5,1264.1
TRS_SBY_0779,830.7,835.5,842.8,850.0,857.1,863.9
TRS_SBY_0780,627.1,630.8,636.0,641.1,646.4,651.5
TRS_SBY_0781,693.3,697.6,703.6,709.5,715.3,721.0
TRS_SBY_0782,891.6,897.2,904.9,912.3,919.8,927.0
TRS_SBY_0783,937.5,943.1,950.6,957.8,965.0,971.9
TRS_SBY_0784,610.2,614.0,619.0,623.8,628.4,632.9
TRS_SBY_0785,668.1,672.4,678.0,683.4,688.8,693.9
TRS_SBY_0786,547.0,550.5,555.2,559.7,564.2,568.4
TRS_SBY_0787,384.5,386.8,390.0,393.1,396.1,399.0
TRS_SBY_0788,433.8,436.5,440.1,443.6,447.0,450.3
TRS_SBY_0789,625.7,629.4,634.4,639.4,644.3,649.0
TRS_SBY_0790,1204.3,1211.6,1221.2,1230.9,1240.3,1249.3
TRS_SBY_0791,1565.5,1575.2,1587.9,1600.9,1613.6,1625.6
TRS_SBY_0792,1689.5,1700.1,1713.9,1728.1,1742.1,1755.1
TRS_SBY_0793,1314.2,1322.5,1333.3,1344.5,1355.4,1365.6
TRS_SBY_0794,1289.2,1297.3,1307.7,1318.6,1329.2,1339.0
TRS_SBY_0795,1176.9,1184.2,1193.6,1203.3,1212.8,1221.7
TRS_SBY_0796,1564.1,1573.6,1586.0,1598.6,1611.0,1622.7
TRS_SBY_0797,1329.2,1336.8,1346.9,1357.2,1367.3,1376.8
TRS_SBY_0798,1039.8,1045.7,1053.6,1061.6,1069.5,1076.9
TRS_SBY_0799,1000.7,1006.4,1013.8,1021.4,1028.8,1035.9
TRS_SBY_0800,740.1,744.3,749.9,755.4,760.9,766.2
TRS_SBY_0801,673.9,677.5,682.4,687.1,691.8,696.3
TRS_SBY_0802,608.6,611.8,616.1,620.3,624.4,628.4
TRS_SBY_0803,461.4,463.9,467.2,470.4,473.5,476.6
TRS_SBY_0804,357.9,359.8,362.5,365.0,367.5,369.9
TRS_SBY_0805,240.9,242.1,243.8,245.4,247.0,248.6
TRS_SBY_0806,235.8,237.0,238.7,240.3,241.8,243.3
TRS_SBY_0807,296.6,298.2,300.3,302.4,304.3,306.2
TRS_SBY_0808,580.9,584.0,588.4,592.5,596.5,600.4
TRS_SBY_0809,1027.8,1033.1,1040.7,1047.9,1054.8,1061.5
TRS_SBY_0810,1165.3,1171.3,1179.9,1187.9,1195.8,1203.4
TRS_SBY_0811,1213.3,1219.6,1228.5,1236.8,1245.0,1252.8
TRS_SBY_0812,1224.3,1230.7,1239.7,1248.1,1256.4,1264.3
TRS_SBY_0813,1242.3,1248.6,1257.6,1266.1,1274.4,1282.3
TRS_SBY_0814,1353.3,1360.1,1370.2,1379.7,1388.9,1398.0
TRS_SBY_0815,1464.4,1471.9,1483.0,1493.4,1503.6,1513.5
TRS_SBY_0816,1927.3,1937.1,1952.2,1966.0,1979.6,1992.8
TRS_SBY_0817,2187.1,2198.1,2215.3,2231.1,2246.7,2261.9
TRS_SBY_0818,2006.3,2016.5,2032.5,2047.2,2061.6,2075.8
TRS_SBY_0819,1885.3,1894.9,1910.0,1924.0,1937.7,1951.1
TRS_SBY_0820,1580.7,1588.7,1601.3,1613.0,1624.4,1635.6
TRS_SBY_0821,1687.5,1696.1,1709.6,1721.9,1734.1,1746.0
TRS_SBY_0822,3460.4,3479.3,3508.3,3535.5,3561.6,3586.4
TRS_SBY_0823,4621.6,4647.2,4686.2,4722.8,4758.0,4791.3
TRS_SBY_0824,4336.6,4360.5,4397.2,4431.4,4464.4,4495.5
TRS_SBY_0825,4029.1,4051.3,4085.2,4116.9,4147.5,4176.4
TRS_SBY_0826,3174.7,3192.1,3218.9,3244.0,3268.1,3290.9
TRS_SBY_0827,1917.9,1928.4,1944.7,1959.6,1974.2,1987.8
TRS_SBY_0828,475.8,478.3,482.0,485.5,488.9,492.1
TRS_SBY_0829,41.1,41.3,41.5,41.6,41.8,42.0
TRS_SBY_0830,57.3,57.5,57.9,58.2,58.5,58.8
TRS_SBY_0831,89.2,89.8,90.6,91.5,92.3,93.2
TRS_SBY_0832,148.1,148.9,150.1,151.4,152.7,153.9
TRS_SBY_0833,271.2,272.7,274.8,276.9,279.0,281.0
TRS_SBY_0834,202.0,203.1,204.7,206.3,208.0,209.5
TRS_SBY_0835,113.7,114.3,115.2,116.1,117.0,117.8
TRS_SBY_0836,6.7,6.8,6.8,6.8,6.8,6.9
TRS_SBY_0837,3.0,3.0,3.0,3.0,3.0,3.0
TRS_SBY_0838,4.2,4.2,4.3,4.3,4.3,4.3
TRS_SBY_0839,4.3,4.3,4.3,4.4,4.4,4.4
TRS_SBY_0840,5.7,5.7,5.7,5.8,5.8,5.8
TRS_SBY_0841,5.8,5.8,5.8,5.8,5.8,5.9
TRS_SBY_0842,6.9,6.9,6.9,6.9,6.9,7.0
TRS_SBY_0843,4.2,4.2,4.2,4.2,4.2,4.3
TRS_SBY_0844,7.5,7.5,7.6,7.6,7.6,7.6
TRS_SBY_0845,57.9,58.2,58.7,59.1,59.7,60.2
TRS_SBY_0846,178.4,179.3,180.8,182.2,183.7,185.2
TRS_SBY_0847,567.5,570.4,575.5,580.0,584.4,588.5
TRS_SBY_0848,856.2,860.4,868.2,874.9,881.4,887.4
TRS_SBY_0849,861.5,865.6,873.5,880.2,886.7,892.8
TRS_SBY_0850,809.4,813.3,820.8,827.1,833.3,838.9
TRS_SBY_0851,747.5,751.1,758.1,764.0,769.7,774.9
TRS_SBY_0852,777.1,780.8,787.9,793.9,799.7,805.0
TRS_SBY_0853,1073.0,1078.1,1087.5,1095.6,1103.6,1110.9
TRS_SBY_0854,1050.3,1055.4,1064.4,1072.2,1079.8,1086.8
TRS_SBY_0855,971.0,975.6,983.9,990.9,997.8,1004.1
TRS_SBY_0856,427.0,429.2,432.7,435.8,438.9,441.6
TRS_SBY_0857,161.9,162.7,163.9,165.0,166.0,167.1
TRS_SBY_0858,68.9,69.3,69.8,70.2,70.7,71.2
TRS_SBY_0859,99.7,100.3,101.1,102.0,102.9,103.7
TRS_SBY_0860,271.4,272.9,275.1,277.2,279.4,281.5
TRS_SBY_0861,896.9,901.6,908.5,915.1,921.7,927.9
TRS_SBY_0862,2267.5,2280.1,2299.5,2317.8,2335.5,2352.2
TRS_SBY_0863,3867.5,3889.6,3923.4,3955.4,3986.2,4015.2
TRS_SBY_0864,5189.9,5220.2,5266.0,5309.2,5350.6,5389.7
TRS_SBY_0865,3723.2,3745.5,3779.0,3810.4,3840.3,3868.5
TRS_SBY_0866,4150.2,4174.9,4211.6,4246.0,4278.9,4309.9
TRS_SBY_0867,4218.9,4244.1,4281.4,4316.3,4349.7,4381.1
TRS_SBY_0868,5967.3,6002.4,6054.3,6102.8,6149.4,6193.3
TRS_SBY_0869,7224.9,7268.0,7330.5,7389.5,7446.2,7499.8
TRS_SBY_0870,6312.0,6349.9,6403.1,6453.5,6502.1,6548.1
TRS_SBY_0871,5200.2,5231.2,5274.0,5314.5,5353.5,5390.8
TRS_SBY_0872,3928.8,3951.9,3983.2,4013.2,4042.0,4069.6
TRS_SBY_0873,3335.5,3355.0,3381.5,3406.8,3431.3,3454.8
TRS_SBY_0874,2883.4,2900.1,2922.9,2944.7,2965.7,2986.1
TRS_SBY_0875,2466.5,2480.6,2499.7,2517.8,2535.5,2552.7
TRS_SBY_0876,2060.3,2071.9,2087.6,2102.5,2117.1,2131.4
TRS_SBY_0877,1646.5,1655.6,1668.1,1680.0,1691.6,1702.9
TRS_SBY_0878,1064.5,1070.3,1078.2,1085.8,1093.3,1100.6
TRS_SBY_0879,785.4,789.6,795.4,800.8,806.3,811.8
TRS_SBY_0880,578.2,581.4,585.9,590.2,594.5,598.8
TRS_SBY_0881,324.3,326.2,328.8,331.4,334.1,336.7
TRS_SBY_0882,478.3,481.0,484.7,488.2,491.8,495.3
TRS_SBY_0883,429.9,432.4,435.7,438.8,441.9,444.9
TRS_SBY_0884,467.6,470.4,474.1,477.8,481.5,485.0
TRS_SBY_0885,520.8,523.9,528.2,532.3,536.4,540.4
TRS_SBY_0886,558.9,562.2,566.7,571.1,575.5,579.7
TRS_SBY_0887,806.2,810.8,817.1,823.3,829.4,835.4
TRS_SBY_0888,1288.5,1295.5,1305.2,1314.5,1323.6,1332.6
TRS_SBY_0889,1638.6,1647.4,1659.4,1671.0,1682.4,1693.6
TRS_SBY_0890,2328.8,2341.2,2358.2,2374.4,2390.5,2406.0
TRS_SBY_0891,3189.5,3206.4,3229.4,3251.2,3272.7,3293.4
TRS_SBY_0892,3800.6,3820.6,3848.1,3874.2,3900.1,3924.8
TRS_SBY_0893,3722.8,3742.5,3769.6,3795.3,3820.8,3845.1
TRS_SBY_0894,3179.0,3195.9,3218.9,3240.7,3262.6,3283.2
TRS_SBY_0895,2465.9,2479.1,2496.9,2514.1,2531.3,2547.5
TRS_SBY_0896,2501.2,2514.6,2532.7,2550.1,2567.5,2583.9
TRS_SBY_0897,3153.3,3170.1,3193.7,3216.2,3238.4,3259.5
TRS_SBY_0898,2934.5,2949.6,2971.9,2992.9,3013.5,3033.2
TRS_SBY_0899,3482.9,3500.6,3526.5,3551.1,3575.2,3598.2
TRS_SBY_0900,3467.0,3485.0,3511.3,3536.3,3560.7,3584.1
TRS_SBY_0901,3718.7,3738.1,3766.4,3793.2,3819.3,3844.5
TRS_SBY_0902,3720.4,3739.9,3768.4,3795.5,3821.8,3847.2
TRS_SBY_0903,3122.1,3138.7,3163.1,3186.3,3208.7,3230.5
TRS_SBY_0904,2415.0,2428.2,2447.2,2465.3,2482.9,2500.0
TRS_SBY_0905,1975.1,1986.3,2002.3,2017.5,2032.5,2047.0
TRS_SBY_0906,1717.6,1727.6,1741.4,1754.8,1767.9,1780.7
TRS_SBY_0907,1615.2,1624.8,1638.0,1650.7,1663.2,1675.4
TRS_SBY_0908,1289.7,1297.7,1308.8,1319.5,1329.9,1340.2
TRS_SBY_0909,892.7,898.5,906.3,914.0,921.4,928.7
TRS_SBY_0910,1022.0,1028.4,1037.3,1045.8,1054.1,1062.2
TRS_SBY_0911,1420.5,1428.8,1440.7,1452.0,1462.9,1473.6
TRS_SBY_0912,1378.0,1385.9,1397.6,1408.5,1419.0,1429.2
TRS_SBY_0913,1347.8,1355.3,1366.3,1376.6,1386.4,1396.0
TRS_SBY_0914,1251.0,1257.9,1268.2,1277.9,1287.2,1296.3
TRS_SBY_0915,1244.1,1250.9,1261.1,1270.6,1279.8,1288.7
TRS_SBY_0916,1051.3,1057.1,1065.7,1073.7,1081.5,1089.1
TRS_SBY_0917,844.2,849.0,855.9,862.4,868.8,874.9
TRS_SBY_0918,587.6,591.1,596.1,600.8,605.5,610.0
TRS_SBY_0919,466.0,468.8,472.7,476.4,480.2,483.8
TRS_SBY_0920,525.8,528.9,533.2,537.3,541.4,545.4
TRS_SBY_0921,1011.0,1017.2,1025.5,1033.5,1041.0,1048.2
TRS_SBY_0922,1910.0,1922.0,1937.9,1953.0,1967.1,1980.6
TRS_SBY_0923,3047.7,3067.2,3093.5,3118.2,3141.4,3163.6
TRS_SBY_0924,4205.8,4232.7,4268.7,4302.6,4334.5,4364.9
TRS_SBY_0925,4289.5,4317.2,4354.2,4388.9,4421.7,4453.0
TRS_SBY_0926,4858.9,4890.0,4931.5,4970.4,5007.3,5042.4
TRS_SBY_0927,5059.8,5092.1,5135.1,5175.5,5213.7,5250.3
TRS_SBY_0928,4818.3,4849.5,4890.7,4929.4,4966.1,5001.2
TRS_SBY_0929,3756.3,3780.7,3813.3,3843.9,3873.2,3901.0
TRS_SBY_0930,2006.8,2020.0,2037.5,2054.2,2070.2,2085.5
TRS_SBY_0931,1032.0,1038.5,1047.0,1055.1,1063.1,1070.8
TRS_SBY_0932,1065.4,1071.9,1080.5,1088.7,1096.8,1104.5
TRS_SBY_0933,1142.1,1148.9,1157.6,1166.2,1174.5,1182.5
TRS_SBY_0934,1360.4,1368.2,1378.6,1388.6,1398.4,1407.8
TRS_SBY_0935,1301.2,1308.6,1318.5,1328.0,1337.4,1346.4
TRS_SBY_0936,1047.5,1053.3,1061.0,1068.5,1075.8,1082.9
TRS_SBY_0937,969.7,975.1,982.5,989.7,997.0,1004.0
TRS_SBY_0938,965.0,970.1,977.4,984.3,991.2,998.0
TRS_SBY_0939,1066.9,1072.7,1081.1,1089.0,1097.1,1104.9
TRS_SBY_0940,997.0,1002.3,1010.0,1017.4,1024.8,1031.9
TRS_SBY_0941,758.8,762.8,768.6,774.2,779.7,785.2
TRS_SBY_0942,743.0,747.0,752.8,758.3,763.9,769.3
TRS_SBY_0943,862.1,866.8,873.7,880.2,886.7,892.9
TRS_SBY_0944,1002.2,1007.8,1015.9,1023.4,1030.6,1037.6
TRS_SBY_0945,1321.1,1328.6,1339.8,1350.1,1360.0,1369.6
TRS_SBY_0946,1549.7,1558.6,1571.7,1583.8,1595.6,1606.9
TRS_SBY_0947,1679.4,1689.0,1703.0,1716.0,1728.6,1740.8
TRS_SBY_0948,1885.6,1896.4,1912.3,1926.8,1940.9,1954.5
TRS_SBY_0949,2092.1,2104.2,2121.9,2138.2,2154.1,2169.3
TRS_SBY_0950,2197.7,2210.6,2229.4,2246.7,2263.6,2279.8
TRS_SBY_0951,2156.4,2169.1,2187.7,2204.9,2221.6,2237.8
TRS_SBY_0952,2042.1,2054.1,2071.7,2088.1,2104.1,2119.5
TRS_SBY_0953,1642.8,1652.5,1666.6,1679.6,1692.5,1704.9
TRS_SBY_0954,1454.0,1462.9,1475.8,1487.8,1499.8,1511.2
TRS_SBY_0955,1328.3,1336.4,1348.1,1359.2,1370.3,1380.9
TRS_SBY_0956,1253.7,1261.4,1272.3,1282.6,1292.9,1302.7
TRS_SBY_0957,1214.0,1221.5,1232.2,1242.3,1252.4,1262.1
TRS_SBY_0958,1143.1,1150.2,1160.0,1169.5,1179.0,1188.1
TRS_SBY_0959,1125.7,1132.6,1142.0,1151.2,1160.4,1169.2
TRS_SBY_0960,1179.4,1186.5,1196.1,1205.4,1214.6,1223.5
TRS_SBY_0961,1232.5,1239.9,1249.8,1259.4,1269.0,1278.2
TRS_SBY_0962,1495.0,1503.8,1515.7,1527.0,1538.2,1549.1
TRS_SBY_0963,1687.7,1697.6,1710.7,1723.1,1735.4,1747.4
TRS_SBY_0964,1604.1,1613.7,1626.2,1638.3,1650.2,1661.8
TRS_SBY_0965,1481.7,1490.8,1502.5,1513.8,1525.0,1535.9
TRS_SBY_0966,1419.6,1428.2,1439.4,1450.1,1460.7,1471.1
TRS_SBY_0967,1607.7,1617.5,1630.0,1642.0,1653.9,1665.4
TRS_SBY_0968,1484.7,1493.9,1505.3,1516.4,1527.4,1538.1
TRS_SBY_0969,1450.6,1459.5,1470.5,1481.5,1492.3,1502.8
TRS_SBY_0970,1570.4,1580.2,1592.6,1604.9,1617.2,1629.1
TRS_SBY_0971,1648.5,1658.9,1672.0,1685.2,1698.3,1711.1
TRS_SBY_0972,1696.8,1707.3,1720.6,1734.0,1747.2,1760.3
TRS_SBY_0973,1665.0,1675.1,1688.3,1701.5,1714.6,1727.5
TRS_SBY_0974,1760.1,1770.6,1784.8,1798.8,1812.6,1826.3
TRS_SBY_0975,1831.7,1842.4,1857.4,1872.0,1886.4,1900.7
TRS_SBY_0976,1909.6,1920.7,1936.3,1951.4,1966.3,1981.1
TRS_SBY_0977,1748.3,1758.4,1772.7,1786.5,1800.2,1813.8
TRS_SBY_0978,1574.9,1583.8,1596.4,1608.5,1620.5,1632.5
TRS_SBY_0979,1793.5,1803.7,1817.9,1831.5,1845.0,1858.4
TRS_SBY_0980,1820.5,1831.0,1845.2,1859.0,1872.6,1886.0
TRS_SBY_0981,1432.0,1440.4,1451.5,1462.4,1473.3,1483.9
TRS_SBY_0982,1433.8,1442.2,1453.3,1464.4,1475.3,1486.0
TRS_SBY_0983,1195.8,1203.0,1212.4,1221.8,1231.0,1240.0
TRS_SBY_0984,1030.8,1037.3,1045.7,1054.0,1062.2,1070.2
TRS_SBY_0985,990.1,996.2,1004.2,1012.1,1019.9,1027.6
TRS_SBY_0986,899.1,904.7,911.9,919.1,926.2,933.2
TRS_SBY_0987,866.1,871.4,878.2,885.0,891.7,898.3
TRS_SBY_0988,772.5,777.3,783.5,789.6,795.7,801.7
TRS_SBY_0989,728.2,733.2,739.4,745.7,752.0,758.2
TRS_SBY_0990,817.1,822.6,829.4,836.4,843.2,850.0
TRS_SBY_0991,1148.3,1155.8,1165.5,1175.2,1184.9,1194.4
TRS_SBY_0992,828.2,833.8,840.9,848.1,855.1,862.1
TRS_SBY_0993,834.0,839.5,846.6,853.7,860.7,867.5
TRS_SBY_0994,967.2,973.4,981.6,989.7,997.6,1005.3
TRS_SBY_0995,1358.8,1367.6,1379.1,1390.5,1401.8,1412.7
TRS_SBY_0996,1693.6,1704.5,1719.4,1734.0,1748.6,1762.7
TRS_SBY_0997,1856.9,1868.5,1884.6,1900.3,1916.1,1931.4
TRS_SBY_0998,1655.7,1666.3,1680.9,1695.3,1709.9,1724.0
TRS_SBY_0999,1332.7,1341.1,1352.6,1363.9,1375.3,1386.3
TRS_SBY_1000,1228.3,1236.3,1247.0,1257.8,1268.6,1279.1
TRS_SBY_1001,1361.0,1369.6,1381.3,1392.7,1404.2,1415.3
TRS_SBY_1002,1717.2,1727.9,1742.3,1756.4,1770.4,1784.0
TRS_SBY_1003,1881.6,1893.3,1908.7,1923.9,1939.0,1953.7
TRS_SBY_1004,2385.0,2400.0,2419.8,2439.2,2458.2,2476.4
TRS_SBY_1005,2972.9,2991.4,3016.0,3039.8,3062.4,3084.4
TRS_SBY_1006,3086.7,3105.9,3131.5,3156.1,3179.6,3202.3
TRS_SBY_1007,2920.3,2938.7,2963.0,2986.5,3008.9,3030.5
TRS_SBY_1008,3031.0,3049.8,3074.8,3098.7,3121.6,3143.7
TRS_SBY_1009,3048.6,3067.8,3093.3,3117.8,3141.2,3163.9
TRS_SBY_1010,2704.8,2722.2,2745.5,2768.0,2789.5,2810.3
TRS_SBY_1011,2538.2,2554.6,2576.7,2598.1,2618.6,2638.4
TRS_SBY_1012,1696.4,1707.4,1722.2,1736.5,1750.5,1764.0
TRS_SBY_1013,1624.9,1635.2,1649.1,1662.5,1675.8,1688.6
TRS_SBY_1014,1596.3,1606.2,1619.6,1632.5,1645.3,1657.6
TRS_SBY_1015,1957.4,1969.4,1985.9,2001.7,2017.1,2032.1
TRS_SBY_1016,2082.7,2095.5,2113.1,2129.9,2146.2,2162.0
TRS_SBY_1017,2283.1,2297.1,2316.3,2334.6,2352.2,2369.3
TRS_SBY_1018,2619.0,2634.6,2656.0,2676.4,2695.9,2714.9
TRS_SBY_1019,2634.9,2650.5,2671.9,2692.4,2711.9,2731.0
TRS_SBY_1020,2705.4,2721.5,2743.5,2764.7,2784.9,2804.7
TRS_SBY_1021,2630.7,2646.3,2667.7,2688.2,2707.7,2726.8
TRS_SBY_1022,2530.5,2545.5,2565.7,2585.2,2603.7,2621.8
TRS_SBY_1023,2356.3,2370.0,2388.5,2406.2,2423.0,2439.5
TRS_SBY_1024,2150.1,2162.6,2179.3,2195.2,2210.5,2225.4
TRS_SBY_1025,1954.7,1965.9,1981.0,1995.4,2009.3,2022.8
TRS_SBY_1026,2003.9,2015.4,2031.2,2046.1,2060.6,2074.6
TRS_SBY_1027,2068.1,2079.9,2096.4,2111.7,2126.4,2140.5
TRS_SBY_1028,2083.1,2095.0,2111.9,2127.6,2142.7,2157.2
TRS_SBY_1029,2144.7,2157.1,2174.8,2191.2,2207.0,2222.3
TRS_SBY_1030,2003.1,2014.7,2031.4,2046.9,2061.7,2076.0
TRS_SBY_1031,1901.7,1912.9,1929.0,1944.0,1958.4,1972.2
TRS_SBY_1032,1775.7,1786.2,1801.7,1816.1,1829.9,1843.3
TRS_SBY_1033,1556.8,1566.3,1580.2,1593.3,1606.1,1618.5
TRS_SBY_1034,1355.4,1364.0,1376.3,1388.1,1399.8,1411.3
TRS_SBY_1035,1541.5,1551.0,1564.6,1577.5,1590.3,1602.7
TRS_SBY_1036,1832.7,1843.6,1859.5,1874.3,1888.8,1902.9
TRS_SBY_1037,1889.7,1900.8,1916.8,1931.9,1946.5,1960.8
TRS_SBY_1038,2024.2,2036.3,2053.6,2069.8,2085.7,2101.1
TRS_SBY_1039,2041.0,2053.2,2070.7,2087.2,2103.2,2118.9
TRS_SBY_1040,2008.2,2020.1,2037.0,2052.9,2068.2,2083.1
TRS_SBY_1041,1913.1,1924.4,1940.3,1955.2,1969.6,1983.6
TRS_SBY_1042,1535.1,1544.3,1556.9,1568.8,1580.3,1591.5
TRS_SBY_1043,1379.8,1388.2,1399.8,1410.6,1421.1,1431.3
TRS_SBY_1044,1249.9,1258.0,1268.9,1279.3,1289.4,1299.3
TRS_SBY_1045,1167.8,1175.6,1186.4,1196.7,1206.8,1216.6
TRS_SBY_1046,1000.7,1007.8,1017.5,1026.9,1036.2,1045.3
TRS_SBY_1047,978.1,985.2,995.0,1004.5,1013.9,1023.1
TRS_SBY_1048,949.1,956.3,966.2,975.7,985.1,994.3
TRS_SBY_1049,995.9,1003.4,1013.8,1023.7,1033.5,1043.1
TRS_SBY_1050,971.7,978.9,989.1,998.8,1008.4,1017.7
TRS_SBY_1051,961.9,969.1,979.2,988.7,998.2,1007.4
TRS_SBY_1052,883.1,889.3,898.2,906.4,914.5,922.4
TRS_SBY_1053,833.0,839.0,847.5,855.4,863.2,870.7
TRS_SBY_1054,814.8,820.7,829.1,836.8,844.3,851.7
TRS_SBY_1055,805.4,811.2,819.1,826.4,833.5,840.4
TRS_SBY_1056,811.5,817.3,825.2,832.5,839.6,846.5
TRS_SBY_1057,727.8,732.9,739.8,746.2,752.5,758.6
TRS_SBY_1058,648.5,653.0,659.2,664.9,670.5,676.0
TRS_SBY_1059,476.8,480.1,484.6,488.8,492.9,496.9
TRS_SBY_1060,404.6,407.5,411.2,414.7,418.1,421.4
TRS_SBY_1061,357.0,359.4,362.6,365.6,368.4,371.3
TRS_SBY_1062,21.3,21.4,21.5,21.6,21.7,21.8
TRS_SBY_1063,17.8,17.9,17.9,18.0,18.1,18.2
TRS_SBY_1064,15.1,15.1,15.2,15.2,15.3,15.4
TRS_SBY_1065,20.1,20.2,20.3,20.4,20.5,20.6
TRS_SBY_1066,24.2,24.3,24.4,24.6,24.7,24.8
TRS_SBY_1067,46.9,47.1,47.4,47.8,48.1,48.4
TRS_SBY_1068,138.4,139.3,140.3,141.4,142.4,143.4
TRS_SBY_1069,172.7,173.8,175.1,176.5,177.9,179.2
TRS_SBY_1070,114.3,115.0,115.9,116.7,117.6,118.4
TRS_SBY_1071,55.7,56.0,56.4,56.8,57.2,57.7
TRS_SBY_1072,44.5,44.7,45.1,45.4,45.7,46.1
TRS_SBY_1073,16.7,16.8,16.9,17.1,17.2,17.4
TRS_SBY_1074,7.5,7.6,7.6,7.7,7.7,7.8
TRS_SBY_1075,4.3,4.3,4.3,4.3,4.3,4.4
TRS_SBY_1076,0.9,0.9,0.9,0.9,0.9,0.9
TRS_SBY_1077,0.9,0.9,0.9,0.9,0.9,0.9
TRS_SBY_1078,4.7,4.7,4.8,4.8,4.8,4.8
TRS_SBY_1079,15.2,15.3,15.3,15.4,15.4,15.5
TRS_SBY_1080,15.0,15.0,15.1,15.1,15.1,15.2
TRS_SBY_1081,15.0,15.0,15.1,15.1,15.1,15.2
TRS_SBY_1082,15.0,15.1,15.1,15.2,15.2,15.3
TRS_SBY_1083,15.0,15.1,15.1,15.2,15.2,15.3
TRS_SBY_1084,11.6,11.7,11.7,11.8,11.8,11.8
TRS_SBY_1085,11.0,11.1,11.1,11.2,11.2,11.2
TRS_SBY_1086,9.9,10.1,10.3,10.5,10.7,10.8
TRS_SBY_1087,81.7,82.3,83.1,84.0,84.8,85.7
TRS_SBY_1088,345.6,347.8,350.8,353.7,356.6,359.4
TRS_SBY_1089,568.2,571.7,576.6,581.4,586.1,590.7
TRS_SBY_1090,886.7,892.3,899.8,907.2,914.4,921.5
TRS_SBY_1091,1222.8,1230.5,1240.5,1250.3,1260.0,1269.3
TRS_SBY_1092,1500.2,1509.5,1521.6,1533.6,1545.3,1556.8
TRS_SBY_1093,1607.9,1617.9,1630.9,1643.7,1656.2,1668.4
TRS_SBY_1094,1624.9,1635.0,1648.3,1661.1,1673.7,1685.9
TRS_SBY_1095,1495.7,1505.1,1517.4,1529.5,1541.2,1552.6
TRS_SBY_1096,1544.2,1553.9,1566.8,1579.2,1591.4,1603.1
TRS_SBY_1097,1491.8,1501.3,1513.8,1525.8,1537.5,1548.9
TRS_SBY_1098,1341.8,1350.7,1362.2,1373.5,1384.4,1395.1
TRS_SBY_1099,1213.3,1221.6,1232.2,1242.6,1252.7,1262.7
TRS_SBY_1100,1089.9,1097.5,1107.4,1117.0,1126.4,1135.6
TRS_SBY_1101,924.7,931.3,939.9,948.3,956.6,964.8
TRS_SBY_1102,831.9,837.8,845.6,853.4,861.0,868.5
TRS_SBY_1103,794.3,800.0,807.5,815.0,822.4,829.6
TRS_SBY_1104,897.6,904.1,912.7,921.0,929.2,937.3
TRS_SBY_1105,747.6,753.1,760.2,767.1,773.8,780.3
TRS_SBY_1106,569.8,574.4,580.2,585.7,591.2,596.4
TRS_SBY_1107,316.7,319.7,323.3,327.1,330.7,334.2
TRS_SBY_1108,165.2,167.2,169.5,172.1,174.6,177.0
TRS_SBY_1109,153.5,155.5,157.8,160.3,162.8,165.2
TRS_SBY_1110,139.9,141.7,143.8,146.0,148.2,150.4
TRS_SBY_1111,117.9,119.2,120.8,122.4,124.0,125.6
TRS_SBY_1112,93.0,94.0,95.2,96.4,97.5,98.8
TRS_SBY_1113,110.4,111.5,112.9,114.3,115.6,117.0
TRS_SBY_1114,123.5,124.7,126.2,127.8,129.3,130.9
TRS_SBY_1115,131.2,132.4,133.9,135.5,136.9,138.5
TRS_SBY_1116,122.3,123.5,125.1,126.7,128.2,129.8
TRS_SBY_1117,120.1,121.4,123.0,124.7,126.3,128.0
TRS_SBY_1118,104.3,105.5,107.0,108.6,110.2,111.8
TRS_SBY_1119,84.0,85.0,86.3,87.7,89.0,90.4
TRS_SBY_1120,58.0,58.8,59.9,61.0,62.0,63.1
TRS_SBY_1121,39.6,40.3,41.1,42.1,43.0,43.9
TRS_SBY_1122,25.3,25.7,26.3,26.9,27.4,28.1
TRS_SBY_1123,22.8,23.1,23.5,23.9,24.3,24.7
TRS_SBY_1124,44.7,45.1,45.6,46.1,46.6,47.1
TRS_SBY_1125,634.2,639.0,645.3,651.4,657.5,663.5
TRS_SBY_1126,336.7,339.7,343.5,347.3,351.1,354.7
TRS_SBY_1127,1042.6,1050.4,1060.1,1069.7,1078.9,1087.9
TRS_SBY_1128,1773.4,1785.5,1800.8,1815.8,1830.3,1844.3
TRS_SBY_1129,2141.9,2156.2,2174.4,2192.3,2209.4,2226.1
TRS_SBY_1130,2202.0,2216.2,2234.3,2252.0,2269.1,2285.7
TRS_SBY_1131,2352.4,2366.9,2385.7,2403.7,2421.2,2438.2
TRS_SBY_1132,2442.1,2456.2,2474.7,2492.4,2509.5,2526.2
TRS_SBY_1133,2502.1,2516.0,2533.9,2551.2,2567.9,2584.2
TRS_SBY_1134,2592.7,2607.0,2626.0,2644.1,2661.8,2678.9
TRS_SBY_1135,2501.2,2515.2,2533.7,2551.4,2568.7,2585.5
TRS_SBY_1136,2239.9,2253.0,2270.4,2287.3,2303.9,2319.9
TRS_SBY_1137,2157.7,2170.5,2187.3,2203.8,2219.9,2235.4
TRS_SBY_1138,2133.6,2146.8,2163.7,2180.8,2197.5,2213.7
TRS_SBY_1139,1363.1,1372.0,1383.5,1395.2,1406.8,1417.8
TRS_SBY_1140,2111.4,2124.8,2142.0,2159.5,2176.8,2193.5
TRS_SBY_1141,2269.2,2283.8,2302.3,2321.2,2339.8,2357.7
TRS_SBY_1142,1916.5,1929.0,1944.6,1960.7,1976.7,1992.0
TRS_SBY_1143,1984.9,1997.4,2013.2,2029.3,2045.4,2060.7
TRS_SBY_1144,2367.5,2382.0,2400.3,2418.8,2437.0,2454.5
TRS_SBY_1145,2557.7,2573.2,2592.7,2612.2,2631.3,2649.5
TRS_SBY_1146,2820.8,2837.8,2859.1,2880.1,2900.5,2920.0
TRS_SBY_1147,2595.9,2611.7,2631.4,2650.7,2669.3,2687.1
TRS_SBY_1148,2562.1,2577.8,2597.5,2616.7,2635.1,2652.7
TRS_SBY_1149,2616.0,2632.3,2652.7,2672.4,2691.4,2709.5
TRS_SBY_1150,2790.5,2808.0,2830.1,2851.4,2871.8,2891.3
TRS_SBY_1151,3169.3,3189.2,3214.4,3238.7,3261.9,3284.2
TRS_SBY_1152,3421.2,3442.5,3469.7,3495.7,3520.6,3544.3
TRS_SBY_1153,3395.9,3417.0,3443.7,3469.2,3493.7,3517.1
TRS_SBY_1154,3686.9,3709.9,3738.9,3766.8,3793.7,3819.3
TRS_SBY_1155,3764.2,3787.4,3816.7,3845.1,3872.5,3898.5
TRS_SBY_1156,3474.2,3495.5,3522.4,3548.5,3573.7,3597.6
TRS_SBY_1157,2836.9,2854.1,2875.8,2897.0,2917.5,2937.0
TRS_SBY_1158,1493.5,1502.8,1514.1,1525.2,1536.1,1546.3
TRS_SBY_1159,3078.1,3096.5,3119.4,3142.2,3164.4,3185.5
TRS_SBY_1160,2957.4,2974.9,2996.8,3018.6,3039.9,3060.3
TRS_SBY_1161,1489.7,1498.5,1509.6,1520.6,1531.5,1541.8
TRS_SBY_1162,1981.6,1993.7,2012.0,2027.8,2042.4,2056.1
TRS_SBY_1163,2644.6,2660.8,2685.7,2707.0,2726.9,2745.5
TRS_SBY_1164,2395.9,2410.6,2433.1,2452.4,2470.3,2487.1
TRS_SBY_1165,1796.1,1807.0,1823.5,1837.7,1850.9,1863.3
