transek_id,region_code,subs_pantai_cm_th,n_pantai,std_pantai_cm_th,subs_darat_cm_th,n_darat,subs_cm_th,subs_sumber
TRS_PKL_0001,PKL,,0,,,0,,
TRS_PKL_0002,PKL,,0,,,0,,
TRS_PKL_0003,PKL,,0,,,0,,
TRS_PKL_0004,PKL,,0,,,0,,
TRS_PKL_0005,PKL,,0,,,0,,
TRS_PKL_0006,PKL,,0,,,0,,
TRS_PKL_0007,PKL,0.12,4,0.01,0.12,4,,
TRS_PKL_0008,PKL,,0,,,0,,
TRS_PKL_0009,PKL,,0,,,0,,
TRS_PKL_0010,PKL,,0,,,0,,
TRS_PKL_0011,PKL,,0,,,0,,
TRS_PKL_0012,PKL,,0,,,0,,
TRS_PKL_0013,PKL,,0,,,0,,
TRS_PKL_0014,PKL,,0,,,0,0.03,tetangga
TRS_PKL_0015,PKL,,0,,,0,0.0,tetangga
TRS_PKL_0016,PKL,0.04,4,0.02,0.04,4,0.03,tetangga
TRS_PKL_0017,PKL,0.03,10,0.02,0.03,10,0.03,pantai
TRS_PKL_0018,PKL,-0.03,14,0.02,-0.02,20,-0.03,pantai
TRS_PKL_0019,PKL,,0,,0.19,10,0.19,darat
TRS_PKL_0020,PKL,,0,,,0,0.1,tetangga
TRS_PKL_0021,PKL,,0,,,0,0.16,tetangga
TRS_PKL_0022,PKL,,0,,,0,0.17,tetangga
TRS_PKL_0023,PKL,,0,,0.16,5,0.16,darat
TRS_PKL_0024,PKL,,0,,0.17,14,0.17,darat
TRS_PKL_0025,PKL,,0,,,0,0.16,tetangga
TRS_PKL_0026,PKL,,0,,,0,0.16,tetangga
TRS_PKL_0027,PKL,,0,,,0,0.18,tetangga
TRS_PKL_0028,PKL,,0,,,0,0.1,tetangga
TRS_PKL_0029,PKL,,0,,0.17,1,0.04,tetangga
TRS_PKL_0030,PKL,,0,,0.18,6,0.18,darat
TRS_PKL_0031,PKL,0.02,8,0.01,0.16,20,0.02,pantai
TRS_PKL_0032,PKL,0.04,18,0.01,0.17,47,0.04,pantai
TRS_PKL_0033,PKL,0.05,32,0.02,0.12,68,0.05,pantai
TRS_PKL_0034,PKL,0.1,24,0.02,0.11,45,0.1,pantai
TRS_PKL_0035,PKL,0.12,26,0.01,0.14,42,0.12,pantai
TRS_PKL_0036,PKL,0.12,27,0.01,0.16,71,0.12,pantai
TRS_PKL_0037,PKL,0.11,21,0.01,0.13,54,0.11,pantai
TRS_PKL_0038,PKL,0.1,12,0.01,0.11,63,0.1,pantai
TRS_PKL_0039,PKL,,0,,0.17,54,0.17,darat
TRS_PKL_0040,PKL,,0,,0.18,37,0.18,darat
TRS_PKL_0041,PKL,,0,,0.15,20,0.15,darat
TRS_PKL_0042,PKL,,0,,0.16,22,0.16,darat
TRS_PKL_0043,PKL,,0,,0.16,27,0.16,darat
TRS_PKL_0044,PKL,,0,,0.17,25,0.17,darat
TRS_PKL_0045,PKL,-0.04,2,0.01,0.16,27,0.16,darat
TRS_PKL_0046,PKL,-0.04,3,0.01,0.15,15,0.15,darat
TRS_PKL_0047,PKL,-0.09,10,0.01,0.14,28,-0.09,pantai
TRS_PKL_0048,PKL,,0,,0.14,29,0.14,darat
TRS_PKL_0049,PKL,,0,,0.13,21,0.13,darat
TRS_PKL_0050,PKL,,0,,0.1,12,0.1,darat
TRS_PKL_0051,PKL,,0,,0.05,10,0.05,darat
TRS_PKL_0052,PKL,,0,,0.0,12,0.0,darat
TRS_PKL_0053,PKL,,0,,-0.01,10,-0.01,darat
TRS_PKL_0054,PKL,,0,,,0,-0.0,tetangga
TRS_PKL_0055,PKL,,0,,,0,-0.69,tetangga
TRS_PKL_0056,PKL,-0.69,1,0.01,-0.69,1,-1.4,tetangga
TRS_PKL_0057,PKL,-1.42,9,0.01,-1.42,9,-1.42,pantai
TRS_PKL_0058,PKL,-1.37,19,0.01,-1.37,20,-1.37,pantai
TRS_PKL_0059,PKL,-1.47,27,0.01,-1.49,40,-1.47,pantai
TRS_PKL_0060,PKL,-1.53,29,0.01,-1.31,84,-1.53,pantai
TRS_PKL_0061,PKL,-1.4,34,0.01,-1.1,101,-1.4,pantai
TRS_PKL_0062,PKL,-1.41,35,0.01,-0.99,106,-1.41,pantai
TRS_PKL_0063,PKL,-1.25,22,0.01,-0.83,87,-1.25,pantai
TRS_PKL_0064,PKL,-1.26,9,0.01,-0.37,74,-1.26,pantai
TRS_PKL_0065,PKL,,0,,-0.29,64,-0.29,darat
TRS_PKL_0066,PKL,,0,,-0.06,30,-0.06,darat
TRS_PKL_0067,PKL,,0,,-0.09,27,-0.09,darat
TRS_PKL_0068,PKL,,0,,-0.29,23,-0.29,darat
TRS_PKL_0069,PKL,,0,,-0.45,21,-0.45,darat
TRS_PKL_0070,PKL,,0,,-0.99,21,-0.99,darat
TRS_PKL_0071,PKL,,0,,-1.2,18,-1.2,darat
TRS_PKL_0072,PKL,,0,,-1.23,18,-1.23,darat
TRS_PKL_0073,PKL,,0,,-1.3,22,-1.3,darat
TRS_PKL_0074,PKL,,0,,-2.19,21,-2.19,darat
TRS_PKL_0075,PKL,,0,,-3.19,20,-3.19,darat
TRS_PKL_0076,PKL,,0,,-3.66,14,-3.66,darat
TRS_PKL_0077,PKL,,0,,-4.48,13,-4.48,darat
TRS_PKL_0078,PKL,,0,,-4.69,18,-4.69,darat
TRS_PKL_0079,PKL,-4.21,2,0.02,-4.42,28,-4.42,darat
TRS_PKL_0080,PKL,-3.42,6,0.02,-4.45,40,-3.42,pantai
TRS_PKL_0081,PKL,-3.69,9,0.02,-4.97,38,-3.69,pantai
TRS_PKL_0082,PKL,-3.44,6,0.02,-5.49,49,-3.44,pantai
TRS_PKL_0083,PKL,-3.88,18,0.02,-5.61,57,-3.88,pantai
TRS_PKL_0084,PKL,-3.96,14,0.02,-4.84,25,-3.96,pantai
TRS_PKL_0085,PKL,-4.36,18,0.02,-4.68,25,-4.36,pantai
TRS_PKL_0086,PKL,-4.24,23,0.02,-5.03,50,-4.24,pantai
TRS_PKL_0087,PKL,-4.67,29,0.02,-6.41,90,-4.67,pantai
TRS_PKL_0088,PKL,-5.66,32,0.02,-6.75,93,-5.66,pantai
TRS_PKL_0089,PKL,-6.04,35,0.02,-6.82,109,-6.04,pantai
TRS_PKL_0090,PKL,-6.45,34,0.02,-6.96,100,-6.45,pantai
TRS_PKL_0091,PKL,-7.13,33,0.02,-7.37,103,-7.13,pantai
TRS_PKL_0092,PKL,-7.54,34,0.02,-8.17,105,-7.54,pantai
TRS_PKL_0093,PKL,-8.06,29,0.02,-8.29,98,-8.06,pantai
TRS_PKL_0094,PKL,-8.22,28,0.02,-8.38,99,-8.22,pantai
TRS_PKL_0095,PKL,-8.94,18,0.02,-8.83,84,-8.94,pantai
TRS_PKL_0096,PKL,-8.76,11,0.02,-8.96,84,-8.76,pantai
TRS_PKL_0097,PKL,,0,,-10.16,65,-10.16,darat
TRS_PKL_0098,PKL,,0,,-11.16,40,-11.16,darat
TRS_PKL_0099,PKL,,0,,-10.51,42,-10.51,darat
TRS_PKL_0100,PKL,,0,,-10.47,29,-10.47,darat
TRS_PKL_0101,PKL,,0,,-10.76,27,-10.76,darat
TRS_PKL_0102,PKL,,0,,-10.51,16,-10.51,darat
TRS_PKL_0103,PKL,,0,,-10.43,20,-10.43,darat
TRS_PKL_0104,PKL,,0,,-10.68,14,-10.68,darat
TRS_PKL_0105,PKL,,0,,-10.81,21,-10.81,darat
TRS_PKL_0106,PKL,,0,,-11.01,25,-11.01,darat
TRS_PKL_0107,PKL,,0,,-10.48,14,-10.48,darat
TRS_PKL_0108,PKL,,0,,-10.13,30,-10.13,darat
TRS_PKL_0109,PKL,,0,,-10.01,30,-10.01,darat
TRS_PKL_0110,PKL,,0,,-10.47,28,-10.47,darat
TRS_PKL_0111,PKL,,0,,-10.84,34,-10.84,darat
TRS_PKL_0112,PKL,,0,,-11.04,37,-11.04,darat
TRS_PKL_0113,PKL,,0,,-10.73,37,-10.73,darat
TRS_PKL_0114,PKL,,0,,-10.94,40,-10.94,darat
TRS_PKL_0115,PKL,-6.25,3,0.02,-11.36,23,-11.36,darat
TRS_PKL_0116,PKL,-6.02,9,0.02,-10.47,18,-6.02,pantai
TRS_PKL_0117,PKL,-5.96,18,0.02,-6.04,22,-5.96,pantai
TRS_PKL_0118,PKL,-6.21,11,0.02,-6.24,14,-6.21,pantai
TRS_PKL_0119,PKL,-5.99,3,0.02,-6.99,8,-6.99,darat
TRS_PKL_0120,PKL,,0,,-6.95,15,-6.95,darat
TRS_PKL_0121,PKL,,0,,-6.71,18,-6.71,darat
TRS_PKL_0122,PKL,,0,,-6.59,1,-6.83,tetangga
TRS_PKL_0123,PKL,,0,,,0,-6.71,tetangga
TRS_PKL_0124,PKL,-5.61,1,0.02,-5.97,4,-6.28,tetangga
TRS_PKL_0125,PKL,,0,,-6.46,4,-6.28,tetangga
TRS_PKL_0126,PKL,,0,,-6.28,7,-6.28,darat
TRS_PKL_0127,PKL,-4.66,1,0.02,-5.74,7,-5.74,darat
TRS_PKL_0128,PKL,-4.67,3,0.02,-6.48,5,-6.48,darat
TRS_PKL_0129,PKL,,0,,-6.41,3,-6.36,tetangga
TRS_PKL_0130,PKL,,0,,-6.45,20,-6.45,darat
TRS_PKL_0131,PKL,-4.21,1,0.02,-6.76,29,-6.76,darat
TRS_PKL_0132,PKL,-4.49,2,0.02,-6.24,31,-6.24,darat
TRS_PKL_0133,PKL,,0,,-6.0,15,-6.0,darat
TRS_PKL_0134,PKL,,0,,-5.37,9,-5.37,darat
TRS_PKL_0135,PKL,,0,,-4.64,26,-4.64,darat
TRS_PKL_0136,PKL,,0,,-4.1,20,-4.1,darat
TRS_PKL_0137,PKL,,0,,-3.19,16,-3.19,darat
TRS_PKL_0138,PKL,,0,,-3.74,14,-3.74,darat
TRS_PKL_0139,PKL,-3.77,3,0.02,-4.19,13,-4.19,darat
TRS_PKL_0140,PKL,-3.59,2,0.02,-4.39,24,-4.39,darat
TRS_PKL_0141,PKL,-3.49,5,0.02,-4.14,31,-3.49,pantai
TRS_PKL_0142,PKL,-3.62,2,0.02,-3.65,41,-3.65,darat
TRS_PKL_0143,PKL,-3.1,6,0.02,-3.58,49,-3.1,pantai
TRS_PKL_0144,PKL,-3.12,20,0.02,-3.29,46,-3.12,pantai
TRS_PKL_0145,PKL,,0,,-3.49,27,-3.49,darat
TRS_PKL_0146,PKL,,0,,-2.66,19,-2.66,darat
TRS_PKL_0147,PKL,,0,,-2.69,22,-2.69,darat
TRS_PKL_0148,PKL,-2.8,3,0.02,-2.79,50,-2.79,darat
TRS_PKL_0149,PKL,,0,,-2.7,45,-2.7,darat
TRS_PKL_0150,PKL,,0,,-3.03,40,-3.03,darat
TRS_PKL_0151,PKL,,0,,-2.94,21,-2.94,darat
TRS_PKL_0152,PKL,,0,,-2.81,15,-2.81,darat
TRS_PKL_0153,PKL,,0,,-2.85,25,-2.85,darat
TRS_PKL_0154,PKL,,0,,-3.51,17,-3.51,darat
TRS_PKL_0155,PKL,,0,,-3.58,29,-3.58,darat
TRS_PKL_0156,PKL,,0,,-3.59,32,-3.59,darat
TRS_PKL_0157,PKL,,0,,-3.61,44,-3.61,darat
TRS_PKL_0158,PKL,,0,,-3.78,56,-3.78,darat
TRS_PKL_0159,PKL,,0,,-3.96,64,-3.96,darat
TRS_PKL_0160,PKL,,0,,-3.93,73,-3.93,darat
TRS_PKL_0161,PKL,,0,,-4.01,57,-4.01,darat
TRS_PKL_0162,PKL,,0,,-4.09,58,-4.09,darat
TRS_PKL_0163,PKL,,0,,-4.01,47,-4.01,darat
TRS_PKL_0164,PKL,,0,,-4.18,31,-4.18,darat
TRS_PKL_0165,PKL,,0,,-4.39,23,-4.39,darat
TRS_PKL_0166,PKL,,0,,-4.26,18,-4.26,darat
TRS_PKL_0167,PKL,,0,,-3.33,16,-3.33,darat
TRS_PKL_0168,PKL,,0,,-3.3,18,-3.3,darat
TRS_PKL_0169,PKL,,0,,-3.66,19,-3.66,darat
TRS_PKL_0170,PKL,,0,,-3.7,16,-3.7,darat
TRS_PKL_0171,PKL,,0,,-3.72,18,-3.72,darat
TRS_PKL_0172,PKL,,0,,-3.51,12,-3.51,darat
TRS_PKL_0173,PKL,,0,,-3.38,9,-3.38,darat
TRS_PKL_0174,PKL,,0,,-3.21,4,-3.44,tetangga
TRS_PKL_0175,PKL,,0,,,0,-3.38,tetangga
TRS_PKL_0176,PKL,,0,,,0,-3.38,tetangga
TRS_PKL_0177,PKL,,0,,,0,-3.38,tetangga
TRS_PKL_0178,PKL,,0,,-3.71,11,-3.71,darat
TRS_PKL_0179,PKL,,0,,-3.71,15,-3.71,darat
TRS_PKL_0180,PKL,,0,,-3.65,26,-3.65,darat
TRS_PKL_0181,PKL,,0,,-3.46,35,-3.46,darat
TRS_PKL_0182,PKL,,0,,-3.56,28,-3.56,darat
TRS_PKL_0183,PKL,,0,,-3.61,20,-3.61,darat
TRS_PKL_0184,PKL,,0,,-3.45,24,-3.45,darat
TRS_PKL_0185,PKL,,0,,-3.03,28,-3.03,darat
TRS_PKL_0186,PKL,,0,,-2.67,27,-2.67,darat
TRS_PKL_0187,PKL,,0,,-2.31,33,-2.31,darat
TRS_PKL_0188,PKL,,0,,-2.08,29,-2.08,darat
TRS_PKL_0189,PKL,,0,,,0,-2.49,tetangga
TRS_PKL_0190,PKL,,0,,-2.58,2,-2.31,tetangga
TRS_PKL_0191,PKL,,0,,,0,-2.2,tetangga
TRS_PKL_0192,PKL,,0,,,0,,
TRS_PKL_0193,PKL,,0,,,0,-2.27,tetangga
TRS_PKL_0194,PKL,,0,,,0,-1.81,tetangga
TRS_PKL_0195,PKL,,0,,-2.67,3,-1.34,tetangga
TRS_PKL_0196,PKL,,0,,-2.27,13,-2.27,darat
TRS_PKL_0197,PKL,,0,,-1.34,15,-1.34,darat
TRS_PKL_0198,PKL,-0.7,1,0.02,-0.83,19,-0.83,darat
TRS_PKL_0199,PKL,,0,,-1.19,14,-1.19,darat
TRS_PKL_0200,PKL,,0,,,0,-0.46,tetangga
TRS_PKL_0201,PKL,-0.02,2,0.02,-0.02,2,-0.09,tetangga
TRS_PKL_0202,PKL,-0.05,11,0.02,-0.05,11,-0.05,pantai
TRS_PKL_0203,PKL,-0.07,13,0.02,-0.07,13,-0.07,pantai
TRS_PKL_0204,PKL,-0.09,11,0.02,-0.09,11,-0.09,pantai
TRS_PKL_0205,PKL,-0.09,8,0.02,-0.09,14,-0.09,pantai
TRS_PKL_0206,PKL,-0.08,1,0.02,-0.08,17,-0.08,darat
TRS_PKL_0207,PKL,-0.09,1,0.02,-0.04,23,-0.04,darat
TRS_PKL_0208,PKL,-0.07,3,0.02,-0.03,28,-0.03,darat
TRS_PKL_0209,PKL,-0.04,8,0.02,-0.01,33,-0.04,pantai
TRS_PKL_0210,PKL,-0.07,13,0.02,-0.06,29,-0.07,pantai
TRS_PKL_0211,PKL,-0.08,7,0.02,-0.07,12,-0.08,pantai
TRS_PKL_0212,PKL,-0.08,10,0.02,-0.08,11,-0.08,pantai
TRS_PKL_0213,PKL,-0.09,13,0.02,-0.09,13,-0.09,pantai
TRS_PKL_0214,PKL,-0.09,18,0.02,-0.09,23,-0.09,pantai
TRS_PKL_0215,PKL,-0.08,9,0.02,-0.08,38,-0.08,pantai
TRS_PKL_0216,PKL,-0.06,9,0.02,0.0,50,-0.06,pantai
TRS_PKL_0217,PKL,0.01,6,0.02,0.01,33,0.01,pantai
TRS_PKL_0218,PKL,0.0,7,0.02,0.03,19,0.0,pantai
TRS_PKL_0219,PKL,0.01,8,0.02,0.01,8,0.01,pantai
TRS_PKL_0220,PKL,0.0,9,0.01,0.0,9,0.0,pantai
TRS_PKL_0221,PKL,-0.04,5,0.01,-0.04,5,-0.04,pantai
TRS_PKL_0222,PKL,-0.08,8,0.01,-0.08,8,-0.08,pantai
TRS_PKL_0223,PKL,-0.09,11,0.01,-0.09,11,-0.09,pantai
TRS_PKL_0224,PKL,-0.09,9,0.02,-0.09,9,-0.09,pantai
TRS_PKL_0225,PKL,-0.07,21,0.02,-0.07,21,-0.07,pantai
TRS_PKL_0226,PKL,-0.01,20,0.02,-0.04,26,-0.01,pantai
TRS_PKL_0227,PKL,-0.08,23,0.01,-0.08,28,-0.08,pantai
TRS_PKL_0228,PKL,-0.08,25,0.01,-0.07,35,-0.08,pantai
TRS_PKL_0229,PKL,-0.07,27,0.01,-0.07,47,-0.07,pantai
TRS_PKL_0230,PKL,-0.04,27,0.01,-0.08,63,-0.04,pantai
TRS_PKL_0231,PKL,0.0,11,0.01,-0.02,15,0.0,pantai
TRS_PKL_0232,PKL,-0.06,18,0.01,-0.05,19,-0.06,pantai
TRS_PKL_0233,PKL,-0.15,17,0.01,-0.15,17,-0.15,pantai
TRS_PKL_0234,PKL,-0.08,7,0.02,-0.08,7,-0.08,pantai
TRS_PKL_0235,PKL,-0.09,14,0.02,-0.09,14,-0.09,pantai
TRS_PKL_0236,PKL,-0.09,16,0.01,-0.09,16,-0.09,pantai
TRS_PKL_0237,PKL,-0.06,12,0.01,-0.06,12,-0.06,pantai
TRS_PKL_0238,PKL,-0.06,7,0.01,-0.06,9,-0.06,pantai
TRS_PKL_0239,PKL,-0.08,8,0.01,-0.08,30,-0.08,pantai
TRS_PKL_0240,PKL,-0.03,9,0.01,-0.02,18,-0.03,pantai
TRS_PKL_0241,PKL,-0.04,6,0.01,-0.03,19,-0.04,pantai
TRS_PKL_0242,PKL,-0.04,5,0.01,-0.05,28,-0.04,pantai
TRS_PKL_0243,PKL,-0.05,3,0.01,-0.06,31,-0.06,darat
TRS_PKL_0244,PKL,-0.05,14,0.01,-0.06,37,-0.05,pantai
TRS_PKL_0245,PKL,-0.08,23,0.01,-0.07,50,-0.08,pantai
TRS_PKL_0246,PKL,-0.07,23,0.01,-0.06,53,-0.07,pantai
TRS_PKL_0247,PKL,-0.07,16,0.01,-0.06,63,-0.07,pantai
TRS_PKL_0248,PKL,-0.07,31,0.01,-0.07,61,-0.07,pantai
TRS_PKL_0249,PKL,-0.08,28,0.01,-0.08,78,-0.08,pantai
TRS_PKL_0250,PKL,-0.08,30,0.01,-0.08,84,-0.08,pantai
TRS_PKL_0251,PKL,-0.08,23,0.01,-0.08,53,-0.08,pantai
TRS_PKL_0252,PKL,-0.09,17,0.01,-0.09,38,-0.09,pantai
TRS_PKL_0253,PKL,-0.09,9,0.01,-0.09,18,-0.09,pantai
TRS_PKL_0254,PKL,-0.07,2,0.01,-0.07,22,-0.07,darat
TRS_PKL_0255,PKL,-0.05,17,0.01,-0.07,38,-0.05,pantai
TRS_PKL_0256,PKL,-0.05,14,0.01,-0.01,27,-0.05,pantai
TRS_PKL_0257,PKL,-0.05,16,0.01,-0.04,34,-0.05,pantai
TRS_PKL_0258,PKL,-0.06,25,0.01,-0.08,33,-0.06,pantai
TRS_PKL_0259,PKL,-0.04,28,0.01,-0.04,34,-0.04,pantai
TRS_PKL_0260,PKL,-0.06,26,0.01,-0.06,33,-0.06,pantai
TRS_PKL_0261,PKL,-0.08,21,0.01,-0.06,31,-0.08,pantai
TRS_PKL_0262,PKL,-0.06,24,0.01,-0.06,32,-0.06,pantai
TRS_PKL_0263,PKL,-0.06,23,0.01,-0.05,35,-0.06,pantai
TRS_PKL_0264,PKL,-0.02,23,0.01,-0.02,23,-0.02,pantai
TRS_PKL_0265,PKL,-0.05,25,0.01,-0.05,25,-0.05,pantai
TRS_PKL_0266,PKL,-0.05,21,0.01,-0.05,21,-0.05,pantai
TRS_PKL_0267,PKL,-0.05,13,0.01,-0.05,13,-0.05,pantai
TRS_PKL_0268,PKL,-0.08,15,0.01,-0.08,15,-0.08,pantai
TRS_PKL_0269,PKL,-0.09,23,0.01,-0.09,24,-0.09,pantai
TRS_PKL_0270,PKL,-0.09,10,0.01,-0.09,24,-0.09,pantai
TRS_PKL_0271,PKL,-0.09,12,0.01,-0.09,41,-0.09,pantai
TRS_PKL_0272,PKL,-0.09,12,0.01,-0.09,21,-0.09,pantai
TRS_PKL_0273,PKL,-0.08,17,0.01,-0.08,17,-0.08,pantai
TRS_PKL_0274,PKL,-0.06,20,0.01,-0.06,20,-0.06,pantai
TRS_PKL_0275,PKL,-0.04,18,0.01,-0.04,18,-0.04,pantai
TRS_PKL_0276,PKL,-0.01,13,0.01,-0.01,13,-0.01,pantai
TRS_PKL_0277,PKL,-0.06,13,0.01,-0.06,13,-0.06,pantai
TRS_PKL_0278,PKL,-0.06,15,0.01,-0.06,19,-0.06,pantai
TRS_PKL_0279,PKL,-0.06,13,0.01,-0.06,13,-0.06,pantai
TRS_PKL_0280,PKL,-0.06,11,0.01,-0.06,11,-0.06,pantai
TRS_PKL_0281,PKL,-0.07,13,0.01,-0.07,15,-0.07,pantai
TRS_PKL_0282,PKL,-0.06,17,0.01,-0.06,17,-0.06,pantai
TRS_PKL_0283,PKL,-0.06,19,0.01,-0.06,19,-0.06,pantai
TRS_PKL_0284,PKL,-0.07,13,0.01,-0.07,13,-0.07,pantai
TRS_PKL_0285,PKL,-0.09,14,0.01,-0.09,14,-0.09,pantai
TRS_PKL_0286,PKL,-0.08,15,0.01,-0.08,15,-0.08,pantai
TRS_PKL_0287,PKL,-0.34,16,0.01,-0.34,16,-0.34,pantai
TRS_PKL_0288,PKL,-0.5,20,0.01,-0.5,20,-0.5,pantai
TRS_PKL_0289,PKL,-0.72,19,0.01,-0.72,19,-0.72,pantai
TRS_PKL_0290,PKL,-0.68,25,0.01,-0.68,28,-0.68,pantai
TRS_SEM_0001,SEM,0.01,24,0.01,-0.01,52,0.01,pantai
TRS_SEM_0002,SEM,-0.01,24,0.01,-0.01,39,-0.01,pantai
TRS_SEM_0003,SEM,-0.03,20,0.01,-0.03,26,-0.03,pantai
TRS_SEM_0004,SEM,-0.05,20,0.01,-0.04,31,-0.05,pantai
TRS_SEM_0005,SEM,-0.15,24,0.01,-0.08,44,-0.15,pantai
TRS_SEM_0006,SEM,-0.24,25,0.01,-0.1,50,-0.24,pantai
TRS_SEM_0007,SEM,-0.28,22,0.01,-0.1,59,-0.28,pantai
TRS_SEM_0008,SEM,-0.29,20,0.01,-0.23,79,-0.29,pantai
TRS_SEM_0009,SEM,-0.36,27,0.01,-0.19,86,-0.36,pantai
TRS_SEM_0010,SEM,-0.49,25,0.01,-0.19,82,-0.49,pantai
TRS_SEM_0011,SEM,-0.71,18,0.01,-0.1,61,-0.71,pantai
TRS_SEM_0012,SEM,-0.53,15,0.01,-0.04,64,-0.53,pantai
TRS_SEM_0013,SEM,-0.32,11,0.01,-0.06,62,-0.32,pantai
TRS_SEM_0014,SEM,-0.3,10,0.01,-0.2,50,-0.3,pantai
TRS_SEM_0015,SEM,-0.41,10,0.01,-0.21,50,-0.41,pantai
TRS_SEM_0016,SEM,-0.45,6,0.01,-0.22,33,-0.45,pantai
TRS_SEM_0017,SEM,-0.65,10,0.01,-0.31,30,-0.65,pantai
TRS_SEM_0018,SEM,-0.66,19,0.01,-0.32,48,-0.66,pantai
TRS_SEM_0019,SEM,-0.8,19,0.01,-0.32,46,-0.8,pantai
TRS_SEM_0020,SEM,,0,,-0.45,19,-0.45,darat
TRS_SEM_0021,SEM,,0,,-0.51,36,-0.51,darat
TRS_SEM_0022,SEM,,0,,-0.6,26,-0.6,darat
TRS_SEM_0023,SEM,,0,,-0.71,16,-0.71,darat
TRS_SEM_0024,SEM,,0,,-0.69,9,-0.69,darat
TRS_SEM_0025,SEM,,0,,-0.71,11,-0.71,darat
TRS_SEM_0026,SEM,,0,,-1.09,15,-1.09,darat
TRS_SEM_0027,SEM,,0,,-1.04,27,-1.04,darat
TRS_SEM_0028,SEM,,0,,-1.05,20,-1.05,darat
TRS_SEM_0029,SEM,,0,,-1.08,20,-1.08,darat
TRS_SEM_0030,SEM,,0,,-1.09,16,-1.09,darat
TRS_SEM_0031,SEM,,0,,-1.0,3,-1.05,tetangga
TRS_SEM_0032,SEM,,0,,-0.9,6,-0.9,darat
TRS_SEM_0033,SEM,,0,,-0.88,3,-0.9,tetangga
TRS_SEM_0034,SEM,,0,,-1.04,2,-0.9,tetangga
TRS_SEM_0035,SEM,,0,,-1.04,2,,
TRS_SEM_0036,SEM,,0,,,0,,
TRS_SEM_0037,SEM,,0,,,0,,
TRS_SEM_0038,SEM,,0,,,0,,
TRS_SEM_0039,SEM,,0,,,0,,
TRS_SEM_0040,SEM,,0,,,0,,
TRS_SEM_0041,SEM,,0,,,0,,
TRS_SEM_0042,SEM,,0,,,0,,
TRS_SEM_0043,SEM,,0,,,0,,
TRS_SEM_0044,SEM,,0,,,0,,
TRS_SEM_0045,SEM,,0,,,0,,
TRS_SEM_0046,SEM,,0,,,0,,
TRS_SEM_0047,SEM,,0,,,0,,
TRS_SEM_0048,SEM,,0,,,0,,
TRS_SEM_0049,SEM,,0,,,0,,
TRS_SEM_0050,SEM,,0,,,0,,
TRS_SEM_0051,SEM,,0,,,0,,
TRS_SEM_0052,SEM,,0,,,0,,
TRS_SEM_0053,SEM,,0,,,0,,
TRS_SEM_0054,SEM,,0,,,0,,
TRS_SEM_0055,SEM,,0,,-0.89,8,-0.89,darat
TRS_SEM_0056,SEM,-1.19,4,0.01,-0.83,28,-0.83,darat
TRS_SEM_0057,SEM,-1.29,13,0.01,-0.99,44,-1.29,pantai
TRS_SEM_0058,SEM,-1.54,10,0.01,-1.34,32,-1.54,pantai
TRS_SEM_0059,SEM,-1.58,3,0.01,-1.32,21,-1.32,darat
TRS_SEM_0060,SEM,-1.72,7,0.01,-1.46,15,-1.72,pantai
TRS_SEM_0061,SEM,-1.55,2,0.01,-1.44,19,-1.44,darat
TRS_SEM_0062,SEM,-1.58,6,0.01,-1.37,17,-1.58,pantai
TRS_SEM_0063,SEM,-1.64,2,0.01,-1.3,24,-1.3,darat
TRS_SEM_0064,SEM,,0,,-1.47,4,-1.32,tetangga
TRS_SEM_0065,SEM,,0,,-1.22,9,-1.22,darat
TRS_SEM_0066,SEM,,0,,-1.32,8,-1.32,darat
TRS_SEM_0067,SEM,,0,,,0,-1.32,tetangga
TRS_SEM_0068,SEM,-1.98,3,0.01,-1.98,3,-1.85,tetangga
TRS_SEM_0069,SEM,-1.92,13,0.01,-1.92,17,-1.92,pantai
TRS_SEM_0070,SEM,-1.85,8,0.01,-2.19,22,-1.85,pantai
TRS_SEM_0071,SEM,,0,,-2.38,14,-2.38,darat
TRS_SEM_0072,SEM,,0,,,0,-2.15,tetangga
TRS_SEM_0073,SEM,,0,,,0,-3.08,tetangga
TRS_SEM_0074,SEM,-3.07,2,0.01,-3.07,2,-4.02,tetangga
TRS_SEM_0075,SEM,-3.78,8,0.01,-3.69,13,-3.78,pantai
TRS_SEM_0076,SEM,-4.36,20,0.01,-4.61,41,-4.36,pantai
TRS_SEM_0077,SEM,-4.27,9,0.01,-4.65,63,-4.27,pantai
TRS_SEM_0078,SEM,,0,,-4.03,29,-4.03,darat
TRS_SEM_0079,SEM,,0,,-3.32,8,-3.32,darat
TRS_SEM_0080,SEM,-3.44,3,0.01,-3.33,13,-3.33,darat
TRS_SEM_0081,SEM,,0,,,0,-3.32,tetangga
TRS_SEM_0082,SEM,,0,,,0,-2.75,tetangga
TRS_SEM_0083,SEM,,0,,-2.71,3,-2.74,tetangga
TRS_SEM_0084,SEM,,0,,-2.75,6,-2.75,darat
TRS_SEM_0085,SEM,,0,,-2.73,5,-2.73,darat
TRS_SEM_0086,SEM,,0,,-2.66,11,-2.66,darat
TRS_SEM_0087,SEM,,0,,-2.48,3,-2.7,tetangga
TRS_SEM_0088,SEM,,0,,,0,-2.49,tetangga
TRS_SEM_0089,SEM,,0,,-2.26,1,-2.49,tetangga
TRS_SEM_0090,SEM,,0,,-2.25,1,-2.4,tetangga
TRS_SEM_0091,SEM,,0,,-2.31,5,-2.31,darat
TRS_SEM_0092,SEM,,0,,-2.33,1,-2.44,tetangga
TRS_SEM_0093,SEM,,0,,-2.49,6,-2.49,darat
TRS_SEM_0094,SEM,,0,,-2.4,22,-2.4,darat
TRS_SEM_0095,SEM,,0,,-2.44,32,-2.44,darat
TRS_SEM_0096,SEM,,0,,-2.44,7,-2.44,darat
TRS_SEM_0097,SEM,,0,,,0,-2.49,tetangga
TRS_SEM_0098,SEM,,0,,-2.53,5,-2.53,darat
TRS_SEM_0099,SEM,,0,,-2.8,11,-2.8,darat
TRS_SEM_0100,SEM,,0,,-3.04,22,-3.04,darat
TRS_SEM_0101,SEM,-3.34,3,0.01,-3.31,24,-3.31,darat
TRS_SEM_0102,SEM,-3.51,13,0.01,-3.48,27,-3.51,pantai
TRS_SEM_0103,SEM,-3.82,17,0.01,-3.64,31,-3.82,pantai
TRS_SEM_0104,SEM,-4.19,1,0.01,-3.96,21,-3.96,darat
TRS_SEM_0105,SEM,,0,,-4.2,31,-4.2,darat
TRS_SEM_0106,SEM,-4.14,2,0.01,-4.51,34,-4.51,darat
TRS_SEM_0107,SEM,-4.86,13,0.01,-5.04,44,-4.86,pantai
TRS_SEM_0108,SEM,-4.83,4,0.01,-4.96,28,-4.96,darat
TRS_SEM_0109,SEM,,0,,-5.17,14,-5.17,darat
TRS_SEM_0110,SEM,,0,,-6.37,29,-6.37,darat
TRS_SEM_0111,SEM,-4.71,16,0.01,-5.42,35,-4.71,pantai
TRS_SEM_0112,SEM,-5.72,10,0.01,-7.31,26,-5.72,pantai
TRS_SEM_0113,SEM,,0,,-7.47,32,-7.47,darat
TRS_SEM_0114,SEM,,0,,-7.55,36,-7.55,darat
TRS_SEM_0115,SEM,-7.02,8,0.01,-7.08,13,-7.02,pantai
TRS_SEM_0116,SEM,,0,,-7.06,9,-7.06,darat
TRS_SEM_0117,SEM,-6.89,4,0.01,-7.41,22,-7.41,darat
TRS_SEM_0118,SEM,-6.9,9,0.01,-7.0,24,-6.9,pantai
TRS_SEM_0119,SEM,,0,,-8.25,30,-8.25,darat
TRS_SEM_0120,SEM,,0,,,0,-7.24,tetangga
TRS_SEM_0121,SEM,,0,,,0,-7.41,tetangga
TRS_SEM_0122,SEM,,0,,,0,-7.58,tetangga
TRS_SEM_0123,SEM,,0,,,0,-8.93,tetangga
TRS_SEM_0124,SEM,,0,,-7.99,3,-9.35,tetangga
TRS_SEM_0125,SEM,,0,,-8.47,3,-8.62,tetangga
TRS_SEM_0126,SEM,,0,,-9.6,17,-9.6,darat
TRS_SEM_0127,SEM,-7.99,1,0.01,-9.1,24,-9.1,darat
TRS_SEM_0128,SEM,-8.1,18,0.01,-8.6,57,-8.1,pantai
TRS_SEM_0129,SEM,-8.15,8,0.01,-8.5,60,-8.15,pantai
TRS_SEM_0130,SEM,-9.07,5,0.01,-8.73,56,-9.07,pantai
TRS_SEM_0131,SEM,-8.83,24,0.01,-8.96,65,-8.83,pantai
TRS_SEM_0132,SEM,-8.88,10,0.01,-9.24,56,-8.88,pantai
TRS_SEM_0133,SEM,,0,,-9.69,56,-9.69,darat
TRS_SEM_0134,SEM,,0,,-9.43,37,-9.43,darat
TRS_SEM_0135,SEM,,0,,-9.11,37,-9.11,darat
TRS_SEM_0136,SEM,,0,,-9.18,42,-9.18,darat
TRS_SEM_0137,SEM,,0,,-9.52,39,-9.52,darat
TRS_SEM_0138,SEM,,0,,-9.43,37,-9.43,darat
TRS_SEM_0139,SEM,-8.48,2,0.01,-9.22,55,-9.22,darat
TRS_SEM_0140,SEM,-8.12,6,0.01,-8.93,68,-8.12,pantai
TRS_SEM_0141,SEM,-7.94,21,0.01,-8.32,81,-7.94,pantai
TRS_SEM_0142,SEM,-7.57,26,0.01,-7.89,90,-7.57,pantai
TRS_SEM_0143,SEM,,0,,-7.38,57,-7.38,darat
TRS_SEM_0144,SEM,,0,,-7.11,46,-7.11,darat
TRS_SEM_0145,SEM,,0,,-7.61,38,-7.61,darat
TRS_SEM_0146,SEM,,0,,-7.9,45,-7.9,darat
TRS_SEM_0147,SEM,,0,,-8.08,43,-8.08,darat
TRS_SEM_0148,SEM,,0,,-8.29,55,-8.29,darat
TRS_SEM_0149,SEM,,0,,-8.57,58,-8.57,darat
TRS_SEM_0150,SEM,-8.16,12,0.01,-8.65,72,-8.16,pantai
TRS_SEM_0151,SEM,-9.19,6,0.01,-8.9,66,-9.19,pantai
TRS_SEM_0152,SEM,-8.5,21,0.01,-8.74,79,-8.5,pantai
TRS_SEM_0153,SEM,-8.4,22,0.01,-8.46,80,-8.4,pantai
TRS_SEM_0154,SEM,-8.31,21,0.01,-8.23,83,-8.31,pantai
TRS_SEM_0155,SEM,-8.22,29,0.01,-7.96,86,-8.22,pantai
TRS_SEM_0156,SEM,-7.67,18,0.01,-7.68,78,-7.67,pantai
TRS_SEM_0157,SEM,-7.68,26,0.01,-7.47,87,-7.68,pantai
TRS_SEM_0158,SEM,-7.62,35,0.01,-7.28,92,-7.62,pantai
TRS_SEM_0159,SEM,-7.52,40,0.01,-7.31,105,-7.52,pantai
TRS_SEM_0160,SEM,-7.53,27,0.01,-7.25,88,-7.53,pantai
TRS_SEM_0161,SEM,-7.22,9,0.01,-7.13,72,-7.22,pantai
TRS_SEM_0162,SEM,-7.11,11,0.01,-6.91,59,-7.11,pantai
TRS_SEM_0163,SEM,-7.17,5,0.01,-6.43,45,-7.17,pantai
TRS_SEM_0164,SEM,-6.83,18,0.02,-5.57,81,-6.83,pantai
TRS_SEM_0165,SEM,-7.08,12,0.02,-5.86,73,-7.08,pantai
TRS_SEM_0166,SEM,-7.38,21,0.02,-5.37,85,-7.38,pantai
TRS_SEM_0167,SEM,-6.92,15,0.01,-6.84,75,-6.92,pantai
TRS_SEM_0168,SEM,-7.23,31,0.01,-6.78,95,-7.23,pantai
TRS_SEM_0169,SEM,-7.51,33,0.01,-6.83,96,-7.51,pantai
TRS_SEM_0170,SEM,-6.98,16,0.01,-6.74,79,-6.98,pantai
TRS_SEM_0171,SEM,-6.88,13,0.01,-6.65,65,-6.88,pantai
TRS_SEM_0172,SEM,-7.37,21,0.01,-6.11,87,-7.37,pantai
TRS_SEM_0173,SEM,-6.92,16,0.01,-5.01,71,-6.92,pantai
TRS_SEM_0174,SEM,-6.38,20,0.02,-4.67,88,-6.38,pantai
TRS_SEM_0175,SEM,-5.95,26,0.02,-4.52,90,-5.95,pantai
TRS_SEM_0176,SEM,-6.47,6,0.01,-4.65,72,-6.47,pantai
TRS_SEM_0177,SEM,-5.67,3,0.01,-4.78,65,-4.78,darat
TRS_SEM_0178,SEM,-5.09,8,0.02,-4.68,69,-5.09,pantai
TRS_SEM_0179,SEM,-4.84,13,0.02,-4.28,80,-4.84,pantai
TRS_SEM_0180,SEM,-4.67,23,0.02,-4.31,84,-4.67,pantai
TRS_SEM_0181,SEM,-4.79,27,0.02,-4.01,90,-4.79,pantai
TRS_SEM_0182,SEM,-4.11,23,0.02,-3.32,84,-4.11,pantai
TRS_SEM_0183,SEM,-4.25,4,0.01,-3.12,68,-3.12,darat
TRS_SEM_0184,SEM,-4.25,5,0.01,-2.74,70,-4.25,pantai
TRS_SEM_0185,SEM,,0,,-2.33,59,-2.33,darat
TRS_SEM_0186,SEM,,0,,-2.3,52,-2.3,darat
TRS_SEM_0187,SEM,,0,,-2.42,40,-2.42,darat
TRS_SEM_0188,SEM,,0,,-2.16,51,-2.16,darat
TRS_SEM_0189,SEM,,0,,-2.1,37,-2.1,darat
TRS_SEM_0190,SEM,,0,,-2.18,40,-2.18,darat
TRS_SEM_0191,SEM,,0,,-1.89,30,-1.89,darat
TRS_SEM_0192,SEM,,0,,-1.62,44,-1.62,darat
TRS_SEM_0193,SEM,-2.68,1,0.01,-1.95,53,-1.95,darat
TRS_SEM_0194,SEM,-2.46,1,0.01,-2.03,57,-2.03,darat
TRS_SEM_0195,SEM,-2.42,1,0.01,-0.37,34,-0.37,darat
TRS_SEM_0196,SEM,-2.37,1,0.01,-0.09,26,-0.09,darat
TRS_SEM_0197,SEM,,0,,-0.05,10,-0.05,darat
TRS_SEM_0198,SEM,,0,,0.0,20,0.0,darat
TRS_SEM_0199,SEM,,0,,0.01,22,0.01,darat
TRS_SEM_0200,SEM,,0,,0.07,26,0.07,darat
TRS_SEM_0201,SEM,-0.7,1,0.01,0.06,62,0.06,darat
TRS_SEM_0202,SEM,,0,,0.07,61,0.07,darat
TRS_SEM_0203,SEM,,0,,0.08,47,0.08,darat
TRS_SEM_0204,SEM,-1.91,9,0.01,0.06,64,-1.91,pantai
TRS_SEM_0205,SEM,-2.23,23,0.01,-0.03,85,-2.23,pantai
TRS_SEM_0206,SEM,-2.32,24,0.01,-0.05,86,-2.32,pantai
TRS_SEM_0207,SEM,-2.28,8,0.01,0.03,77,-2.28,pantai
TRS_SEM_0208,SEM,-1.93,11,0.01,0.05,75,-1.93,pantai
TRS_SEM_0209,SEM,-1.84,8,0.01,0.02,68,-1.84,pantai
TRS_SEM_0210,SEM,,0,,-0.07,22,-0.07,darat
TRS_SEM_0211,SEM,,0,,-0.03,15,-0.03,darat
TRS_SEM_0212,SEM,,0,,0.01,1,-0.88,tetangga
TRS_SEM_0213,SEM,,0,,-1.2,2,-0.07,tetangga
TRS_SEM_0214,SEM,-2.61,5,0.01,-1.79,20,-2.61,pantai
TRS_SEM_0215,SEM,-1.68,8,0.01,-1.36,36,-1.68,pantai
TRS_SEM_0216,SEM,-1.5,1,0.01,-0.05,31,-0.05,darat
TRS_SEM_0217,SEM,,0,,,0,-1.68,tetangga
TRS_SEM_0218,SEM,,0,,-1.0,25,-1.0,darat
TRS_SEM_0219,SEM,,0,,-1.77,17,-1.77,darat
TRS_SEM_0220,SEM,,0,,,0,-1.38,tetangga
TRS_SEM_0221,SEM,,0,,,0,-1.77,tetangga
TRS_SEM_0222,SEM,,0,,,0,-2.82,tetangga
TRS_SEM_0223,SEM,,0,,,0,-2.82,tetangga
TRS_SEM_0224,SEM,-3.37,14,0.01,-3.37,14,-3.37,pantai
TRS_SEM_0225,SEM,-3.04,30,0.01,-3.04,30,-3.04,pantai
TRS_SEM_0226,SEM,-2.82,23,0.01,-2.82,22,-2.82,pantai
TRS_SEM_0227,SEM,-2.77,27,0.01,-2.62,36,-2.77,pantai
TRS_SEM_0228,SEM,-2.45,17,0.01,-2.35,38,-2.45,pantai
TRS_SEM_0229,SEM,-2.58,4,0.01,-2.54,8,-2.54,darat
TRS_SEM_0230,SEM,-2.54,3,0.01,-2.55,7,-2.55,darat
TRS_SEM_0231,SEM,-2.55,5,0.01,-2.67,22,-2.55,pantai
TRS_SEM_0232,SEM,-2.62,1,0.01,-3.03,20,-3.03,darat
TRS_SEM_0233,SEM,-3.35,10,0.01,-3.32,15,-3.35,pantai
TRS_SEM_0234,SEM,-3.41,4,0.01,-3.4,5,-3.4,darat
TRS_SEM_0235,SEM,,0,,-3.26,27,-3.26,darat
TRS_SEM_0236,SEM,,0,,-3.36,27,-3.36,darat
TRS_SEM_0237,SEM,,0,,,0,-3.38,tetangga
TRS_SEM_0238,SEM,,0,,,0,-3.44,tetangga
TRS_SEM_0239,SEM,,0,,,0,-3.6,tetangga
TRS_SEM_0240,SEM,,0,,-3.53,7,-3.53,darat
TRS_SEM_0241,SEM,,0,,-3.67,23,-3.67,darat
TRS_SEM_0242,SEM,,0,,-3.93,24,-3.93,darat
TRS_SEM_0243,SEM,,0,,-4.1,25,-4.1,darat
TRS_SEM_0244,SEM,,0,,-4.18,26,-4.18,darat
TRS_SEM_0245,SEM,,0,,-4.01,34,-4.01,darat
TRS_SEM_0246,SEM,,0,,-3.69,21,-3.69,darat
TRS_SEM_0247,SEM,,0,,,0,-4.1,tetangga
TRS_SEM_0248,SEM,,0,,-3.89,6,-3.89,darat
TRS_SEM_0249,SEM,,0,,-4.22,18,-4.22,darat
TRS_SEM_0250,SEM,,0,,-4.6,10,-4.6,darat
TRS_SEM_0251,SEM,,0,,-4.55,19,-4.55,darat
TRS_SEM_0252,SEM,,0,,-4.23,33,-4.23,darat
TRS_SEM_0253,SEM,,0,,-4.12,13,-4.12,darat
TRS_SEM_0254,SEM,,0,,,0,-4.23,tetangga
TRS_SEM_0255,SEM,,0,,,0,-4.18,tetangga
TRS_SEM_0256,SEM,,0,,,0,-4.12,tetangga
TRS_SEM_0257,SEM,,0,,,0,,
TRS_SEM_0258,SEM,,0,,,0,,
TRS_SEM_0259,SEM,,0,,,0,-3.82,tetangga
TRS_SEM_0260,SEM,,0,,-4.41,2,-3.82,tetangga
TRS_SEM_0261,SEM,,0,,-3.89,3,-3.83,tetangga
TRS_SEM_0262,SEM,,0,,-3.82,8,-3.82,darat
TRS_SEM_0263,SEM,,0,,-3.83,17,-3.83,darat
TRS_SEM_0264,SEM,,0,,-3.96,38,-3.96,darat
TRS_SEM_0265,SEM,,0,,-3.82,23,-3.82,darat
TRS_SEM_0266,SEM,,0,,,0,-3.83,tetangga
TRS_SEM_0267,SEM,,0,,,0,-3.89,tetangga
TRS_SEM_0268,SEM,,0,,,0,-3.26,tetangga
TRS_SEM_0269,SEM,-2.83,3,0.02,-2.83,3,-2.62,tetangga
TRS_SEM_0270,SEM,-2.83,1,0.02,-2.83,1,-2.55,tetangga
TRS_SEM_0271,SEM,-2.74,4,0.02,-2.7,14,-2.7,darat
TRS_SEM_0272,SEM,-2.33,1,0.01,-2.55,32,-2.55,darat
TRS_SEM_0273,SEM,-2.33,3,0.01,-2.22,34,-2.22,darat
TRS_SEM_0274,SEM,-2.13,4,0.01,-2.19,42,-2.19,darat
TRS_SEM_0275,SEM,-2.38,11,0.02,-2.31,59,-2.38,pantai
TRS_SEM_0276,SEM,-2.49,12,0.01,-2.24,62,-2.49,pantai
TRS_SEM_0277,SEM,,0,,-1.91,39,-1.91,darat
TRS_SEM_0278,SEM,,0,,-1.72,46,-1.72,darat
TRS_SEM_0279,SEM,,0,,-1.55,30,-1.55,darat
TRS_SEM_0280,SEM,-1.78,3,0.01,-1.54,32,-1.54,darat
TRS_SEM_0281,SEM,-1.58,5,0.01,-1.62,24,-1.58,pantai
TRS_SEM_0282,SEM,-1.42,9,0.01,-1.48,24,-1.42,pantai
TRS_SEM_0283,SEM,-1.41,10,0.01,-1.27,26,-1.41,pantai
TRS_SEM_0284,SEM,-1.49,8,0.01,-1.33,24,-1.49,pantai
TRS_SEM_0285,SEM,-1.46,13,0.01,-1.39,40,-1.46,pantai
TRS_SEM_0286,SEM,-1.47,24,0.01,-1.43,42,-1.47,pantai
TRS_SEM_0287,SEM,-1.49,14,0.01,-1.48,17,-1.49,pantai
TRS_SEM_0288,SEM,-1.49,16,0.01,-1.49,16,-1.49,pantai
TRS_SEM_0289,SEM,-1.35,12,0.01,-1.35,12,-1.35,pantai
TRS_SEM_0290,SEM,-1.22,11,0.01,-1.22,11,-1.22,pantai
TRS_SEM_0291,SEM,-1.21,10,0.01,-1.21,10,-1.21,pantai
TRS_SEM_0292,SEM,,0,,-1.36,4,-1.21,tetangga
TRS_SEM_0293,SEM,,0,,-1.36,4,,
TRS_SEM_0294,SEM,,0,,-1.36,4,,
TRS_SEM_0295,SEM,,0,,-0.96,4,,
TRS_SEM_0296,SEM,,0,,-0.94,3,-0.88,tetangga
TRS_SEM_0297,SEM,,0,,-0.88,7,-0.88,darat
TRS_SEM_0298,SEM,-0.77,3,0.01,-0.89,12,-0.89,darat
TRS_SEM_0299,SEM,-0.83,10,0.01,-0.88,13,-0.83,pantai
TRS_SEM_0300,SEM,-0.83,10,0.01,-0.85,14,-0.83,pantai
TRS_SEM_0301,SEM,-0.73,8,0.01,-0.86,15,-0.73,pantai
TRS_SEM_0302,SEM,-0.7,3,0.01,-1.12,13,-1.12,darat
TRS_SEM_0303,SEM,,0,,-1.08,9,-1.08,darat
TRS_SEM_0304,SEM,,0,,-0.88,18,-0.88,darat
TRS_SEM_0305,SEM,,0,,-0.9,34,-0.9,darat
TRS_SEM_0306,SEM,,0,,-0.88,41,-0.88,darat
TRS_SEM_0307,SEM,,0,,-0.82,56,-0.82,darat
TRS_SEM_0308,SEM,,0,,-0.83,58,-0.83,darat
TRS_SEM_0309,SEM,,0,,-1.43,24,-1.43,darat
TRS_SEM_0310,SEM,,0,,,0,-0.86,tetangga
TRS_SEM_0311,SEM,,0,,,0,-0.91,tetangga
TRS_SEM_0312,SEM,,0,,,0,-0.99,tetangga
TRS_SEM_0313,SEM,,0,,,0,-1.21,tetangga
TRS_SEM_0314,SEM,,0,,-1.25,1,-0.99,tetangga
TRS_SEM_0315,SEM,,0,,-0.99,5,-0.99,darat
TRS_CIR_0001,CIR,,0,,-2.7,16,-2.7,darat
TRS_CIR_0002,CIR,-3.36,7,0.02,-3.14,43,-3.36,pantai
TRS_CIR_0003,CIR,-3.04,6,0.02,-2.88,22,-3.04,pantai
TRS_CIR_0004,CIR,-2.93,9,0.02,-2.17,21,-2.93,pantai
TRS_CIR_0005,CIR,-2.72,12,0.02,-2.21,26,-2.72,pantai
TRS_CIR_0006,CIR,-2.62,2,0.02,-2.13,12,-2.13,darat
TRS_CIR_0007,CIR,,0,,-2.19,3,-2.82,tetangga
TRS_CIR_0008,CIR,,0,,,0,-2.72,tetangga
TRS_CIR_0009,CIR,,0,,-2.53,2,-2.42,tetangga
TRS_CIR_0010,CIR,,0,,,0,-2.13,tetangga
TRS_CIR_0011,CIR,,0,,,0,,
TRS_CIR_0012,CIR,,0,,,0,,
TRS_CIR_0013,CIR,,0,,-2.3,1,-2.33,tetangga
TRS_CIR_0014,CIR,,0,,-2.75,2,-2.33,tetangga
TRS_CIR_0015,CIR,-2.26,3,0.01,-2.37,12,-2.37,darat
TRS_CIR_0016,CIR,-2.2,4,0.02,-2.32,14,-2.32,darat
TRS_CIR_0017,CIR,-2.2,4,0.02,-2.33,20,-2.33,darat
TRS_CIR_0018,CIR,,0,,-2.3,8,-2.3,darat
TRS_CIR_0019,CIR,,0,,-2.3,18,-2.3,darat
TRS_CIR_0020,CIR,,0,,-2.29,15,-2.29,darat
TRS_CIR_0021,CIR,,0,,-2.37,17,-2.37,darat
TRS_CIR_0022,CIR,-2.52,2,0.02,-2.41,22,-2.41,darat
TRS_CIR_0023,CIR,-2.52,8,0.02,-2.42,18,-2.52,pantai
TRS_CIR_0024,CIR,-2.53,3,0.02,-2.52,5,-2.52,darat
TRS_CIR_0025,CIR,,0,,-2.37,2,-2.39,tetangga
TRS_CIR_0026,CIR,,0,,-2.24,4,-2.41,tetangga
TRS_CIR_0027,CIR,,0,,-2.2,9,-2.2,darat
TRS_CIR_0028,CIR,,0,,-2.47,6,-2.47,darat
TRS_CIR_0029,CIR,,0,,-2.47,3,,
TRS_CIR_0030,CIR,,0,,,0,,
TRS_CIR_0031,CIR,,0,,,0,,
TRS_CIR_0032,CIR,,0,,,0,,
TRS_CIR_0033,CIR,,0,,,0,,
TRS_CIR_0034,CIR,,0,,,0,,
TRS_CIR_0035,CIR,,0,,,0,,
TRS_CIR_0036,CIR,,0,,-2.45,33,-2.45,darat
TRS_CIR_0037,CIR,,0,,-2.57,27,-2.57,darat
TRS_CIR_0038,CIR,,0,,-2.68,37,-2.68,darat
TRS_CIR_0039,CIR,,0,,-2.6,37,-2.6,darat
TRS_CIR_0040,CIR,-2.38,2,0.02,-2.57,28,-2.57,darat
TRS_CIR_0041,CIR,,0,,-2.57,29,-2.57,darat
TRS_CIR_0042,CIR,,0,,-2.72,29,-2.72,darat
TRS_CIR_0043,CIR,-2.84,5,0.01,-2.85,37,-2.84,pantai
TRS_CIR_0044,CIR,,0,,-3.16,48,-3.16,darat
TRS_CIR_0045,CIR,-3.19,8,0.01,-3.33,68,-3.19,pantai
TRS_CIR_0046,CIR,-3.34,5,0.01,-3.34,52,-3.34,pantai
TRS_CIR_0047,CIR,-3.27,1,0.01,-3.34,36,-3.34,darat
TRS_CIR_0048,CIR,,0,,-3.21,31,-3.21,darat
TRS_CIR_0049,CIR,,0,,-3.12,26,-3.12,darat
TRS_CIR_0050,CIR,,0,,-3.23,28,-3.23,darat
TRS_CIR_0051,CIR,,0,,-3.11,28,-3.11,darat
TRS_CIR_0052,CIR,,0,,-2.93,20,-2.93,darat
TRS_CIR_0053,CIR,,0,,-2.77,10,-2.77,darat
TRS_CIR_0054,CIR,,0,,-2.73,11,-2.73,darat
TRS_CIR_0055,CIR,,0,,-2.54,5,-2.54,darat
TRS_CIR_0056,CIR,-2.65,5,0.02,-2.53,34,-2.65,pantai
TRS_CIR_0057,CIR,,0,,-2.5,17,-2.5,darat
TRS_CIR_0058,CIR,,0,,-2.27,4,-2.54,tetangga
TRS_CIR_0059,CIR,,0,,-2.26,5,-2.26,darat
TRS_CIR_0060,CIR,,0,,-2.16,1,-2.26,tetangga
TRS_CIR_0061,CIR,-2.67,4,0.02,-2.67,5,-2.67,darat
TRS_CIR_0062,CIR,,0,,-2.24,13,-2.24,darat
TRS_CIR_0063,CIR,,0,,-2.01,9,-2.01,darat
TRS_CIR_0064,CIR,,0,,-1.89,18,-1.89,darat
TRS_CIR_0065,CIR,,0,,-1.88,18,-1.88,darat
TRS_CIR_0066,CIR,,0,,,0,-1.89,tetangga
TRS_CIR_0067,CIR,,0,,,0,-1.88,tetangga
TRS_CIR_0068,CIR,,0,,,0,-1.88,tetangga
TRS_CIR_0069,CIR,,0,,-2.04,1,,
TRS_CIR_0070,CIR,,0,,,0,-2.17,tetangga
TRS_CIR_0071,CIR,,0,,,0,-2.26,tetangga
TRS_CIR_0072,CIR,,0,,,0,-2.17,tetangga
TRS_CIR_0073,CIR,,0,,-2.17,9,-2.17,darat
TRS_CIR_0074,CIR,,0,,-2.35,36,-2.35,darat
TRS_CIR_0075,CIR,,0,,-2.07,34,-2.07,darat
TRS_CIR_0076,CIR,,0,,-1.49,7,-1.49,darat
TRS_CIR_0077,CIR,,0,,,0,-2.12,tetangga
TRS_CIR_0078,CIR,,0,,,0,-1.92,tetangga
TRS_CIR_0079,CIR,,0,,,0,-1.76,tetangga
TRS_CIR_0080,CIR,,0,,,0,-1.62,tetangga
TRS_CIR_0081,CIR,,0,,-1.89,3,-1.88,tetangga
TRS_CIR_0082,CIR,,0,,-1.76,9,-1.76,darat
TRS_CIR_0083,CIR,,0,,-1.84,2,-2.01,tetangga
TRS_CIR_0084,CIR,,0,,-2.01,9,-2.01,darat
TRS_CIR_0085,CIR,,0,,-2.03,20,-2.03,darat
TRS_CIR_0086,CIR,,0,,,0,-2.02,tetangga
TRS_CIR_0087,CIR,,0,,,0,-2.02,tetangga
TRS_CIR_0088,CIR,-2.41,2,0.02,-2.41,2,-2.03,tetangga
TRS_CIR_0089,CIR,,0,,,0,,
TRS_CIR_0090,CIR,,0,,,0,,
TRS_CIR_0091,CIR,,0,,,0,-2.51,tetangga
TRS_CIR_0092,CIR,-2.52,1,0.02,-2.52,1,-2.55,tetangga
TRS_CIR_0093,CIR,,0,,,0,-2.55,tetangga
TRS_CIR_0094,CIR,,0,,-2.51,9,-2.51,darat
TRS_CIR_0095,CIR,,0,,-2.59,8,-2.59,darat
TRS_CIR_0096,CIR,,0,,-2.71,1,-2.79,tetangga
TRS_CIR_0097,CIR,,0,,-2.79,6,-2.79,darat
TRS_CIR_0098,CIR,,0,,-2.83,12,-2.83,darat
TRS_CIR_0099,CIR,,0,,-2.89,18,-2.89,darat
TRS_CIR_0100,CIR,,0,,-2.84,5,-2.84,darat
TRS_CIR_0101,CIR,,0,,-2.9,6,-2.9,darat
TRS_CIR_0102,CIR,,0,,-3.07,2,-2.89,tetangga
TRS_CIR_0103,CIR,,0,,,0,-2.87,tetangga
TRS_CIR_0104,CIR,,0,,,0,-2.9,tetangga
TRS_CIR_0105,CIR,,0,,,0,,
TRS_CIR_0106,CIR,,0,,,0,-3.27,tetangga
TRS_CIR_0107,CIR,,0,,,0,-3.36,tetangga
TRS_CIR_0108,CIR,,0,,,0,-3.27,tetangga
TRS_CIR_0109,CIR,-3.24,1,0.01,-3.27,5,-3.27,darat
TRS_CIR_0110,CIR,-3.25,4,0.01,-3.44,15,-3.44,darat
TRS_CIR_0111,CIR,,0,,-3.21,18,-3.21,darat
TRS_CIR_0112,CIR,,0,,-3.29,18,-3.29,darat
TRS_CIR_0113,CIR,,0,,-3.46,18,-3.46,darat
TRS_CIR_0114,CIR,,0,,-3.75,30,-3.75,darat
TRS_CIR_0115,CIR,,0,,-4.39,30,-4.39,darat
TRS_CIR_0116,CIR,,0,,-3.91,36,-3.91,darat
TRS_CIR_0117,CIR,,0,,-3.65,54,-3.65,darat
TRS_CIR_0118,CIR,,0,,-3.6,38,-3.6,darat
TRS_CIR_0119,CIR,,0,,,0,-3.6,tetangga
TRS_CIR_0120,CIR,-3.12,1,0.01,-3.31,7,-3.31,darat
TRS_CIR_0121,CIR,,0,,,0,-3.5,tetangga
TRS_CIR_0122,CIR,,0,,-3.19,2,-3.46,tetangga
TRS_CIR_0123,CIR,,0,,-3.2,14,-3.2,darat
TRS_CIR_0124,CIR,,0,,-3.8,9,-3.8,darat
TRS_CIR_0125,CIR,-3.14,3,0.01,-3.5,13,-3.5,darat
TRS_CIR_0126,CIR,-3.2,2,0.01,-3.42,30,-3.42,darat
TRS_CIR_0127,CIR,-3.1,1,0.02,-3.4,34,-3.4,darat
TRS_CIR_0128,CIR,,0,,-3.2,34,-3.2,darat
TRS_CIR_0129,CIR,-3.1,6,0.01,-3.26,41,-3.1,pantai
TRS_CIR_0130,CIR,-2.94,7,0.01,-3.11,25,-2.94,pantai
TRS_CIR_0131,CIR,,0,,-3.26,13,-3.26,darat
TRS_CIR_0132,CIR,,0,,-3.25,20,-3.25,darat
TRS_CIR_0133,CIR,-2.73,9,0.02,-2.92,19,-2.73,pantai
TRS_CIR_0134,CIR,-2.69,6,0.02,-2.7,7,-2.69,pantai
TRS_CIR_0135,CIR,,0,,-2.62,4,-2.99,tetangga
TRS_CIR_0136,CIR,,0,,-2.61,3,-2.73,tetangga
TRS_CIR_0137,CIR,,0,,,0,-2.71,tetangga
TRS_CIR_0138,CIR,,0,,,0,-2.69,tetangga
TRS_CIR_0139,CIR,,0,,-2.69,5,-2.69,darat
TRS_CIR_0140,CIR,,0,,-2.66,13,-2.66,darat
TRS_CIR_0141,CIR,,0,,,0,-2.68,tetangga
TRS_CIR_0142,CIR,,0,,-2.6,4,-2.68,tetangga
TRS_CIR_0143,CIR,,0,,-2.6,4,-2.66,tetangga
TRS_CIR_0144,CIR,,0,,-2.6,4,,
TRS_CIR_0145,CIR,,0,,,0,,
TRS_CIR_0146,CIR,,0,,,0,-3.61,tetangga
TRS_CIR_0147,CIR,,0,,,0,-3.95,tetangga
TRS_CIR_0148,CIR,,0,,-3.46,3,-4.29,tetangga
TRS_CIR_0149,CIR,,0,,-3.61,15,-3.61,darat
TRS_CIR_0150,CIR,,0,,-4.29,26,-4.29,darat
TRS_CIR_0151,CIR,,0,,-4.38,19,-4.38,darat
TRS_CIR_0152,CIR,,0,,-4.34,5,-4.34,darat
TRS_CIR_0153,CIR,,0,,-3.49,1,-4.34,tetangga
TRS_CIR_0154,CIR,,0,,-3.19,3,-4.36,tetangga
TRS_CIR_0155,CIR,,0,,,0,-4.34,tetangga
TRS_CIR_0156,CIR,,0,,,0,-3.05,tetangga
TRS_CIR_0157,CIR,,0,,,0,-3.06,tetangga
TRS_CIR_0158,CIR,,0,,-3.19,2,-3.05,tetangga
TRS_CIR_0159,CIR,,0,,-3.05,9,-3.05,darat
TRS_CIR_0160,CIR,,0,,-3.07,46,-3.07,darat
TRS_CIR_0161,CIR,-3.02,6,0.01,-3.25,51,-3.02,pantai
TRS_CIR_0162,CIR,-3.12,3,0.01,-3.52,36,-3.52,darat
TRS_CIR_0163,CIR,,0,,-3.55,20,-3.55,darat
TRS_CIR_0164,CIR,,0,,-3.56,9,-3.56,darat
TRS_CIR_0165,CIR,,0,,-3.28,22,-3.28,darat
TRS_CIR_0166,CIR,-2.64,5,0.01,-2.77,23,-2.64,pantai
TRS_CIR_0167,CIR,-2.53,18,0.01,-2.62,41,-2.53,pantai
TRS_CIR_0168,CIR,-2.44,7,0.01,-2.57,38,-2.44,pantai
TRS_CIR_0169,CIR,-2.36,5,0.01,-2.54,22,-2.36,pantai
TRS_CIR_0170,CIR,-2.3,13,0.01,-2.25,29,-2.3,pantai
TRS_CIR_0171,CIR,-2.13,15,0.01,-2.13,27,-2.13,pantai
TRS_CIR_0172,CIR,-2.0,8,0.01,-2.17,23,-2.0,pantai
TRS_CIR_0173,CIR,-2.16,15,0.01,-2.19,18,-2.16,pantai
TRS_CIR_0174,CIR,-2.38,5,0.01,-2.38,15,-2.38,pantai
TRS_CIR_0175,CIR,-2.19,3,0.01,-2.05,29,-2.05,darat
TRS_CIR_0176,CIR,-2.91,11,0.01,-2.25,30,-2.91,pantai
TRS_CIR_0177,CIR,-3.03,26,0.01,-2.26,63,-3.03,pantai
TRS_CIR_0178,CIR,-2.67,31,0.01,-2.1,80,-2.67,pantai
TRS_CIR_0179,CIR,-2.69,21,0.01,-2.11,81,-2.69,pantai
TRS_CIR_0180,CIR,-2.71,24,0.01,-1.85,88,-2.71,pantai
TRS_CIR_0181,CIR,-2.66,29,0.01,-2.17,65,-2.66,pantai
TRS_CIR_0182,CIR,-2.73,20,0.02,-1.48,52,-2.73,pantai
TRS_CIR_0183,CIR,-2.84,29,0.02,-2.76,38,-2.84,pantai
TRS_CIR_0184,CIR,-2.67,21,0.02,-2.59,34,-2.67,pantai
TRS_CIR_0185,CIR,-2.41,6,0.01,-1.73,28,-2.41,pantai
TRS_CIR_0186,CIR,-2.32,14,0.01,-2.31,48,-2.32,pantai
TRS_CIR_0187,CIR,-2.36,9,0.01,-2.08,52,-2.36,pantai
TRS_CIR_0188,CIR,-2.38,4,0.01,-1.81,43,-1.81,darat
TRS_CIR_0189,CIR,-2.57,11,0.02,-2.07,62,-2.57,pantai
TRS_CIR_0190,CIR,-2.41,15,0.01,-2.65,39,-2.41,pantai
TRS_CIR_0191,CIR,-2.29,15,0.01,-2.3,19,-2.29,pantai
TRS_CIR_0192,CIR,-2.32,23,0.01,-2.29,41,-2.32,pantai
TRS_CIR_0193,CIR,-2.19,18,0.01,-2.23,29,-2.19,pantai
TRS_CIR_0194,CIR,-2.11,18,0.01,-2.12,31,-2.11,pantai
TRS_CIR_0195,CIR,-2.0,17,0.01,-2.01,46,-2.0,pantai
TRS_CIR_0196,CIR,-1.89,22,0.01,-1.84,52,-1.89,pantai
TRS_CIR_0197,CIR,-1.77,28,0.01,-1.73,35,-1.77,pantai
TRS_CIR_0198,CIR,-1.84,22,0.01,-1.84,22,-1.84,pantai
TRS_CIR_0199,CIR,-1.78,29,0.01,-1.78,34,-1.78,pantai
TRS_CIR_0200,CIR,-1.7,24,0.01,-1.69,41,-1.7,pantai
TRS_CIR_0201,CIR,-1.84,25,0.01,-1.79,49,-1.84,pantai
TRS_CIR_0202,CIR,-2.11,37,0.01,-1.99,52,-2.11,pantai
TRS_CIR_0203,CIR,-2.13,21,0.01,-2.03,40,-2.13,pantai
TRS_CIR_0204,CIR,-2.07,21,0.01,-2.02,64,-2.07,pantai
TRS_CIR_0205,CIR,-2.08,23,0.01,-2.09,77,-2.08,pantai
TRS_CIR_0206,CIR,-2.18,20,0.01,-2.18,79,-2.18,pantai
TRS_CIR_0207,CIR,-2.26,18,0.01,-2.42,73,-2.26,pantai
TRS_CIR_0208,CIR,,0,,-2.62,51,-2.62,darat
TRS_CIR_0209,CIR,-2.57,1,0.01,-2.52,47,-2.52,darat
TRS_CIR_0210,CIR,-2.6,18,0.01,-2.53,58,-2.6,pantai
TRS_CIR_0211,CIR,-2.6,17,0.01,-2.57,48,-2.6,pantai
TRS_CIR_0212,CIR,-2.51,9,0.01,-2.57,41,-2.51,pantai
TRS_CIR_0213,CIR,-2.41,19,0.01,-2.55,50,-2.41,pantai
TRS_CIR_0214,CIR,-2.31,24,0.01,-2.42,55,-2.31,pantai
TRS_CIR_0215,CIR,-2.33,24,0.01,-2.4,48,-2.33,pantai
TRS_CIR_0216,CIR,-2.32,23,0.01,-2.33,69,-2.32,pantai
TRS_CIR_0217,CIR,-2.31,19,0.01,-2.29,66,-2.31,pantai
TRS_CIR_0218,CIR,-2.21,15,0.01,-2.13,49,-2.21,pantai
TRS_CIR_0219,CIR,-2.08,13,0.01,-1.94,48,-2.08,pantai
TRS_CIR_0220,CIR,-2.0,9,0.02,-1.83,36,-2.0,pantai
TRS_CIR_0221,CIR,-1.79,7,0.01,-1.77,26,-1.79,pantai
TRS_CIR_0222,CIR,-1.77,10,0.01,-1.69,22,-1.77,pantai
TRS_CIR_0223,CIR,-1.65,1,0.01,-1.65,5,-1.65,darat
TRS_CIR_0224,CIR,,0,,,0,-1.78,tetangga
TRS_CIR_0225,CIR,,0,,,0,-1.77,tetangga
TRS_CIR_0226,CIR,,0,,,0,-1.71,tetangga
TRS_CIR_0227,CIR,,0,,-1.98,24,-1.98,darat
TRS_CIR_0228,CIR,,0,,-1.97,25,-1.97,darat
TRS_CIR_0229,CIR,,0,,-1.65,34,-1.65,darat
TRS_CIR_0230,CIR,-1.36,2,0.01,-1.63,58,-1.63,darat
TRS_CIR_0231,CIR,-1.44,10,0.01,-1.47,59,-1.44,pantai
TRS_CIR_0232,CIR,-1.33,6,0.01,-1.37,50,-1.33,pantai
TRS_CIR_0233,CIR,-1.21,7,0.01,-1.28,50,-1.21,pantai
TRS_CIR_0234,CIR,-1.19,16,0.01,-1.2,50,-1.19,pantai
TRS_CIR_0235,CIR,,0,,-1.2,46,-1.2,darat
TRS_CIR_0236,CIR,,0,,-1.19,37,-1.19,darat
TRS_CIR_0237,CIR,-1.2,15,0.01,-1.01,52,-1.2,pantai
TRS_CIR_0238,CIR,-1.09,22,0.01,-0.92,70,-1.09,pantai
TRS_CIR_0239,CIR,-0.87,17,0.01,-0.77,80,-0.87,pantai
TRS_CIR_0240,CIR,-0.69,13,0.01,-0.7,66,-0.69,pantai
TRS_CIR_0241,CIR,-0.58,26,0.01,-0.58,64,-0.58,pantai
TRS_CIR_0242,CIR,-0.59,25,0.01,-0.59,59,-0.59,pantai
TRS_CIR_0243,CIR,-0.65,22,0.01,-0.59,45,-0.65,pantai
TRS_CIR_0244,CIR,-0.74,20,0.01,-0.53,41,-0.74,pantai
TRS_CIR_0245,CIR,-0.7,20,0.01,-0.57,43,-0.7,pantai
TRS_CIR_0246,CIR,-0.65,21,0.01,-0.55,26,-0.65,pantai
TRS_CIR_0247,CIR,-0.7,20,0.01,-0.7,20,-0.7,pantai
TRS_CIR_0248,CIR,-0.77,16,0.01,-0.67,24,-0.77,pantai
TRS_CIR_0249,CIR,-0.75,19,0.01,-0.35,45,-0.75,pantai
TRS_CIR_0250,CIR,-0.66,23,0.01,-0.47,52,-0.66,pantai
TRS_CIR_0251,CIR,-0.65,22,0.01,-0.42,63,-0.65,pantai
TRS_CIR_0252,CIR,-0.71,21,0.01,-0.42,67,-0.71,pantai
TRS_CIR_0253,CIR,-0.73,30,0.01,-0.59,66,-0.73,pantai
TRS_CIR_0254,CIR,-0.84,25,0.01,-0.69,43,-0.84,pantai
TRS_CIR_0255,CIR,-0.93,18,0.01,-0.85,21,-0.93,pantai
TRS_CIR_0256,CIR,-1.06,14,0.01,-0.55,50,-1.06,pantai
TRS_CIR_0257,CIR,-1.18,22,0.02,-0.58,70,-1.18,pantai
TRS_CIR_0258,CIR,-1.1,20,0.02,-0.51,73,-1.1,pantai
TRS_CIR_0259,CIR,-0.86,21,0.01,-0.47,76,-0.86,pantai
TRS_CIR_0260,CIR,-0.7,24,0.01,-0.46,83,-0.7,pantai
TRS_CIR_0261,CIR,-0.52,26,0.01,-0.43,83,-0.52,pantai
TRS_CIR_0262,CIR,-0.47,27,0.01,-0.33,72,-0.47,pantai
TRS_CIR_0263,CIR,-0.47,24,0.01,-0.24,88,-0.47,pantai
TRS_CIR_0264,CIR,-0.36,25,0.01,-0.22,88,-0.36,pantai
TRS_CIR_0265,CIR,-1.29,6,0.01,-0.25,68,-1.29,pantai
TRS_CIR_0266,CIR,-0.56,24,0.01,-0.22,81,-0.56,pantai
TRS_CIR_0267,CIR,-0.42,22,0.01,-0.21,81,-0.42,pantai
TRS_CIR_0268,CIR,-0.27,28,0.01,-0.18,88,-0.27,pantai
TRS_CIR_0269,CIR,-0.24,27,0.01,-0.17,90,-0.24,pantai
TRS_CIR_0270,CIR,-0.27,28,0.01,-0.15,91,-0.27,pantai
TRS_CIR_0271,CIR,-0.26,30,0.01,-0.16,90,-0.26,pantai
TRS_CIR_0272,CIR,-0.24,29,0.01,-0.21,91,-0.24,pantai
TRS_CIR_0273,CIR,-0.26,27,0.01,-0.26,92,-0.26,pantai
TRS_CIR_0274,CIR,-0.29,20,0.01,-0.38,82,-0.29,pantai
TRS_CIR_0275,CIR,-0.42,14,0.01,-0.52,77,-0.42,pantai
TRS_CIR_0276,CIR,-0.44,24,0.01,-0.56,87,-0.44,pantai
TRS_CIR_0277,CIR,-0.74,9,0.01,-0.76,69,-0.74,pantai
TRS_CIR_0278,CIR,-1.03,10,0.01,-1.02,69,-1.03,pantai
TRS_CIR_0279,CIR,-0.58,27,0.01,-0.75,92,-0.58,pantai
TRS_CIR_0280,CIR,-0.62,27,0.01,-0.65,87,-0.62,pantai
TRS_CIR_0281,CIR,-0.53,26,0.01,-0.5,87,-0.53,pantai
TRS_CIR_0282,CIR,-0.48,22,0.01,-0.46,84,-0.48,pantai
TRS_CIR_0283,CIR,-0.42,26,0.01,-0.45,84,-0.42,pantai
TRS_CIR_0284,CIR,-0.39,23,0.01,-0.4,87,-0.39,pantai
TRS_CIR_0285,CIR,-0.31,15,0.01,-0.44,72,-0.31,pantai
TRS_CIR_0286,CIR,-0.28,16,0.01,-0.3,47,-0.28,pantai
TRS_CIR_0287,CIR,-0.4,18,0.01,-0.3,47,-0.4,pantai
TRS_CIR_0288,CIR,-0.38,24,0.01,-0.29,61,-0.38,pantai
TRS_CIR_0289,CIR,-0.21,23,0.01,-0.19,64,-0.21,pantai
TRS_CIR_0290,CIR,-0.16,18,0.01,-0.14,48,-0.16,pantai
TRS_CIR_0291,CIR,-0.18,5,0.01,-0.2,56,-0.18,pantai
TRS_CIR_0292,CIR,,0,,-0.1,28,-0.1,darat
TRS_CIR_0293,CIR,,0,,-0.13,33,-0.13,darat
TRS_CIR_0294,CIR,,0,,-0.19,33,-0.19,darat
TRS_CIR_0295,CIR,,0,,-0.1,31,-0.1,darat
TRS_CIR_0296,CIR,,0,,-0.14,35,-0.14,darat
TRS_CIR_0297,CIR,,0,,-0.16,28,-0.16,darat
TRS_CIR_0298,CIR,,0,,-0.14,29,-0.14,darat
TRS_CIR_0299,CIR,,0,,-0.21,21,-0.21,darat
TRS_CIR_0300,CIR,,0,,-0.32,39,-0.32,darat
TRS_CIR_0301,CIR,,0,,-0.31,40,-0.31,darat
TRS_CIR_0302,CIR,,0,,-0.43,48,-0.43,darat
TRS_CIR_0303,CIR,-0.81,5,0.01,-0.45,46,-0.81,pantai
TRS_CIR_0304,CIR,,0,,-0.55,35,-0.55,darat
TRS_CIR_0305,CIR,,0,,-0.71,35,-0.71,darat
TRS_CIR_0306,CIR,,0,,-0.77,4,-0.64,tetangga
TRS_CIR_0307,CIR,,0,,-0.63,10,-0.63,darat
TRS_CIR_0308,CIR,,0,,-0.66,6,-0.66,darat
TRS_CIR_0309,CIR,,0,,-0.51,5,-0.51,darat
TRS_CIR_0310,CIR,,0,,-0.52,7,-0.52,darat
TRS_CIR_0311,CIR,,0,,-0.51,7,-0.51,darat
TRS_CIR_0312,CIR,,0,,-0.58,8,-0.58,darat
TRS_CIR_0313,CIR,,0,,-0.67,8,-0.67,darat
TRS_CIR_0314,CIR,,0,,-0.85,9,-0.85,darat
TRS_CIR_0315,CIR,-0.75,7,0.02,-0.69,14,-0.75,pantai
TRS_CIR_0316,CIR,-0.71,3,0.02,-0.7,5,-0.7,darat
TRS_CIR_0317,CIR,-0.86,2,0.02,-0.84,3,-0.75,tetangga
TRS_CIR_0318,CIR,,0,,-0.33,2,-0.72,tetangga
TRS_CIR_0319,CIR,,0,,-0.4,2,-0.7,tetangga
TRS_CIR_0320,CIR,,0,,,0,,
TRS_CIR_0321,CIR,,0,,,0,,
TRS_CIR_0322,CIR,-0.52,1,0.02,-0.26,3,,
TRS_CIR_0323,CIR,-0.59,1,0.02,-0.43,2,,
TRS_CIR_0324,CIR,,0,,-0.49,2,,
TRS_CIR_0325,CIR,,0,,,0,,
TRS_CIR_0326,CIR,,0,,,0,,
TRS_CIR_0327,CIR,,0,,,0,,
TRS_CIR_0328,CIR,,0,,-0.3,2,,
TRS_CIR_0329,CIR,,0,,-0.27,2,,
TRS_CIR_0330,CIR,,0,,,0,,
TRS_CIR_0331,CIR,,0,,,0,,
TRS_CIR_0332,CIR,,0,,,0,,
TRS_CIR_0333,CIR,,0,,,0,,
TRS_CIR_0334,CIR,,0,,,0,,
TRS_CIR_0335,CIR,,0,,,0,,
TRS_CIR_0336,CIR,,0,,,0,,
TRS_CIR_0337,CIR,,0,,,0,,
TRS_CIR_0338,CIR,,0,,,0,,
TRS_CIR_0339,CIR,,0,,,0,,
TRS_CIR_0340,CIR,,0,,,0,,
TRS_CIR_0341,CIR,,0,,,0,,
TRS_CIR_0342,CIR,,0,,,0,-0.49,tetangga
TRS_CIR_0343,CIR,,0,,,0,-0.45,tetangga
TRS_CIR_0344,CIR,-0.64,4,0.02,-0.64,4,-0.49,tetangga
TRS_CIR_0345,CIR,-0.49,14,0.02,-0.45,18,-0.49,pantai
TRS_CIR_0346,CIR,-0.44,4,0.02,-0.42,31,-0.42,darat
TRS_CIR_0347,CIR,,0,,-0.51,20,-0.51,darat
TRS_CIR_0348,CIR,,0,,-0.6,11,-0.6,darat
TRS_CIR_0349,CIR,,0,,-0.47,9,-0.47,darat
TRS_CIR_0350,CIR,,0,,-0.32,22,-0.32,darat
TRS_CIR_0351,CIR,,0,,-0.24,29,-0.24,darat
TRS_CIR_0352,CIR,,0,,-0.23,2,-0.32,tetangga
TRS_CIR_0353,CIR,,0,,,0,-0.28,tetangga
TRS_CIR_0354,CIR,,0,,,0,-0.19,tetangga
TRS_CIR_0355,CIR,,0,,,0,-0.14,tetangga
TRS_CIR_0356,CIR,,0,,,0,-0.14,tetangga
TRS_CIR_0357,CIR,-0.14,6,0.02,-0.14,6,-0.14,pantai
TRS_CIR_0358,CIR,-0.22,2,0.02,-0.22,2,-0.14,tetangga
TRS_CIR_0359,CIR,,0,,,0,-0.14,tetangga
TRS_CIR_0360,CIR,,0,,,0,-0.2,tetangga
TRS_CIR_0361,CIR,,0,,,0,-0.23,tetangga
TRS_CIR_0362,CIR,,0,,,0,-0.23,tetangga
TRS_CIR_0363,CIR,-0.27,3,0.02,-0.27,3,-0.24,tetangga
TRS_CIR_0364,CIR,-0.25,15,0.02,-0.25,15,-0.25,pantai
TRS_CIR_0365,CIR,-0.23,20,0.01,-0.22,22,-0.23,pantai
TRS_CIR_0366,CIR,-0.21,18,0.01,-0.21,28,-0.21,pantai
TRS_CIR_0367,CIR,-0.24,21,0.01,-0.22,46,-0.24,pantai
TRS_CIR_0368,CIR,-0.26,27,0.01,-0.18,65,-0.26,pantai
TRS_CIR_0369,CIR,-0.26,26,0.01,-0.12,68,-0.26,pantai
TRS_CIR_0370,CIR,-0.26,25,0.01,-0.13,61,-0.26,pantai
TRS_CIR_0371,CIR,-0.28,25,0.01,-0.11,75,-0.28,pantai
TRS_CIR_0372,CIR,-0.26,26,0.01,-0.18,88,-0.26,pantai
TRS_CIR_0373,CIR,-0.25,25,0.01,-0.19,89,-0.25,pantai
TRS_CIR_0374,CIR,-0.27,21,0.01,-0.17,72,-0.27,pantai
TRS_CIR_0375,CIR,-0.28,20,0.01,-0.16,69,-0.28,pantai
TRS_CIR_0376,CIR,-0.15,21,0.01,-0.12,73,-0.15,pantai
TRS_CIR_0377,CIR,-0.2,5,0.02,-0.12,70,-0.2,pantai
TRS_CIR_0378,CIR,-0.16,11,0.02,-0.09,69,-0.16,pantai
TRS_CIR_0379,CIR,-0.06,19,0.02,-0.06,57,-0.06,pantai
TRS_CIR_0380,CIR,-0.02,23,0.01,-0.03,59,-0.02,pantai
TRS_CIR_0381,CIR,0.0,25,0.01,0.0,50,0.0,pantai
TRS_CIR_0382,CIR,0.0,28,0.01,0.0,45,0.0,pantai
TRS_CIR_0383,CIR,0.01,27,0.01,0.01,38,0.01,pantai
TRS_CIR_0384,CIR,0.01,26,0.01,0.01,35,0.01,pantai
TRS_CIR_0385,CIR,0.01,27,0.01,0.01,32,0.01,pantai
TRS_CIR_0386,CIR,0.01,26,0.01,0.01,33,0.01,pantai
TRS_CIR_0387,CIR,0.02,27,0.01,0.02,33,0.02,pantai
TRS_CIR_0388,CIR,0.03,16,0.01,0.02,21,0.03,pantai
TRS_CIR_0389,CIR,0.03,5,0.01,0.03,5,0.03,pantai
TRS_CIR_0390,CIR,0.02,4,0.01,0.02,4,0.02,tetangga
TRS_CIR_0391,CIR,0.02,14,0.01,0.02,14,0.02,pantai
TRS_CIR_0392,CIR,0.02,8,0.01,0.02,8,0.02,pantai
TRS_CIR_0393,CIR,0.04,1,0.01,0.04,1,0.02,tetangga
TRS_CIR_0394,CIR,,0,,,0,0.02,tetangga
TRS_CIR_0395,CIR,,0,,-0.05,2,0.04,tetangga
TRS_CIR_0396,CIR,,0,,-0.04,1,0.05,tetangga
TRS_CIR_0397,CIR,0.06,7,0.01,0.05,8,0.06,pantai
TRS_CIR_0398,CIR,0.05,5,0.01,0.05,5,0.05,pantai
TRS_CIR_0399,CIR,0.05,6,0.01,0.05,6,0.05,pantai
TRS_CIR_0400,CIR,0.04,13,0.01,0.03,25,0.04,pantai
TRS_CIR_0401,CIR,0.05,13,0.01,0.05,14,0.05,pantai
TRS_CIR_0402,CIR,0.05,14,0.01,0.04,24,0.05,pantai
TRS_CIR_0403,CIR,0.05,7,0.01,0.05,12,0.05,pantai
TRS_CIR_0404,CIR,0.05,8,0.01,0.05,15,0.05,pantai
TRS_CIR_0405,CIR,0.1,6,0.01,0.05,20,0.1,pantai
TRS_JPR_0001,JPR,,0,,-0.05,27,-0.05,darat
TRS_JPR_0002,JPR,-0.06,1,0.01,-0.07,15,-0.07,darat
TRS_JPR_0003,JPR,,0,,-0.06,9,-0.06,darat
TRS_JPR_0004,JPR,,0,,-0.05,12,-0.05,darat
TRS_JPR_0005,JPR,,0,,-0.06,34,-0.06,darat
TRS_JPR_0006,JPR,,0,,-0.06,15,-0.06,darat
TRS_JPR_0007,JPR,,0,,-0.07,5,-0.07,darat
TRS_JPR_0008,JPR,,0,,-0.06,7,-0.06,darat
TRS_JPR_0009,JPR,,0,,-0.08,7,-0.08,darat
TRS_JPR_0010,JPR,,0,,-0.07,3,-0.07,tetangga
TRS_JPR_0011,JPR,,0,,,0,-0.07,tetangga
TRS_JPR_0012,JPR,,0,,,0,-0.08,tetangga
TRS_JPR_0013,JPR,,0,,,0,-0.08,tetangga
TRS_JPR_0014,JPR,,0,,,0,-0.09,tetangga
TRS_JPR_0015,JPR,,0,,,0,-0.09,tetangga
TRS_JPR_0016,JPR,,0,,,0,-0.09,tetangga
TRS_JPR_0017,JPR,,0,,-0.08,2,-0.09,tetangga
TRS_JPR_0018,JPR,,0,,-0.09,5,-0.09,darat
TRS_JPR_0019,JPR,,0,,,0,-0.09,tetangga
TRS_JPR_0020,JPR,,0,,,0,-0.09,tetangga
TRS_JPR_0021,JPR,,0,,-0.09,3,-0.09,tetangga
TRS_JPR_0022,JPR,,0,,-0.09,2,-0.09,tetangga
TRS_JPR_0023,JPR,,0,,-0.09,12,-0.09,darat
TRS_JPR_0024,JPR,,0,,-0.09,12,-0.09,darat
TRS_JPR_0025,JPR,,0,,-0.09,12,-0.09,darat
TRS_JPR_0026,JPR,,0,,-0.09,10,-0.09,darat
TRS_JPR_0027,JPR,,0,,,0,-0.09,tetangga
TRS_JPR_0028,JPR,,0,,,0,-0.09,tetangga
TRS_JPR_0029,JPR,,0,,,0,-0.09,tetangga
TRS_JPR_0030,JPR,,0,,,0,,
TRS_JPR_0031,JPR,,0,,,0,,
TRS_JPR_0032,JPR,,0,,,0,,
TRS_JPR_0033,JPR,,0,,,0,,
TRS_JPR_0034,JPR,,0,,,0,,
TRS_JPR_0035,JPR,,0,,,0,-0.09,tetangga
TRS_JPR_0036,JPR,,0,,-0.07,1,-0.08,tetangga
TRS_JPR_0037,JPR,,0,,-0.07,3,-0.08,tetangga
TRS_JPR_0038,JPR,,0,,-0.09,16,-0.09,darat
TRS_JPR_0039,JPR,-0.08,8,0.01,-0.09,49,-0.08,pantai
TRS_JPR_0040,JPR,-0.08,7,0.01,-0.09,59,-0.08,pantai
TRS_JPR_0041,JPR,-0.08,12,0.01,-0.09,45,-0.08,pantai
TRS_JPR_0042,JPR,-0.07,30,0.01,-0.07,37,-0.07,pantai
TRS_JPR_0043,JPR,-0.07,32,0.01,-0.07,38,-0.07,pantai
TRS_JPR_0044,JPR,-0.09,27,0.01,-0.09,48,-0.09,pantai
TRS_JPR_0045,JPR,-0.08,28,0.01,-0.09,64,-0.08,pantai
TRS_JPR_0046,JPR,-0.09,27,0.01,-0.09,65,-0.09,pantai
TRS_JPR_0047,JPR,-0.09,26,0.01,-0.09,72,-0.09,pantai
TRS_JPR_0048,JPR,-0.09,30,0.01,-0.09,74,-0.09,pantai
TRS_JPR_0049,JPR,-0.09,32,0.01,-0.09,75,-0.09,pantai
TRS_JPR_0050,JPR,-0.09,30,0.01,-0.09,71,-0.09,pantai
TRS_JPR_0051,JPR,-0.07,17,0.01,-0.09,57,-0.07,pantai
TRS_JPR_0052,JPR,-0.07,6,0.01,-0.09,51,-0.07,pantai
TRS_JPR_0053,JPR,,0,,-0.09,25,-0.09,darat
TRS_JPR_0054,JPR,-0.09,2,0.01,-0.09,15,-0.09,darat
TRS_JPR_0055,JPR,-0.09,10,0.01,-0.09,37,-0.09,pantai
TRS_JPR_0056,JPR,-0.09,8,0.01,-0.09,53,-0.09,pantai
TRS_JPR_0057,JPR,-0.09,4,0.01,-0.09,46,-0.09,darat
TRS_JPR_0058,JPR,-0.09,5,0.01,-0.09,40,-0.09,pantai
TRS_JPR_0059,JPR,-0.09,7,0.01,-0.09,36,-0.09,pantai
TRS_JPR_0060,JPR,-0.09,14,0.01,-0.09,34,-0.09,pantai
TRS_JPR_0061,JPR,-0.09,12,0.01,-0.09,35,-0.09,pantai
TRS_JPR_0062,JPR,-0.09,7,0.01,-0.09,31,-0.09,pantai
TRS_JPR_0063,JPR,-0.09,1,0.01,-0.09,19,-0.09,darat
TRS_JPR_0064,JPR,-0.09,1,0.01,-0.09,40,-0.09,darat
TRS_JPR_0065,JPR,-0.09,3,0.01,-0.09,57,-0.09,darat
TRS_JPR_0066,JPR,-0.09,1,0.01,-0.09,50,-0.09,darat
TRS_JPR_0067,JPR,-0.09,1,0.01,-0.09,52,-0.09,darat
TRS_JPR_0068,JPR,-0.09,7,0.01,-0.09,59,-0.09,pantai
TRS_JPR_0069,JPR,,0,,-0.09,51,-0.09,darat
TRS_JPR_0070,JPR,,0,,-0.09,34,-0.09,darat
TRS_JPR_0071,JPR,,0,,-0.09,33,-0.09,darat
TRS_JPR_0072,JPR,-0.08,5,0.01,-0.09,50,-0.08,pantai
TRS_JPR_0073,JPR,-0.09,5,0.01,-0.08,60,-0.09,pantai
TRS_JPR_0074,JPR,-0.09,4,0.01,-0.08,64,-0.08,darat
TRS_JPR_0075,JPR,-0.09,8,0.01,-0.09,61,-0.09,pantai
TRS_JPR_0076,JPR,-0.09,11,0.01,-0.08,56,-0.09,pantai
TRS_JPR_0077,JPR,-0.09,4,0.01,-0.08,55,-0.08,darat
TRS_JPR_0078,JPR,,0,,-0.08,48,-0.08,darat
TRS_JPR_0079,JPR,-0.09,1,0.01,-0.08,18,-0.08,darat
TRS_JPR_0080,JPR,,0,,-0.08,31,-0.08,darat
TRS_JPR_0081,JPR,,0,,-0.08,51,-0.08,darat
TRS_JPR_0082,JPR,,0,,-0.08,56,-0.08,darat
TRS_JPR_0083,JPR,-0.08,5,0.01,-0.08,60,-0.08,pantai
TRS_JPR_0084,JPR,-0.09,22,0.01,-0.08,63,-0.09,pantai
TRS_JPR_0085,JPR,-0.09,21,0.01,-0.08,76,-0.09,pantai
TRS_JPR_0086,JPR,-0.09,24,0.01,-0.08,64,-0.09,pantai
TRS_JPR_0087,JPR,-0.08,22,0.01,-0.08,61,-0.08,pantai
TRS_JPR_0088,JPR,-0.08,19,0.01,-0.08,32,-0.08,pantai
TRS_JPR_0089,JPR,-0.09,20,0.01,-0.09,20,-0.09,pantai
TRS_JPR_0090,JPR,-0.09,25,0.01,-0.09,23,-0.09,pantai
TRS_JPR_0091,JPR,-0.09,22,0.01,-0.09,23,-0.09,pantai
TRS_JPR_0092,JPR,-0.09,20,0.01,-0.09,32,-0.09,pantai
TRS_JPR_0093,JPR,-0.09,30,0.01,-0.09,46,-0.09,pantai
TRS_JPR_0094,JPR,-0.09,28,0.01,-0.09,40,-0.09,pantai
TRS_JPR_0095,JPR,-0.08,34,0.01,-0.09,42,-0.08,pantai
TRS_JPR_0096,JPR,-0.08,35,0.01,-0.09,38,-0.08,pantai
TRS_JPR_0097,JPR,-0.08,35,0.01,-0.08,33,-0.08,pantai
TRS_JPR_0098,JPR,-0.07,37,0.01,-0.07,33,-0.07,pantai
TRS_JPR_0099,JPR,-0.07,38,0.01,-0.07,35,-0.07,pantai
TRS_JPR_0100,JPR,-0.07,33,0.01,-0.07,32,-0.07,pantai
TRS_JPR_0101,JPR,-0.06,23,0.01,-0.07,19,-0.06,pantai
TRS_JPR_0102,JPR,-0.07,11,0.01,-0.07,10,-0.07,pantai
TRS_JPR_0103,JPR,-0.08,2,0.01,-0.09,42,-0.09,darat
TRS_JPR_0104,JPR,-0.08,4,0.01,-0.09,50,-0.09,darat
TRS_JPR_0105,JPR,-0.08,8,0.01,-0.09,60,-0.08,pantai
TRS_JPR_0106,JPR,-0.08,8,0.01,-0.09,64,-0.08,pantai
TRS_JPR_0107,JPR,-0.09,2,0.01,-0.09,46,-0.09,darat
TRS_JPR_0108,JPR,-0.09,2,0.01,-0.09,48,-0.09,darat
TRS_JPR_0109,JPR,,0,,-0.09,51,-0.09,darat
TRS_JPR_0110,JPR,,0,,-0.08,46,-0.08,darat
TRS_JPR_0111,JPR,,0,,-0.08,33,-0.08,darat
TRS_JPR_0112,JPR,,0,,-0.08,30,-0.08,darat
TRS_JPR_0113,JPR,,0,,-0.08,32,-0.08,darat
TRS_JPR_0114,JPR,-0.09,1,0.01,-0.08,7,-0.08,darat
TRS_JPR_0115,JPR,-0.08,19,0.01,-0.07,33,-0.08,pantai
TRS_JPR_0116,JPR,-0.07,16,0.01,-0.07,40,-0.07,pantai
TRS_JPR_0117,JPR,-0.07,3,0.01,-0.07,35,-0.07,darat
TRS_JPR_0118,JPR,-0.08,4,0.01,-0.07,23,-0.07,darat
TRS_JPR_0119,JPR,-0.08,10,0.01,-0.07,43,-0.08,pantai
TRS_JPR_0120,JPR,-0.09,20,0.01,-0.07,53,-0.09,pantai
TRS_JPR_0121,JPR,-0.09,14,0.01,-0.09,16,-0.09,pantai
TRS_JPR_0122,JPR,-0.09,2,0.01,-0.09,2,-0.05,tetangga
TRS_JPR_0123,JPR,-0.03,12,0.01,-0.05,57,-0.03,pantai
TRS_JPR_0124,JPR,-0.05,12,0.01,-0.05,67,-0.05,pantai
TRS_JPR_0125,JPR,-0.05,14,0.01,-0.05,71,-0.05,pantai
TRS_JPR_0126,JPR,-0.05,30,0.01,-0.04,83,-0.05,pantai
TRS_JPR_0127,JPR,-0.08,25,0.01,-0.04,90,-0.08,pantai
TRS_JPR_0128,JPR,-0.08,33,0.01,-0.05,99,-0.08,pantai
TRS_JPR_0129,JPR,-0.06,20,0.01,-0.05,90,-0.06,pantai
TRS_JPR_0130,JPR,-0.06,13,0.01,-0.04,67,-0.06,pantai
TRS_JPR_0131,JPR,-0.08,19,0.01,-0.04,79,-0.08,pantai
TRS_JPR_0132,JPR,-0.05,23,0.01,-0.05,80,-0.05,pantai
TRS_JPR_0133,JPR,-0.06,19,0.01,-0.05,67,-0.06,pantai
TRS_JPR_0134,JPR,-0.08,23,0.01,-0.06,73,-0.08,pantai
TRS_JPR_0135,JPR,-0.08,22,0.01,-0.07,78,-0.08,pantai
TRS_JPR_0136,JPR,-0.08,23,0.01,-0.07,84,-0.08,pantai
TRS_JPR_0137,JPR,-0.06,23,0.01,-0.07,85,-0.06,pantai
TRS_JPR_0138,JPR,-0.09,28,0.01,-0.08,92,-0.09,pantai
TRS_JPR_0139,JPR,-0.16,27,0.01,-0.09,86,-0.16,pantai
TRS_JPR_0140,JPR,-0.15,29,0.01,-0.08,91,-0.15,pantai
TRS_JPR_0141,JPR,-0.09,31,0.01,-0.07,91,-0.09,pantai
TRS_JPR_0142,JPR,-0.07,29,0.01,-0.07,90,-0.07,pantai
TRS_JPR_0143,JPR,-0.09,25,0.01,-0.06,85,-0.09,pantai
TRS_JPR_0144,JPR,0.0,5,0.01,-0.06,58,0.0,pantai
TRS_JPR_0145,JPR,-0.03,20,0.01,-0.04,83,-0.03,pantai
TRS_JPR_0146,JPR,-0.01,31,0.01,-0.06,93,-0.01,pantai
TRS_JPR_0147,JPR,-0.04,25,0.01,-0.06,82,-0.04,pantai
TRS_JPR_0148,JPR,-0.04,28,0.01,-0.03,93,-0.04,pantai
TRS_JPR_0149,JPR,-0.01,29,0.01,-0.02,87,-0.01,pantai
TRS_JPR_0150,JPR,-0.02,29,0.01,-0.01,91,-0.02,pantai
TRS_JPR_0151,JPR,-0.04,33,0.01,-0.03,90,-0.04,pantai
TRS_JPR_0152,JPR,-0.04,31,0.01,-0.02,90,-0.04,pantai
TRS_JPR_0153,JPR,-0.03,28,0.01,-0.02,91,-0.03,pantai
TRS_JPR_0154,JPR,-0.05,32,0.01,-0.02,88,-0.05,pantai
TRS_JPR_0155,JPR,-0.04,26,0.01,-0.02,87,-0.04,pantai
TRS_JPR_0156,JPR,-0.02,16,0.01,-0.02,79,-0.02,pantai
TRS_JPR_0157,JPR,0.0,23,0.01,-0.01,84,0.0,pantai
TRS_JPR_0158,JPR,0.01,27,0.01,-0.0,85,0.01,pantai
TRS_JPR_0159,JPR,-0.0,27,0.01,-0.0,86,-0.0,pantai
TRS_JPR_0160,JPR,-0.01,17,0.01,-0.01,62,-0.01,pantai
TRS_JPR_0161,JPR,-0.01,13,0.01,-0.01,55,-0.01,pantai
TRS_JPR_0162,JPR,0.0,9,0.01,0.0,65,0.0,pantai
TRS_JPR_0163,JPR,0.0,17,0.01,0.0,81,0.0,pantai
TRS_JPR_0164,JPR,-0.0,28,0.01,-0.0,93,-0.0,pantai
TRS_JPR_0165,JPR,-0.01,27,0.01,-0.01,66,-0.01,pantai
TRS_JPR_0166,JPR,-0.04,22,0.01,-0.02,59,-0.04,pantai
TRS_JPR_0167,JPR,-0.04,18,0.01,-0.02,57,-0.04,pantai
TRS_JPR_0168,JPR,-0.02,33,0.01,-0.01,75,-0.02,pantai
TRS_JPR_0169,JPR,-0.02,27,0.01,-0.02,43,-0.02,pantai
TRS_JPR_0170,JPR,-0.07,14,0.01,-0.04,37,-0.07,pantai
TRS_JPR_0171,JPR,-0.07,4,0.01,-0.04,39,-0.04,darat
TRS_JPR_0172,JPR,-0.09,4,0.01,-0.04,35,-0.04,darat
TRS_JPR_0173,JPR,-0.09,18,0.01,-0.05,53,-0.09,pantai
TRS_JPR_0174,JPR,-0.09,7,0.01,-0.02,39,-0.09,pantai
TRS_JPR_0175,JPR,-0.09,6,0.01,-0.01,43,-0.09,pantai
TRS_JPR_0176,JPR,-0.09,7,0.01,-0.01,45,-0.09,pantai
TRS_JPR_0177,JPR,-0.09,9,0.01,-0.01,43,-0.09,pantai
TRS_JPR_0178,JPR,-0.08,15,0.01,-0.01,45,-0.08,pantai
TRS_JPR_0179,JPR,-0.09,23,0.01,-0.04,48,-0.09,pantai
TRS_JPR_0180,JPR,-0.09,16,0.01,-0.01,40,-0.09,pantai
TRS_JPR_0181,JPR,-0.09,15,0.01,-0.05,33,-0.09,pantai
TRS_JPR_0182,JPR,-0.09,16,0.01,-0.09,16,-0.09,pantai
TRS_JPR_0183,JPR,-0.09,19,0.01,-0.09,19,-0.09,pantai
TRS_JPR_0184,JPR,-0.09,21,0.01,-0.09,28,-0.09,pantai
TRS_JPR_0185,JPR,-0.09,28,0.01,-0.09,37,-0.09,pantai
TRS_JPR_0186,JPR,-0.07,29,0.01,-0.07,44,-0.07,pantai
TRS_JPR_0187,JPR,-0.09,31,0.01,-0.08,59,-0.09,pantai
TRS_JPR_0188,JPR,-0.22,25,0.01,-0.08,64,-0.22,pantai
TRS_JPR_0189,JPR,-0.09,30,0.01,-0.07,63,-0.09,pantai
TRS_JPR_0190,JPR,0.0,26,0.01,0.01,56,0.0,pantai
TRS_SBY_0001,SBY,,0,,,0,-1.35,tetangga
TRS_SBY_0002,SBY,,0,,,0,-1.35,tetangga
TRS_SBY_0003,SBY,,0,,,0,-1.35,tetangga
TRS_SBY_0004,SBY,,0,,-1.35,8,-1.35,darat
TRS_SBY_0005,SBY,-1.87,2,0.01,-1.87,2,-1.35,tetangga
TRS_SBY_0006,SBY,,0,,,0,,
TRS_SBY_0007,SBY,,0,,,0,,
TRS_SBY_0008,SBY,,0,,,0,,
TRS_SBY_0009,SBY,,0,,,0,,
TRS_SBY_0010,SBY,,0,,,0,,
TRS_SBY_0011,SBY,,0,,,0,,
TRS_SBY_0012,SBY,,0,,,0,,
TRS_SBY_0013,SBY,,0,,,0,,
TRS_SBY_0014,SBY,,0,,,0,,
TRS_SBY_0015,SBY,,0,,,0,,
TRS_SBY_0016,SBY,,0,,,0,,
TRS_SBY_0017,SBY,,0,,,0,,
TRS_SBY_0018,SBY,,0,,,0,,
TRS_SBY_0019,SBY,,0,,,0,,
TRS_SBY_0020,SBY,,0,,,0,,
TRS_SBY_0021,SBY,,0,,,0,,
TRS_SBY_0022,SBY,,0,,,0,,
TRS_SBY_0023,SBY,,0,,,0,,
TRS_SBY_0024,SBY,,0,,,0,,
TRS_SBY_0025,SBY,,0,,,0,,
TRS_SBY_0026,SBY,,0,,,0,,
TRS_SBY_0027,SBY,,0,,,0,,
TRS_SBY_0028,SBY,,0,,,0,,
TRS_SBY_0029,SBY,,0,,,0,,
TRS_SBY_0030,SBY,,0,,,0,,
TRS_SBY_0031,SBY,,0,,,0,,
TRS_SBY_0032,SBY,,0,,,0,,
TRS_SBY_0033,SBY,,0,,,0,,
TRS_SBY_0034,SBY,-1.08,4,0.02,-1.08,4,,
TRS_SBY_0035,SBY,,0,,,0,,
TRS_SBY_0036,SBY,,0,,,0,,
TRS_SBY_0037,SBY,,0,,,0,,
TRS_SBY_0038,SBY,,0,,,0,,
TRS_SBY_0039,SBY,,0,,,0,,
TRS_SBY_0040,SBY,,0,,,0,,
TRS_SBY_0041,SBY,,0,,,0,,
TRS_SBY_0042,SBY,,0,,,0,,
TRS_SBY_0043,SBY,,0,,,0,-1.09,tetangga
TRS_SBY_0044,SBY,,0,,,0,-0.92,tetangga
TRS_SBY_0045,SBY,,0,,-1.04,4,-0.76,tetangga
TRS_SBY_0046,SBY,,0,,-1.09,17,-1.09,darat
TRS_SBY_0047,SBY,,0,,-0.76,15,-0.76,darat
TRS_SBY_0048,SBY,,0,,-0.4,12,-0.4,darat
TRS_SBY_0049,SBY,,0,,-0.39,6,-0.39,darat
TRS_SBY_0050,SBY,,0,,-0.53,7,-0.53,darat
TRS_SBY_0051,SBY,,0,,-0.52,1,-0.4,tetangga
TRS_SBY_0052,SBY,,0,,-0.35,5,-0.35,darat
TRS_SBY_0053,SBY,,0,,-0.33,2,-0.42,tetangga
TRS_SBY_0054,SBY,,0,,-0.42,6,-0.42,darat
TRS_SBY_0055,SBY,,0,,-0.43,8,-0.43,darat
TRS_SBY_0056,SBY,,0,,-0.3,6,-0.3,darat
TRS_SBY_0057,SBY,,0,,-0.55,3,-0.42,tetangga
TRS_SBY_0058,SBY,,0,,-0.66,2,-0.36,tetangga
TRS_SBY_0059,SBY,,0,,,0,-0.3,tetangga
TRS_SBY_0060,SBY,,0,,,0,,
TRS_SBY_0061,SBY,,0,,,0,-0.94,tetangga
TRS_SBY_0062,SBY,,0,,,0,-0.94,tetangga
TRS_SBY_0063,SBY,,0,,,0,-0.94,tetangga
TRS_SBY_0064,SBY,,0,,-0.9,3,-0.94,tetangga
TRS_SBY_0065,SBY,,0,,-0.94,6,-0.94,darat
TRS_SBY_0066,SBY,,0,,-1.1,2,-0.94,tetangga
TRS_SBY_0067,SBY,,0,,,0,-0.94,tetangga
TRS_SBY_0068,SBY,,0,,,0,-0.94,tetangga
TRS_SBY_0069,SBY,,0,,,0,-0.94,tetangga
TRS_SBY_0070,SBY,,0,,,0,,
TRS_SBY_0071,SBY,,0,,,0,,
TRS_SBY_0072,SBY,,0,,,0,,
TRS_SBY_0073,SBY,,0,,,0,,
TRS_SBY_0074,SBY,,0,,,0,,
TRS_SBY_0075,SBY,,0,,,0,-2.3,tetangga
TRS_SBY_0076,SBY,,0,,,0,-2.3,tetangga
TRS_SBY_0077,SBY,,0,,,0,-2.3,tetangga
TRS_SBY_0078,SBY,,0,,,0,-2.3,tetangga
TRS_SBY_0079,SBY,,0,,-2.3,7,-2.3,darat
TRS_SBY_0080,SBY,,0,,-2.2,17,-2.2,darat
TRS_SBY_0081,SBY,,0,,-2.3,7,-2.3,darat
TRS_SBY_0082,SBY,,0,,-1.81,15,-1.81,darat
TRS_SBY_0083,SBY,,0,,-1.89,13,-1.89,darat
TRS_SBY_0084,SBY,,0,,-2.0,4,-1.85,tetangga
TRS_SBY_0085,SBY,,0,,-1.75,2,-1.85,tetangga
TRS_SBY_0086,SBY,,0,,,0,-1.35,tetangga
TRS_SBY_0087,SBY,,0,,,0,-0.75,tetangga
TRS_SBY_0088,SBY,,0,,,0,-0.75,tetangga
TRS_SBY_0089,SBY,,0,,-0.81,14,-0.81,darat
TRS_SBY_0090,SBY,,0,,-0.68,11,-0.68,darat
TRS_SBY_0091,SBY,,0,,-0.18,1,-0.75,tetangga
TRS_SBY_0092,SBY,,0,,,0,-0.75,tetangga
TRS_SBY_0093,SBY,,0,,,0,-0.75,tetangga
TRS_SBY_0094,SBY,,0,,,0,-0.68,tetangga
TRS_SBY_0095,SBY,,0,,,0,,
TRS_SBY_0096,SBY,,0,,,0,,
TRS_SBY_0097,SBY,,0,,,0,,
TRS_SBY_0098,SBY,,0,,,0,,
TRS_SBY_0099,SBY,,0,,,0,,
TRS_SBY_0100,SBY,,0,,,0,,
TRS_SBY_0101,SBY,,0,,,0,,
TRS_SBY_0102,SBY,,0,,,0,,
TRS_SBY_0103,SBY,,0,,-0.94,1,,
TRS_SBY_0104,SBY,,0,,-0.94,1,-1.39,tetangga
TRS_SBY_0105,SBY,,0,,,0,-1.25,tetangga
TRS_SBY_0106,SBY,,0,,,0,-1.1,tetangga
TRS_SBY_0107,SBY,,0,,,0,-0.9,tetangga
TRS_SBY_0108,SBY,,0,,-1.39,8,-1.39,darat
TRS_SBY_0109,SBY,,0,,-1.1,5,-1.1,darat
TRS_SBY_0110,SBY,,0,,-0.7,11,-0.7,darat
TRS_SBY_0111,SBY,,0,,-0.65,25,-0.65,darat
TRS_SBY_0112,SBY,,0,,-0.39,28,-0.39,darat
TRS_SBY_0113,SBY,,0,,-0.39,28,-0.39,darat
TRS_SBY_0114,SBY,,0,,-0.45,26,-0.45,darat
TRS_SBY_0115,SBY,,0,,-0.43,26,-0.43,darat
TRS_SBY_0116,SBY,,0,,-0.2,25,-0.2,darat
TRS_SBY_0117,SBY,,0,,-0.2,28,-0.2,darat
TRS_SBY_0118,SBY,,0,,-0.27,31,-0.27,darat
TRS_SBY_0119,SBY,,0,,-0.26,32,-0.26,darat
TRS_SBY_0120,SBY,,0,,-0.17,40,-0.17,darat
TRS_SBY_0121,SBY,,0,,-0.13,42,-0.13,darat
TRS_SBY_0122,SBY,,0,,-0.1,41,-0.1,darat
TRS_SBY_0123,SBY,,0,,-0.3,35,-0.3,darat
TRS_SBY_0124,SBY,,0,,-0.3,36,-0.3,darat
TRS_SBY_0125,SBY,,0,,-0.28,42,-0.28,darat
TRS_SBY_0126,SBY,-0.05,8,0.01,-0.28,65,-0.05,pantai
TRS_SBY_0127,SBY,-0.19,22,0.01,-0.32,84,-0.19,pantai
TRS_SBY_0128,SBY,-0.16,28,0.01,-0.3,89,-0.16,pantai
TRS_SBY_0129,SBY,-0.08,29,0.01,-0.26,92,-0.08,pantai
TRS_SBY_0130,SBY,-0.08,28,0.01,-0.2,84,-0.08,pantai
TRS_SBY_0131,SBY,-0.04,24,0.01,-0.15,82,-0.04,pantai
TRS_SBY_0132,SBY,0.03,28,0.01,-0.14,86,0.03,pantai
TRS_SBY_0133,SBY,-0.0,30,0.01,-0.22,80,-0.0,pantai
TRS_SBY_0134,SBY,-0.23,26,0.01,-0.3,70,-0.23,pantai
TRS_SBY_0135,SBY,-0.25,23,0.01,-0.28,70,-0.25,pantai
TRS_SBY_0136,SBY,-0.36,29,0.01,-0.22,87,-0.36,pantai
TRS_SBY_0137,SBY,-0.19,27,0.01,-0.18,89,-0.19,pantai
TRS_SBY_0138,SBY,-0.13,27,0.01,-0.18,84,-0.13,pantai
TRS_SBY_0139,SBY,-0.22,27,0.01,-0.22,86,-0.22,pantai
TRS_SBY_0140,SBY,-0.36,25,0.01,-0.23,81,-0.36,pantai
TRS_SBY_0141,SBY,-0.29,29,0.01,-0.24,88,-0.29,pantai
TRS_SBY_0142,SBY,-0.17,27,0.01,-0.17,85,-0.17,pantai
TRS_SBY_0143,SBY,-0.11,14,0.01,-0.12,73,-0.11,pantai
TRS_SBY_0144,SBY,-0.18,17,0.01,-0.03,75,-0.18,pantai
TRS_SBY_0145,SBY,-0.14,21,0.01,-0.02,80,-0.14,pantai
TRS_SBY_0146,SBY,-0.17,30,0.01,-0.11,89,-0.17,pantai
TRS_SBY_0147,SBY,-0.22,25,0.01,-0.2,79,-0.22,pantai
TRS_SBY_0148,SBY,-0.23,29,0.01,-0.23,87,-0.23,pantai
TRS_SBY_0149,SBY,-0.29,26,0.01,-0.27,87,-0.29,pantai
TRS_SBY_0150,SBY,-0.31,20,0.01,-0.28,77,-0.31,pantai
TRS_SBY_0151,SBY,-0.12,21,0.01,-0.2,86,-0.12,pantai
TRS_SBY_0152,SBY,-0.09,10,0.01,-0.13,67,-0.09,pantai
TRS_SBY_0153,SBY,-0.09,3,0.01,-0.11,60,-0.11,darat
TRS_SBY_0154,SBY,-0.07,11,0.01,-0.07,59,-0.07,pantai
TRS_SBY_0155,SBY,-0.13,5,0.01,-0.06,54,-0.13,pantai
TRS_SBY_0156,SBY,-0.06,1,0.01,-0.07,44,-0.07,darat
TRS_SBY_0157,SBY,-0.21,6,0.01,-0.08,56,-0.21,pantai
TRS_SBY_0158,SBY,-0.24,7,0.01,-0.12,55,-0.24,pantai
TRS_SBY_0159,SBY,-0.16,7,0.01,-0.11,52,-0.16,pantai
TRS_SBY_0160,SBY,-0.04,8,0.01,-0.06,59,-0.04,pantai
TRS_SBY_0161,SBY,-0.04,11,0.01,-0.06,60,-0.04,pantai
TRS_SBY_0162,SBY,-0.11,15,0.01,-0.06,67,-0.11,pantai
TRS_SBY_0163,SBY,-0.19,11,0.01,-0.08,64,-0.19,pantai
TRS_SBY_0164,SBY,-0.04,31,0.01,-0.04,89,-0.04,pantai
TRS_SBY_0165,SBY,0.03,22,0.01,-0.02,82,0.03,pantai
TRS_SBY_0166,SBY,0.03,25,0.01,-0.02,83,0.03,pantai
TRS_SBY_0167,SBY,0.01,25,0.01,-0.03,87,0.01,pantai
TRS_SBY_0168,SBY,0.01,38,0.01,-0.03,112,0.01,pantai
TRS_SBY_0169,SBY,-0.03,30,0.01,-0.07,90,-0.03,pantai
TRS_SBY_0170,SBY,-0.19,30,0.01,-0.15,88,-0.19,pantai
TRS_SBY_0171,SBY,-0.06,16,0.01,-0.17,73,-0.06,pantai
TRS_SBY_0172,SBY,-0.08,6,0.01,-0.24,61,-0.08,pantai
TRS_SBY_0173,SBY,-0.12,3,0.01,-0.39,55,-0.39,darat
TRS_SBY_0174,SBY,-0.31,11,0.01,-0.34,70,-0.31,pantai
TRS_SBY_0175,SBY,-0.34,17,0.01,-0.34,73,-0.34,pantai
TRS_SBY_0176,SBY,-0.53,34,0.01,-0.42,96,-0.53,pantai
TRS_SBY_0177,SBY,-0.63,21,0.01,-0.39,79,-0.63,pantai
TRS_SBY_0178,SBY,-0.42,7,0.01,-0.27,67,-0.42,pantai
TRS_SBY_0179,SBY,-0.34,4,0.01,-0.16,60,-0.16,darat
TRS_SBY_0180,SBY,-0.16,8,0.01,-0.11,69,-0.16,pantai
TRS_SBY_0181,SBY,-0.16,3,0.01,-0.04,60,-0.04,darat
TRS_SBY_0182,SBY,-0.1,3,0.01,-0.05,65,-0.05,darat
TRS_SBY_0183,SBY,0.04,24,0.01,-0.23,86,0.04,pantai
TRS_SBY_0184,SBY,0.07,33,0.01,-0.17,86,0.07,pantai
TRS_SBY_0185,SBY,0.03,39,0.01,-0.3,95,0.03,pantai
TRS_SBY_0186,SBY,-0.07,23,0.01,-0.66,100,-0.07,pantai
TRS_SBY_0187,SBY,-0.55,21,0.01,-1.05,73,-0.55,pantai
TRS_SBY_0188,SBY,-0.72,24,0.01,-1.1,77,-0.72,pantai
TRS_SBY_0189,SBY,-0.87,26,0.01,-1.19,75,-0.87,pantai
TRS_SBY_0190,SBY,-0.7,26,0.01,-1.37,84,-0.7,pantai
TRS_SBY_0191,SBY,-0.61,17,0.01,-1.28,76,-0.61,pantai
TRS_SBY_0192,SBY,-0.42,22,0.01,-1.05,86,-0.42,pantai
TRS_SBY_0193,SBY,-0.43,28,0.01,-0.97,80,-0.43,pantai
TRS_SBY_0194,SBY,-0.67,23,0.01,-0.92,74,-0.67,pantai
TRS_SBY_0195,SBY,-1.02,20,0.01,-1.11,71,-1.02,pantai
TRS_SBY_0196,SBY,-1.22,19,0.01,-1.31,84,-1.22,pantai
TRS_SBY_0197,SBY,-1.15,19,0.01,-1.26,81,-1.15,pantai
TRS_SBY_0198,SBY,-1.48,23,0.01,-1.28,84,-1.48,pantai
TRS_SBY_0199,SBY,-1.16,21,0.01,-1.38,78,-1.16,pantai
TRS_SBY_0200,SBY,,0,,-0.34,20,-0.34,darat
TRS_SBY_0201,SBY,,0,,-0.44,4,-0.32,tetangga
TRS_SBY_0202,SBY,,0,,-0.3,5,-0.3,darat
TRS_SBY_0203,SBY,,0,,-0.33,1,-0.32,tetangga
TRS_SBY_0204,SBY,-0.58,11,0.01,-0.63,32,-0.58,pantai
TRS_SBY_0205,SBY,-0.71,5,0.01,-0.9,40,-0.71,pantai
TRS_SBY_0206,SBY,-0.72,5,0.01,-1.14,41,-0.72,pantai
TRS_SBY_0207,SBY,-0.47,6,0.01,-0.57,26,-0.47,pantai
TRS_SBY_0208,SBY,-0.4,8,0.01,-0.45,25,-0.4,pantai
TRS_SBY_0209,SBY,-0.26,3,0.01,-0.57,31,-0.57,darat
TRS_SBY_0210,SBY,-0.28,9,0.01,-0.5,36,-0.28,pantai
TRS_SBY_0211,SBY,-0.24,10,0.01,-0.28,26,-0.24,pantai
TRS_SBY_0212,SBY,-0.23,7,0.01,-0.31,24,-0.23,pantai
TRS_SBY_0213,SBY,-0.32,1,0.01,-0.37,33,-0.37,darat
TRS_SBY_0214,SBY,-0.42,1,0.01,-0.38,29,-0.38,darat
TRS_SBY_0215,SBY,-0.46,15,0.01,-0.46,28,-0.46,pantai
TRS_SBY_0216,SBY,-0.52,13,0.01,-0.56,32,-0.52,pantai
TRS_SBY_0217,SBY,-0.47,7,0.01,-0.58,26,-0.47,pantai
TRS_SBY_0218,SBY,,0,,-0.43,57,-0.43,darat
TRS_SBY_0219,SBY,-0.1,10,0.01,-0.19,69,-0.1,pantai
TRS_SBY_0220,SBY,-0.08,28,0.01,-0.09,87,-0.08,pantai
TRS_SBY_0221,SBY,0.01,29,0.01,0.0,85,0.01,pantai
TRS_SBY_0222,SBY,0.08,23,0.01,0.1,77,0.08,pantai
TRS_SBY_0223,SBY,0.11,30,0.01,0.16,92,0.11,pantai
TRS_SBY_0224,SBY,-0.16,25,0.01,0.09,80,-0.16,pantai
TRS_SBY_0225,SBY,-0.08,21,0.01,0.09,85,-0.08,pantai
TRS_SBY_0226,SBY,-0.03,29,0.01,0.12,89,-0.03,pantai
TRS_SBY_0227,SBY,-0.01,24,0.01,0.15,82,-0.01,pantai
TRS_SBY_0228,SBY,0.09,27,0.01,0.16,86,0.09,pantai
TRS_SBY_0229,SBY,0.11,25,0.01,0.18,80,0.11,pantai
TRS_SBY_0230,SBY,0.1,20,0.01,0.18,82,0.1,pantai
TRS_SBY_0231,SBY,0.1,28,0.01,0.18,85,0.1,pantai
TRS_SBY_0232,SBY,0.09,30,0.01,0.14,98,0.09,pantai
TRS_SBY_0233,SBY,0.1,22,0.01,0.11,86,0.1,pantai
TRS_SBY_0234,SBY,0.09,29,0.01,0.11,88,0.09,pantai
TRS_SBY_0235,SBY,0.08,29,0.01,0.12,88,0.08,pantai
TRS_SBY_0236,SBY,0.06,28,0.01,0.11,87,0.06,pantai
TRS_SBY_0237,SBY,0.01,23,0.01,0.07,84,0.01,pantai
TRS_SBY_0238,SBY,-0.02,26,0.01,0.04,88,-0.02,pantai
TRS_SBY_0239,SBY,-0.02,28,0.01,0.02,90,-0.02,pantai
TRS_SBY_0240,SBY,-0.06,29,0.01,0.01,93,-0.06,pantai
TRS_SBY_0241,SBY,-0.09,28,0.01,0.02,88,-0.09,pantai
TRS_SBY_0242,SBY,-0.16,24,0.01,0.03,85,-0.16,pantai
TRS_SBY_0243,SBY,-0.21,19,0.01,0.02,82,-0.21,pantai
TRS_SBY_0244,SBY,-0.11,24,0.01,0.01,87,-0.11,pantai
TRS_SBY_0245,SBY,-0.12,27,0.01,-0.0,87,-0.12,pantai
TRS_SBY_0246,SBY,-0.13,30,0.01,-0.05,78,-0.13,pantai
TRS_SBY_0247,SBY,-0.12,23,0.01,-0.1,73,-0.12,pantai
TRS_SBY_0248,SBY,-0.24,19,0.01,-0.1,68,-0.24,pantai
TRS_SBY_0249,SBY,-0.35,6,0.01,-0.15,71,-0.35,pantai
TRS_SBY_0250,SBY,,0,,-0.28,48,-0.28,darat
TRS_SBY_0251,SBY,,0,,-0.44,52,-0.44,darat
TRS_SBY_0252,SBY,-0.72,16,0.01,-0.45,70,-0.72,pantai
TRS_SBY_0253,SBY,-0.51,14,0.01,-0.35,69,-0.51,pantai
TRS_SBY_0254,SBY,,0,,-0.53,12,-0.53,darat
TRS_SBY_0255,SBY,-0.28,3,0.01,-0.53,10,-0.53,darat
TRS_SBY_0256,SBY,-0.41,8,0.01,-0.48,13,-0.41,pantai
TRS_SBY_0257,SBY,-0.49,10,0.01,-0.5,23,-0.49,pantai
TRS_SBY_0258,SBY,-0.52,7,0.01,-0.53,25,-0.52,pantai
TRS_SBY_0259,SBY,-0.61,11,0.01,-0.56,28,-0.61,pantai
TRS_SBY_0260,SBY,-0.81,8,0.01,-0.53,34,-0.81,pantai
TRS_SBY_0261,SBY,-0.28,3,0.01,-0.53,11,-0.53,darat
TRS_SBY_0262,SBY,-0.84,30,0.01,-0.81,38,-0.84,pantai
TRS_SBY_0263,SBY,,0,,-0.21,2,-0.94,tetangga
TRS_SBY_0264,SBY,-0.22,5,0.01,-0.65,47,-0.22,pantai
TRS_SBY_0265,SBY,-0.3,4,0.01,-0.7,28,-0.7,darat
TRS_SBY_0266,SBY,,0,,,0,-0.76,tetangga
TRS_SBY_0267,SBY,-0.76,6,0.01,-0.76,6,-0.76,pantai
TRS_SBY_0268,SBY,-0.94,10,0.01,-0.94,11,-0.94,pantai
TRS_SBY_0269,SBY,,0,,,0,-0.94,tetangga
TRS_SBY_0270,SBY,,0,,,0,-0.92,tetangga
TRS_SBY_0271,SBY,,0,,-0.9,3,-0.91,tetangga
TRS_SBY_0272,SBY,,0,,-0.91,12,-0.91,darat
TRS_SBY_0273,SBY,,0,,-0.76,14,-0.76,darat
TRS_SBY_0274,SBY,-0.71,4,0.01,-0.96,27,-0.96,darat
TRS_SBY_0275,SBY,,0,,-0.97,20,-0.97,darat
TRS_SBY_0276,SBY,,0,,-0.99,27,-0.99,darat
TRS_SBY_0277,SBY,,0,,-1.04,35,-1.04,darat
TRS_SBY_0278,SBY,-1.04,26,0.01,-0.99,51,-1.04,pantai
TRS_SBY_0279,SBY,-0.97,17,0.01,-0.95,21,-0.97,pantai
TRS_SBY_0280,SBY,-0.89,2,0.01,-0.89,2,-0.97,tetangga
TRS_SBY_0281,SBY,,0,,,0,-0.97,tetangga
TRS_SBY_0282,SBY,,0,,,0,-0.97,tetangga
TRS_SBY_0283,SBY,,0,,,0,-0.78,tetangga
TRS_SBY_0284,SBY,-0.59,8,0.01,-0.59,8,-0.59,pantai
TRS_SBY_0285,SBY,,0,,,0,-0.59,tetangga
TRS_SBY_0286,SBY,,0,,,0,-0.59,tetangga
TRS_SBY_0287,SBY,,0,,,0,-0.36,tetangga
TRS_SBY_0288,SBY,,0,,,0,-0.14,tetangga
TRS_SBY_0289,SBY,-0.12,4,0.01,-0.12,4,-0.14,tetangga
TRS_SBY_0290,SBY,-0.13,26,0.01,-0.13,26,-0.13,pantai
TRS_SBY_0291,SBY,-0.14,12,0.01,-0.14,12,-0.14,pantai
TRS_SBY_0292,SBY,-0.15,9,0.01,-0.16,22,-0.15,pantai
TRS_SBY_0293,SBY,-0.17,8,0.01,-0.17,22,-0.17,pantai
TRS_SBY_0294,SBY,-0.16,6,0.01,-0.17,23,-0.16,pantai
TRS_SBY_0295,SBY,-0.1,9,0.01,-0.13,21,-0.1,pantai
TRS_SBY_0296,SBY,-0.11,18,0.01,-0.11,34,-0.11,pantai
TRS_SBY_0297,SBY,-0.12,28,0.01,-0.12,37,-0.12,pantai
TRS_SBY_0298,SBY,-0.12,27,0.01,-0.12,27,-0.12,pantai
TRS_SBY_0299,SBY,-0.18,17,0.01,-0.18,17,-0.18,pantai
TRS_SBY_0300,SBY,-0.21,7,0.01,-0.21,7,-0.21,pantai
TRS_SBY_0301,SBY,,0,,,0,-0.15,tetangga
TRS_SBY_0302,SBY,,0,,,0,-0.18,tetangga
TRS_SBY_0303,SBY,,0,,,0,-0.2,tetangga
TRS_SBY_0304,SBY,,0,,,0,,
TRS_SBY_0305,SBY,,0,,,0,,
TRS_SBY_0306,SBY,,0,,,0,,
TRS_SBY_0307,SBY,,0,,,0,,
TRS_SBY_0308,SBY,,0,,,0,,
TRS_SBY_0309,SBY,,0,,,0,,
TRS_SBY_0310,SBY,,0,,,0,,
TRS_SBY_0311,SBY,,0,,,0,,
TRS_SBY_0312,SBY,,0,,,0,,
TRS_SBY_0313,SBY,,0,,,0,,
TRS_SBY_0314,SBY,,0,,,0,,
TRS_SBY_0315,SBY,,0,,,0,,
TRS_SBY_0316,SBY,,0,,,0,,
TRS_SBY_0317,SBY,,0,,,0,,
TRS_SBY_0318,SBY,,0,,,0,,
TRS_SBY_0319,SBY,,0,,,0,,
TRS_SBY_0320,SBY,,0,,,0,,
TRS_SBY_0321,SBY,,0,,,0,,
TRS_SBY_0322,SBY,,0,,,0,,
TRS_SBY_0323,SBY,,0,,,0,-0.31,tetangga
TRS_SBY_0324,SBY,,0,,,0,-0.31,tetangga
TRS_SBY_0325,SBY,,0,,,0,-0.31,tetangga
TRS_SBY_0326,SBY,,0,,,0,-0.31,tetangga
TRS_SBY_0327,SBY,,0,,-0.31,9,-0.31,darat
TRS_SBY_0328,SBY,,0,,-0.28,1,-0.31,tetangga
TRS_SBY_0329,SBY,,0,,,0,-0.31,tetangga
TRS_SBY_0330,SBY,,0,,,0,-0.31,tetangga
TRS_SBY_0331,SBY,,0,,,0,-0.31,tetangga
TRS_SBY_0332,SBY,,0,,,0,,
TRS_SBY_0333,SBY,,0,,,0,,
TRS_SBY_0334,SBY,,0,,,0,,
TRS_SBY_0335,SBY,,0,,,0,,
TRS_SBY_0336,SBY,,0,,,0,,
TRS_SBY_0337,SBY,,0,,,0,,
TRS_SBY_0338,SBY,,0,,-0.26,1,,
TRS_SBY_0339,SBY,,0,,,0,,
TRS_SBY_0340,SBY,,0,,,0,,
TRS_SBY_0341,SBY,,0,,,0,,
TRS_SBY_0342,SBY,,0,,,0,,
TRS_SBY_0343,SBY,,0,,-0.51,1,,
TRS_SBY_0344,SBY,,0,,,0,,
TRS_SBY_0345,SBY,,0,,,0,,
TRS_SBY_0346,SBY,,0,,,0,,
TRS_SBY_0347,SBY,,0,,,0,,
TRS_SBY_0348,SBY,,0,,,0,,
TRS_SBY_0349,SBY,,0,,,0,,
TRS_SBY_0350,SBY,,0,,,0,,
TRS_SBY_0351,SBY,,0,,,0,,
TRS_SBY_0352,SBY,,0,,,0,-0.37,tetangga
TRS_SBY_0353,SBY,,0,,,0,-0.37,tetangga
TRS_SBY_0354,SBY,,0,,,0,-0.37,tetangga
TRS_SBY_0355,SBY,,0,,,0,-0.37,tetangga
TRS_SBY_0356,SBY,,0,,-0.37,5,-0.37,darat
TRS_SBY_0357,SBY,,0,,,0,,
TRS_SBY_0358,SBY,,0,,,0,,
TRS_SBY_0359,SBY,,0,,,0,,
TRS_SBY_0360,SBY,,0,,,0,,
TRS_SBY_0361,SBY,,0,,,0,,
TRS_SBY_0362,SBY,,0,,,0,,
TRS_SBY_0363,SBY,,0,,,0,,
TRS_SBY_0364,SBY,,0,,,0,,
TRS_SBY_0365,SBY,,0,,,0,,
TRS_SBY_0366,SBY,,0,,,0,,
TRS_SBY_0367,SBY,,0,,,0,,
TRS_SBY_0368,SBY,,0,,,0,,
TRS_SBY_0369,SBY,,0,,,0,,
TRS_SBY_0370,SBY,,0,,,0,,
TRS_SBY_0371,SBY,,0,,,0,,
TRS_SBY_0372,SBY,,0,,,0,,
TRS_SBY_0373,SBY,,0,,,0,,
TRS_SBY_0374,SBY,,0,,,0,,
TRS_SBY_0375,SBY,,0,,,0,,
TRS_SBY_0376,SBY,,0,,,0,,
TRS_SBY_0377,SBY,,0,,,0,,
TRS_SBY_0378,SBY,,0,,,0,,
TRS_SBY_0379,SBY,,0,,,0,,
TRS_SBY_0380,SBY,,0,,,0,,
TRS_SBY_0381,SBY,,0,,,0,,
TRS_SBY_0382,SBY,,0,,,0,,
TRS_SBY_0383,SBY,,0,,,0,,
TRS_SBY_0384,SBY,,0,,,0,,
TRS_SBY_0385,SBY,,0,,,0,,
TRS_SBY_0386,SBY,,0,,,0,,
TRS_SBY_0387,SBY,,0,,,0,,
TRS_SBY_0388,SBY,,0,,,0,,
TRS_SBY_0389,SBY,,0,,,0,,
TRS_SBY_0390,SBY,,0,,,0,,
TRS_SBY_0391,SBY,,0,,,0,,
TRS_SBY_0392,SBY,,0,,,0,,
TRS_SBY_0393,SBY,,0,,,0,,
TRS_SBY_0394,SBY,,0,,,0,,
TRS_SBY_0395,SBY,,0,,,0,,
TRS_SBY_0396,SBY,,0,,,0,,
TRS_SBY_0397,SBY,,0,,,0,,
TRS_SBY_0398,SBY,,0,,,0,,
TRS_SBY_0399,SBY,,0,,,0,,
TRS_SBY_0400,SBY,,0,,,0,,
TRS_SBY_0401,SBY,,0,,,0,,
TRS_SBY_0402,SBY,,0,,,0,,
TRS_SBY_0403,SBY,,0,,,0,,
TRS_SBY_0404,SBY,,0,,,0,,
TRS_SBY_0405,SBY,,0,,,0,,
TRS_SBY_0406,SBY,,0,,,0,,
TRS_SBY_0407,SBY,,0,,,0,,
TRS_SBY_0408,SBY,,0,,,0,,
TRS_SBY_0409,SBY,,0,,,0,,
TRS_SBY_0410,SBY,,0,,,0,,
TRS_SBY_0411,SBY,,0,,,0,,
TRS_SBY_0412,SBY,,0,,,0,,
TRS_SBY_0413,SBY,,0,,,0,,
TRS_SBY_0414,SBY,,0,,,0,,
TRS_SBY_0415,SBY,,0,,,0,,
TRS_SBY_0416,SBY,,0,,,0,,
TRS_SBY_0417,SBY,,0,,,0,,
TRS_SBY_0418,SBY,,0,,,0,,
TRS_SBY_0419,SBY,,0,,,0,,
TRS_SBY_0420,SBY,,0,,,0,,
TRS_SBY_0421,SBY,,0,,,0,,
TRS_SBY_0422,SBY,,0,,,0,,
TRS_SBY_0423,SBY,,0,,,0,,
TRS_SBY_0424,SBY,,0,,,0,,
TRS_SBY_0425,SBY,,0,,,0,-1.22,tetangga
TRS_SBY_0426,SBY,,0,,-1.23,1,-1.22,tetangga
TRS_SBY_0427,SBY,,0,,-1.22,8,-1.22,darat
TRS_SBY_0428,SBY,,0,,,0,-0.36,tetangga
TRS_SBY_0429,SBY,,0,,-0.62,2,-0.34,tetangga
TRS_SBY_0430,SBY,,0,,-0.36,19,-0.36,darat
TRS_SBY_0431,SBY,,0,,-0.28,49,-0.28,darat
TRS_SBY_0432,SBY,-0.53,3,0.01,-0.32,44,-0.32,darat
TRS_SBY_0433,SBY,-0.44,11,0.01,-0.29,45,-0.44,pantai
TRS_SBY_0434,SBY,-0.32,13,0.01,-0.28,45,-0.32,pantai
TRS_SBY_0435,SBY,-0.31,12,0.01,-0.28,24,-0.31,pantai
TRS_SBY_0436,SBY,-0.32,24,0.01,-0.32,26,-0.32,pantai
TRS_SBY_0437,SBY,-0.31,33,0.01,-0.29,49,-0.31,pantai
TRS_SBY_0438,SBY,-0.3,28,0.01,-0.13,73,-0.3,pantai
TRS_SBY_0439,SBY,-0.25,30,0.01,-0.2,73,-0.25,pantai
TRS_SBY_0440,SBY,-0.27,32,0.01,-0.23,83,-0.27,pantai
TRS_SBY_0441,SBY,-0.3,23,0.01,-0.26,52,-0.3,pantai
TRS_SBY_0442,SBY,-0.33,23,0.01,-0.3,34,-0.33,pantai
TRS_SBY_0443,SBY,-0.4,12,0.01,-0.29,34,-0.4,pantai
TRS_SBY_0444,SBY,-0.34,22,0.01,-0.3,40,-0.34,pantai
TRS_SBY_0445,SBY,-0.41,27,0.01,-0.39,36,-0.41,pantai
TRS_SBY_0446,SBY,-0.47,23,0.01,-0.46,28,-0.47,pantai
TRS_SBY_0447,SBY,-0.44,20,0.01,-0.39,25,-0.44,pantai
TRS_SBY_0448,SBY,-0.39,23,0.01,-0.39,23,-0.39,pantai
TRS_SBY_0449,SBY,-0.4,24,0.01,-0.4,20,-0.4,pantai
TRS_SBY_0450,SBY,-0.38,30,0.01,-0.37,35,-0.38,pantai
TRS_SBY_0451,SBY,-0.38,20,0.01,-0.36,30,-0.38,pantai
TRS_SBY_0452,SBY,-0.37,27,0.01,-0.34,41,-0.37,pantai
TRS_SBY_0453,SBY,-0.39,24,0.01,-0.37,53,-0.39,pantai
TRS_SBY_0454,SBY,-0.37,26,0.01,-0.36,40,-0.37,pantai
TRS_SBY_0455,SBY,-0.35,22,0.01,-0.35,27,-0.35,pantai
TRS_SBY_0456,SBY,-0.38,14,0.01,-0.34,24,-0.38,pantai
TRS_SBY_0457,SBY,-0.46,18,0.01,-0.45,25,-0.46,pantai
TRS_SBY_0458,SBY,-0.58,13,0.01,-0.58,13,-0.58,pantai
TRS_SBY_0459,SBY,-0.65,14,0.01,-0.64,19,-0.65,pantai
TRS_SBY_0460,SBY,-0.55,25,0.01,-0.39,52,-0.55,pantai
TRS_SBY_0461,SBY,-0.53,27,0.01,-0.39,76,-0.53,pantai
TRS_SBY_0462,SBY,-0.57,13,0.01,-0.46,47,-0.57,pantai
TRS_SBY_0463,SBY,-0.58,14,0.01,-0.51,40,-0.58,pantai
TRS_SBY_0464,SBY,-0.51,27,0.01,-0.53,78,-0.51,pantai
TRS_SBY_0465,SBY,-0.5,22,0.01,-0.53,74,-0.5,pantai
TRS_SBY_0466,SBY,-0.5,25,0.01,-0.53,79,-0.5,pantai
TRS_SBY_0467,SBY,-0.52,27,0.01,-0.52,82,-0.52,pantai
TRS_SBY_0468,SBY,-0.51,24,0.01,-0.53,75,-0.51,pantai
TRS_SBY_0469,SBY,-0.51,21,0.01,-0.53,76,-0.51,pantai
TRS_SBY_0470,SBY,-0.51,22,0.01,-0.52,79,-0.51,pantai
TRS_SBY_0471,SBY,-0.54,23,0.01,-0.55,76,-0.54,pantai
TRS_SBY_0472,SBY,-0.56,20,0.01,-0.55,77,-0.56,pantai
TRS_SBY_0473,SBY,-0.55,21,0.01,-0.54,77,-0.55,pantai
TRS_SBY_0474,SBY,-0.54,21,0.01,-0.54,78,-0.54,pantai
TRS_SBY_0475,SBY,-0.52,21,0.01,-0.52,78,-0.52,pantai
TRS_SBY_0476,SBY,-0.51,21,0.01,-0.52,77,-0.51,pantai
TRS_SBY_0477,SBY,-0.51,25,0.01,-0.53,78,-0.51,pantai
TRS_SBY_0478,SBY,-0.49,24,0.01,-0.53,82,-0.49,pantai
TRS_SBY_0479,SBY,-0.52,29,0.01,-0.53,83,-0.52,pantai
TRS_SBY_0480,SBY,-0.54,28,0.01,-0.54,83,-0.54,pantai
TRS_SBY_0481,SBY,-0.54,27,0.01,-0.52,75,-0.54,pantai
TRS_SBY_0482,SBY,-0.53,24,0.01,-0.53,79,-0.53,pantai
TRS_SBY_0483,SBY,-0.54,28,0.01,-0.54,82,-0.54,pantai
TRS_SBY_0484,SBY,-0.54,26,0.01,-0.55,79,-0.54,pantai
TRS_SBY_0485,SBY,-0.55,20,0.01,-0.55,72,-0.55,pantai
TRS_SBY_0486,SBY,-0.58,18,0.01,-0.53,72,-0.58,pantai
TRS_SBY_0487,SBY,-0.52,14,0.01,-0.54,69,-0.52,pantai
TRS_SBY_0488,SBY,-0.52,16,0.01,-0.53,69,-0.52,pantai
TRS_SBY_0489,SBY,-0.49,16,0.01,-0.54,71,-0.49,pantai
TRS_SBY_0490,SBY,-0.51,20,0.01,-0.54,77,-0.51,pantai
TRS_SBY_0491,SBY,-0.52,28,0.01,-0.53,83,-0.52,pantai
TRS_SBY_0492,SBY,-0.52,30,0.01,-0.54,82,-0.52,pantai
TRS_SBY_0493,SBY,-0.54,31,0.01,-0.55,83,-0.54,pantai
TRS_SBY_0494,SBY,-0.54,27,0.01,-0.54,79,-0.54,pantai
TRS_SBY_0495,SBY,-0.54,25,0.01,-0.54,78,-0.54,pantai
TRS_SBY_0496,SBY,-0.55,25,0.01,-0.55,79,-0.55,pantai
TRS_SBY_0497,SBY,-0.54,22,0.01,-0.56,77,-0.54,pantai
TRS_SBY_0498,SBY,-0.56,23,0.01,-0.55,77,-0.56,pantai
TRS_SBY_0499,SBY,-0.53,21,0.01,-0.55,73,-0.53,pantai
TRS_SBY_0500,SBY,-0.54,23,0.01,-0.55,73,-0.54,pantai
TRS_SBY_0501,SBY,-0.54,22,0.01,-0.55,71,-0.54,pantai
TRS_SBY_0502,SBY,-0.54,18,0.01,-0.54,69,-0.54,pantai
TRS_SBY_0503,SBY,-0.54,23,0.01,-0.54,82,-0.54,pantai
TRS_SBY_0504,SBY,-0.52,22,0.01,-0.54,78,-0.52,pantai
TRS_SBY_0505,SBY,-0.51,20,0.01,-0.54,78,-0.51,pantai
TRS_SBY_0506,SBY,-0.51,26,0.01,-0.53,79,-0.51,pantai
TRS_SBY_0507,SBY,-0.53,13,0.01,-0.53,66,-0.53,pantai
TRS_SBY_0508,SBY,-0.53,19,0.01,-0.53,77,-0.53,pantai
TRS_SBY_0509,SBY,-0.53,20,0.01,-0.55,58,-0.53,pantai
TRS_SBY_0510,SBY,-0.53,27,0.01,-0.54,72,-0.53,pantai
TRS_SBY_0511,SBY,-0.56,19,0.01,-0.55,73,-0.56,pantai
TRS_SBY_0512,SBY,-0.57,24,0.01,-0.55,68,-0.57,pantai
TRS_SBY_0513,SBY,-0.57,16,0.01,-0.56,39,-0.57,pantai
TRS_SBY_0514,SBY,-0.57,15,0.01,-0.55,47,-0.57,pantai
TRS_SBY_0515,SBY,-0.61,22,0.01,-0.56,56,-0.61,pantai
TRS_SBY_0516,SBY,-0.58,13,0.01,-0.54,58,-0.58,pantai
TRS_SBY_0517,SBY,-0.57,19,0.01,-0.53,78,-0.57,pantai
TRS_SBY_0518,SBY,-0.56,27,0.01,-0.55,72,-0.56,pantai
TRS_SBY_0519,SBY,-0.54,17,0.01,-0.54,32,-0.54,pantai
TRS_SBY_0520,SBY,-0.56,20,0.01,-0.57,23,-0.56,pantai
TRS_SBY_0521,SBY,-0.55,22,0.01,-0.56,26,-0.55,pantai
TRS_SBY_0522,SBY,-0.51,28,0.01,-0.53,43,-0.51,pantai
TRS_SBY_0523,SBY,-0.51,31,0.01,-0.52,54,-0.51,pantai
TRS_SBY_0524,SBY,-0.51,30,0.01,-0.52,64,-0.51,pantai
TRS_SBY_0525,SBY,-0.5,30,0.01,-0.52,65,-0.5,pantai
TRS_SBY_0526,SBY,-0.5,28,0.01,-0.52,70,-0.5,pantai
TRS_SBY_0527,SBY,-0.51,19,0.01,-0.54,60,-0.51,pantai
TRS_SBY_0528,SBY,-0.47,12,0.01,-0.52,51,-0.47,pantai
TRS_SBY_0529,SBY,-0.57,10,0.01,-0.56,41,-0.57,pantai
TRS_SBY_0530,SBY,-0.63,15,0.01,-0.57,49,-0.63,pantai
TRS_SBY_0531,SBY,-0.58,23,0.01,-0.56,60,-0.58,pantai
TRS_SBY_0532,SBY,-0.56,25,0.01,-0.55,66,-0.56,pantai
TRS_SBY_0533,SBY,-0.52,26,0.01,-0.54,65,-0.52,pantai
TRS_SBY_0534,SBY,-0.49,27,0.01,-0.54,82,-0.49,pantai
TRS_SBY_0535,SBY,-0.5,29,0.01,-0.53,83,-0.5,pantai
TRS_SBY_0536,SBY,-0.51,31,0.01,-0.53,62,-0.51,pantai
TRS_SBY_0537,SBY,-0.54,30,0.01,-0.55,50,-0.54,pantai
TRS_SBY_0538,SBY,-0.52,28,0.01,-0.57,45,-0.52,pantai
TRS_SBY_0539,SBY,-0.54,28,0.01,-0.55,35,-0.54,pantai
TRS_SBY_0540,SBY,-0.53,26,0.01,-0.54,40,-0.53,pantai
TRS_SBY_0541,SBY,-0.52,24,0.01,-0.53,58,-0.52,pantai
TRS_SBY_0542,SBY,-0.52,22,0.01,-0.52,59,-0.52,pantai
TRS_SBY_0543,SBY,-0.51,21,0.01,-0.54,61,-0.51,pantai
TRS_SBY_0544,SBY,-0.51,19,0.01,-0.53,63,-0.51,pantai
TRS_SBY_0545,SBY,-0.5,22,0.01,-0.54,56,-0.5,pantai
TRS_SBY_0546,SBY,-0.51,23,0.01,-0.59,58,-0.51,pantai
TRS_SBY_0547,SBY,-0.53,20,0.01,-0.56,62,-0.53,pantai
TRS_SBY_0548,SBY,-0.53,22,0.01,-0.55,76,-0.53,pantai
TRS_SBY_0549,SBY,-0.52,27,0.01,-0.55,85,-0.52,pantai
TRS_SBY_0550,SBY,-0.52,27,0.01,-0.53,76,-0.52,pantai
TRS_SBY_0551,SBY,-0.53,26,0.01,-0.54,87,-0.53,pantai
TRS_SBY_0552,SBY,-0.52,23,0.01,-0.54,82,-0.52,pantai
TRS_SBY_0553,SBY,-0.52,25,0.01,-0.55,65,-0.52,pantai
TRS_SBY_0554,SBY,-0.54,23,0.01,-0.55,50,-0.54,pantai
TRS_SBY_0555,SBY,-0.57,20,0.01,-0.57,46,-0.57,pantai
TRS_SBY_0556,SBY,-0.63,24,0.01,-0.57,57,-0.63,pantai
TRS_SBY_0557,SBY,-0.67,28,0.01,-0.57,68,-0.67,pantai
TRS_SBY_0558,SBY,-0.64,22,0.01,-0.57,68,-0.64,pantai
TRS_SBY_0559,SBY,-0.63,19,0.01,-0.57,69,-0.63,pantai
TRS_SBY_0560,SBY,-0.63,21,0.01,-0.55,60,-0.63,pantai
TRS_SBY_0561,SBY,-0.56,23,0.01,-0.54,74,-0.56,pantai
TRS_SBY_0562,SBY,-0.54,30,0.01,-0.55,84,-0.54,pantai
TRS_SBY_0563,SBY,-0.52,29,0.01,-0.56,80,-0.52,pantai
TRS_SBY_0564,SBY,-0.58,29,0.01,-0.6,70,-0.58,pantai
TRS_SBY_0565,SBY,-0.62,20,0.01,-0.62,49,-0.62,pantai
TRS_SBY_0566,SBY,-0.57,11,0.01,-0.58,47,-0.57,pantai
TRS_SBY_0567,SBY,-0.54,18,0.01,-0.56,50,-0.54,pantai
TRS_SBY_0568,SBY,-0.54,26,0.01,-0.55,64,-0.54,pantai
TRS_SBY_0569,SBY,-0.55,27,0.01,-0.55,66,-0.55,pantai
TRS_SBY_0570,SBY,-0.55,23,0.01,-0.55,64,-0.55,pantai
TRS_SBY_0571,SBY,-0.52,16,0.01,-0.56,51,-0.52,pantai
TRS_SBY_0572,SBY,-0.54,21,0.01,-0.58,51,-0.54,pantai
TRS_SBY_0573,SBY,-0.53,25,0.01,-0.55,57,-0.53,pantai
TRS_SBY_0574,SBY,-0.51,30,0.01,-0.53,80,-0.51,pantai
TRS_SBY_0575,SBY,-0.48,24,0.01,-0.54,82,-0.48,pantai
TRS_SBY_0576,SBY,-0.53,25,0.01,-0.56,81,-0.53,pantai
TRS_SBY_0577,SBY,-0.61,21,0.01,-0.58,55,-0.61,pantai
TRS_SBY_0578,SBY,-0.58,24,0.01,-0.58,44,-0.58,pantai
TRS_SBY_0579,SBY,-0.54,28,0.01,-0.55,61,-0.54,pantai
TRS_SBY_0580,SBY,-0.5,30,0.01,-0.54,86,-0.5,pantai
TRS_SBY_0581,SBY,-0.45,27,0.01,-0.54,82,-0.45,pantai
TRS_SBY_0582,SBY,-0.44,25,0.01,-0.53,81,-0.44,pantai
TRS_SBY_0583,SBY,-0.45,30,0.01,-0.48,79,-0.45,pantai
TRS_SBY_0584,SBY,-0.45,25,0.01,-0.47,84,-0.45,pantai
TRS_SBY_0585,SBY,-0.46,30,0.01,-0.47,84,-0.46,pantai
TRS_SBY_0586,SBY,-0.48,28,0.01,-0.48,84,-0.48,pantai
TRS_SBY_0587,SBY,-0.49,28,0.01,-0.49,83,-0.49,pantai
TRS_SBY_0588,SBY,-0.49,28,0.01,-0.48,83,-0.49,pantai
TRS_SBY_0589,SBY,-0.48,28,0.01,-0.49,80,-0.48,pantai
TRS_SBY_0590,SBY,-0.49,24,0.01,-0.5,82,-0.49,pantai
TRS_SBY_0591,SBY,-0.5,26,0.01,-0.5,73,-0.5,pantai
TRS_SBY_0592,SBY,-0.49,27,0.01,-0.5,66,-0.49,pantai
TRS_SBY_0593,SBY,-0.54,23,0.01,-0.52,68,-0.54,pantai
TRS_SBY_0594,SBY,-0.53,27,0.01,-0.49,84,-0.53,pantai
TRS_SBY_0595,SBY,-0.5,19,0.01,-0.47,67,-0.5,pantai
TRS_SBY_0596,SBY,-0.51,7,0.01,-0.48,45,-0.51,pantai
TRS_SBY_0597,SBY,-0.53,10,0.01,-0.49,41,-0.53,pantai
TRS_SBY_0598,SBY,-0.51,26,0.01,-0.5,69,-0.51,pantai
TRS_SBY_0599,SBY,-0.52,16,0.01,-0.5,72,-0.52,pantai
TRS_SBY_0600,SBY,-0.52,18,0.01,-0.52,73,-0.52,pantai
TRS_SBY_0601,SBY,-0.63,19,0.01,-0.5,73,-0.63,pantai
TRS_SBY_0602,SBY,-0.63,21,0.01,-0.5,81,-0.63,pantai
TRS_SBY_0603,SBY,-0.66,20,0.01,-0.5,75,-0.66,pantai
TRS_SBY_0604,SBY,-0.62,24,0.01,-0.48,61,-0.62,pantai
TRS_SBY_0605,SBY,-0.58,28,0.01,-0.54,41,-0.58,pantai
TRS_SBY_0606,SBY,-0.56,31,0.01,-0.53,43,-0.56,pantai
TRS_SBY_0607,SBY,-0.61,28,0.01,-0.55,76,-0.61,pantai
TRS_SBY_0608,SBY,-0.65,29,0.01,-0.56,55,-0.65,pantai
TRS_SBY_0609,SBY,-0.75,7,0.01,-0.52,24,-0.75,pantai
TRS_SBY_0610,SBY,-0.64,9,0.01,-0.51,37,-0.64,pantai
TRS_SBY_0611,SBY,-0.55,17,0.01,-0.49,55,-0.55,pantai
TRS_SBY_0612,SBY,-0.52,18,0.01,-0.48,55,-0.52,pantai
TRS_SBY_0613,SBY,-0.53,24,0.01,-0.5,55,-0.53,pantai
TRS_SBY_0614,SBY,-0.51,24,0.01,-0.5,62,-0.51,pantai
TRS_SBY_0615,SBY,-0.47,32,0.01,-0.47,68,-0.47,pantai
TRS_SBY_0616,SBY,-0.47,33,0.01,-0.5,47,-0.47,pantai
TRS_SBY_0617,SBY,-0.58,18,0.01,-0.5,39,-0.58,pantai
TRS_SBY_0618,SBY,-0.58,17,0.01,-0.47,53,-0.58,pantai
TRS_SBY_0619,SBY,-0.57,16,0.01,-0.46,58,-0.57,pantai
TRS_SBY_0620,SBY,-0.61,24,0.01,-0.51,64,-0.61,pantai
TRS_SBY_0621,SBY,-0.58,19,0.01,-0.54,68,-0.58,pantai
TRS_SBY_0622,SBY,-0.51,22,0.01,-0.52,76,-0.51,pantai
TRS_SBY_0623,SBY,-0.55,26,0.01,-0.52,83,-0.55,pantai
TRS_SBY_0624,SBY,-0.5,23,0.01,-0.54,61,-0.5,pantai
TRS_SBY_0625,SBY,-0.55,26,0.01,-0.53,63,-0.55,pantai
TRS_SBY_0626,SBY,-0.62,29,0.01,-0.53,65,-0.62,pantai
TRS_SBY_0627,SBY,-0.67,25,0.01,-0.55,56,-0.67,pantai
TRS_SBY_0628,SBY,-0.62,24,0.01,-0.52,60,-0.62,pantai
TRS_SBY_0629,SBY,-0.63,21,0.01,-0.53,70,-0.63,pantai
TRS_SBY_0630,SBY,-0.69,28,0.01,-0.52,56,-0.69,pantai
TRS_SBY_0631,SBY,-0.67,25,0.01,-0.51,55,-0.67,pantai
TRS_SBY_0632,SBY,-0.63,28,0.01,-0.5,65,-0.63,pantai
TRS_SBY_0633,SBY,-0.6,28,0.01,-0.48,81,-0.6,pantai
TRS_SBY_0634,SBY,-0.55,30,0.01,-0.49,88,-0.55,pantai
TRS_SBY_0635,SBY,-0.51,26,0.01,-0.5,75,-0.51,pantai
TRS_SBY_0636,SBY,-0.56,34,0.01,-0.48,70,-0.56,pantai
TRS_SBY_0637,SBY,-0.59,34,0.01,-0.46,82,-0.59,pantai
TRS_SBY_0638,SBY,-0.6,33,0.01,-0.57,58,-0.6,pantai
TRS_SBY_0639,SBY,-0.62,29,0.01,-0.56,47,-0.62,pantai
TRS_SBY_0640,SBY,-0.65,22,0.01,-0.61,41,-0.65,pantai
TRS_SBY_0641,SBY,-0.67,17,0.01,-0.56,38,-0.67,pantai
TRS_SBY_0642,SBY,-0.56,15,0.01,-0.49,35,-0.56,pantai
TRS_SBY_0643,SBY,-0.49,13,0.01,-0.45,47,-0.49,pantai
TRS_SBY_0644,SBY,-0.48,17,0.01,-0.46,49,-0.48,pantai
TRS_SBY_0645,SBY,-0.48,25,0.01,-0.47,44,-0.48,pantai
TRS_SBY_0646,SBY,-0.54,26,0.01,-0.48,48,-0.54,pantai
TRS_SBY_0647,SBY,-0.53,28,0.01,-0.47,42,-0.53,pantai
TRS_SBY_0648,SBY,-0.51,27,0.01,-0.43,54,-0.51,pantai
TRS_SBY_0649,SBY,-0.44,25,0.01,-0.41,56,-0.44,pantai
TRS_SBY_0650,SBY,-0.44,22,0.01,-0.42,56,-0.44,pantai
TRS_SBY_0651,SBY,-0.43,23,0.01,-0.42,55,-0.43,pantai
TRS_SBY_0652,SBY,-0.43,27,0.01,-0.42,58,-0.43,pantai
TRS_SBY_0653,SBY,-0.44,28,0.01,-0.43,62,-0.44,pantai
TRS_SBY_0654,SBY,-0.44,34,0.01,-0.44,55,-0.44,pantai
TRS_SBY_0655,SBY,-0.47,28,0.01,-0.45,49,-0.47,pantai
TRS_SBY_0656,SBY,-0.45,30,0.01,-0.43,48,-0.45,pantai
TRS_SBY_0657,SBY,-0.44,27,0.01,-0.43,47,-0.44,pantai
TRS_SBY_0658,SBY,-0.44,25,0.01,-0.43,61,-0.44,pantai
TRS_SBY_0659,SBY,-0.45,26,0.01,-0.43,69,-0.45,pantai
TRS_SBY_0660,SBY,-0.47,25,0.01,-0.43,54,-0.47,pantai
TRS_SBY_0661,SBY,-0.49,26,0.01,-0.44,72,-0.49,pantai
TRS_SBY_0662,SBY,-0.45,27,0.01,-0.45,68,-0.45,pantai
TRS_SBY_0663,SBY,-0.45,26,0.01,-0.44,72,-0.45,pantai
TRS_SBY_0664,SBY,-0.47,27,0.01,-0.44,67,-0.47,pantai
TRS_SBY_0665,SBY,-0.46,29,0.01,-0.42,68,-0.46,pantai
TRS_SBY_0666,SBY,-0.49,29,0.01,-0.43,57,-0.49,pantai
TRS_SBY_0667,SBY,-0.4,31,0.01,-0.41,73,-0.4,pantai
TRS_SBY_0668,SBY,-0.39,32,0.01,-0.41,60,-0.39,pantai
TRS_SBY_0669,SBY,-0.45,27,0.01,-0.42,52,-0.45,pantai
TRS_SBY_0670,SBY,-0.47,24,0.01,-0.37,52,-0.47,pantai
TRS_SBY_0671,SBY,-0.41,28,0.01,-0.4,73,-0.41,pantai
TRS_SBY_0672,SBY,-0.4,33,0.01,-0.4,64,-0.4,pantai
TRS_SBY_0673,SBY,-0.38,34,0.01,-0.39,66,-0.38,pantai
TRS_SBY_0674,SBY,-0.4,30,0.01,-0.39,64,-0.4,pantai
TRS_SBY_0675,SBY,-0.41,25,0.01,-0.4,65,-0.41,pantai
TRS_SBY_0676,SBY,-0.45,19,0.01,-0.42,69,-0.45,pantai
TRS_SBY_0677,SBY,-0.7,21,0.01,-0.44,80,-0.7,pantai
TRS_SBY_0678,SBY,-0.74,23,0.01,-0.46,67,-0.74,pantai
TRS_SBY_0679,SBY,-0.85,21,0.01,-0.45,63,-0.85,pantai
TRS_SBY_0680,SBY,-0.75,25,0.01,-0.44,74,-0.75,pantai
TRS_SBY_0681,SBY,-0.74,20,0.01,-0.44,66,-0.74,pantai
TRS_SBY_0682,SBY,-0.65,21,0.01,-0.43,65,-0.65,pantai
TRS_SBY_0683,SBY,-0.57,15,0.01,-0.41,54,-0.57,pantai
TRS_SBY_0684,SBY,-0.49,10,0.01,-0.39,56,-0.49,pantai
TRS_SBY_0685,SBY,-0.46,8,0.01,-0.4,61,-0.46,pantai
TRS_SBY_0686,SBY,-0.32,8,0.01,-0.38,69,-0.32,pantai
TRS_SBY_0687,SBY,-0.3,23,0.01,-0.38,86,-0.3,pantai
TRS_SBY_0688,SBY,-0.36,20,0.01,-0.38,70,-0.36,pantai
TRS_SBY_0689,SBY,-0.36,19,0.01,-0.38,70,-0.36,pantai
TRS_SBY_0690,SBY,-0.35,18,0.01,-0.38,66,-0.35,pantai
TRS_SBY_0691,SBY,-0.36,20,0.01,-0.38,66,-0.36,pantai
TRS_SBY_0692,SBY,-0.4,18,0.01,-0.38,57,-0.4,pantai
TRS_SBY_0693,SBY,-0.44,20,0.01,-0.4,54,-0.44,pantai
TRS_SBY_0694,SBY,-0.46,22,0.01,-0.42,50,-0.46,pantai
TRS_SBY_0695,SBY,,0,,-0.48,23,-0.48,darat
TRS_SBY_0696,SBY,,0,,-0.47,27,-0.47,darat
TRS_SBY_0697,SBY,-0.42,3,0.01,-0.43,33,-0.43,darat
TRS_SBY_0698,SBY,-0.44,16,0.01,-0.43,40,-0.44,pantai
TRS_SBY_0699,SBY,-0.44,18,0.01,-0.47,44,-0.44,pantai
TRS_SBY_0700,SBY,-0.46,3,0.01,-0.55,39,-0.55,darat
TRS_SBY_0701,SBY,-0.57,13,0.01,-0.56,37,-0.57,pantai
TRS_SBY_0702,SBY,-0.56,25,0.01,-0.52,50,-0.56,pantai
TRS_SBY_0703,SBY,-0.52,21,0.01,-0.46,58,-0.52,pantai
TRS_SBY_0704,SBY,-0.45,17,0.01,-0.43,57,-0.45,pantai
TRS_SBY_0705,SBY,-0.44,19,0.01,-0.42,66,-0.44,pantai
TRS_SBY_0706,SBY,-0.44,17,0.01,-0.43,74,-0.44,pantai
TRS_SBY_0707,SBY,-0.43,21,0.01,-0.42,77,-0.43,pantai
TRS_SBY_0708,SBY,-0.42,20,0.01,-0.41,69,-0.42,pantai
TRS_SBY_0709,SBY,-0.43,20,0.01,-0.39,60,-0.43,pantai
TRS_SBY_0710,SBY,-0.48,12,0.01,-0.43,65,-0.48,pantai
TRS_SBY_0711,SBY,-0.52,8,0.01,-0.46,61,-0.52,pantai
TRS_SBY_0712,SBY,-0.53,9,0.01,-0.45,66,-0.53,pantai
TRS_SBY_0713,SBY,-0.48,3,0.01,-0.42,56,-0.42,darat
TRS_SBY_0714,SBY,,0,,-0.42,39,-0.42,darat
TRS_SBY_0715,SBY,-0.61,10,0.01,-0.56,31,-0.61,pantai
TRS_SBY_0716,SBY,-0.52,24,0.01,-0.51,39,-0.52,pantai
TRS_SBY_0717,SBY,-0.5,20,0.01,-0.48,29,-0.5,pantai
TRS_SBY_0718,SBY,-0.45,20,0.01,-0.44,27,-0.45,pantai
TRS_SBY_0719,SBY,-0.5,13,0.01,-0.41,21,-0.5,pantai
TRS_SBY_0720,SBY,-0.38,15,0.01,-0.35,31,-0.38,pantai
TRS_SBY_0721,SBY,-0.37,5,0.01,-0.35,19,-0.37,pantai
TRS_SBY_0722,SBY,-0.34,5,0.01,-0.33,37,-0.34,pantai
TRS_SBY_0723,SBY,-0.33,9,0.01,-0.33,27,-0.33,pantai
TRS_SBY_0724,SBY,-0.37,10,0.01,-0.34,23,-0.37,pantai
TRS_SBY_0725,SBY,-0.42,20,0.01,-0.35,25,-0.42,pantai
TRS_SBY_0726,SBY,-0.33,16,0.01,-0.33,20,-0.33,pantai
TRS_SBY_0727,SBY,-0.33,12,0.01,-0.33,14,-0.33,pantai
TRS_SBY_0728,SBY,-0.33,15,0.01,-0.33,18,-0.33,pantai
TRS_SBY_0729,SBY,-0.34,15,0.01,-0.34,17,-0.34,pantai
TRS_SBY_0730,SBY,-0.38,27,0.01,-0.37,36,-0.38,pantai
TRS_SBY_0731,SBY,-0.34,19,0.01,-0.33,38,-0.34,pantai
TRS_SBY_0732,SBY,-0.3,15,0.01,-0.3,41,-0.3,pantai
TRS_SBY_0733,SBY,-0.29,10,0.01,-0.31,31,-0.29,pantai
TRS_SBY_0734,SBY,-0.28,16,0.01,-0.28,26,-0.28,pantai
TRS_SBY_0735,SBY,-0.28,18,0.01,-0.26,30,-0.28,pantai
TRS_SBY_0736,SBY,-0.26,18,0.01,-0.25,28,-0.26,pantai
TRS_SBY_0737,SBY,-0.25,20,0.01,-0.25,18,-0.25,pantai
TRS_SBY_0738,SBY,-0.26,22,0.01,-0.26,22,-0.26,pantai
TRS_SBY_0739,SBY,-0.27,17,0.01,-0.27,17,-0.27,pantai
TRS_SBY_0740,SBY,-0.27,11,0.01,-0.27,11,-0.27,pantai
TRS_SBY_0741,SBY,-0.19,16,0.01,-0.19,16,-0.19,pantai
TRS_SBY_0742,SBY,-0.18,29,0.01,-0.18,28,-0.18,pantai
TRS_SBY_0743,SBY,-0.18,26,0.01,-0.18,26,-0.18,pantai
TRS_SBY_0744,SBY,-0.19,17,0.01,-0.19,17,-0.19,pantai
TRS_SBY_0745,SBY,-0.2,24,0.01,-0.2,24,-0.2,pantai
TRS_SBY_0746,SBY,-0.25,24,0.01,-0.23,30,-0.25,pantai
TRS_SBY_0747,SBY,-0.23,25,0.01,-0.21,31,-0.23,pantai
TRS_SBY_0748,SBY,-0.22,21,0.01,-0.2,29,-0.22,pantai
TRS_SBY_0749,SBY,-0.22,25,0.01,-0.2,30,-0.22,pantai
TRS_SBY_0750,SBY,-0.24,21,0.01,-0.22,26,-0.24,pantai
TRS_SBY_0751,SBY,-0.23,22,0.01,-0.18,30,-0.23,pantai
TRS_SBY_0752,SBY,-0.18,23,0.01,-0.17,33,-0.18,pantai
TRS_SBY_0753,SBY,-0.19,21,0.01,-0.15,33,-0.19,pantai
TRS_SBY_0754,SBY,-0.18,19,0.01,-0.17,33,-0.18,pantai
TRS_SBY_0755,SBY,-0.2,18,0.01,-0.2,37,-0.2,pantai
TRS_SBY_0756,SBY,-0.18,23,0.01,-0.19,52,-0.18,pantai
TRS_SBY_0757,SBY,-0.17,20,0.01,-0.21,71,-0.17,pantai
TRS_SBY_0758,SBY,-0.19,18,0.01,-0.23,78,-0.19,pantai
TRS_SBY_0759,SBY,-0.25,24,0.01,-0.24,86,-0.25,pantai
TRS_SBY_0760,SBY,-0.26,24,0.01,-0.28,76,-0.26,pantai
TRS_SBY_0761,SBY,-0.22,23,0.01,-0.24,63,-0.22,pantai
TRS_SBY_0762,SBY,-0.25,24,0.01,-0.22,71,-0.25,pantai
TRS_SBY_0763,SBY,-0.3,26,0.01,-0.27,69,-0.3,pantai
TRS_SBY_0764,SBY,-0.41,30,0.01,-0.38,74,-0.41,pantai
TRS_SBY_0765,SBY,-0.33,22,0.01,-0.37,64,-0.33,pantai
TRS_SBY_0766,SBY,-0.29,26,0.01,-0.27,66,-0.29,pantai
TRS_SBY_0767,SBY,-0.23,25,0.01,-0.31,74,-0.23,pantai
TRS_SBY_0768,SBY,-0.21,25,0.01,-0.31,74,-0.21,pantai
TRS_SBY_0769,SBY,-0.21,31,0.01,-0.32,82,-0.21,pantai
TRS_SBY_0770,SBY,-0.21,25,0.01,-0.28,64,-0.21,pantai
TRS_SBY_0771,SBY,-0.21,26,0.01,-0.2,57,-0.21,pantai
TRS_SBY_0772,SBY,-0.2,28,0.01,-0.19,58,-0.2,pantai
TRS_SBY_0773,SBY,-0.21,33,0.01,-0.19,66,-0.21,pantai
TRS_SBY_0774,SBY,-0.19,30,0.01,-0.21,71,-0.19,pantai
TRS_SBY_0775,SBY,-0.22,25,0.01,-0.24,66,-0.22,pantai
TRS_SBY_0776,SBY,-0.26,26,0.01,-0.28,50,-0.26,pantai
TRS_SBY_0777,SBY,-0.29,19,0.01,-0.29,37,-0.29,pantai
TRS_SBY_0778,SBY,-0.4,9,0.01,-0.31,19,-0.4,pantai
TRS_SBY_0779,SBY,-0.58,6,0.01,-0.51,10,-0.58,pantai
TRS_SBY_0780,SBY,-0.6,16,0.01,-0.6,16,-0.6,pantai
TRS_SBY_0781,SBY,-0.23,14,0.01,-0.23,14,-0.23,pantai
TRS_SBY_0782,SBY,-0.24,14,0.01,-0.24,14,-0.24,pantai
TRS_SBY_0783,SBY,-0.18,14,0.01,-0.2,21,-0.18,pantai
TRS_SBY_0784,SBY,-0.15,10,0.01,-0.16,35,-0.15,pantai
TRS_SBY_0785,SBY,-0.13,7,0.01,-0.15,30,-0.13,pantai
TRS_SBY_0786,SBY,-0.15,5,0.01,-0.16,46,-0.15,pantai
TRS_SBY_0787,SBY,-0.17,7,0.01,-0.16,20,-0.17,pantai
TRS_SBY_0788,SBY,-0.15,18,0.01,-0.15,29,-0.15,pantai
TRS_SBY_0789,SBY,-0.13,23,0.01,-0.14,40,-0.13,pantai
TRS_SBY_0790,SBY,-0.1,21,0.01,-0.1,23,-0.1,pantai
TRS_SBY_0791,SBY,-0.13,26,0.01,-0.14,35,-0.13,pantai
TRS_SBY_0792,SBY,-0.13,30,0.01,-0.14,35,-0.13,pantai
TRS_SBY_0793,SBY,-0.12,29,0.01,-0.14,40,-0.12,pantai
TRS_SBY_0794,SBY,-0.13,27,0.01,-0.14,40,-0.13,pantai
TRS_SBY_0795,SBY,-0.15,24,0.01,-0.14,45,-0.15,pantai
TRS_SBY_0796,SBY,-0.19,18,0.01,-0.14,44,-0.19,pantai
TRS_SBY_0797,SBY,-0.24,16,0.01,-0.14,42,-0.24,pantai
TRS_SBY_0798,SBY,-0.26,19,0.01,-0.14,44,-0.26,pantai
TRS_SBY_0799,SBY,-0.14,27,0.01,-0.13,46,-0.14,pantai
TRS_SBY_0800,SBY,-0.12,28,0.01,-0.13,48,-0.12,pantai
TRS_SBY_0801,SBY,-0.1,25,0.01,-0.12,54,-0.1,pantai
TRS_SBY_0802,SBY,-0.12,10,0.01,-0.15,42,-0.12,pantai
TRS_SBY_0803,SBY,-0.13,12,0.01,-0.15,41,-0.13,pantai
TRS_SBY_0804,SBY,-0.19,17,0.01,-0.17,52,-0.19,pantai
TRS_SBY_0805,SBY,-0.18,18,0.01,-0.15,56,-0.18,pantai
TRS_SBY_0806,SBY,-0.17,11,0.01,-0.13,32,-0.17,pantai
TRS_SBY_0807,SBY,-0.14,16,0.01,-0.13,44,-0.14,pantai
TRS_SBY_0808,SBY,-0.14,20,0.01,-0.12,51,-0.14,pantai
TRS_SBY_0809,SBY,-0.11,13,0.01,-0.1,47,-0.11,pantai
TRS_SBY_0810,SBY,-0.1,18,0.01,-0.11,49,-0.1,pantai
TRS_SBY_0811,SBY,-0.12,11,0.01,-0.12,29,-0.12,pantai
TRS_SBY_0812,SBY,-0.11,20,0.01,-0.1,34,-0.11,pantai
TRS_SBY_0813,SBY,-0.1,13,0.01,-0.09,23,-0.1,pantai
TRS_SBY_0814,SBY,-0.1,14,0.01,-0.09,19,-0.1,pantai
TRS_SBY_0815,SBY,-0.16,9,0.01,-0.11,21,-0.16,pantai
TRS_SBY_0816,SBY,-0.21,7,0.01,-0.1,28,-0.21,pantai
TRS_SBY_0817,SBY,-0.16,17,0.01,-0.1,45,-0.16,pantai
TRS_SBY_0818,SBY,-0.15,31,0.01,-0.14,58,-0.15,pantai
TRS_SBY_0819,SBY,-0.14,34,0.01,-0.14,66,-0.14,pantai
TRS_SBY_0820,SBY,-0.12,30,0.01,-0.11,77,-0.12,pantai
TRS_SBY_0821,SBY,-0.1,16,0.01,-0.09,71,-0.1,pantai
TRS_SBY_0822,SBY,-0.09,23,0.01,-0.09,86,-0.09,pantai
TRS_SBY_0823,SBY,-0.07,31,0.01,-0.08,75,-0.07,pantai
TRS_SBY_0824,SBY,-0.08,26,0.01,-0.08,74,-0.08,pantai
TRS_SBY_0825,SBY,-0.08,24,0.01,-0.07,78,-0.08,pantai
TRS_SBY_0826,SBY,-0.08,14,0.01,-0.05,69,-0.08,pantai
TRS_SBY_0827,SBY,-0.12,10,0.01,-0.03,68,-0.12,pantai
TRS_SBY_0828,SBY,,0,,-0.03,57,-0.03,darat
TRS_SBY_0829,SBY,,0,,-0.03,47,-0.03,darat
TRS_SBY_0830,SBY,,0,,-0.06,35,-0.06,darat
TRS_SBY_0831,SBY,,0,,-0.03,14,-0.03,darat
TRS_SBY_0832,SBY,-0.55,4,0.01,-0.12,21,-0.12,darat
TRS_SBY_0833,SBY,-0.37,1,0.01,-0.04,26,-0.04,darat
TRS_SBY_0834,SBY,-0.24,5,0.01,-0.24,10,-0.24,pantai
TRS_SBY_0835,SBY,-0.27,6,0.01,-0.25,12,-0.27,pantai
TRS_SBY_0836,SBY,,0,,-0.19,3,-0.1,tetangga
TRS_SBY_0837,SBY,,0,,-0.05,8,-0.05,darat
TRS_SBY_0838,SBY,,0,,-0.1,39,-0.1,darat
TRS_SBY_0839,SBY,,0,,-0.1,47,-0.1,darat
TRS_SBY_0840,SBY,,0,,-0.0,34,-0.0,darat
TRS_SBY_0841,SBY,,0,,0.04,24,0.04,darat
TRS_SBY_0842,SBY,,0,,0.35,22,0.35,darat
TRS_SBY_0843,SBY,,0,,0.12,24,0.12,darat
TRS_SBY_0844,SBY,,0,,0.05,20,0.05,darat
TRS_SBY_0845,SBY,,0,,0.05,20,0.05,darat
TRS_SBY_0846,SBY,,0,,0.1,17,0.1,darat
TRS_SBY_0847,SBY,,0,,0.24,20,0.24,darat
TRS_SBY_0848,SBY,,0,,0.12,37,0.12,darat
TRS_SBY_0849,SBY,-0.04,5,0.01,-0.0,56,-0.04,pantai
TRS_SBY_0850,SBY,-0.07,26,0.01,-0.04,86,-0.07,pantai
TRS_SBY_0851,SBY,-0.09,27,0.01,-0.04,92,-0.09,pantai
TRS_SBY_0852,SBY,-0.1,30,0.01,-0.02,88,-0.1,pantai
TRS_SBY_0853,SBY,-0.1,15,0.01,-0.02,75,-0.1,pantai
TRS_SBY_0854,SBY,-0.07,12,0.01,-0.02,70,-0.07,pantai
TRS_SBY_0855,SBY,-0.07,9,0.01,-0.02,70,-0.07,pantai
TRS_SBY_0856,SBY,,0,,-0.02,62,-0.02,darat
TRS_SBY_0857,SBY,,0,,-0.01,61,-0.01,darat
TRS_SBY_0858,SBY,,0,,-0.01,68,-0.01,darat
TRS_SBY_0859,SBY,,0,,-0.01,56,-0.01,darat
TRS_SBY_0860,SBY,-0.11,11,0.01,-0.01,62,-0.11,pantai
TRS_SBY_0861,SBY,-0.12,21,0.01,-0.01,69,-0.12,pantai
TRS_SBY_0862,SBY,-0.1,21,0.01,-0.0,74,-0.1,pantai
TRS_SBY_0863,SBY,-0.06,21,0.01,-0.0,70,-0.06,pantai
TRS_SBY_0864,SBY,-0.08,25,0.01,-0.01,70,-0.08,pantai
TRS_SBY_0865,SBY,-0.09,23,0.01,-0.02,65,-0.09,pantai
TRS_SBY_0866,SBY,-0.02,23,0.01,-0.01,63,-0.02,pantai
TRS_SBY_0867,SBY,-0.02,30,0.01,-0.01,74,-0.02,pantai
TRS_SBY_0868,SBY,0.0,30,0.01,-0.01,67,0.0,pantai
TRS_SBY_0869,SBY,-0.02,27,0.01,-0.03,63,-0.02,pantai
TRS_SBY_0870,SBY,-0.02,27,0.01,-0.02,60,-0.02,pantai
TRS_SBY_0871,SBY,-0.01,31,0.01,-0.02,66,-0.01,pantai
TRS_SBY_0872,SBY,-0.02,33,0.01,-0.02,66,-0.02,pantai
TRS_SBY_0873,SBY,-0.01,29,0.01,-0.03,69,-0.01,pantai
TRS_SBY_0874,SBY,0.0,28,0.01,-0.03,77,0.0,pantai
TRS_SBY_0875,SBY,0.0,26,0.01,-0.03,82,0.0,pantai
TRS_SBY_0876,SBY,0.03,13,0.01,-0.02,62,0.03,pantai
TRS_SBY_0877,SBY,0.03,14,0.01,-0.0,53,0.03,pantai
TRS_SBY_0878,SBY,0.02,5,0.01,0.0,47,0.02,pantai
TRS_SBY_0879,SBY,,0,,-0.02,39,-0.02,darat
TRS_SBY_0880,SBY,,0,,-0.03,31,-0.03,darat
TRS_SBY_0881,SBY,0.03,15,0.01,-0.0,36,0.03,pantai
TRS_SBY_0882,SBY,0.02,11,0.01,-0.01,30,0.02,pantai
TRS_SBY_0883,SBY,0.02,11,0.01,-0.02,36,0.02,pantai
TRS_SBY_0884,SBY,0.02,13,0.01,-0.01,45,0.02,pantai
TRS_SBY_0885,SBY,0.09,10,0.01,-0.01,44,0.09,pantai
TRS_SBY_0886,SBY,0.12,4,0.01,-0.03,39,-0.03,darat
TRS_SBY_0887,SBY,0.02,6,0.01,-0.03,47,0.02,pantai
TRS_SBY_0888,SBY,0.02,8,0.01,-0.02,52,0.02,pantai
TRS_SBY_0889,SBY,-0.03,12,0.01,-0.02,59,-0.03,pantai
TRS_SBY_0890,SBY,-0.03,28,0.01,-0.02,82,-0.03,pantai
TRS_SBY_0891,SBY,-0.02,27,0.01,-0.03,85,-0.02,pantai
TRS_SBY_0892,SBY,-0.0,21,0.01,-0.03,76,-0.0,pantai
TRS_SBY_0893,SBY,0.0,26,0.01,-0.01,73,0.0,pantai
TRS_SBY_0894,SBY,-0.0,27,0.01,-0.01,71,-0.0,pantai
TRS_SBY_0895,SBY,0.01,25,0.01,-0.01,77,0.01,pantai
TRS_SBY_0896,SBY,0.04,29,0.01,-0.0,74,0.04,pantai
TRS_SBY_0897,SBY,0.07,30,0.01,-0.0,76,0.07,pantai
TRS_SBY_0898,SBY,0.06,29,0.01,-0.02,80,0.06,pantai
TRS_SBY_0899,SBY,0.01,32,0.01,-0.04,90,0.01,pantai
TRS_SBY_0900,SBY,0.01,33,0.01,-0.02,57,0.01,pantai
TRS_SBY_0901,SBY,0.0,29,0.01,0.0,31,0.0,pantai
TRS_SBY_0902,SBY,0.01,34,0.01,0.0,46,0.01,pantai
TRS_SBY_0903,SBY,0.02,28,0.01,0.01,51,0.02,pantai
TRS_SBY_0904,SBY,0.03,32,0.01,0.01,61,0.03,pantai
TRS_SBY_0905,SBY,0.03,31,0.01,-0.02,66,0.03,pantai
TRS_SBY_0906,SBY,0.01,24,0.01,-0.01,70,0.01,pantai
TRS_SBY_0907,SBY,0.01,27,0.01,-0.0,83,0.01,pantai
TRS_SBY_0908,SBY,-0.01,22,0.01,-0.01,68,-0.01,pantai
TRS_SBY_0909,SBY,0.01,19,0.01,-0.0,67,0.01,pantai
TRS_SBY_0910,SBY,0.05,23,0.01,-0.01,68,0.05,pantai
TRS_SBY_0911,SBY,0.12,22,0.01,-0.0,71,0.12,pantai
TRS_SBY_0912,SBY,0.02,31,0.01,0.01,73,0.02,pantai
TRS_SBY_0913,SBY,-0.01,43,0.01,0.02,70,-0.01,pantai
TRS_SBY_0914,SBY,-0.01,35,0.01,0.02,68,-0.01,pantai
TRS_SBY_0915,SBY,0.0,31,0.01,0.01,56,0.0,pantai
TRS_SBY_0916,SBY,-0.02,29,0.01,0.02,65,-0.02,pantai
TRS_SBY_0917,SBY,-0.02,18,0.01,-0.0,66,-0.02,pantai
TRS_SBY_0918,SBY,0.0,24,0.01,0.0,66,0.0,pantai
TRS_SBY_0919,SBY,0.0,20,0.01,-0.01,50,0.0,pantai
TRS_SBY_0920,SBY,0.01,23,0.01,-0.0,46,0.01,pantai
TRS_SBY_0921,SBY,0.04,33,0.01,0.02,54,0.04,pantai
TRS_SBY_0922,SBY,0.02,29,0.01,0.01,39,0.02,pantai
TRS_SBY_0923,SBY,0.01,28,0.01,0.01,32,0.01,pantai
TRS_SBY_0924,SBY,-0.02,28,0.01,-0.03,31,-0.02,pantai
TRS_SBY_0925,SBY,-0.04,29,0.01,-0.05,34,-0.04,pantai
TRS_SBY_0926,SBY,-0.06,29,0.01,-0.06,39,-0.06,pantai
TRS_SBY_0927,SBY,-0.08,30,0.01,-0.09,44,-0.08,pantai
TRS_SBY_0928,SBY,-0.11,22,0.01,-0.08,50,-0.11,pantai
TRS_SBY_0929,SBY,-0.13,15,0.01,-0.09,51,-0.13,pantai
TRS_SBY_0930,SBY,-0.14,14,0.01,-0.09,51,-0.14,pantai
TRS_SBY_0931,SBY,-0.14,9,0.01,-0.11,39,-0.14,pantai
TRS_SBY_0932,SBY,-0.2,6,0.01,-0.11,35,-0.2,pantai
TRS_SBY_0933,SBY,-0.21,9,0.01,-0.1,36,-0.21,pantai
TRS_SBY_0934,SBY,-0.28,19,0.01,-0.14,40,-0.28,pantai
TRS_SBY_0935,SBY,-0.27,15,0.01,-0.26,25,-0.27,pantai
TRS_SBY_0936,SBY,-0.27,19,0.01,-0.27,19,-0.27,pantai
TRS_SBY_0937,SBY,-0.31,19,0.01,-0.25,22,-0.31,pantai
TRS_SBY_0938,SBY,-0.15,7,0.01,-0.18,18,-0.15,pantai
TRS_SBY_0939,SBY,-0.17,1,0.01,-0.13,14,-0.13,darat
TRS_SBY_0940,SBY,-0.2,18,0.01,-0.17,42,-0.2,pantai
TRS_SBY_0941,SBY,-0.22,19,0.01,-0.19,49,-0.22,pantai
TRS_SBY_0942,SBY,-0.14,6,0.01,-0.13,36,-0.14,pantai
TRS_SBY_0943,SBY,-0.2,8,0.01,-0.17,31,-0.2,pantai
TRS_SBY_0944,SBY,-0.14,6,0.01,-0.15,16,-0.14,pantai
TRS_SBY_0945,SBY,-0.14,8,0.01,-0.12,5,-0.14,pantai
TRS_SBY_0946,SBY,-0.15,10,0.01,-0.15,10,-0.15,pantai
TRS_SBY_0947,SBY,-0.12,10,0.01,-0.12,10,-0.12,pantai
TRS_SBY_0948,SBY,-0.11,14,0.01,-0.14,19,-0.11,pantai
TRS_SBY_0949,SBY,-0.14,16,0.01,-0.14,18,-0.14,pantai
TRS_SBY_0950,SBY,-0.2,14,0.01,-0.17,24,-0.2,pantai
TRS_SBY_0951,SBY,-0.19,15,0.01,-0.17,30,-0.19,pantai
TRS_SBY_0952,SBY,-0.18,12,0.01,-0.16,20,-0.18,pantai
TRS_SBY_0953,SBY,-0.09,11,0.01,-0.12,12,-0.09,pantai
TRS_SBY_0954,SBY,-0.09,10,0.01,-0.1,19,-0.09,pantai
TRS_SBY_0955,SBY,-0.13,13,0.01,-0.16,51,-0.13,pantai
TRS_SBY_0956,SBY,-0.17,12,0.01,-0.16,57,-0.17,pantai
TRS_SBY_0957,SBY,-0.19,16,0.01,-0.16,58,-0.19,pantai
TRS_SBY_0958,SBY,-0.23,9,0.01,-0.19,36,-0.23,pantai
TRS_SBY_0959,SBY,-0.25,12,0.01,-0.19,34,-0.25,pantai
TRS_SBY_0960,SBY,-0.24,7,0.01,-0.18,19,-0.24,pantai
TRS_SBY_0961,SBY,-0.2,8,0.01,-0.19,18,-0.2,pantai
TRS_SBY_0962,SBY,-0.24,12,0.01,-0.23,41,-0.24,pantai
TRS_SBY_0963,SBY,-0.24,11,0.01,-0.2,41,-0.24,pantai
TRS_SBY_0964,SBY,-0.19,14,0.01,-0.17,54,-0.19,pantai
TRS_SBY_0965,SBY,-0.14,15,0.01,-0.13,53,-0.14,pantai
TRS_SBY_0966,SBY,-0.16,14,0.01,-0.14,57,-0.16,pantai
TRS_SBY_0967,SBY,-0.25,4,0.01,-0.16,37,-0.16,darat
TRS_SBY_0968,SBY,-0.27,2,0.01,-0.19,20,-0.19,darat
TRS_SBY_0969,SBY,-0.24,2,0.01,-0.18,33,-0.18,darat
TRS_SBY_0970,SBY,-0.18,20,0.01,-0.17,41,-0.18,pantai
TRS_SBY_0971,SBY,-0.2,15,0.01,-0.15,40,-0.2,pantai
TRS_SBY_0972,SBY,-0.21,10,0.01,-0.15,52,-0.21,pantai
TRS_SBY_0973,SBY,-0.24,13,0.01,-0.17,60,-0.24,pantai
TRS_SBY_0974,SBY,-0.23,15,0.01,-0.16,56,-0.23,pantai
TRS_SBY_0975,SBY,-0.17,10,0.01,-0.13,53,-0.17,pantai
TRS_SBY_0976,SBY,-0.19,15,0.01,-0.15,64,-0.19,pantai
TRS_SBY_0977,SBY,-0.16,23,0.01,-0.14,81,-0.16,pantai
TRS_SBY_0978,SBY,-0.17,13,0.01,-0.13,68,-0.17,pantai
TRS_SBY_0979,SBY,-0.16,9,0.01,-0.16,54,-0.16,pantai
TRS_SBY_0980,SBY,-0.18,33,0.01,-0.16,76,-0.18,pantai
TRS_SBY_0981,SBY,-0.18,17,0.01,-0.16,75,-0.18,pantai
TRS_SBY_0982,SBY,-0.21,10,0.01,-0.11,54,-0.21,pantai
TRS_SBY_0983,SBY,-0.21,5,0.01,-0.11,50,-0.21,pantai
TRS_SBY_0984,SBY,-0.21,4,0.01,-0.09,44,-0.09,darat
TRS_SBY_0985,SBY,-0.27,6,0.01,-0.11,39,-0.27,pantai
TRS_SBY_0986,SBY,-0.28,7,0.01,-0.2,27,-0.28,pantai
TRS_SBY_0987,SBY,-0.28,8,0.01,-0.16,34,-0.28,pantai
TRS_SBY_0988,SBY,-0.28,8,0.01,-0.17,31,-0.28,pantai
TRS_SBY_0989,SBY,-0.3,6,0.01,-0.15,30,-0.3,pantai
TRS_SBY_0990,SBY,-0.22,2,0.01,-0.14,33,-0.14,darat
TRS_SBY_0991,SBY,,0,,-0.14,42,-0.14,darat
TRS_SBY_0992,SBY,-0.31,4,0.01,-0.12,48,-0.12,darat
TRS_SBY_0993,SBY,-0.22,9,0.01,-0.15,54,-0.22,pantai
TRS_SBY_0994,SBY,-0.19,27,0.01,-0.12,78,-0.19,pantai
TRS_SBY_0995,SBY,-0.21,29,0.01,-0.15,71,-0.21,pantai
TRS_SBY_0996,SBY,-0.36,14,0.01,-0.12,36,-0.36,pantai
TRS_SBY_0997,SBY,-0.3,11,0.01,-0.13,29,-0.3,pantai
TRS_SBY_0998,SBY,-0.26,12,0.01,-0.14,32,-0.26,pantai
TRS_SBY_0999,SBY,-0.26,9,0.01,-0.13,30,-0.26,pantai
TRS_SBY_1000,SBY,-0.24,14,0.01,-0.18,34,-0.24,pantai
TRS_SBY_1001,SBY,-0.33,11,0.01,-0.19,31,-0.33,pantai
TRS_SBY_1002,SBY,-0.35,8,0.01,-0.2,18,-0.35,pantai
TRS_SBY_1003,SBY,-0.33,10,0.01,-0.32,13,-0.33,pantai
TRS_SBY_1004,SBY,-0.33,22,0.01,-0.32,29,-0.33,pantai
TRS_SBY_1005,SBY,-0.35,29,0.01,-0.34,35,-0.35,pantai
TRS_SBY_1006,SBY,-0.38,17,0.01,-0.18,34,-0.38,pantai
TRS_SBY_1007,SBY,-0.3,20,0.01,-0.3,20,-0.3,pantai
TRS_SBY_1008,SBY,-0.22,14,0.01,-0.22,12,-0.22,pantai
TRS_SBY_1009,SBY,-0.24,13,0.01,-0.27,9,-0.24,pantai
TRS_SBY_1010,SBY,-0.31,10,0.01,-0.3,14,-0.31,pantai
TRS_SBY_1011,SBY,-0.35,14,0.01,-0.06,48,-0.35,pantai
TRS_SBY_1012,SBY,-0.36,13,0.01,-0.14,56,-0.36,pantai
TRS_SBY_1013,SBY,-0.43,12,0.01,-0.25,24,-0.43,pantai
TRS_SBY_1014,SBY,-0.48,14,0.01,-0.45,24,-0.48,pantai
TRS_SBY_1015,SBY,-0.53,14,0.01,-0.14,22,-0.53,pantai
TRS_SBY_1016,SBY,-0.53,15,0.01,-0.26,24,-0.53,pantai
TRS_SBY_1017,SBY,-0.45,14,0.01,-0.44,20,-0.45,pantai
TRS_SBY_1018,SBY,-0.44,16,0.01,-0.35,22,-0.44,pantai
TRS_SBY_1019,SBY,-0.38,16,0.01,-0.35,28,-0.38,pantai
TRS_SBY_1020,SBY,-0.32,17,0.01,-0.33,30,-0.32,pantai
TRS_SBY_1021,SBY,-0.26,17,0.01,-0.27,22,-0.26,pantai
TRS_SBY_1022,SBY,-0.27,14,0.01,-0.27,29,-0.27,pantai
TRS_SBY_1023,SBY,-0.3,15,0.01,-0.27,34,-0.3,pantai
TRS_SBY_1024,SBY,-0.31,11,0.01,-0.27,23,-0.31,pantai
TRS_SBY_1025,SBY,-0.3,12,0.01,-0.17,33,-0.3,pantai
TRS_SBY_1026,SBY,-0.35,8,0.01,-0.21,22,-0.35,pantai
TRS_SBY_1027,SBY,-0.36,11,0.01,-0.29,18,-0.36,pantai
TRS_SBY_1028,SBY,-0.27,11,0.01,-0.26,12,-0.27,pantai
TRS_SBY_1029,SBY,-0.27,13,0.01,-0.2,24,-0.27,pantai
TRS_SBY_1030,SBY,-0.27,8,0.01,-0.17,25,-0.27,pantai
TRS_SBY_1031,SBY,-0.29,11,0.01,-0.27,17,-0.29,pantai
TRS_SBY_1032,SBY,-0.28,10,0.01,-0.27,19,-0.28,pantai
TRS_SBY_1033,SBY,-0.28,13,0.01,-0.27,10,-0.28,pantai
TRS_SBY_1034,SBY,-0.26,12,0.01,-0.27,17,-0.26,pantai
TRS_SBY_1035,SBY,-0.24,12,0.01,-0.27,20,-0.24,pantai
TRS_SBY_1036,SBY,-0.23,16,0.01,-0.23,19,-0.23,pantai
TRS_SBY_1037,SBY,-0.24,19,0.01,-0.24,22,-0.24,pantai
TRS_SBY_1038,SBY,-0.25,24,0.01,-0.25,29,-0.25,pantai
TRS_SBY_1039,SBY,-0.29,21,0.01,-0.31,31,-0.29,pantai
TRS_SBY_1040,SBY,-0.33,12,0.01,-0.35,20,-0.33,pantai
TRS_SBY_1041,SBY,-0.38,11,0.01,-0.41,14,-0.38,pantai
TRS_SBY_1042,SBY,-0.37,11,0.01,-0.42,19,-0.37,pantai
TRS_SBY_1043,SBY,-0.38,10,0.02,-0.43,25,-0.38,pantai
TRS_SBY_1044,SBY,-0.38,9,0.01,-0.5,25,-0.38,pantai
TRS_SBY_1045,SBY,-0.37,13,0.02,-0.51,23,-0.37,pantai
TRS_SBY_1046,SBY,-0.43,20,0.02,-0.46,32,-0.43,pantai
TRS_SBY_1047,SBY,-0.44,19,0.02,-0.48,27,-0.44,pantai
TRS_SBY_1048,SBY,-0.47,3,0.01,-0.47,7,-0.47,darat
TRS_SBY_1049,SBY,-0.46,5,0.02,-0.38,20,-0.46,pantai
TRS_SBY_1050,SBY,-0.51,7,0.02,-0.42,27,-0.51,pantai
TRS_SBY_1051,SBY,-0.48,8,0.02,-0.4,26,-0.48,pantai
TRS_SBY_1052,SBY,-0.52,7,0.02,-0.39,31,-0.52,pantai
TRS_SBY_1053,SBY,-0.42,12,0.01,-0.46,29,-0.42,pantai
TRS_SBY_1054,SBY,-0.43,5,0.01,-0.68,33,-0.43,pantai
TRS_SBY_1055,SBY,-0.46,11,0.01,-0.64,33,-0.46,pantai
TRS_SBY_1056,SBY,-0.5,7,0.01,-0.64,49,-0.5,pantai
TRS_SBY_1057,SBY,-0.47,6,0.02,-0.59,47,-0.47,pantai
TRS_SBY_1058,SBY,-0.48,18,0.01,-0.55,51,-0.48,pantai
TRS_SBY_1059,SBY,-0.46,20,0.01,-0.58,67,-0.46,pantai
TRS_SBY_1060,SBY,-0.42,24,0.01,-0.49,63,-0.42,pantai
TRS_SBY_1061,SBY,-0.35,8,0.01,-0.42,45,-0.35,pantai
TRS_SBY_1062,SBY,-0.55,25,0.01,-0.41,69,-0.55,pantai
TRS_SBY_1063,SBY,-0.49,21,0.01,-0.41,75,-0.49,pantai
TRS_SBY_1064,SBY,-0.44,23,0.01,-0.39,84,-0.44,pantai
TRS_SBY_1065,SBY,-0.44,21,0.01,-0.38,75,-0.44,pantai
TRS_SBY_1066,SBY,-0.44,24,0.01,-0.38,81,-0.44,pantai
TRS_SBY_1067,SBY,-0.4,26,0.01,-0.37,83,-0.4,pantai
TRS_SBY_1068,SBY,-0.39,32,0.01,-0.35,81,-0.39,pantai
TRS_SBY_1069,SBY,-0.39,34,0.01,-0.34,84,-0.39,pantai
TRS_SBY_1070,SBY,-0.4,28,0.01,-0.36,82,-0.4,pantai
TRS_SBY_1071,SBY,-0.33,24,0.01,-0.32,78,-0.33,pantai
TRS_SBY_1072,SBY,-0.3,23,0.01,-0.32,80,-0.3,pantai
TRS_SBY_1073,SBY,-0.28,22,0.01,-0.34,75,-0.28,pantai
TRS_SBY_1074,SBY,-0.32,25,0.01,-0.32,76,-0.32,pantai
TRS_SBY_1075,SBY,-0.42,19,0.01,-0.3,72,-0.42,pantai
TRS_SBY_1076,SBY,-0.51,12,0.01,-0.34,66,-0.51,pantai
TRS_SBY_1077,SBY,-0.6,9,0.01,-0.43,59,-0.6,pantai
TRS_SBY_1078,SBY,,0,,-0.26,42,-0.26,darat
TRS_SBY_1079,SBY,,0,,-0.5,38,-0.5,darat
TRS_SBY_1080,SBY,-0.59,6,0.01,-0.51,35,-0.59,pantai
TRS_SBY_1081,SBY,-0.6,20,0.01,-0.59,55,-0.6,pantai
TRS_SBY_1082,SBY,-0.6,24,0.01,-0.6,75,-0.6,pantai
TRS_SBY_1083,SBY,-0.64,27,0.01,-0.64,63,-0.64,pantai
TRS_SBY_1084,SBY,-0.61,23,0.01,-0.59,61,-0.61,pantai
TRS_SBY_1085,SBY,-0.53,29,0.01,-0.48,58,-0.53,pantai
TRS_SBY_1086,SBY,-0.54,28,0.01,-0.49,58,-0.54,pantai
TRS_SBY_1087,SBY,-0.5,26,0.01,-0.46,44,-0.5,pantai
TRS_SBY_1088,SBY,-0.45,28,0.01,-0.34,56,-0.45,pantai
TRS_SBY_1089,SBY,-0.37,29,0.01,-0.3,63,-0.37,pantai
TRS_SBY_1090,SBY,-0.33,22,0.01,-0.28,63,-0.33,pantai
TRS_SBY_1091,SBY,-0.32,22,0.01,-0.28,60,-0.32,pantai
TRS_SBY_1092,SBY,-0.28,26,0.01,-0.28,42,-0.28,pantai
TRS_SBY_1093,SBY,-0.25,24,0.01,-0.26,35,-0.25,pantai
TRS_SBY_1094,SBY,-0.24,18,0.01,-0.24,25,-0.24,pantai
TRS_SBY_1095,SBY,-0.26,18,0.01,-0.25,29,-0.26,pantai
TRS_SBY_1096,SBY,-0.29,15,0.01,-0.22,38,-0.29,pantai
TRS_SBY_1097,SBY,-0.37,20,0.01,-0.32,37,-0.37,pantai
TRS_SBY_1098,SBY,-0.32,31,0.01,-0.31,41,-0.32,pantai
TRS_SBY_1099,SBY,-0.31,23,0.01,-0.35,42,-0.31,pantai
TRS_SBY_1100,SBY,-0.42,19,0.01,-0.36,52,-0.42,pantai
TRS_SBY_1101,SBY,-0.41,23,0.01,-0.34,55,-0.41,pantai
TRS_SBY_1102,SBY,-0.35,30,0.01,-0.34,54,-0.35,pantai
TRS_SBY_1103,SBY,-0.4,22,0.01,-0.36,43,-0.4,pantai
TRS_SBY_1104,SBY,-0.5,25,0.01,-0.36,39,-0.5,pantai
TRS_SBY_1105,SBY,-0.56,26,0.01,-0.33,48,-0.56,pantai
TRS_SBY_1106,SBY,-0.62,24,0.01,-0.34,47,-0.62,pantai
TRS_SBY_1107,SBY,-0.64,22,0.01,-0.32,59,-0.64,pantai
TRS_SBY_1108,SBY,-0.54,21,0.01,-0.35,74,-0.54,pantai
TRS_SBY_1109,SBY,-0.49,27,0.01,-0.37,86,-0.49,pantai
TRS_SBY_1110,SBY,-0.56,25,0.01,-0.39,79,-0.56,pantai
TRS_SBY_1111,SBY,-0.55,25,0.01,-0.33,81,-0.55,pantai
TRS_SBY_1112,SBY,-0.56,23,0.01,-0.34,79,-0.56,pantai
TRS_SBY_1113,SBY,-0.53,25,0.01,-0.39,77,-0.53,pantai
TRS_SBY_1114,SBY,-0.52,22,0.01,-0.47,76,-0.52,pantai
TRS_SBY_1115,SBY,-0.58,25,0.01,-0.54,82,-0.58,pantai
TRS_SBY_1116,SBY,-0.63,23,0.01,-0.54,75,-0.63,pantai
TRS_SBY_1117,SBY,-0.62,21,0.01,-0.5,75,-0.62,pantai
TRS_SBY_1118,SBY,-0.55,25,0.01,-0.49,80,-0.55,pantai
TRS_SBY_1119,SBY,-0.59,18,0.01,-0.43,73,-0.59,pantai
TRS_SBY_1120,SBY,-0.62,18,0.01,-0.3,72,-0.62,pantai
TRS_SBY_1121,SBY,-0.49,17,0.01,-0.32,71,-0.49,pantai
TRS_SBY_1122,SBY,-0.41,14,0.01,-0.26,72,-0.41,pantai
TRS_SBY_1123,SBY,-0.39,10,0.01,-0.2,69,-0.39,pantai
TRS_SBY_1124,SBY,-0.4,12,0.01,-0.19,70,-0.4,pantai
TRS_SBY_1125,SBY,-0.44,21,0.01,-0.19,78,-0.44,pantai
TRS_SBY_1126,SBY,-0.55,17,0.01,-0.22,65,-0.55,pantai
TRS_SBY_1127,SBY,-0.57,17,0.01,-0.24,71,-0.57,pantai
TRS_SBY_1128,SBY,-0.39,26,0.01,-0.27,75,-0.39,pantai
TRS_SBY_1129,SBY,-0.27,24,0.01,-0.27,78,-0.27,pantai
TRS_SBY_1130,SBY,-0.24,27,0.01,-0.24,82,-0.24,pantai
TRS_SBY_1131,SBY,-0.26,24,0.01,-0.24,80,-0.26,pantai
TRS_SBY_1132,SBY,-0.25,29,0.01,-0.23,76,-0.25,pantai
TRS_SBY_1133,SBY,-0.23,28,0.01,-0.24,78,-0.23,pantai
TRS_SBY_1134,SBY,-0.23,24,0.01,-0.23,77,-0.23,pantai
TRS_SBY_1135,SBY,-0.24,28,0.01,-0.25,82,-0.24,pantai
TRS_SBY_1136,SBY,-0.25,24,0.01,-0.26,69,-0.25,pantai
TRS_SBY_1137,SBY,-0.25,32,0.01,-0.25,67,-0.25,pantai
TRS_SBY_1138,SBY,-0.21,27,0.01,-0.24,64,-0.21,pantai
TRS_SBY_1139,SBY,-0.3,16,0.01,-0.26,61,-0.3,pantai
TRS_SBY_1140,SBY,-0.31,26,0.01,-0.2,73,-0.31,pantai
TRS_SBY_1141,SBY,-0.34,24,0.01,-0.11,55,-0.34,pantai
TRS_SBY_1142,SBY,-0.37,20,0.01,-0.04,53,-0.37,pantai
TRS_SBY_1143,SBY,-0.37,21,0.01,-0.05,53,-0.37,pantai
TRS_SBY_1144,SBY,-0.38,22,0.01,-0.18,44,-0.38,pantai
TRS_SBY_1145,SBY,-0.38,25,0.01,-0.22,49,-0.38,pantai
TRS_SBY_1146,SBY,-0.27,23,0.01,-0.16,60,-0.27,pantai
TRS_SBY_1147,SBY,-0.34,26,0.01,-0.22,62,-0.34,pantai
TRS_SBY_1148,SBY,-0.34,22,0.01,-0.28,58,-0.34,pantai
TRS_SBY_1149,SBY,-0.42,28,0.01,-0.27,75,-0.42,pantai
TRS_SBY_1150,SBY,-0.42,28,0.01,-0.29,79,-0.42,pantai
TRS_SBY_1151,SBY,-0.46,25,0.01,-0.3,77,-0.46,pantai
TRS_SBY_1152,SBY,-0.51,23,0.01,-0.3,76,-0.51,pantai
TRS_SBY_1153,SBY,-0.45,28,0.01,-0.31,80,-0.45,pantai
TRS_SBY_1154,SBY,-0.43,25,0.01,-0.34,78,-0.43,pantai
TRS_SBY_1155,SBY,-0.43,29,0.01,-0.38,76,-0.43,pantai
TRS_SBY_1156,SBY,-0.44,27,0.01,-0.37,81,-0.44,pantai
TRS_SBY_1157,SBY,-0.44,22,0.01,-0.34,77,-0.44,pantai
TRS_SBY_1158,SBY,-0.42,20,0.01,-0.3,73,-0.42,pantai
TRS_SBY_1159,SBY,-0.41,27,0.01,-0.28,76,-0.41,pantai
TRS_SBY_1160,SBY,-0.46,27,0.01,-0.33,75,-0.46,pantai
TRS_SBY_1161,SBY,-0.35,17,0.01,-0.36,69,-0.35,pantai
TRS_SBY_1162,SBY,,0,,,0,,
TRS_SBY_1163,SBY,,0,,,0,,
TRS_SBY_1164,SBY,,0,,,0,,
TRS_SBY_1165,SBY,,0,,,0,,
