transek_id,region_code,sektor,cx,cy,ux,uy,n_silang_pantai,tide_zone
TRS_PKL_0001,PKL,PKL_00_00,376072.7225832459,9235332.45065551,-0.2112261338240149,-0.9774372206897789,1,PKL_15_369
TRS_PKL_0002,PKL,PKL_00_00,375824.1220287549,9235365.631042944,-0.21122613382401353,-0.977437220689779,1,PKL_15_369
TRS_PKL_0003,PKL,PKL_00_00,375577.5522943967,9235408.208937922,-0.21122613382401353,-0.977437220689779,1,PKL_15_369
TRS_PKL_0004,PKL,PKL_00_00,375330.94568424835,9235450.616192227,-0.2112261338240149,-0.9774372206897789,1,PKL_15_369
TRS_PKL_0005,PKL,PKL_00_00,375085.7218518206,9235499.422173752,-0.2112261338240149,-0.9774372206897789,1,PKL_15_369
TRS_PKL_0006,PKL,PKL_00_00,374844.23983299045,9235565.543190196,-0.2112261338240149,-0.9774372206897789,1,PKL_14_369
TRS_PKL_0007,PKL,PKL_00_00,374603.5690986271,9235635.41838052,-0.21122613382381583,-0.9774372206898219,1,PKL_14_369
TRS_PKL_0008,PKL,PKL_00_00,374363.8888736296,9235709.877098007,-0.2112261338240149,-0.9774372206897789,1,PKL_14_369
TRS_PKL_0009,PKL,PKL_00_00,374128.1669732718,9235802.652743254,-0.2112261338240149,-0.9774372206897789,1,PKL_14_369
TRS_PKL_0010,PKL,PKL_00_00,373894.881447461,9235906.702576607,-0.2112261338240149,-0.9774372206897789,1,PKL_14_369
TRS_PKL_0011,PKL,PKL_00_00,373657.233902266,9235990.567407157,-0.21122613382401353,-0.977437220689779,1,PKL_14_369
TRS_PKL_0012,PKL,PKL_00_00,373417.56070703507,9236065.058654498,-0.2112261338240149,-0.9774372206897789,1,PKL_14_369
TRS_PKL_0013,PKL,PKL_00_00,373177.945022408,9236139.81602897,-0.2112261338240149,-0.9774372206897789,1,PKL_14_369
TRS_PKL_0014,PKL,PKL_00_00,372935.3327179606,9236200.706711402,-0.2112261338240149,-0.9774372206897789,1,PKL_14_369
TRS_PKL_0015,PKL,PKL_00_00,372691.29519367684,9236255.002268076,-0.21122613382401353,-0.977437220689779,1,PKL_14_369
TRS_PKL_0016,PKL,PKL_00_00,372452.1347723398,9236331.866348175,-0.2112261338240149,-0.9774372206897789,1,PKL_14_369
TRS_PKL_0017,PKL,PKL_00_00,372212.5274754184,9236406.66253629,-0.2112261338240149,-0.9774372206897789,1,PKL_14_369
TRS_PKL_0018,PKL,PKL_00_00,371955.8637995136,9236402.531276522,-0.2112261338240149,-0.9774372206897789,1,PKL_14_369
TRS_PKL_0019,PKL,PKL_00_00,371717.8174259841,9236484.55055107,-0.21122613382381583,-0.9774372206898219,1,PKL_14_369
TRS_PKL_0020,PKL,PKL_00_00,371466.4423555561,9236504.892019866,-0.21122613382381714,-0.9774372206898215,1,PKL_14_369
TRS_PKL_0021,PKL,PKL_00_00,371215.4842170346,9236527.16281794,-0.2112261338240149,-0.9774372206897789,1,PKL_14_369
TRS_PKL_0022,PKL,PKL_00_00,370965.6874184359,9236554.807652103,-0.2112261338240149,-0.9774372206897789,1,PKL_14_369
TRS_PKL_0023,PKL,PKL_00_00,370714.2076503083,9236574.6646381,-0.21122613382401353,-0.977437220689779,1,PKL_14_369
TRS_PKL_0024,PKL,PKL_00_00,370465.09340096504,9236605.467931092,-0.2112261338240149,-0.9774372206897789,1,PKL_14_369
TRS_PKL_0025,PKL,PKL_00_00,370215.89696692384,9236635.890918951,-0.2112261338240149,-0.9774372206897789,1,PKL_14_369
TRS_PKL_0026,PKL,PKL_00_00,369967.9301078384,9236672.003696734,-0.2112261338240149,-0.9774372206897789,1,PKL_14_369
TRS_PKL_0027,PKL,PKL_00_00,369721.58081278385,9236715.601662366,-0.21122613382401353,-0.977437220689779,1,PKL_14_369
TRS_PKL_0028,PKL,PKL_00_00,369475.25372197054,9236759.302376892,-0.21122613382401353,-0.977437220689779,1,PKL_14_369
TRS_PKL_0029,PKL,PKL_00_00,369236.7085091305,9236839.013300195,-0.2112261338240149,-0.9774372206897789,1,PKL_14_369
TRS_PKL_0030,PKL,PKL_00_00,368999.9145016614,9236926.827829238,-0.2112261338240149,-0.9774372206897789,1,PKL_14_369
TRS_PKL_0031,PKL,PKL_00_00,368759.59916133975,9236998.347585782,-0.21122613382401353,-0.977437220689779,1,PKL_14_369
TRS_PKL_0032,PKL,PKL_00_00,368520.4545879196,9237075.285001237,-0.21122613382381583,-0.9774372206898219,1,PKL_14_369
TRS_PKL_0033,PKL,PKL_00_00,368284.4956703993,9237166.963862708,-0.21122613382381714,-0.9774372206898215,1,PKL_14_369
TRS_PKL_0034,PKL,PKL_00_00,368051.64389600034,9237273.020856667,-0.2112261338240149,-0.9774372206897789,1,PKL_14_369
TRS_PKL_0035,PKL,PKL_00_00,367847.6324539737,9237512.534889333,-0.2112261338240149,-0.9774372206897789,1,PKL_14_369
TRS_PKL_0036,PKL,PKL_00_00,367634.297450614,9237708.90465897,-0.21122613382401353,-0.977437220689779,1,PKL_14_369
TRS_PKL_0037,PKL,PKL_00_00,367429.86161280994,9237946.45482371,-0.2112261338240149,-0.9774372206897789,1,PKL_14_369
TRS_PKL_0038,PKL,PKL_00_00,367200.64946584817,9238069.353991797,-0.2112261338240149,-0.9774372206897789,1,PKL_14_369
TRS_PKL_0039,PKL,PKL_00_00,366962.0824803213,9238148.9641632,-0.2112261338240149,-0.9774372206897789,1,PKL_14_369
TRS_PKL_0040,PKL,PKL_00_00,366705.1351236722,9238143.520186521,-0.21122613382401353,-0.977437220689779,1,PKL_14_369
TRS_PKL_0041,PKL,PKL_00_00,366458.12051227933,9238184.039437693,-0.2112261338240149,-0.9774372206897789,1,PKL_14_369
TRS_PKL_0042,PKL,PKL_00_00,366218.6453675122,9238259.447152572,-0.2112261338240149,-0.9774372206897789,1,PKL_14_369
TRS_PKL_0043,PKL,PKL_00_00,365974.25363378326,9238312.103624681,-0.2112261338240149,-0.9774372206897789,1,PKL_14_369
TRS_PKL_0044,PKL,PKL_00_00,365716.1785529334,9238301.4411668,-0.21122613382381583,-0.9774372206898219,1,PKL_14_369
TRS_PKL_0045,PKL,PKL_00_00,365468.26619976043,9238337.806167668,-0.21122613382381714,-0.9774372206898215,1,PKL_14_369
TRS_PKL_0046,PKL,PKL_00_00,365218.812025151,9238367.036475342,-0.2112261338240149,-0.9774372206897789,1,PKL_14_369
TRS_PKL_0047,PKL,PKL_00_00,364969.65312529606,9238397.633150566,-0.2112261338240149,-0.9774372206897789,1,PKL_14_369
TRS_PKL_0048,PKL,PKL_00_00,364725.73504151375,9238452.481411537,-0.21122613382401353,-0.977437220689779,1,PKL_14_369
TRS_PKL_0049,PKL,PKL_00_00,364480.1380049855,9238499.560411783,-0.2112261338240149,-0.9774372206897789,1,PKL_14_369
TRS_PKL_0050,PKL,PKL_00_00,364236.67730352667,9238556.525184091,-0.2112261338240149,-0.9774372206897789,1,PKL_14_369
TRS_PKL_0051,PKL,PKL_00_00,363995.0949081477,9238622.181713622,-0.2112261338240149,-0.9774372206897789,1,PKL_14_369
TRS_PKL_0052,PKL,PKL_00_00,363753.1790693009,9238686.295251999,-0.21122613382401353,-0.977437220689779,1,PKL_14_369
TRS_PKL_0053,PKL,PKL_00_00,363510.0845479186,9238744.954502305,-0.2112261338240149,-0.9774372206897789,1,PKL_14_369
TRS_PKL_0054,PKL,PKL_00_00,363268.5261719101,9238810.722180141,-0.2112261338240149,-0.9774372206897789,1,PKL_14_369
TRS_PKL_0055,PKL,PKL_00_00,363036.47988356155,9238920.506516129,-0.2112261338240149,-0.9774372206897789,1,PKL_14_369
TRS_PKL_0056,PKL,PKL_00_00,362795.8334482998,9238990.494149199,-0.21122613382401353,-0.977437220689779,1,PKL_14_369
TRS_PKL_0057,PKL,PKL_00_00,362565.1236934626,9239106.463219892,-0.21122613382381583,-0.9774372206898219,1,PKL_14_369
TRS_PKL_0058,PKL,PKL_00_00,362317.5306266373,9239144.305700628,-0.21122613382381714,-0.9774372206898215,1,PKL_14_369
TRS_PKL_0059,PKL,PKL_00_00,362086.77524832234,9239260.06365121,-0.2112261338240149,-0.9774372206897789,1,PKL_14_369
TRS_PKL_0060,PKL,PKL_00_00,361864.1710857572,9239413.540900646,-0.21122613382401353,-0.977437220689779,1,PKL_14_369
TRS_PKL_0061,PKL,PKL_00_00,361655.64748979034,9239632.175191175,-0.21122613382401353,-0.977437220689779,1,PKL_14_369
TRS_PKL_0062,PKL,PKL_00_00,361374.2724245075,9239513.693347435,-0.2112261338240149,-0.9774372206897789,1,PKL_14_369
TRS_PKL_0063,PKL,PKL_00_00,361120.4343018736,9239522.637178738,-0.2112261338240149,-0.9774372206897789,1,PKL_14_369
TRS_PKL_0064,PKL,PKL_00_00,360872.4851666996,9239558.831972938,-0.2112261338240149,-0.9774372206897789,1,PKL_14_369
TRS_PKL_0065,PKL,PKL_00_00,360627.2330780096,9239607.507200176,-0.21122613382401353,-0.977437220689779,1,PKL_14_369
TRS_PKL_0066,PKL,PKL_00_00,360384.7021889094,9239668.774627611,-0.2112261338240149,-0.9774372206897789,1,PKL_14_369
TRS_PKL_0067,PKL,PKL_00_00,360148.82918463123,9239760.851047846,-0.2112261338240149,-0.9774372206897789,1,PKL_14_369
TRS_PKL_0068,PKL,PKL_00_00,359919.385981405,9239882.681015883,-0.2112261338240149,-0.9774372206897789,1,PKL_14_369
TRS_PKL_0069,PKL,PKL_00_00,359694.11788370763,9240023.831053223,-0.21122613382401353,-0.977437220689779,1,PKL_14_369
TRS_PKL_0070,PKL,PKL_00_00,359444.2277647474,9240051.044052588,-0.21122613382381714,-0.9774372206898215,1,PKL_14_369
TRS_PKL_0071,PKL,PKL_00_00,359207.5329371697,9240139.317531079,-0.2112261338240149,-0.9774372206897789,1,PKL_14_369
TRS_PKL_0072,PKL,PKL_00_00,358964.42739343183,9240197.925776046,-0.2112261338240149,-0.9774372206897789,1,PKL_14_369
TRS_PKL_0073,PKL,PKL_00_00,358728.43564828165,9240289.45272948,-0.21122613382401353,-0.977437220689779,1,PKL_14_369
TRS_PKL_0074,PKL,PKL_00_00,358492.44331468595,9240380.976959916,-0.2112261338240149,-0.9774372206897789,1,PKL_14_369
TRS_PKL_0075,PKL,PKL_00_00,358258.8019903519,9240483.380355334,-0.2112261338240149,-0.9774372206897789,1,PKL_14_369
TRS_PKL_0076,PKL,PKL_00_00,358025.3260179336,9240586.548907572,-0.2112261338240149,-0.9774372206897789,1,PKL_14_369
TRS_PKL_0077,PKL,PKL_00_00,357790.6040677871,9240683.951766971,-0.21122613382401353,-0.977437220689779,1,PKL_14_369
TRS_PKL_0078,PKL,PKL_00_00,357551.3054914417,9240760.176542431,-0.21122613382401353,-0.977437220689779,1,PKL_14_369
TRS_PKL_0079,PKL,PKL_00_00,357316.08749717806,9240855.283985185,-0.2112261338240149,-0.9774372206897789,1,PKL_14_369
TRS_PKL_0080,PKL,PKL_00_00,357094.43449632684,9241013.162682705,-0.2112261338240149,-0.9774372206897789,1,PKL_14_369
TRS_PKL_0081,PKL,PKL_00_00,356872.4831537571,9241169.660820467,-0.21122613382401353,-0.977437220689779,1,PKL_14_369
TRS_PKL_0082,PKL,PKL_00_00,356632.5352162439,9241242.880713133,-0.21122613382381714,-0.9774372206898215,1,PKL_14_369
TRS_PKL_0083,PKL,PKL_00_00,356393.6639174908,9241321.082691956,-0.21122613382381714,-0.9774372206898215,1,PKL_14_369
TRS_PKL_0084,PKL,PKL_00_00,356213.68222615315,9241671.793063361,-0.2112261338240149,-0.9774372206897789,3,PKL_14_369
TRS_PKL_0085,PKL,PKL_00_00,355924.74419409287,9241518.314010264,-0.21122613382401353,-0.977437220689779,1,PKL_14_369
TRS_PKL_0086,PKL,PKL_00_00,355699.2555573261,9241658.443515291,-0.21122613382401353,-0.977437220689779,3,PKL_14_369
TRS_PKL_0087,PKL,PKL_00_00,355472.662638302,9241793.463015411,-0.2112261338240149,-0.9774372206897789,1,PKL_14_369
TRS_PKL_0088,PKL,PKL_00_00,355178.79731166293,9241617.183179894,-0.2112261338240149,-0.9774372206897789,1,PKL_14_369
TRS_PKL_0089,PKL,PKL_00_00,354925.85527539585,9241630.273601169,-0.21122613382401353,-0.977437220689779,1,PKL_14_369
TRS_PKL_0090,PKL,PKL_00_00,354677.12370541703,9241662.847721698,-0.2112261338240149,-0.9774372206897789,1,PKL_14_369
TRS_PKL_0091,PKL,PKL_00_00,354429.0054110109,9241698.25974093,-0.2112261338240149,-0.9774372206897789,1,PKL_14_369
TRS_PKL_0092,PKL,PKL_00_00,354186.2968728447,9241758.705107164,-0.2112261338240149,-0.9774372206897789,1,PKL_14_369
TRS_PKL_0093,PKL,PKL_00_00,353940.7382171411,9241805.961712547,-0.2112261338240149,-0.9774372206897789,1,PKL_14_369
TRS_PKL_0094,PKL,PKL_00_00,353692.9559550234,9241842.92870256,-0.21122613382401353,-0.977437220689779,1,PKL_14_369
TRS_PKL_0095,PKL,PKL_00_00,353458.14804517454,9241939.9337882,-0.21122613382381714,-0.9774372206898215,1,PKL_14_369
TRS_PKL_0096,PKL,PKL_00_00,353224.20451718266,9242040.938752951,-0.2112261338240149,-0.9774372206897789,1,PKL_14_369
TRS_PKL_0097,PKL,PKL_00_00,352991.1358757501,9242145.992206737,-0.2112261338240149,-0.9774372206897789,1,PKL_14_369
TRS_PKL_0098,PKL,PKL_00_00,352757.8428629499,9242250.007394463,-0.21122613382401353,-0.977437220689779,1,PKL_14_369
TRS_PKL_0099,PKL,PKL_00_00,352525.2253849598,9242357.14858206,-0.2112261338240149,-0.9774372206897789,1,PKL_14_369
TRS_PKL_0100,PKL,PKL_00_00,352305.2444235312,9242522.764549285,-0.2112261338240149,-0.9774372206897789,1,PKL_14_369
TRS_PKL_0101,PKL,PKL_00_00,352074.61737399636,9242639.11633418,-0.2112261338240149,-0.9774372206897789,1,PKL_14_369
TRS_PKL_0102,PKL,PKL_00_00,351839.7724816623,9242735.950285424,-0.21122613382401353,-0.977437220689779,1,PKL_14_369
TRS_PKL_0103,PKL,PKL_00_00,351556.34468533326,9242607.969542602,-0.2112261338240149,-0.9774372206897789,1,PKL_14_369
TRS_PKL_0104,PKL,PKL_00_00,351312.9597580658,9242665.28495578,-0.2112261338240149,-0.9774372206897789,1,PKL_14_369
TRS_PKL_0105,PKL,PKL_00_00,351064.7291022313,9242700.177028732,-0.2112261338240149,-0.9774372206897789,1,PKL_14_369
TRS_PKL_0106,PKL,PKL_00_00,350806.50797262724,9242688.83873834,-0.21122613382401353,-0.977437220689779,1,PKL_14_369
TRS_PKL_0107,PKL,PKL_00_00,350561.3728884625,9242738.055397531,-0.21122613382381714,-0.9774372206898215,1,PKL_14_369
TRS_PKL_0108,PKL,PKL_00_00,350309.4311354699,9242755.774574185,-0.21122613382381714,-0.9774372206898215,1,PKL_14_369
TRS_PKL_0109,PKL,PKL_00_00,350062.0434766122,9242794.5675689,-0.2112261338240149,-0.9774372206897789,1,PKL_14_369
TRS_PKL_0110,PKL,PKL_00_00,349818.5053086435,9242851.17386923,-0.21122613382401353,-0.977437220689779,1,PKL_13_369
TRS_PKL_0111,PKL,PKL_00_00,349576.66565605,9242915.639955267,-0.21122613382401353,-0.977437220689779,1,PKL_13_369
TRS_PKL_0112,PKL,PKL_00_00,349334.95756148803,9242980.7148188,-0.2112261338240149,-0.9774372206897789,1,PKL_13_369
TRS_PKL_0113,PKL,PKL_00_00,349093.3286455428,9243046.15607699,-0.2112261338240149,-0.9774372206897789,1,PKL_13_369
TRS_PKL_0114,PKL,PKL_00_00,348855.7148515241,9243130.177089239,-0.2112261338240149,-0.9774372206897789,1,PKL_13_369
TRS_PKL_0115,PKL,PKL_00_00,348620.7366689358,9243226.39424722,-0.2112261338240149,-0.9774372206897789,1,PKL_13_369
TRS_PKL_0116,PKL,PKL_00_00,348389.9914361922,9243342.19914587,-0.2112261338240149,-0.9774372206897789,1,PKL_13_369
TRS_PKL_0117,PKL,PKL_00_00,348164.00973994966,9243480.047045516,-0.2112261338240149,-0.9774372206897789,1,PKL_13_369
TRS_PKL_0118,PKL,PKL_00_00,347940.68830318435,9243630.205148367,-0.21122613382401353,-0.977437220689779,1,PKL_13_369
TRS_PKL_0119,PKL,PKL_00_00,347645.4574354672,9243447.606347239,-0.21122613382401353,-0.977437220689779,1,PKL_13_369
TRS_PKL_0120,PKL,PKL_00_00,347401.079380678,9243493.617535587,-0.2138872610730144,-0.9768583518354563,1,PKL_13_369
TRS_PKL_0121,PKL,PKL_00_00,347149.9535900563,9243479.832766544,-0.2302849592881794,-0.9731232386114523,1,PKL_13_369
TRS_PKL_0122,PKL,PKL_00_00,346888.9378782918,9243435.97678111,-0.24679063224988523,-0.9690688230635129,1,PKL_13_369
TRS_PKL_0123,PKL,PKL_00_00,346643.7612125122,9243462.58363795,-0.26339047822297273,-0.9646893054146882,1,PKL_13_369
TRS_PKL_0124,PKL,PKL_00_00,346394.2551506578,9243477.297250835,-0.2800699974216547,-0.9599795813163081,1,PKL_13_369
TRS_PKL_0125,PKL,PKL_00_00,346147.3660257078,9243504.735646822,-0.2968140333651779,-0.9549353012626012,1,PKL_13_369
TRS_PKL_0126,PKL,PKL_00_00,345896.4324973022,9243522.599900244,-0.3136068215629905,-0.9495529271552792,1,PKL_13_369
TRS_PKL_0127,PKL,PKL_00_00,345646.56419572653,9243547.186066832,-0.33043204540241333,-0.943829785168479,1,PKL_13_369
TRS_PKL_0128,PKL,PKL_00_00,345395.73256933125,9243572.01869382,-0.34727289899482683,-0.9377641140626618,1,PKL_13_369
TRS_PKL_0129,PKL,PKL_00_00,345137.6685018661,9243581.104289677,-0.3641121566019417,-0.9313551081164924,1,PKL_13_369
TRS_PKL_0130,PKL,PKL_00_00,344886.938786954,9243612.292229824,-0.38093224813910337,-0.9246029538821995,1,PKL_13_369
TRS_PKL_0131,PKL,PKL_00_00,344612.9682911761,9243591.887402033,-0.3977153401251469,-0.9175088600275959,1,PKL_13_369
TRS_PKL_0132,PKL,PKL_00_00,344337.2378152877,9243574.569855904,-0.4144434213283696,-0.910075079604774,1,PKL_13_369
TRS_PKL_0133,PKL,PKL_00_00,344091.2032239906,9243625.95176032,-0.431098392249224,-0.9023049241803649,1,PKL_13_369
TRS_PKL_0134,PKL,PKL_00_00,343846.7890810169,9243680.742522473,-0.4476621574796646,-0.894202769376528,1,PKL_13_369
TRS_PKL_0135,PKL,PKL_00_00,343606.439698981,9243743.156868042,-0.46411671990644965,-0.8857740514957966,1,PKL_13_369
TRS_PKL_0136,PKL,PKL_00_00,343361.24188908143,9243795.924635027,-0.48044427565532416,-0.877025255046872,1,PKL_13_369
TRS_PKL_0137,PKL,PKL_00_00,343127.62373899436,9243868.964821626,-0.4966273086444816,-0.867963891131733,1,PKL_13_369
TRS_PKL_0138,PKL,PKL_00_01,342894.61567426106,9243941.522304418,-0.512648683593769,-0.8585984668106363,1,PKL_13_369
TRS_PKL_0139,PKL,PKL_00_01,342666.1860174304,9244027.062355118,-0.5284917363500263,-0.8489384457130764,1,PKL_13_369
TRS_PKL_0140,PKL,PKL_00_01,342444.9973036295,9244132.092670826,-0.5441403604228561,-0.8389942003130203,1,PKL_13_369
TRS_PKL_0141,PKL,PKL_00_01,342219.0503352551,9244236.809527176,-0.5595790886844998,-0.8287769564285826,1,PKL_13_369
TRS_PKL_0142,PKL,PKL_00_01,341996.6209945035,9244353.255234795,-0.5747931692696008,-0.8182987306363173,1,PKL_13_369
TRS_PKL_0143,PKL,PKL_00_01,341777.63616886653,9244480.212987715,-0.5897686348127845,-0.8075722614051727,1,PKL_13_369
TRS_PKL_0144,PKL,PKL_00_01,341551.98933179874,9244603.376020027,-0.6044923642829299,-0.7966109348506545,1,PKL_13_369
TRS_PKL_0145,PKL,PKL_00_01,341338.71510380687,9244747.49265761,-0.6189521368035632,-0.7854287060875119,1,PKL_13_369
TRS_PKL_0146,PKL,PKL_00_01,341131.1853116019,9244902.343861375,-0.6331366769986899,-0.7740400172078035,1,PKL_13_369
TRS_PKL_0147,PKL,PKL_00_01,340931.395669656,9245069.24951148,-0.6470356915450757,-0.7624597129467143,1,PKL_13_369
TRS_PKL_0148,PKL,PKL_00_01,340739.12493713177,9245246.772534028,-0.6606398967711838,-0.750702955098859,1,PKL_13_369
TRS_PKL_0149,PKL,PKL_00_01,340553.72874500114,9245433.157516716,-0.6739410372861622,-0.7387851367357439,1,PKL_13_369
TRS_PKL_0150,PKL,PKL_00_01,340369.5618319654,9245621.552302707,-0.6869318957679418,-0.726721797235133,1,PKL_13_369
TRS_PKL_0151,PKL,PKL_00_01,340181.55306096276,9245806.59546612,-0.6996062941717746,-0.7145285390768072,1,PKL_13_369
TRS_PKL_0152,PKL,PKL_00_01,339974.352625444,9245973.513410693,-0.7119590867411382,-0.7022209472856279,1,PKL_13_369
TRS_PKL_0153,PKL,PKL_00_01,339790.8399506727,9246165.040482271,-0.7239861453085878,-0.6898145123156024,1,PKL_13_369
TRS_PKL_0154,PKL,PKL_00_01,339611.1450099217,9246360.472609999,-0.7356843374640688,-0.6773245570699871,1,PKL_13_369
TRS_PKL_0155,PKL,PKL_00_01,339430.26944787806,9246554.985175382,-0.7470514982377263,-0.6647661686493744,1,PKL_13_369
TRS_PKL_0156,PKL,PKL_00_01,339255.8360556577,9246751.891575495,-0.7563107721797441,-0.654212515842428,1,PKL_13_369
TRS_PKL_0157,PKL,PKL_00_01,339085.71682542266,9246935.289558833,-0.7563107721797441,-0.654212515842428,1,PKL_13_369
TRS_PKL_0158,PKL,PKL_00_01,338890.7516255169,9247081.541380519,-0.7484511533906131,-0.6631899207529173,1,PKL_13_369
TRS_PKL_0159,PKL,PKL_00_01,338786.13663350634,9247286.144293185,-0.7287160268588538,-0.6848159987902196,1,PKL_13_369
TRS_PKL_0160,PKL,PKL_00_01,338654.9809580552,9247466.488876449,-0.7071392556030945,-0.7070743052785197,1,PKL_13_369
TRS_PKL_0161,PKL,PKL_00_01,338526.31768720405,9247648.610970922,-0.6835598529246025,-0.7298944632408824,1,PKL_13_369
TRS_PKL_0162,PKL,PKL_00_01,338385.0971253799,9247815.674272342,-0.6578137057769285,-0.753180674534354,1,PKL_13_369
TRS_PKL_0163,PKL,PKL_00_01,338251.56527530425,9247989.166111404,-0.6297379287258491,-0.7768076603150083,1,PKL_13_369
TRS_PKL_0164,PKL,PKL_00_01,338111.19536126626,9248151.314580424,-0.5991767240992377,-0.8006167955381064,1,PKL_13_369
TRS_PKL_0165,PKL,PKL_00_01,337992.23400796985,9248340.221664626,-0.5659889153923023,-0.824412850247402,1,PKL_13_369
TRS_PKL_0166,PKL,PKL_00_01,337867.4659583093,9248520.289115185,-0.5300572055474707,-0.847961885256175,1,PKL_13_369
TRS_PKL_0167,PKL,PKL_00_01,337745.54834069207,9248703.990464002,-0.49129902076822046,-0.8709909713608907,1,PKL_13_369
TRS_PKL_0168,PKL,PKL_00_01,337632.9264656035,9248905.45654789,-0.449678526526136,-0.8931904739646988,1,PKL_13_369
TRS_PKL_0169,PKL,PKL_00_01,337510.6110032891,9249089.092983909,-0.4052190558156958,-0.9142196217560833,1,PKL_13_369
TRS_PKL_0170,PKL,PKL_00_01,337390.4435681226,9249277.392844766,-0.35801480928443485,-0.9337159077219526,1,PKL_13_369
TRS_PKL_0171,PKL,PKL_00_01,337280.56524195214,9249498.05796462,-0.3082403465492445,-0.951308513973885,1,PKL_13_369
TRS_PKL_0172,PKL,PKL_00_01,337222.4976331537,9249929.392460104,-0.25615619332814954,-0.966635404182793,1,PKL_13_369
TRS_PKL_0173,PKL,PKL_00_01,337085.1092424223,9250115.333635641,-0.20210895655296926,-0.9793630428401257,1,PKL_13_370
TRS_PKL_0174,PKL,PKL_00_01,336972.68457558827,9250468.532092903,-0.14652475795290748,-0.9892070032641509,1,PKL_13_370
TRS_PKL_0175,PKL,PKL_00_01,336858.6664631153,9251016.446260327,-0.08989557775050826,-0.9959511961441194,1,PKL_13_370
TRS_PKL_0176,PKL,PKL_00_02,336681.55699161306,9251014.606379384,-0.03275914278313556,-0.9994632752453259,1,PKL_13_370
TRS_PKL_0177,PKL,PKL_00_02,336497.417439756,9250794.475978866,0.024325916326026584,-0.9997040811134559,1,PKL_13_370
TRS_PKL_0178,PKL,PKL_00_02,335419.31042140827,9249732.058080398,0.3381611654225389,-0.9410882138248626,3,PKL_13_369
TRS_PKL_0179,PKL,PKL_00_02,335170.0002596089,9249730.365541577,0.38245049416969445,-0.9239759842708881,3,PKL_13_369
TRS_PKL_0180,PKL,PKL_00_02,334971.76960206765,9249580.691360243,0.42399571216108617,-0.9056641960842956,1,PKL_13_369
TRS_PKL_0181,PKL,PKL_00_02,334886.3695100811,9249210.91651145,0.46278848462880706,-0.8864687352044472,1,PKL_13_369
TRS_PKL_0182,PKL,PKL_00_02,334760.6353132016,9248948.60098553,0.4988728833967533,-0.8666751676443771,1,PKL_13_369
TRS_PKL_0183,PKL,PKL_00_02,334589.9517807243,9248773.476834014,0.5323336413859135,-0.8465346385404519,1,PKL_13_369
TRS_PKL_0184,PKL,PKL_00_02,334434.55958073295,9248576.75013472,0.5632851761656418,-0.8262625553128023,1,PKL_13_369
TRS_PKL_0185,PKL,PKL_00_02,334282.3866752432,9248379.492945323,0.5918619260728822,-0.8060393665729348,1,PKL_13_369
TRS_PKL_0186,PKL,PKL_00_02,334094.13002254255,9248231.748505717,0.618210251066838,-0.7860127769164297,1,PKL_13_369
TRS_PKL_0187,PKL,PKL_00_02,333909.14391758956,9248077.350558111,0.642481935182373,-0.7663008305909063,1,PKL_13_369
TRS_PKL_0188,PKL,PKL_00_02,333731.7204479916,9247910.210542383,0.6603430888172394,-0.7509640504387061,1,PKL_13_369
TRS_PKL_0189,PKL,PKL_00_02,333554.94709566573,9247735.608558742,0.6653904843417315,-0.746495481129977,1,PKL_13_369
TRS_PKL_0190,PKL,PKL_00_02,333371.7351833601,9247561.350034192,0.6581588890753302,-0.7528790585021788,1,PKL_13_369
TRS_PKL_0191,PKL,PKL_00_02,333198.54445303534,9247375.26085512,0.6508445047530406,-0.75921105802851,1,PKL_13_369
TRS_PKL_0192,PKL,PKL_00_02,333018.6342315057,9247196.554992344,0.6434487728876781,-0.7654891747564698,1,PKL_13_369
TRS_PKL_0193,PKL,PKL_00_02,332823.8451539016,9247035.588573495,0.6359732161641386,-0.7717111301010513,1,PKL_13_369
TRS_PKL_0194,PKL,PKL_00_02,332635.48988011526,9246867.056607395,0.6284194372730452,-0.7778746755470505,1,PKL_13_369
TRS_PKL_0195,PKL,PKL_00_02,332438.13747159456,9246709.978954846,0.6207891175381052,-0.7839775963292961,1,PKL_13_369
TRS_PKL_0196,PKL,PKL_00_02,332240.24989057845,9246554.149617136,0.6130840153391203,-0.7900177150771122,1,PKL_13_369
TRS_PKL_0197,PKL,PKL_00_02,332038.47806766606,9246404.03814015,0.6053059643325036,-0.7959928954101901,1,PKL_13_369
TRS_PKL_0198,PKL,PKL_00_02,331838.4044553266,9246252.493815774,0.597456871473364,-0.8019010454721083,1,PKL_13_369
TRS_PKL_0199,PKL,PKL_00_02,331643.83130013495,9246094.20063158,0.5895387148412345,-0.8077401213901322,1,PKL_13_369
TRS_PKL_0200,PKL,PKL_00_02,331440.0643784204,9245949.273358772,0.5815535412771987,-0.8135081306464917,1,PKL_13_369
TRS_PKL_0201,PKL,PKL_00_02,331238.64081047813,9245802.06961633,0.5735034638364971,-0.8192031353501644,1,PKL_13_369
TRS_PKL_0202,PKL,PKL_00_02,331033.1343729509,9245661.797695352,0.5653906590650863,-0.8248232553959348,1,PKL_13_369
TRS_PKL_0203,PKL,PKL_00_02,330824.05707654473,9245528.122316211,0.5572173641060347,-0.8303666715004419,1,PKL_13_369
TRS_PKL_0204,PKL,PKL_00_02,330641.66380902805,9245355.384458367,0.5489858736470192,-0.8358316281022268,1,PKL_13_369
TRS_PKL_0205,PKL,PKL_00_02,330428.8884397666,9245229.77439285,0.5406985367174212,-0.8412164361159614,1,PKL_13_369
TRS_PKL_0206,PKL,PKL_00_03,330222.5575579356,9245095.245675886,0.532357753344032,-0.8465194755317178,1,PKL_13_369
TRS_PKL_0207,PKL,PKL_00_03,330012.5793896985,9244965.14565177,0.5239659710791327,-0.8517391978482037,1,PKL_13_369
TRS_PKL_0208,PKL,PKL_00_03,329796.9095587626,9244842.947986994,0.5155256814105791,-0.8568741283328365,1,PKL_13_369
TRS_PKL_0209,PKL,PKL_00_03,329582.10499361623,9244718.074720886,0.5070394160669776,-0.8619228681004225,1,PKL_13_369
TRS_PKL_0210,PKL,PKL_00_03,329366.5449698995,9244593.182513086,0.4985097432304571,-0.8668840960037874,1,PKL_13_369
TRS_PKL_0211,PKL,PKL_00_03,329154.3397417992,9244460.981495513,0.4899392636711007,-0.87175657032994,1,PKL_13_369
TRS_PKL_0212,PKL,PKL_00_03,328942.63013064733,9244326.188722182,0.48133060681430534,-0.8765391302981131,1,PKL_13_369
TRS_PKL_0213,PKL,PKL_00_03,328719.45277407137,9244210.954145039,0.4726864267578289,-0.8812306973539423,1,PKL_13_369
TRS_PKL_0214,PKL,PKL_00_03,328502.0549578693,9244083.793975899,0.46400939825018617,-0.8858302762580992,1,PKL_13_369
TRS_PKL_0215,PKL,PKL_00_03,328276.95877584344,9243970.210659115,0.4553022126451508,-0.8903369559669136,1,PKL_13_369
TRS_PKL_0216,PKL,PKL_00_03,328051.5128383688,9243856.509712882,0.446567573846936,-0.89474991030369,1,PKL_13_369
TRS_PKL_0217,PKL,PKL_00_03,327824.81135595514,9243744.557210855,0.43780819425854306,-0.8990683984214292,1,PKL_13_369
TRS_PKL_0218,PKL,PKL_00_03,327615.3007759577,9243595.662599806,0.4290267907477172,-0.9032917650575114,1,PKL_13_369
TRS_PKL_0219,PKL,PKL_00_03,327377.7706840728,9243504.62674155,0.42022608064482236,-0.9074194405818576,1,PKL_13_369
TRS_PKL_0220,PKL,PKL_00_03,327147.8540132903,9243397.061805092,0.4114087777842155,-0.9114509408421817,1,PKL_13_369
TRS_PKL_0221,PKL,PKL_00_03,326917.4541675701,9243290.06541032,0.4025775886026509,-0.9153858668096612,1,PKL_13_369
TRS_PKL_0222,PKL,PKL_00_03,326682.85362875357,9243192.371494863,0.3937352083065222,-0.9192239040298177,1,PKL_13_369
TRS_PKL_0223,PKL,PKL_00_03,326449.1566909481,9243092.506567053,0.3848843171207309,-0.9229648218835367,1,PKL_13_369
TRS_PKL_0224,PKL,PKL_00_03,326214.485922675,9243001.5868403,0.3814544619681981,-0.9243876315943181,1,PKL_13_369
TRS_PKL_0225,PKL,PKL_00_03,325981.73352037114,9242910.235023607,0.3814544619681981,-0.9243876315943181,1,PKL_13_369
TRS_PKL_0226,PKL,PKL_00_03,325745.3967718732,9242827.569237933,0.3814544619681981,-0.9243876315943181,1,PKL_13_369
TRS_PKL_0227,PKL,PKL_00_03,325505.74520165555,9242752.936338237,0.3814544619683749,-0.9243876315942451,1,PKL_13_369
TRS_PKL_0228,PKL,PKL_00_03,325270.30809665733,9242668.090425165,0.3814544619681981,-0.9243876315943181,1,PKL_13_369
TRS_PKL_0229,PKL,PKL_00_03,325025.57569783577,9242599.937476879,0.3754934952883052,-0.9268250293319508,1,PKL_13_369
TRS_PKL_0230,PKL,PKL_00_03,324767.172930739,9242566.379798627,0.3684801046182114,-0.9296356342678308,1,PKL_12_369
TRS_PKL_0231,PKL,PKL_00_03,324566.46750970534,9242386.793146856,0.36143245470578345,-0.9323982950892563,1,PKL_12_369
TRS_PKL_0232,PKL,PKL_00_03,324330.4060600292,9242296.667248597,0.3543516079085909,-0.9351122595563572,1,PKL_12_369
TRS_PKL_0233,PKL,PKL_00_03,324078.11359847337,9242250.653941747,0.34723864946639355,-0.9377767966402001,1,PKL_12_369
TRS_PKL_0234,PKL,PKL_00_03,323843.69008728873,9242157.61869145,0.3400946867317402,-0.9403911973518464,1,PKL_12_369
TRS_PKL_0235,PKL,PKL_00_03,323604.9512340148,9242076.948092965,0.33292084836397257,-0.9429547755457908,1,PKL_12_369
TRS_PKL_0236,PKL,PKL_00_03,323368.14796509367,9241991.417868713,0.3257182834842015,-0.9454668686972089,1,PKL_12_369
TRS_PKL_0237,PKL,PKL_00_03,323130.4834987798,9241908.977678558,0.3184881607953251,-0.9479268386501202,1,PKL_12_369
TRS_PKL_0238,PKL,PKL_00_03,322893.0679046778,9241826.474907413,0.3112316676675617,-0.9503340723350229,1,PKL_12_369
TRS_PKL_0239,PKL,PKL_00_03,322654.64436699345,9241747.839548178,0.3039500091909718,-0.9526879824542809,1,PKL_12_369
TRS_PKL_0240,PKL,PKL_00_03,322417.8594895909,9241664.861413065,0.2966444071981194,-0.9549880081331263,1,PKL_12_369
TRS_PKL_0241,PKL,PKL_00_03,322179.404419901,9241588.120991008,0.2893160992545889,-0.9572336155359928,1,PKL_12_369
TRS_PKL_0242,PKL,PKL_00_03,321937.1731784928,9241525.31143644,0.2819663376259652,-0.9594242984445412,1,PKL_12_369
TRS_PKL_0243,PKL,PKL_00_03,321696.66488527134,9241458.386860697,0.2745963882166116,-0.9615595787981065,1,PKL_12_369
TRS_PKL_0244,PKL,PKL_00_03,321453.8269766376,9241401.581483476,0.2672075294862688,-0.9636390071940035,1,PKL_12_369
TRS_PKL_0245,PKL,PKL_00_03,321210.00391862093,9241350.81840084,0.2598010513453725,-0.9656621633469125,1,PKL_12_369
TRS_PKL_0246,PKL,PKL_00_03,320967.7560830328,9241296.837486932,0.2523782540315939,-0.9676286565061848,1,PKL_12_369
TRS_PKL_0247,PKL,PKL_00_04,320721.0441328132,9241261.648839196,0.244940446968814,-0.9695381258303964,1,PKL_12_369
TRS_PKL_0248,PKL,PKL_00_04,320474.4212708292,9241225.736100372,0.23748894761369813,-0.9713902407175697,1,PKL_12_369
TRS_PKL_0249,PKL,PKL_00_04,320227.4813115991,9241190.696574062,0.23002508028840873,-0.973184701091376,1,PKL_12_369
TRS_PKL_0250,PKL,PKL_00_04,319977.13587568916,9241170.155161107,0.22255017500476523,-0.9749212376419689,1,PKL_12_369
TRS_PKL_0251,PKL,PKL_00_04,319719.80287174415,9241181.97165256,0.21506556628109597,-0.9765996120213194,1,PKL_12_369
TRS_PKL_0252,PKL,PKL_00_04,319463.451041178,9241192.259222506,0.20757259195448677,-0.9782196169926751,1,PKL_12_369
TRS_PKL_0253,PKL,PKL_00_04,319220.3962723204,9241140.506876402,0.20007259199081331,-0.9797810765339764,1,PKL_12_369
TRS_PKL_0254,PKL,PKL_00_04,318965.36513001483,9241147.93332355,0.19256690729507292,-0.9812838458951675,1,PKL_12_369
TRS_PKL_0255,PKL,PKL_00_04,318709.53564400325,9241162.666659959,0.1850568785244328,-0.9827278116094982,1,PKL_12_369
TRS_PKL_0256,PKL,PKL_00_04,318454.329944757,9241177.765146134,0.17754384490643102,-0.984112891459024,1,PKL_12_369
TRS_PKL_0257,PKL,PKL_00_04,318200.31446165685,9241189.972479684,0.1700291430647275,-0.9854390343946573,1,PKL_12_369
TRS_PKL_0258,PKL,PKL_00_04,317945.4791408877,9241211.05544784,0.16251410585497533,-0.9867062204112012,1,PKL_12_369
TRS_PKL_0259,PKL,PKL_00_04,317691.1808237249,9241233.667167814,0.1550000612118982,-0.9879144603781786,1,PKL_12_369
TRS_PKL_0260,PKL,PKL_00_04,317445.00512951385,9241207.146982154,0.14748833101289402,-0.989063795826655,1,PKL_12_369
TRS_PKL_0261,PKL,PKL_00_04,317196.4002897861,9241198.023350831,0.13998022995630358,-0.9901542986935826,1,PKL_12_369
TRS_PKL_0262,PKL,PKL_00_04,316948.74296747474,9241184.044310398,0.13247706445951557,-0.9911860710240985,1,PKL_12_369
TRS_PKL_0263,PKL,PKL_00_04,316705.06064927514,9241140.27341961,0.1249801315777576,-0.992159244633041,1,PKL_12_369
TRS_PKL_0264,PKL,PKL_00_04,316466.6846724892,9241049.662014496,0.11749071794573007,-0.9930739807268122,1,PKL_12_369
TRS_PKL_0265,PKL,PKL_00_04,316221.9634817818,9240992.725953367,0.11639736267862291,-0.9932027255104876,1,PKL_12_369
TRS_PKL_0266,PKL,PKL_00_04,315980.2842614783,9240907.126593845,0.11639736267862291,-0.9932027255104876,1,PKL_12_369
TRS_PKL_0267,PKL,PKL_00_04,315740.1511850203,9240808.334201027,0.11639736267862218,-0.9932027255104878,1,PKL_12_369
TRS_PKL_0268,PKL,PKL_00_04,315497.8988242749,9240727.625370258,0.11639736267862291,-0.9932027255104876,1,PKL_12_369
TRS_PKL_0269,PKL,PKL_00_04,315255.5497155454,9240647.742076764,0.11639736267862218,-0.9932027255104878,1,PKL_12_369
TRS_PKL_0270,PKL,PKL_00_04,315013.1833581179,9240568.005964044,0.11639736267862291,-0.9932027255104876,1,PKL_12_369
TRS_PKL_0271,PKL,PKL_00_04,314769.503450302,9240499.478196563,0.11639736267862291,-0.9932027255104876,1,PKL_12_369
TRS_PKL_0272,PKL,PKL_00_04,314525.87932149204,9240430.474474477,0.11639736267862218,-0.9932027255104878,1,PKL_12_369
TRS_PKL_0273,PKL,PKL_00_04,314284.7544622228,9240340.14482831,0.11639736267862291,-0.9932027255104876,1,PKL_12_369
TRS_PKL_0274,PKL,PKL_00_04,314038.52259246976,9240293.392601898,0.11639736267862218,-0.9932027255104878,1,PKL_12_369
TRS_PKL_0275,PKL,PKL_00_04,313793.09098717384,9240239.811828673,0.11639736267882707,-0.9932027255104637,1,PKL_12_369
TRS_PKL_0276,PKL,PKL_00_04,313546.5480981677,9240181.19176483,0.1092962982627695,-0.9940092148396088,1,PKL_12_369
TRS_PKL_0277,PKL,PKL_00_04,313297.6059177671,9240134.766502798,0.0993722185236501,-0.995050331483633,1,PKL_12_369
TRS_PKL_0278,PKL,PKL_00_04,313047.3373124489,9240099.182607701,0.08940495081589171,-0.9959953588092708,1,PKL_12_369
TRS_PKL_0279,PKL,PKL_00_04,312797.2144794359,9240060.078169797,0.07939724235346814,-0.9968430558050072,1,PKL_12_369
TRS_PKL_0280,PKL,PKL_00_04,312546.53288219025,9240026.04477267,0.0693519036516553,-0.9975922581194642,1,PKL_12_369
TRS_PKL_0281,PKL,PKL_00_04,312295.5425981342,9239995.462449687,0.05927180501375341,-0.998241881074127,1,PKL_12_369
TRS_PKL_0282,PKL,PKL_00_04,312044.3211838041,9239968.88766148,0.04915987281168311,-0.9987909225183913,1,PKL_12_369
TRS_PKL_0283,PKL,PKL_00_04,311792.5127293421,9239958.56450805,0.03901908556998527,-0.9992384655132538,1,PKL_12_369
TRS_PKL_0284,PKL,PKL_00_04,311541.3406911512,9239939.312446725,0.028852469864173263,-0.9995836808305432,1,PKL_12_369
TRS_PKL_0285,PKL,PKL_00_04,311289.9275434343,9239943.549226094,0.018663096045303338,-0.9998258292552776,1,PKL_12_369
TRS_PKL_0286,PKL,PKL_00_04,311039.27299277234,9239938.191031884,0.008454073805188683,-0.999964263679506,1,PKL_12_369
TRS_PKL_0287,PKL,PKL_00_04,310789.03876651154,9239897.664457913,-0.001771452406691882,-0.9999984309769545,1,PKL_12_369
TRS_PKL_0288,PKL,PKL_00_04,310539.1990564309,9239909.683789255,-0.01201030809505994,-0.9999278736486256,1,PKL_12_369
TRS_PKL_0289,PKL,PKL_00_04,310289.40900086315,9239886.184542557,-0.02225929354788326,-0.9997522312306929,1,PKL_12_369
TRS_PKL_0290,PKL,PKL_00_04,310041.57273053203,9239919.274482053,-0.03251518876143643,-0.9994712414571056,1,PKL_12_369
TRS_SEM_0001,SEM,SEM_00_07,459050.3890740089,9260900.203923995,0.8431771933388418,-0.5376357694882602,1,SEM_18_370
TRS_SEM_0002,SEM,SEM_00_07,458920.8301021112,9260696.617657,0.8343931502245719,-0.551169729628102,1,SEM_18_370
TRS_SEM_0003,SEM,SEM_00_08,458794.68581070733,9260491.476720098,0.8253909536876746,-0.5645615764206335,1,SEM_18_370
TRS_SEM_0004,SEM,SEM_00_08,458630.7340311199,9260308.40833028,0.8061827191551786,-0.5916666488281747,1,SEM_18_370
TRS_SEM_0005,SEM,SEM_00_08,458478.12919434375,9260113.028510265,0.7844163505158852,-0.6202346241893787,1,SEM_18_370
TRS_SEM_0006,SEM,SEM_00_08,458331.24906058394,9259907.699375965,0.7610239739886556,-0.6487237555497054,1,SEM_18_370
TRS_SEM_0007,SEM,SEM_00_08,458211.7697066906,9259670.632155359,0.7360011765986033,-0.6769802567619468,1,SEM_18_370
TRS_SEM_0008,SEM,SEM_00_08,458034.6478018354,9259479.322989587,0.7093648007853105,-0.7048415278676597,1,SEM_18_370
TRS_SEM_0009,SEM,SEM_00_08,457854.8819174203,9259286.968359906,0.6811548785578776,-0.7321393524574423,1,SEM_18_370
TRS_SEM_0010,SEM,SEM_00_08,457670.80891609413,9259095.601218494,0.6514358799211791,-0.7587036933818887,1,SEM_18_370
TRS_SEM_0011,SEM,SEM_00_08,457572.30914435664,9258792.183198374,0.6202971076894473,-0.7843669410372329,1,SEM_18_370
TRS_SEM_0012,SEM,SEM_00_08,457422.80290892284,9258535.325570341,0.5878521153634052,-0.8089684112885803,1,SEM_18_370
TRS_SEM_0013,SEM,SEM_00_08,457276.0178728333,9258259.115452033,0.5542370892302999,-0.8323588462445297,1,SEM_18_370
TRS_SEM_0014,SEM,SEM_00_08,457055.562114831,9258084.932680542,0.5196082145559479,-0.8544046484927268,1,SEM_18_370
TRS_SEM_0015,SEM,SEM_00_08,456811.98547259136,9257953.321842365,0.48413812977143517,-0.8749915835603318,1,SEM_18_370
TRS_SEM_0016,SEM,SEM_00_08,456612.47085141396,9257743.454679716,0.44801165107197244,-0.8940277179728631,1,SEM_18_370
TRS_SEM_0017,SEM,SEM_00_08,456397.93070868956,9257574.425184399,0.41876640725644093,-0.9080939908145701,1,SEM_18_370
TRS_SEM_0018,SEM,SEM_00_08,456198.8387154694,9257383.138164002,0.395442631372957,-0.918490677847539,1,SEM_18_370
TRS_SEM_0019,SEM,SEM_00_08,455995.9379854001,9257199.164211357,0.3723612055571335,-0.9280878905556511,1,SEM_18_370
TRS_SEM_0020,SEM,SEM_00_08,455770.84227651317,9257073.580854584,0.3495645912477541,-0.9369122672618768,1,SEM_18_370
TRS_SEM_0021,SEM,SEM_00_08,455561.94051627873,9256932.91653154,0.3371906196651263,-0.9414363950952013,1,SEM_18_370
TRS_SEM_0022,SEM,SEM_00_09,455370.6042922505,9256782.669266056,0.3273398412683353,-0.9449066770419293,1,SEM_18_370
TRS_SEM_0023,SEM,SEM_00_09,455156.097469577,9256693.019857226,0.3174929537111034,-0.948260631020712,1,SEM_18_370
TRS_SEM_0024,SEM,SEM_00_09,454967.4779579586,9256514.620741786,0.30765333377575854,-0.9514985161400209,1,SEM_18_370
TRS_SEM_0025,SEM,SEM_00_09,454729.1059213207,9256480.381088981,0.2978243077375866,-0.9546207004463224,1,SEM_18_370
TRS_SEM_0026,SEM,SEM_00_09,454497.048400109,9256420.287457686,0.2880091466973928,-0.9576276580271894,1,SEM_18_370
TRS_SEM_0027,SEM,SEM_00_09,454292.6747978237,9256257.670814225,0.2782110621673667,-0.9605199658974849,1,SEM_18_370
TRS_SEM_0028,SEM,SEM_00_09,454247.3786944091,9255686.520138951,0.28860665212231223,-0.9574477533269117,1,SEM_18_370
TRS_SEM_0029,SEM,SEM_00_09,454046.794501336,9255672.057235781,0.30074790456077966,-0.9537036740530573,1,SEM_18_370
TRS_SEM_0030,SEM,SEM_00_09,453843.9722937077,9255671.53457547,0.31308832621537014,-0.9497240125360935,1,SEM_18_370
TRS_SEM_0031,SEM,SEM_00_09,453653.0118064416,9255642.522884402,0.32562614873055606,-0.9454986045800945,1,SEM_18_370
TRS_SEM_0032,SEM,SEM_00_10,452717.22761257994,9255973.437353993,0.3776947775772235,-0.9259301566483791,3,SEM_18_370
TRS_SEM_0033,SEM,SEM_00_10,452445.7070790276,9256057.966252685,0.3911711688091607,-0.9203179432633459,1,SEM_18_370
TRS_SEM_0034,SEM,SEM_00_10,452013.5406256892,9256494.42219194,0.40482059800609194,-0.9143961304762778,1,SEM_18_370
TRS_SEM_0035,SEM,SEM_00_10,451673.45257567655,9256692.241201648,0.4186363120821966,-0.9081539727415268,1,SEM_18_370
TRS_SEM_0036,SEM,SEM_00_10,451502.76300385664,9256516.568311505,0.43261068033351885,-0.9015808334594131,1,SEM_18_370
TRS_SEM_0037,SEM,SEM_00_10,451344.0648735641,9256410.648823941,0.47122441387513125,-0.8820133512413737,1,SEM_18_370
TRS_SEM_0038,SEM,SEM_00_10,451168.9240920063,9256373.797956683,0.5191330671301485,-0.8546934296062213,1,SEM_18_370
TRS_SEM_0039,SEM,SEM_00_10,450919.44261661195,9256449.141354112,0.5676073175807542,-0.8232994188196545,3,SEM_18_370
TRS_SEM_0040,SEM,SEM_00_11,449204.0144683845,9254294.129384195,0.9930367730137026,-0.1178047853125332,5,SEM_17_370
TRS_SEM_0041,SEM,SEM_00_12,449157.1705993635,9254087.800559253,0.9969332174730947,-0.07825701181838729,5,SEM_17_370
TRS_SEM_0042,SEM,SEM_00_12,448995.8275852508,9253897.338041158,0.9992011312937187,-0.039963723817392924,5,SEM_17_370
TRS_SEM_0043,SEM,SEM_00_12,448995.38739302044,9253685.49906103,0.9999954181382528,-0.0030271607986328427,3,SEM_17_370
TRS_SEM_0044,SEM,SEM_00_12,449000.4389248789,9253465.604930978,0.9994723711993269,0.03248044348827178,3,SEM_17_370
TRS_SEM_0045,SEM,SEM_00_12,449062.96171283576,9253241.901366642,0.997951339833861,0.0639775220198609,3,SEM_17_370
TRS_SEM_0046,SEM,SEM_00_12,449134.321036722,9253014.963197144,0.9970619863978496,0.07659892479907439,3,SEM_17_370
TRS_SEM_0047,SEM,SEM_00_12,449733.72979997954,9252825.458994625,0.9973122049425397,0.07326913315066332,1,SEM_17_370
TRS_SEM_0048,SEM,SEM_00_12,449845.00992718455,9252597.74362429,0.997636811790083,0.06870801817341601,1,SEM_17_370
TRS_SEM_0049,SEM,SEM_00_12,450041.94057105476,9252375.492716573,0.9979419544654884,0.06412375158707703,1,SEM_18_370
TRS_SEM_0050,SEM,SEM_00_12,450294.36254908476,9252155.717198404,0.9982273249114245,0.059516449828440676,3,SEM_18_370
TRS_SEM_0051,SEM,SEM_00_12,450277.1116558986,9251919.76330067,0.9984926144350459,0.054886236149573484,3,SEM_18_370
TRS_SEM_0052,SEM,SEM_00_13,450254.21012100816,9251681.696939234,0.9987375138282256,0.05023324070986048,3,SEM_18_370
TRS_SEM_0053,SEM,SEM_00_13,450349.5082892031,9251436.970344327,0.9989617134913511,0.04555760066579472,5,SEM_18_370
TRS_SEM_0054,SEM,SEM_00_13,450515.2502905328,9251194.726866186,0.9991649035606626,0.04085946025845013,3,SEM_18_370
TRS_SEM_0055,SEM,SEM_00_13,452197.24979992706,9251006.248573065,0.999346774039116,0.03613897089862872,1,SEM_18_370
TRS_SEM_0056,SEM,SEM_00_13,452021.59945785505,9250741.874686996,0.9995374292695146,0.03041262055940354,1,SEM_18_370
TRS_SEM_0057,SEM,SEM_00_13,451997.0529221474,9250476.064007698,0.9997833580920519,0.020814343183968617,1,SEM_18_370
TRS_SEM_0058,SEM,SEM_00_13,451989.5232511308,9250211.752949439,0.9999383327202955,0.011105438152337253,1,SEM_18_370
TRS_SEM_0059,SEM,SEM_00_13,451965.0568599566,9249936.382686045,0.9999868358528515,-0.005131093548364782,1,SEM_18_369
TRS_SEM_0060,SEM,SEM_00_13,451938.5351109469,9249633.542633008,0.9992740471650255,-0.03809696395292226,1,SEM_18_369
TRS_SEM_0061,SEM,SEM_00_13,451781.3988320244,9249344.894855224,0.9974616529293365,-0.07120569454387597,1,SEM_18_369
TRS_SEM_0062,SEM,SEM_00_13,451672.5468497206,9249064.869011173,0.9945407991898594,-0.10434844870335043,1,SEM_18_369
TRS_SEM_0063,SEM,SEM_00_14,451513.68078591884,9248802.39573901,0.9905135713151869,-0.13741493747200173,1,SEM_18_369
TRS_SEM_0064,SEM,SEM_00_14,451335.0542969408,9248550.990476841,0.9853930848787117,-0.1702952385512178,1,SEM_18_369
TRS_SEM_0065,SEM,SEM_00_14,451185.21313902363,9248297.368354687,0.9792032730255692,-0.20288161596362714,1,SEM_18_369
TRS_SEM_0066,SEM,SEM_00_14,451113.0841152483,9248026.75048676,0.9719783783174744,-0.23507027052209856,1,SEM_18_369
TRS_SEM_0067,SEM,SEM_00_14,451140.4367590244,9247724.986528024,0.9637621727406392,-0.26676295543842343,1,SEM_18_369
TRS_SEM_0068,SEM,SEM_00_14,450541.8952330872,9247617.561658192,0.9576576075133868,-0.2879095461629154,3,SEM_18_369
TRS_SEM_0069,SEM,SEM_00_14,450382.2677806528,9247392.035832487,0.9516770239255186,-0.30710070356850044,1,SEM_18_369
TRS_SEM_0070,SEM,SEM_00_14,450289.7087806387,9247146.18466727,0.9457456656503374,-0.3249078883369875,1,SEM_18_369
TRS_SEM_0071,SEM,SEM_00_14,450147.62056065653,9246921.266755724,0.9410365327434959,-0.3383049571645372,1,SEM_18_369
TRS_SEM_0072,SEM,SEM_00_14,450053.249719739,9246679.153117338,0.9361828186550473,-0.3515134848837106,1,SEM_18_369
TRS_SEM_0073,SEM,SEM_00_14,449935.32704552176,9246445.455335652,0.9311919475779381,-0.36452922621650874,1,SEM_17_369
TRS_SEM_0074,SEM,SEM_00_15,449812.3494992837,9246216.004579632,0.9260713689348584,-0.3773484061701035,1,SEM_17_369
TRS_SEM_0075,SEM,SEM_00_15,449443.80851634464,9246098.515554167,0.9208285309993037,-0.38996771212199666,3,SEM_17_369
TRS_SEM_0076,SEM,SEM_00_15,449230.6603601203,9245919.41476431,0.9154708558998607,-0.4023842839848205,3,SEM_17_369
TRS_SEM_0077,SEM,SEM_00_15,449040.5848222874,9245731.511419365,0.9100057161086188,-0.4145957026425139,1,SEM_17_369
TRS_SEM_0078,SEM,SEM_00_15,448845.42954557395,9245546.974231686,0.9044404124921464,-0.4265999768530656,1,SEM_17_369
TRS_SEM_0079,SEM,SEM_00_15,448704.2014264618,9245337.268449554,0.8987821539821697,-0.4383955288129331,1,SEM_17_369
TRS_SEM_0080,SEM,SEM_00_15,448517.5505734491,9245149.849608777,0.8930380389026442,-0.44998117857630376,1,SEM_17_369
TRS_SEM_0081,SEM,SEM_00_15,448314.4544403217,9244973.200996507,0.888273481841385,-0.4593149480012413,1,SEM_17_369
TRS_SEM_0082,SEM,SEM_00_15,448113.77412347996,9244805.15997506,0.8909604174965465,-0.45408097786009416,1,SEM_17_369
TRS_SEM_0083,SEM,SEM_00_15,447928.11582691653,9244628.948742438,0.8936190014407567,-0.4488263364198061,1,SEM_17_369
TRS_SEM_0084,SEM,SEM_00_15,447595.2541817012,9244525.188634243,0.8962488761555099,-0.44355152123511604,3,SEM_17_369
TRS_SEM_0085,SEM,SEM_00_15,447209.6713554864,9244444.581884965,0.8988496921619361,-0.4382570374795967,1,SEM_17_369
TRS_SEM_0086,SEM,SEM_00_16,447722.71323198715,9243925.028318096,0.9014211082383089,-0.4329433977120093,1,SEM_17_369
TRS_SEM_0087,SEM,SEM_00_16,447868.19108036667,9243587.27957877,0.9039627916318976,-0.4276111216339754,1,SEM_17_369
TRS_SEM_0088,SEM,SEM_00_16,447930.256969966,9243291.4832195,0.9064744182638856,-0.4222607358411984,1,SEM_17_369
TRS_SEM_0089,SEM,SEM_00_16,447868.8012674703,9243054.216443267,0.9089556729276946,-0.4168927735672111,3,SEM_17_369
TRS_SEM_0090,SEM,SEM_00_16,447605.8733863472,9242908.014208693,0.9114062494797058,-0.4115077744215003,1,SEM_17_369
TRS_SEM_0091,SEM,SEM_00_16,447090.9115498918,9242871.050364261,0.9138258510229745,-0.4061062841204705,1,SEM_17_369
TRS_SEM_0092,SEM,SEM_00_16,446944.15034853,9242667.069389317,0.9166621309767026,-0.3996630301056762,1,SEM_17_369
TRS_SEM_0093,SEM,SEM_00_16,446844.66783909145,9242442.65125867,0.9211382486721812,-0.3892355672766131,1,SEM_17_369
TRS_SEM_0094,SEM,SEM_00_16,446757.72370629216,9242212.298984533,0.9254870008416409,-0.37877937017892704,1,SEM_17_369
TRS_SEM_0095,SEM,SEM_00_16,446649.2491087666,9241990.016509363,0.9297075143652301,-0.3682987072103642,1,SEM_17_369
TRS_SEM_0096,SEM,SEM_00_16,446508.14998638723,9241779.224077683,0.9337990692996868,-0.35779784540301357,1,SEM_17_369
TRS_SEM_0097,SEM,SEM_00_16,446542.02691244,9241501.802110383,0.937761098451679,-0.34728104214123207,5,SEM_17_369
TRS_SEM_0098,SEM,SEM_00_16,446663.2443520636,9241195.784376165,0.9415931864733413,-0.3367525370163961,1,SEM_17_369
TRS_SEM_0099,SEM,SEM_00_16,446622.0124699692,9240950.615002755,0.9452950684929144,-0.32621654385235593,1,SEM_17_369
TRS_SEM_0100,SEM,SEM_00_16,446564.0202163202,9240711.69859302,0.9488666282954569,-0.3156772429352669,1,SEM_17_369
TRS_SEM_0101,SEM,SEM_00_16,446452.3453646735,9240490.237631178,0.9523078960719823,-0.3051387734768472,1,SEM_17_369
TRS_SEM_0102,SEM,SEM_00_16,446302.7128983619,9240279.426100211,0.9556190457566,-0.2946052263406838,1,SEM_17_369
TRS_SEM_0103,SEM,SEM_00_16,446220.2450526243,9240046.76847938,0.958800391973797,-0.28408063705732106,1,SEM_17_369
TRS_SEM_0104,SEM,SEM_00_16,445891.59809481684,9239883.454551112,0.9592111854481659,-0.282690469791828,1,SEM_17_369
TRS_SEM_0105,SEM,SEM_00_16,445795.91399854,9239650.932373488,0.9566816712649713,-0.291136016091554,1,SEM_17_369
TRS_SEM_0106,SEM,SEM_00_16,445820.47050734947,9239379.897769043,0.9508003427900799,-0.30980430621646726,1,SEM_17_369
TRS_SEM_0107,SEM,SEM_00_16,445744.4999791952,9239139.623811746,0.9444599756458014,-0.3286264663765417,1,SEM_17_369
TRS_SEM_0108,SEM,SEM_00_16,445655.392887155,9238904.395031666,0.937650109728969,-0.34758059745223446,1,SEM_17_369
TRS_SEM_0109,SEM,SEM_00_16,445661.9085979783,9238632.28027281,0.9303615902984969,-0.3666433025397462,1,SEM_17_369
TRS_SEM_0110,SEM,SEM_00_16,445408.4834822125,9238465.091080032,0.9225867219103968,-0.38578976211743654,1,SEM_17_369
TRS_SEM_0111,SEM,SEM_00_16,445199.28144924936,9238287.260040667,0.9143194173660912,-0.40499383085095453,3,SEM_17_369
TRS_SEM_0112,SEM,SEM_00_16,445446.4321704958,9237902.730940424,0.9055553386972407,-0.4242281562519464,1,SEM_17_369
TRS_SEM_0113,SEM,SEM_00_16,445489.16438765416,9237602.750179632,0.896292027100641,-0.44346431892072635,1,SEM_17_369
TRS_SEM_0114,SEM,SEM_00_16,445345.43922860763,9237393.804330967,0.8865290187107335,-0.4626729935751423,1,SEM_17_369
TRS_SEM_0115,SEM,SEM_00_16,445196.4980284484,9237191.58463234,0.8762679431652981,-0.4818241295128936,1,SEM_17_369
TRS_SEM_0116,SEM,SEM_00_16,444832.29251397646,9237118.285666397,0.8655126020898839,-0.5008871485909756,1,SEM_17_369
TRS_SEM_0117,SEM,SEM_00_16,444725.59556007205,9236905.67128725,0.8542690249017554,-0.5198311582556439,1,SEM_17_369
TRS_SEM_0118,SEM,SEM_00_16,444392.1769819849,9236840.386797542,0.8425454997137377,-0.5386251766415381,1,SEM_17_369
TRS_SEM_0119,SEM,SEM_00_16,444380.3930963129,9236576.18917938,0.8303525775932813,-0.5572383663067303,1,SEM_17_369
TRS_SEM_0120,SEM,SEM_00_16,444361.4647952351,9236313.662652627,0.8177030489960674,-0.5756402727941601,1,SEM_17_369
TRS_SEM_0121,SEM,SEM_00_16,444280.26351587573,9236094.046738649,0.8046118918189957,-0.5938010639460464,1,SEM_17_369
TRS_SEM_0122,SEM,SEM_00_16,443828.10532873997,9236162.441562658,0.7910961911958035,-0.6116917657411227,5,SEM_17_369
TRS_SEM_0123,SEM,SEM_00_17,443644.40782477683,9236040.653684027,0.7771750318512932,-0.629284490407114,3,SEM_17_369
TRS_SEM_0124,SEM,SEM_00_17,443494.0035896625,9235890.790956391,0.7628693645198528,-0.6465526526719042,3,SEM_17_369
TRS_SEM_0125,SEM,SEM_00_17,443397.82780808,9235688.716518806,0.748201848586818,-0.6634711702638391,3,SEM_17_369
TRS_SEM_0126,SEM,SEM_00_17,443707.6885481508,9235101.281442892,0.7331966737026341,-0.6800166451428916,1,SEM_17_369
TRS_SEM_0127,SEM,SEM_00_17,443545.8732375928,9234927.633187471,0.7178793636249373,-0.6961675224265025,1,SEM_17_369
TRS_SEM_0128,SEM,SEM_00_17,443230.7260749202,9234904.68048229,0.7022765659425796,-0.7119042245470226,1,SEM_17_369
TRS_SEM_0129,SEM,SEM_00_17,442983.1489211761,9234819.1388384,0.6864158316139708,-0.7272092588173648,1,SEM_17_369
TRS_SEM_0130,SEM,SEM_00_17,442778.1487755536,9234689.581560599,0.6703253884020425,-0.7420672972605995,1,SEM_17_369
TRS_SEM_0131,SEM,SEM_00_17,442600.0975152743,9234527.946171448,0.6540339123039495,-0.7564652282533479,1,SEM_17_369
TRS_SEM_0132,SEM,SEM_00_17,442392.29266784486,9234398.508777454,0.6375703009694778,-0.770392180205439,1,SEM_17_369
TRS_SEM_0133,SEM,SEM_00_17,442178.3369666944,9234276.047077985,0.6209634528735526,-0.7838395181383465,1,SEM_17_369
TRS_SEM_0134,SEM,SEM_00_17,441795.4098385463,9234376.256557295,0.6042420556851047,-0.7968008145963701,1,SEM_17_369
TRS_SEM_0135,SEM,SEM_00_17,441563.30814220617,9234288.450310823,0.5874343868660439,-0.8092717968194092,1,SEM_17_369
TRS_SEM_0136,SEM,SEM_00_17,441425.0656796055,9234070.52102199,0.5672681427448965,-0.8235331530829562,1,SEM_17_369
TRS_SEM_0137,SEM,SEM_00_17,441179.8448283043,9234023.259054855,0.5273264544092198,-0.849662762794864,1,SEM_17_369
TRS_SEM_0138,SEM,SEM_00_17,440965.1227407476,9233938.415270435,0.4846562332735625,-0.8747047133456421,1,SEM_17_369
TRS_SEM_0139,SEM,SEM_00_17,440765.7483146165,9233831.284895107,0.4393722228670855,-0.8983050983785166,1,SEM_17_369
TRS_SEM_0140,SEM,SEM_00_17,440568.50746496755,9233722.57794423,0.39166460807083847,-0.9201080560372875,1,SEM_17_369
TRS_SEM_0141,SEM,SEM_00_17,440370.53619825863,9233606.824720724,0.3502836689524045,-0.9366436629077476,1,SEM_17_369
TRS_SEM_0142,SEM,SEM_00_17,440162.42116040917,9233507.447916768,0.31723444503109066,-0.9483471447132722,1,SEM_17_369
TRS_SEM_0143,SEM,SEM_00_17,439952.2324296479,9233422.606163558,0.28243760064901063,-0.9592856726437803,1,SEM_17_369
TRS_SEM_0144,SEM,SEM_00_17,439742.691970218,9233348.778029941,0.24590808954524773,-0.9692931504432529,1,SEM_17_369
TRS_SEM_0145,SEM,SEM_00_17,439525.36804643983,9233284.60959821,0.22319371551466613,-0.9747741099120136,1,SEM_17_369
TRS_SEM_0146,SEM,SEM_00_17,439284.6703163942,9233192.024195183,0.24644604900123193,-0.9691565120926973,1,SEM_17_369
TRS_SEM_0147,SEM,SEM_00_17,439054.3479054727,9233052.993856462,0.27077326217008435,-0.9626431532472304,1,SEM_17_369
TRS_SEM_0148,SEM,SEM_00_17,438824.20942053985,9232912.449115036,0.2962002596216305,-0.9551258588270337,1,SEM_17_369
TRS_SEM_0149,SEM,SEM_00_17,438508.8280552548,9233021.23749139,0.3227434536621286,-0.9464864833256952,1,SEM_17_369
TRS_SEM_0150,SEM,SEM_00_17,438409.9420861853,9232506.532051168,0.35040823775894453,-0.9365970675326027,1,SEM_17_369
TRS_SEM_0151,SEM,SEM_00_17,438227.9019703272,9232257.659111137,0.3791860846642447,-0.9253204381169802,1,SEM_17_369
TRS_SEM_0152,SEM,SEM_00_17,437939.4210149925,9232264.931650111,0.40905129708216337,-0.9125113897126983,1,SEM_17_369
TRS_SEM_0153,SEM,SEM_00_17,437554.0603195675,9232445.619323865,0.4399574813529847,-0.8980186048192643,1,SEM_17_369
TRS_SEM_0154,SEM,SEM_00_18,437470.8523657999,9232116.989390424,0.43878561317217674,-0.8985917792151878,3,SEM_17_369
TRS_SEM_0155,SEM,SEM_00_18,437554.60231366835,9231814.299938742,0.3976002020513552,-0.9175587606953146,1,SEM_17_369
TRS_SEM_0156,SEM,SEM_00_18,437217.0735247184,9232482.641605465,0.3528266826741157,-0.9356886939539126,3,SEM_17_369
TRS_SEM_0157,SEM,SEM_00_18,437152.7779589158,9232467.128151916,0.30435953619772677,-0.9525572280579812,1,SEM_17_369
TRS_SEM_0158,SEM,SEM_00_18,437070.2061705708,9232429.976936724,0.25217917452721544,-0.9676805588285694,1,SEM_17_369
TRS_SEM_0159,SEM,SEM_00_18,436960.81692664145,9232390.006461255,0.19637847841383355,-0.9805281705366081,1,SEM_17_369
TRS_SEM_0160,SEM,SEM_00_18,436802.8707537877,9232493.24441178,0.13718766650452455,-0.9905450742692345,1,SEM_17_369
TRS_SEM_0161,SEM,SEM_00_18,436580.83810745616,9233293.746289449,0.07499307089114653,-0.9971840548857144,5,SEM_17_369
TRS_SEM_0162,SEM,SEM_00_18,436443.286710178,9233297.106381478,0.025405481674633485,-0.9996772286597709,5,SEM_17_369
TRS_SEM_0163,SEM,SEM_00_19,436329.26221583487,9233299.88009799,0.010472987626022777,-0.9999451567612021,5,SEM_17_369
TRS_SEM_0164,SEM,SEM_00_20,436181.3324547588,9231758.399545293,-0.058477896073047646,-0.9982887035676954,3,SEM_17_369
TRS_SEM_0165,SEM,SEM_00_20,436006.3469383132,9231951.68148352,-0.011587321439707083,-0.9999328647373548,7,SEM_17_369
TRS_SEM_0166,SEM,SEM_00_20,435850.34617858526,9231603.390592538,0.03388653107922314,-0.9994256865877607,1,SEM_17_369
TRS_SEM_0167,SEM,SEM_00_20,435645.16706871043,9232505.55842551,0.07773851709914877,-0.9969737824833838,3,SEM_17_369
TRS_SEM_0168,SEM,SEM_00_20,435525.8077167129,9232193.457486408,0.11981396190052268,-0.9927963610598601,1,SEM_17_369
TRS_SEM_0169,SEM,SEM_00_20,435401.38765837066,9232175.47225229,0.1600060597863935,-0.9871160321014106,1,SEM_17_369
TRS_SEM_0170,SEM,SEM_00_20,435229.5118102197,9232476.503288846,0.19825147586270744,-0.980151188500151,3,SEM_17_369
TRS_SEM_0171,SEM,SEM_00_21,435043.7660609603,9232618.201662408,0.23452483820090256,-0.9721101276433861,3,SEM_17_369
TRS_SEM_0172,SEM,SEM_00_21,434914.94553688494,9232122.14122546,0.2501353348297588,-0.968210883160071,1,SEM_17_369
TRS_SEM_0173,SEM,SEM_00_21,434680.2669023385,9231925.847131232,0.2109632065492966,-0.9774940027859194,1,SEM_17_369
TRS_SEM_0174,SEM,SEM_00_21,434414.85849850136,9231848.566810446,0.1739209958436703,-0.984759608841034,1,SEM_17_369
TRS_SEM_0175,SEM,SEM_00_21,434141.82353950944,9231825.73460839,0.13898819002446866,-0.9902940386742326,1,SEM_17_369
TRS_SEM_0176,SEM,SEM_00_21,433819.4143298694,9232300.03309141,0.10611140570781025,-0.9943542475288737,1,SEM_17_369
TRS_SEM_0177,SEM,SEM_00_21,433570.19081114826,9232260.091324689,0.07521414916584016,-0.9971674040828143,1,SEM_17_369
TRS_SEM_0178,SEM,SEM_00_21,433320.51496456563,9232249.589124395,0.04620473387967634,-0.9989319909619013,1,SEM_17_369
TRS_SEM_0179,SEM,SEM_00_21,433073.0521246056,9232250.295433031,0.018982493919750147,-0.9998198162291978,1,SEM_17_369
TRS_SEM_0180,SEM,SEM_00_21,432827.5665921287,9232130.383528264,-0.006557485781729248,-0.9999784994589745,1,SEM_17_369
TRS_SEM_0181,SEM,SEM_00_21,432582.36711085035,9231964.807171926,-0.0053508964451419935,-0.9999856838511406,7,SEM_17_369
TRS_SEM_0182,SEM,SEM_00_21,432352.08757082804,9231565.670523591,0.024522568815200683,-0.9996992765920678,1,SEM_17_369
TRS_SEM_0183,SEM,SEM_00_21,432091.37677214324,9232108.472332804,0.05370729581352297,-0.998556721662019,3,SEM_17_369
TRS_SEM_0184,SEM,SEM_00_21,431848.7248512464,9232015.27729334,0.0821547626842123,-0.99661958387757,1,SEM_17_369
TRS_SEM_0185,SEM,SEM_00_21,431597.14974433533,9232024.399458315,0.10982571540183014,-0.9939508600712996,1,SEM_17_369
TRS_SEM_0186,SEM,SEM_00_21,431331.0914626251,9232114.452963997,0.13668975404081896,-0.9906139061916406,1,SEM_17_369
TRS_SEM_0187,SEM,SEM_00_21,431075.796472889,9232093.306482814,0.16272478366773582,-0.9866714979061108,1,SEM_17_369
TRS_SEM_0188,SEM,SEM_00_21,430818.3674266677,9232075.58819433,0.18791636708030515,-0.9821850329664671,1,SEM_17_369
TRS_SEM_0189,SEM,SEM_00_21,430562.8227494167,9232052.43421737,0.20506488791605304,-0.9787483801999249,1,SEM_17_369
TRS_SEM_0190,SEM,SEM_00_21,430311.26350155676,9232033.967898384,0.2050648879162526,-0.9787483801998831,1,SEM_17_369
TRS_SEM_0191,SEM,SEM_00_21,430089.78557462554,9231891.6471766,0.1890376047984036,-0.9819698488100754,1,SEM_17_369
TRS_SEM_0192,SEM,SEM_00_21,429871.8853053687,9231714.947126374,0.16763230346184155,-0.9858495883430074,1,SEM_17_369
TRS_SEM_0193,SEM,SEM_00_21,429648.74905455764,9231535.511433812,0.14574797547175392,-0.989321751325566,1,SEM_17_369
TRS_SEM_0194,SEM,SEM_00_21,429423.6217472946,9231324.977333823,0.12340207519023179,-0.9923567543170876,1,SEM_17_369
TRS_SEM_0195,SEM,SEM_00_21,429172.25015704415,9231300.77910537,0.1006153146500831,-0.9949254034639305,1,SEM_17_369
TRS_SEM_0196,SEM,SEM_00_21,428921.2392008807,9231287.741164284,0.07741173225165358,-0.9969992094830358,1,SEM_17_369
TRS_SEM_0197,SEM,SEM_00_21,428672.2438339807,9231270.293913279,0.053818719142151576,-0.99855072253236,1,SEM_17_369
TRS_SEM_0198,SEM,SEM_00_21,428425.31584341964,9231237.08168535,0.029866998059811814,-0.9995538817026801,3,SEM_17_369
TRS_SEM_0199,SEM,SEM_00_21,428179.08319455595,9231232.910203684,0.005590550213548703,-0.9999843727520495,3,SEM_17_369
TRS_SEM_0200,SEM,SEM_00_21,427928.2454633429,9230864.906439213,-0.01897351316579317,-0.999819986696679,1,SEM_17_369
TRS_SEM_0201,SEM,SEM_00_21,427666.74216025637,9230612.76791424,-0.04378513661670801,-0.9990409710374526,1,SEM_17_369
TRS_SEM_0202,SEM,SEM_00_21,427415.55679719127,9230658.021572161,-0.06880156401080356,-0.9976303648093653,1,SEM_17_369
TRS_SEM_0203,SEM,SEM_00_21,427171.4707329448,9230728.099916264,-0.0939776385534022,-0.9955743083526845,1,SEM_17_369
TRS_SEM_0204,SEM,SEM_00_21,426932.84709809476,9230792.730170496,-0.11926615599148029,-0.9928623187708433,1,SEM_17_369
TRS_SEM_0205,SEM,SEM_00_21,426682.3960558714,9230735.785848733,-0.14461826588342339,-0.9894875224947869,1,SEM_17_369
TRS_SEM_0206,SEM,SEM_00_21,426444.8807822559,9230755.9069238,-0.16998391394596546,-0.9854468372264484,1,SEM_17_369
TRS_SEM_0207,SEM,SEM_00_21,426230.6124718643,9230873.959390752,-0.19531231681712546,-0.9807410967730101,1,SEM_17_369
TRS_SEM_0208,SEM,SEM_00_21,425971.8332351372,9230754.946329502,-0.22055245917841804,-0.9753751138666356,1,SEM_17_369
TRS_SEM_0209,SEM,SEM_00_22,425781.8978400418,9230935.061429385,-0.24565360215411614,-0.9693576779232251,1,SEM_17_369
TRS_SEM_0210,SEM,SEM_00_22,425860.76293188886,9232065.321281342,-0.27056579130111746,-0.9627014867432168,3,SEM_17_369
TRS_SEM_0211,SEM,SEM_00_22,425683.04795509763,9232188.493141335,-0.29524035238223506,-0.95542301329056,5,SEM_17_369
TRS_SEM_0212,SEM,SEM_00_22,425503.76927111734,9232311.150159696,-0.3196303634913504,-0.9475423107884877,3,SEM_17_369
TRS_SEM_0213,SEM,SEM_00_22,425282.6516730533,9232323.437924337,-0.3436910929333079,-0.9390827613359263,1,SEM_17_369
TRS_SEM_0214,SEM,SEM_00_22,424988.4783567837,9232170.718324123,-0.367380393532998,-0.9300707749669052,1,SEM_16_369
TRS_SEM_0215,SEM,SEM_00_22,424674.93649621843,9232014.116510758,-0.3906590456562536,-0.9205354474689963,1,SEM_16_369
TRS_SEM_0216,SEM,SEM_00_22,424428.6424211148,9232045.861867603,-0.41349104310006274,-0.9105081862762257,1,SEM_16_369
TRS_SEM_0217,SEM,SEM_00_22,424543.9648987248,9232839.394564454,-0.4358438180181939,-0.9000223143318855,3,SEM_16_369
TRS_SEM_0218,SEM,SEM_00_22,424354.89580802544,9232965.73169073,-0.45768840310066083,-0.8891126619653816,1,SEM_16_369
TRS_SEM_0219,SEM,SEM_00_22,424189.17366803583,9233137.463168506,-0.4789995312146696,-0.8778151565655076,1,SEM_16_369
TRS_SEM_0220,SEM,SEM_00_22,423966.0633836155,9233207.32022443,-0.4997556745350246,-0.8661664192117139,1,SEM_16_369
TRS_SEM_0221,SEM,SEM_00_22,423764.0151192721,9233320.064548135,-0.5199390267843907,-0.8542033765014634,1,SEM_16_369
TRS_SEM_0222,SEM,SEM_00_22,423619.43809948285,9233526.218585357,-0.5395354335150014,-0.8419628946585351,1,SEM_16_369
TRS_SEM_0223,SEM,SEM_00_22,423431.1340807414,9233662.017436126,-0.5585342763505159,-0.829481441710184,1,SEM_16_369
TRS_SEM_0224,SEM,SEM_00_22,423472.8672167736,9234124.798644548,-0.5769283177711384,-0.8167947821538556,1,SEM_16_369
TRS_SEM_0225,SEM,SEM_00_22,423275.44074824685,9234236.008914847,-0.5947135133883896,-0.8039377071597261,1,SEM_16_369
TRS_SEM_0226,SEM,SEM_00_22,422975.049694898,9234217.326261228,-0.6118887987137202,-0.7909438020546595,1,SEM_16_369
TRS_SEM_0227,SEM,SEM_00_22,422715.74989885883,9234284.15790938,-0.6158489820506582,-0.7878642213650573,1,SEM_16_369
TRS_SEM_0228,SEM,SEM_00_22,422442.69334237545,9234340.776511917,-0.6158489820506582,-0.7878642213650573,1,SEM_16_369
TRS_SEM_0229,SEM,SEM_00_22,422179.7373390486,9234410.316893462,-0.6158489820507866,-0.7878642213649568,1,SEM_16_369
TRS_SEM_0230,SEM,SEM_00_22,421926.5968929889,9234492.414454784,-0.6158489820507898,-0.7878642213649544,1,SEM_16_369
TRS_SEM_0231,SEM,SEM_00_22,421701.1640527532,9234609.958743997,-0.6158489820507898,-0.7878642213649544,1,SEM_16_369
TRS_SEM_0232,SEM,SEM_00_22,421499.563478892,9234757.991985109,-0.6158489820507898,-0.7878642213649544,1,SEM_16_369
TRS_SEM_0233,SEM,SEM_00_22,421445.840424765,9235095.207006719,-0.6158489820507898,-0.7878642213649544,1,SEM_16_369
TRS_SEM_0234,SEM,SEM_00_22,421275.5611660181,9235283.310044589,-0.6158489820507898,-0.7878642213649544,1,SEM_16_369
TRS_SEM_0235,SEM,SEM_00_22,420940.91171900585,9235261.132000297,-0.6158489820507866,-0.7878642213649568,1,SEM_16_369
TRS_SEM_0236,SEM,SEM_00_22,420707.09568832564,9235367.951556655,-0.6158489820507866,-0.7878642213649568,1,SEM_16_369
TRS_SEM_0237,SEM,SEM_00_22,420491.04999197024,9235497.504950404,-0.6158489820507866,-0.7878642213649568,3,SEM_16_369
TRS_SEM_0238,SEM,SEM_00_22,420068.64262802614,9235363.056974836,-0.6158489820507866,-0.7878642213649568,1,SEM_16_369
TRS_SEM_0239,SEM,SEM_00_22,419850.84064847743,9235490.363530917,-0.6158489820507866,-0.7878642213649568,1,SEM_16_369
TRS_SEM_0240,SEM,SEM_00_22,419584.27586079814,9235555.287144134,-0.6158489820507898,-0.7878642213649544,1,SEM_16_369
TRS_SEM_0241,SEM,SEM_00_22,419310.2464467441,9235610.661156366,-0.6158489820507898,-0.7878642213649544,1,SEM_16_369
TRS_SEM_0242,SEM,SEM_00_22,419078.3280959001,9235719.908441095,-0.6158489820507898,-0.7878642213649544,1,SEM_16_369
TRS_SEM_0243,SEM,SEM_00_22,418733.9053814485,9235685.227318995,-0.6158489820507898,-0.7878642213649544,1,SEM_16_369
TRS_SEM_0244,SEM,SEM_00_22,418561.35738360236,9235870.427927185,-0.6158489820507898,-0.7878642213649544,1,SEM_16_369
TRS_SEM_0245,SEM,SEM_00_22,418289.0196639659,9235927.96614776,-0.6158489820507866,-0.7878642213649568,1,SEM_16_369
TRS_SEM_0246,SEM,SEM_00_22,418044.9948910311,9236021.725517282,-0.6158489820507866,-0.7878642213649568,1,SEM_16_369
TRS_SEM_0247,SEM,SEM_00_22,417836.94816445146,9236161.512105009,-0.6158489820507866,-0.7878642213649568,1,SEM_16_369
TRS_SEM_0248,SEM,SEM_00_22,417605.3169291604,9236271.126700683,-0.6158489820507866,-0.7878642213649568,1,SEM_16_369
TRS_SEM_0249,SEM,SEM_00_22,417421.2182051774,9236441.550303277,-0.6158489820507866,-0.7878642213649568,1,SEM_16_369
TRS_SEM_0250,SEM,SEM_00_22,417231.7706500931,9236605.131071387,-0.6158489820507866,-0.7878642213649568,1,SEM_16_369
TRS_SEM_0251,SEM,SEM_00_22,417048.44093706144,9236776.538480453,-0.6158489820506613,-0.7878642213650549,1,SEM_16_369
TRS_SEM_0252,SEM,SEM_00_22,416877.23511785717,9236963.456156563,-0.6158489820506613,-0.7878642213650549,1,SEM_16_369
TRS_SEM_0253,SEM,SEM_00_22,416717.567844597,9237165.135255978,-0.6158489820506613,-0.7878642213650549,1,SEM_16_369
TRS_SEM_0254,SEM,SEM_00_22,416575.9219834422,9237389.869400103,-0.6158489820506613,-0.7878642213650549,1,SEM_16_369
TRS_SEM_0255,SEM,SEM_00_22,416444.2646050319,9237627.38194999,-0.6158489820506613,-0.7878642213650549,1,SEM_16_369
TRS_SEM_0256,SEM,SEM_00_22,416317.47599730326,9237871.123186346,-0.6158489820506582,-0.7878642213650573,1,SEM_16_369
TRS_SEM_0257,SEM,SEM_00_22,416184.7770176211,9238107.303201148,-0.6158489820506582,-0.7878642213650573,1,SEM_16_369
TRS_SEM_0258,SEM,SEM_00_22,416055.56486770837,9238347.943966072,-0.6158489820507866,-0.7878642213649568,1,SEM_16_369
TRS_SEM_0259,SEM,SEM_00_22,415835.17195377796,9238471.93590354,-0.6158489820507866,-0.7878642213649568,1,SEM_16_369
TRS_SEM_0260,SEM,SEM_00_22,415589.66228072485,9238563.79561956,-0.6158489820507866,-0.7878642213649568,1,SEM_16_369
TRS_SEM_0261,SEM,SEM_00_22,415333.2695692355,9238641.732512204,-0.6158489820507898,-0.7878642213649544,1,SEM_16_369
TRS_SEM_0262,SEM,SEM_00_22,415114.3062664423,9238767.553371206,-0.6158489820507898,-0.7878642213649544,1,SEM_16_369
TRS_SEM_0263,SEM,SEM_00_22,414844.981437102,9238828.946024502,-0.6158489820507898,-0.7878642213649544,1,SEM_16_369
TRS_SEM_0264,SEM,SEM_00_22,414734.7813868984,9239093.909234652,-0.6158489820507898,-0.7878642213649544,1,SEM_16_369
TRS_SEM_0265,SEM,SEM_00_22,414608.55473438505,9239338.36938818,-0.6158489820507898,-0.7878642213649544,1,SEM_16_369
TRS_SEM_0266,SEM,SEM_00_22,414432.4441806196,9239519.012368726,-0.6158489820507866,-0.7878642213649568,1,SEM_16_369
TRS_SEM_0267,SEM,SEM_00_22,414367.9721311645,9239842.476050183,-0.6158489820507866,-0.7878642213649568,1,SEM_16_369
TRS_SEM_0268,SEM,SEM_00_22,414273.06124820956,9240126.998905962,-0.6158489820507866,-0.7878642213649568,1,SEM_16_369
TRS_SEM_0269,SEM,SEM_00_22,414163.5975241705,9240392.904108478,-0.6158489820507866,-0.7878642213649568,1,SEM_16_369
TRS_SEM_0270,SEM,SEM_00_22,414076.7314418848,9240687.718790337,-0.6158489820507866,-0.7878642213649568,1,SEM_16_369
TRS_SEM_0271,SEM,SEM_00_22,413896.9429370234,9240863.656516574,-0.6158489820507898,-0.7878642213649544,1,SEM_16_369
TRS_SEM_0272,SEM,SEM_00_22,413789.3264838665,9241131.924958583,-0.6158489820507898,-0.7878642213649544,1,SEM_16_369
TRS_SEM_0273,SEM,SEM_00_22,413726.0114852899,9241456.868871422,-0.6158489820507898,-0.7878642213649544,1,SEM_16_369
TRS_SEM_0274,SEM,SEM_00_22,413485.5332936963,9241555.165432088,-0.6158489820507898,-0.7878642213649544,1,SEM_16_369
TRS_SEM_0275,SEM,SEM_00_22,413200.71666165156,9241596.73920538,-0.6158489820507898,-0.7878642213649544,1,SEM_16_369
TRS_SEM_0276,SEM,SEM_00_22,412972.0619257721,9241710.161678407,-0.6158489820507866,-0.7878642213649568,1,SEM_16_369
TRS_SEM_0277,SEM,SEM_00_22,412717.7041812592,9241790.701932782,-0.6158489820507866,-0.7878642213649568,1,SEM_16_369
TRS_SEM_0278,SEM,SEM_00_22,412442.3657437341,9241844.401292969,-0.6158489820507866,-0.7878642213649568,1,SEM_16_369
TRS_SEM_0279,SEM,SEM_00_22,412178.92685352336,9241923.854626317,-0.6002324132993824,-0.7998256372640223,1,SEM_16_369
TRS_SEM_0280,SEM,SEM_00_22,411907.00987698627,9241988.472816596,-0.5762742144627554,-0.8172564039182161,1,SEM_16_369
TRS_SEM_0281,SEM,SEM_00_22,411631.1204623032,9242034.900288844,-0.5501369752022993,-0.835074432919165,1,SEM_16_369
TRS_SEM_0282,SEM,SEM_00_22,411389.92124494887,9242121.69475744,-0.521619998962966,-0.8531779279153179,1,SEM_16_369
TRS_SEM_0283,SEM,SEM_00_22,411186.67218013265,9242264.46550534,-0.49051707577345793,-0.8714315798584854,1,SEM_16_369
TRS_SEM_0284,SEM,SEM_00_22,410984.98250948463,9242408.10930921,-0.4566224921020732,-0.889660553079933,1,SEM_16_369
TRS_SEM_0285,SEM,SEM_00_22,410771.5743180412,9242524.116518317,-0.4197395716747541,-0.9076445846091376,1,SEM_16_369
TRS_SEM_0286,SEM,SEM_00_22,410531.61877516,9242565.755355395,-0.37969219348706823,-0.9251128786288616,1,SEM_16_369
TRS_SEM_0287,SEM,SEM_00_22,410310.04461793316,9242625.136352705,-0.33633956645366364,-0.9417407796404283,1,SEM_16_369
TRS_SEM_0288,SEM,SEM_00_22,410105.6065158754,9242706.282551749,-0.2895941975262088,-0.9571495184970586,1,SEM_16_369
TRS_SEM_0289,SEM,SEM_00_22,409903.2066963987,9242761.193061313,-0.23944242485578346,-0.970910564974541,1,SEM_16_369
TRS_SEM_0290,SEM,SEM_00_22,409709.0142665129,9242796.919165937,-0.18596609072018952,-0.9825561628234033,1,SEM_16_369
TRS_SEM_0291,SEM,SEM_00_22,409532.33189548046,9242855.3594253,-0.12936297094513732,-0.991597308259884,1,SEM_16_369
TRS_SEM_0292,SEM,SEM_00_22,409050.6434368448,9243494.425335385,0.05066841372094087,-0.9987155309951897,1,SEM_16_369
TRS_SEM_0293,SEM,SEM_00_22,408815.7753343407,9244270.956419395,0.09317857121110627,-0.9956494131304737,1,SEM_16_369
TRS_SEM_0294,SEM,SEM_00_22,408633.2800998591,9244272.54183423,0.13474505929096403,-0.9908803000346078,1,SEM_16_369
TRS_SEM_0295,SEM,SEM_00_23,408569.38013157214,9243724.012832886,0.17518734444014558,-0.9845351158531674,1,SEM_16_369
TRS_SEM_0296,SEM,SEM_00_23,408501.5782994925,9243353.951009156,0.21435358470951077,-0.9767561316532304,3,SEM_16_369
TRS_SEM_0297,SEM,SEM_00_23,408111.95480920706,9242498.37859821,0.3562507602431593,-0.9343903872719214,1,SEM_16_369
TRS_SEM_0298,SEM,SEM_00_23,407981.3901263994,9242359.122247912,0.3877714535957003,-0.9217555531572771,1,SEM_16_369
TRS_SEM_0299,SEM,SEM_00_23,407859.1959735634,9242187.501581809,0.4176888029380266,-0.9085901517737238,1,SEM_16_369
TRS_SEM_0300,SEM,SEM_00_23,407720.47180818126,9242041.207343342,0.4460248674891655,-0.8950205682448155,1,SEM_16_369
TRS_SEM_0301,SEM,SEM_00_23,407580.6147983054,9241886.239284499,0.4728155488054811,-0.8811614249431098,1,SEM_16_369
TRS_SEM_0302,SEM,SEM_00_23,407439.1355645182,9241725.315199096,0.4981076436687991,-0.8671152030259397,1,SEM_16_369
TRS_SEM_0303,SEM,SEM_00_23,407297.3898392022,9241557.436907854,0.5219561658792647,-0.8529723095743598,1,SEM_16_369
TRS_SEM_0304,SEM,SEM_00_23,407153.39901530225,9241386.949196132,0.5444219832454885,-0.8388114830872602,1,SEM_16_369
TRS_SEM_0305,SEM,SEM_00_23,406998.7854646758,9241226.572343139,0.5655697869255428,-0.8247004402308733,1,SEM_16_369
TRS_SEM_0306,SEM,SEM_00_23,406852.00296071527,9241049.299975688,0.5854663886572312,-0.8106966804870116,1,SEM_16_369
TRS_SEM_0307,SEM,SEM_00_24,406679.84842571826,9240895.811389942,0.604179326607385,-0.7968483803712264,1,SEM_16_369
TRS_SEM_0308,SEM,SEM_00_24,406476.824096572,9240762.378851704,0.6217757514674896,-0.7831953235860378,1,SEM_16_369
TRS_SEM_0309,SEM,SEM_00_24,406273.6728009345,9240631.81294336,0.6383215597913772,-0.7697698268349463,1,SEM_16_369
TRS_SEM_0310,SEM,SEM_00_24,406063.5938659821,9240506.852175375,0.6328909842908246,-0.7742409198714515,1,SEM_16_369
TRS_SEM_0311,SEM,SEM_00_24,405853.75357606186,9240378.197254278,0.6182392530329732,-0.7859899655906754,1,SEM_16_369
TRS_SEM_0312,SEM,SEM_00_24,405642.51132105757,9240249.371608576,0.6034140962839551,-0.7974280082902894,1,SEM_16_369
TRS_SEM_0313,SEM,SEM_00_24,405425.118950051,9240126.978457931,0.588432992724595,-0.8085459869872441,1,SEM_16_369
TRS_SEM_0314,SEM,SEM_00_24,405209.46912269015,9240000.608984394,0.5733137153667014,-0.8193359407303142,1,SEM_16_369
TRS_SEM_0315,SEM,SEM_00_24,404993.86598015553,9239872.373358835,0.5580742319527605,-0.8297910288924172,1,SEM_16_369
TRS_CIR_0001,CIR,CIR_00_00,288843.00152957544,9244732.87130696,-0.7750497845794184,-0.6319001752044361,1,CIR_11_369
TRS_CIR_0002,CIR,CIR_00_00,288690.405639412,9244922.864998974,-0.8025151178552558,-0.5966317839453116,1,CIR_11_369
TRS_CIR_0003,CIR,CIR_00_00,288548.2838881624,9245114.818022858,-0.8278671514520144,-0.5609242190766303,1,CIR_11_369
TRS_CIR_0004,CIR,CIR_00_00,288420.46826528973,9245309.801222328,-0.8510837480362079,-0.5250299551726937,1,CIR_11_369
TRS_CIR_0005,CIR,CIR_00_00,288303.03152196563,9245503.872644236,-0.8721793563354708,-0.48918623282165646,1,CIR_11_369
TRS_CIR_0006,CIR,CIR_00_00,288131.6562109905,9245663.423912754,-0.8912003964423009,-0.4536098030037333,1,CIR_11_369
TRS_CIR_0007,CIR,CIR_00_00,288009.47998871835,9245844.53243245,-0.9082198935467599,-0.41849327947520526,1,CIR_11_369
TRS_CIR_0008,CIR,CIR_00_00,287888.1175941419,9246020.563411554,-0.9233318210139108,-0.3840030576742008,1,CIR_11_369
TRS_CIR_0009,CIR,CIR_00_00,287758.8828642716,9246188.705111334,-0.9366455436861374,-0.3502786397896682,1,CIR_11_369
TRS_CIR_0010,CIR,CIR_00_00,287637.6909856013,9246355.68779306,-0.9482806587338855,-0.31743313039320326,1,CIR_11_369
TRS_CIR_0011,CIR,CIR_00_00,287523.4730731845,9246520.664825236,-0.9583624321515004,-0.28555463337277687,1,CIR_11_369
TRS_CIR_0012,CIR,CIR_00_00,287345.5514088668,9246657.461234245,-0.9698093234686842,-0.24386446258775188,1,CIR_11_369
TRS_CIR_0013,CIR,CIR_00_00,286835.1760522163,9246721.74055192,-0.9817053831473885,-0.19040625173412482,1,CIR_11_369
TRS_CIR_0014,CIR,CIR_00_00,286342.78515183297,9246824.08676298,-0.9803278135901692,-0.19737623438884022,1,CIR_11_369
TRS_CIR_0015,CIR,CIR_00_01,286181.6806668855,9246987.961314278,-0.9774770154551032,-0.2110419016616933,1,CIR_11_369
TRS_CIR_0016,CIR,CIR_00_01,286475.38229524624,9247209.014722662,-0.9743001670889548,-0.2252536002163671,1,CIR_11_369
TRS_CIR_0017,CIR,CIR_00_01,286473.2593770409,9247361.15610981,-0.9707642646226305,-0.24003487774005539,1,CIR_11_369
TRS_CIR_0018,CIR,CIR_00_01,287742.01720680407,9247843.590699784,-0.9668329727493642,-0.2554094806475031,3,CIR_11_369
TRS_CIR_0019,CIR,CIR_00_01,287908.85830236715,9248054.705514554,-0.9624663282280893,-0.27140111832330405,3,CIR_11_369
TRS_CIR_0020,CIR,CIR_00_01,287866.2234624189,9248204.053053427,-0.9576204338521327,-0.2880331659181859,3,CIR_11_369
TRS_CIR_0021,CIR,CIR_00_01,287691.93601297896,9248304.211470261,-0.9522471488402777,-0.305328294669135,3,CIR_11_369
TRS_CIR_0022,CIR,CIR_00_01,287509.6461385116,9248388.51575681,-0.9462937840812673,-0.3233080175454297,1,CIR_11_369
TRS_CIR_0023,CIR,CIR_00_01,287391.24123065086,9248482.654620945,-0.9436111076752723,-0.331056003527871,1,CIR_11_369
TRS_CIR_0024,CIR,CIR_00_01,287339.8207683246,9248611.722192992,-0.9556393469504463,-0.29453936674089015,1,CIR_11_369
TRS_CIR_0025,CIR,CIR_00_01,287341.08763301716,9248772.24721547,-0.9661347797539583,-0.2580379571880277,1,CIR_11_369
TRS_CIR_0026,CIR,CIR_00_01,287364.2999899269,9248950.062495738,-0.975111387002148,-0.22171554509945227,1,CIR_11_369
TRS_CIR_0027,CIR,CIR_00_01,287437.87303887005,9249147.386875289,-0.9826015135307192,-0.1857263191018979,1,CIR_11_369
TRS_CIR_0028,CIR,CIR_00_01,287549.3484494894,9249356.225144269,-0.9886537711095493,-0.15021225273214817,1,CIR_11_369
TRS_CIR_0029,CIR,CIR_00_01,288600.35917395924,9249676.873406773,-0.9933305865879671,-0.11530110905279739,3,CIR_11_369
TRS_CIR_0030,CIR,CIR_00_01,288622.6757874418,9249851.225632483,-0.9967055542291483,-0.0811051056886459,1,CIR_11_369
TRS_CIR_0031,CIR,CIR_00_01,288790.73241826607,9250042.063331783,-0.998860741433126,-0.04772021818543857,1,CIR_11_370
TRS_CIR_0032,CIR,CIR_00_02,288789.9536610747,9250076.700622503,-0.9998840767669891,-0.015226064095028745,1,CIR_11_370
TRS_CIR_0033,CIR,CIR_00_02,288754.82514628523,9250116.855827285,-0.9998433751925293,-0.017698166108705674,1,CIR_11_370
TRS_CIR_0034,CIR,CIR_00_03,286291.77006629104,9250704.308675447,-0.7075723799048075,-0.706640875689941,1,CIR_11_370
TRS_CIR_0035,CIR,CIR_00_04,286205.4901803558,9253194.25737305,0.21672831576575988,-0.9762319586785392,3,CIR_11_370
TRS_CIR_0036,CIR,CIR_00_05,281792.0817717122,9248952.857308911,0.467990674122383,-0.8837334037674922,1,CIR_11_369
TRS_CIR_0037,CIR,CIR_00_05,281484.07055481186,9249036.072048185,0.4481852371527202,-0.8939407101135735,1,CIR_11_369
TRS_CIR_0038,CIR,CIR_00_05,281191.49795222236,9249104.886236466,0.428406715173415,-0.9035860149395432,1,CIR_11_369
TRS_CIR_0039,CIR,CIR_00_05,280930.8612675217,9249118.951597806,0.4086870974689253,-0.9126745621317739,1,CIR_11_369
TRS_CIR_0040,CIR,CIR_00_05,280699.80501436786,9249073.075348934,0.3890568023656609,-0.921213767012308,1,CIR_11_369
TRS_CIR_0041,CIR,CIR_00_05,280513.9672527975,9248916.275376776,0.3695445336250695,-0.929213020608208,1,CIR_11_369
TRS_CIR_0042,CIR,CIR_00_05,280362.72944865,9248655.585634205,0.350177167815973,-0.9366834850366391,1,CIR_11_369
TRS_CIR_0043,CIR,CIR_00_05,280244.8152977562,9248274.688639281,0.3309796718656645,-0.9436378843665069,1,CIR_11_369
TRS_CIR_0044,CIR,CIR_00_05,280102.5320161902,9247925.216969676,0.3267414396485933,-0.9451137664939415,1,CIR_11_369
TRS_CIR_0045,CIR,CIR_00_05,279933.7315811988,9247648.348552873,0.3267414396485933,-0.9451137664939415,1,CIR_11_369
TRS_CIR_0046,CIR,CIR_00_05,279713.2970444166,9247520.834011953,0.32674143964859137,-0.9451137664939423,1,CIR_11_369
TRS_CIR_0047,CIR,CIR_00_05,279435.3602905923,9247559.647124447,0.32674143964859137,-0.9451137664939423,1,CIR_11_369
TRS_CIR_0048,CIR,CIR_00_05,279099.33342234907,9247766.488408985,0.32674143964859137,-0.9451137664939423,1,CIR_11_369
TRS_CIR_0049,CIR,CIR_00_05,278748.3660937631,9248016.545622187,0.3267414396485933,-0.9451137664939415,1,CIR_11_369
TRS_CIR_0050,CIR,CIR_00_05,278478.05538146023,9248033.300079271,0.3267414396485933,-0.9451137664939415,1,CIR_11_369
TRS_CIR_0051,CIR,CIR_00_05,278290.101358899,9247811.834244123,0.3267414396485933,-0.9451137664939415,1,CIR_11_369
TRS_CIR_0052,CIR,CIR_00_05,278062.04250998126,9247706.37335629,0.3267414396485933,-0.9451137664939415,1,CIR_11_369
TRS_CIR_0053,CIR,CIR_00_05,277830.2964618295,9247611.577851947,0.3267414396485933,-0.9451137664939415,1,CIR_11_369
TRS_CIR_0054,CIR,CIR_00_05,277597.43523657223,9247520.008045685,0.32674143964859137,-0.9451137664939423,1,CIR_11_369
TRS_CIR_0055,CIR,CIR_00_05,277370.4992637063,9247411.299190236,0.32674143964859137,-0.9451137664939423,1,CIR_11_369
TRS_CIR_0056,CIR,CIR_00_05,277142.459949979,9247305.78179602,0.32674143964859137,-0.9451137664939423,1,CIR_11_369
TRS_CIR_0057,CIR,CIR_00_05,276908.64054606255,9247216.98356303,0.3267414396485933,-0.9451137664939415,1,CIR_11_369
TRS_CIR_0058,CIR,CIR_00_05,276659.7059530291,9247171.906669253,0.3267414396485933,-0.9451137664939415,1,CIR_11_369
TRS_CIR_0059,CIR,CIR_00_05,276385.8362147018,9247198.955763265,0.3267414396485933,-0.9451137664939415,1,CIR_11_369
TRS_CIR_0060,CIR,CIR_00_05,276101.4472366114,9247256.43221392,0.3267414396485933,-0.9451137664939415,1,CIR_11_369
TRS_CIR_0061,CIR,CIR_00_05,275834.66957992787,9247302.03711505,0.3119922862053984,-0.9500846348343545,1,CIR_11_369
TRS_CIR_0062,CIR,CIR_00_05,275594.2187197537,9247280.384092117,0.29598291806528576,-0.9551932329186374,1,CIR_11_369
TRS_CIR_0063,CIR,CIR_00_05,275476.55316668545,9246844.911033712,0.2797284530543016,-0.960079159523759,1,CIR_11_369
TRS_CIR_0064,CIR,CIR_00_05,275317.5810677118,9246512.823710643,0.263238231717172,-0.9647308605836222,1,CIR_11_369
TRS_CIR_0065,CIR,CIR_00_05,275122.89137101354,9246284.732778072,0.2465225087115353,-0.9691370660017968,1,CIR_11_369
TRS_CIR_0066,CIR,CIR_00_05,274907.3492864363,9246122.091822915,0.22959244195282916,-0.9732868593575775,1,CIR_10_369
TRS_CIR_0067,CIR,CIR_00_05,274685.938217102,9245972.686119556,0.21246007421112278,-0.9771697482352818,1,CIR_10_369
TRS_CIR_0068,CIR,CIR_00_05,274450.7842776591,9245879.785679435,0.19513830693513073,-0.9807757343891063,1,CIR_10_369
TRS_CIR_0069,CIR,CIR_00_05,274218.77697890886,9245767.163812988,0.17764086619047822,-0.9840953829071126,1,CIR_10_369
TRS_CIR_0070,CIR,CIR_00_05,273984.4096960209,9245662.066960236,0.1599822607102312,-0.9871198895058511,1,CIR_10_369
TRS_CIR_0071,CIR,CIR_00_05,273744.63304356486,9245588.627970416,0.14217773218669644,-0.989841145068363,1,CIR_10_369
TRS_CIR_0072,CIR,CIR_00_05,273505.15014456527,9245515.278951647,0.12424319806412126,-0.992251796538963,1,CIR_10_369
TRS_CIR_0073,CIR,CIR_00_05,273268.3191174043,9245419.984341545,0.10619518721642349,-0.994345303308699,1,CIR_10_369
TRS_CIR_0074,CIR,CIR_00_05,273037.24061233905,9245253.955707204,0.08805076903578456,-0.9961159882625149,1,CIR_10_369
TRS_CIR_0075,CIR,CIR_00_05,272795.8566012318,9245190.83699866,0.06982747657106385,-0.9975590827192731,1,CIR_10_369
TRS_CIR_0076,CIR,CIR_00_05,272553.80711142556,9245153.877871038,0.051543224478173985,-0.9986707645717844,1,CIR_10_369
TRS_CIR_0077,CIR,CIR_00_05,272312.7101195309,9245137.774569212,0.03321622264776507,-0.999448189028833,1,CIR_10_369
TRS_CIR_0078,CIR,CIR_00_05,272073.909134741,9245129.376205938,0.014864886457224306,-0.9998895114714493,1,CIR_10_369
TRS_CIR_0079,CIR,CIR_00_06,271835.3202766907,9245132.872456592,-0.0034922553293415897,-0.9999939020577648,1,CIR_10_369
TRS_CIR_0080,CIR,CIR_00_06,271594.47788972186,9245153.109874407,-0.02183665394508038,-0.9997615518434796,1,CIR_10_369
TRS_CIR_0081,CIR,CIR_00_06,271353.21070047864,9245212.92367722,-0.04014983419378076,-0.9991936703233322,1,CIR_10_369
TRS_CIR_0082,CIR,CIR_00_06,271104.72507093905,9245158.988317702,-0.058413487110129315,-0.9982924744400485,1,CIR_10_369
TRS_CIR_0083,CIR,CIR_00_06,270875.2468977283,9245413.997140447,-0.07660956063318061,-0.9970611692466973,1,CIR_10_369
TRS_CIR_0084,CIR,CIR_00_06,270638.22806230193,9245520.51027149,-0.09472034724945663,-0.9955039205432302,1,CIR_10_369
TRS_CIR_0085,CIR,CIR_00_06,270401.89005085104,9245622.910308205,-0.11272856763740215,-0.9936258199334496,1,CIR_10_369
TRS_CIR_0086,CIR,CIR_00_06,270167.37682590366,9245731.60033,-0.13061744941972686,-0.9914328428628362,1,CIR_10_369
TRS_CIR_0087,CIR,CIR_00_06,269936.1987457305,9245854.352482585,-0.1483708002290358,-0.988931800297369,1,CIR_10_369
TRS_CIR_0088,CIR,CIR_00_06,269708.84768988396,9245989.513833918,-0.16597307441178877,-0.9861302847850779,1,CIR_10_369
TRS_CIR_0089,CIR,CIR_00_06,269482.46938948473,9246118.148258885,-0.18340943280616495,-0.9830366117076824,1,CIR_10_369
TRS_CIR_0090,CIR,CIR_00_06,269234.74889802793,9246133.066523341,-0.20066579516814104,-0.979659756573443,1,CIR_10_369
TRS_CIR_0091,CIR,CIR_00_06,268973.8742454317,9246098.886413801,-0.21772888494816453,-0.9760092892279402,1,CIR_10_369
TRS_CIR_0092,CIR,CIR_00_06,268709.43275837373,9246066.462597722,-0.23458626624420417,-0.972095305867487,1,CIR_10_369
TRS_CIR_0093,CIR,CIR_00_06,268442.9661643578,9246041.353442224,-0.2512263728979387,-0.9679283597253185,1,CIR_10_369
TRS_CIR_0094,CIR,CIR_00_06,268198.88146532065,9246109.975959081,-0.2676385298049832,-0.9635193912754569,1,CIR_10_369
TRS_CIR_0095,CIR,CIR_00_06,267954.8990581672,9246179.745726608,-0.28381296663308886,-0.9588796587533419,1,CIR_10_369
TRS_CIR_0096,CIR,CIR_00_06,267709.44256322115,9246245.445443328,-0.29974082423402876,-0.9540206697380855,1,CIR_10_369
TRS_CIR_0097,CIR,CIR_00_06,267469.01116589754,9246315.134960609,-0.3007577395035715,-0.9537005725743809,1,CIR_10_369
TRS_CIR_0098,CIR,CIR_00_06,267227.5693707589,9246380.758614268,-0.30075773950375784,-0.9537005725743221,1,CIR_10_369
TRS_CIR_0099,CIR,CIR_00_06,266976.07621992816,9246414.509493202,-0.3007577395037597,-0.9537005725743215,1,CIR_10_369
TRS_CIR_0100,CIR,CIR_00_06,266695.39050991694,9246355.690982394,-0.3007577395035715,-0.9537005725743809,1,CIR_10_369
TRS_CIR_0101,CIR,CIR_00_06,266433.85816453,9246357.607649473,-0.3007577395037597,-0.9537005725743215,1,CIR_10_369
TRS_CIR_0102,CIR,CIR_00_06,266202.80277311296,9246456.16651269,-0.3007577395035705,-0.953700572574381,1,CIR_10_369
TRS_CIR_0103,CIR,CIR_00_06,265969.93432158825,9246548.976175684,-0.3007577395037597,-0.9537005725743215,1,CIR_10_369
TRS_CIR_0104,CIR,CIR_00_06,265735.42204451194,9246636.573279986,-0.3007577395037597,-0.9537005725743215,1,CIR_10_369
TRS_CIR_0105,CIR,CIR_00_06,265506.7121915098,9246742.569828207,-0.3007577395035705,-0.953700572574381,1,CIR_10_369
TRS_CIR_0106,CIR,CIR_00_06,265273.47308875644,9246837.877443755,-0.3033215426814535,-0.9528882629906525,1,CIR_10_369
TRS_CIR_0107,CIR,CIR_00_06,265016.696025773,9246894.860251019,-0.3294843317267061,-0.9441610430146999,1,CIR_10_369
TRS_CIR_0108,CIR,CIR_00_06,264755.9948547218,9246946.632789187,-0.35647435023563395,-0.9343051094926552,1,CIR_10_369
TRS_CIR_0109,CIR,CIR_00_06,264487.5482036197,9246985.766201124,-0.3842567763447763,-0.9232262614511788,1,CIR_10_369
TRS_CIR_0110,CIR,CIR_00_06,264216.9794516505,9247028.311699241,-0.4127830252131781,-0.9108293880282172,1,CIR_10_369
TRS_CIR_0111,CIR,CIR_00_06,263982.8463920696,9247152.471846962,-0.4419892031392937,-0.8970203700631844,1,CIR_10_369
TRS_CIR_0112,CIR,CIR_00_06,263772.61897177505,9247316.20356125,-0.4717947421687394,-0.8817084105654958,1,CIR_10_369
TRS_CIR_0113,CIR,CIR_00_06,263553.54016733967,9247453.260247353,-0.5021013378334834,-0.8648087918990105,1,CIR_10_369
TRS_CIR_0114,CIR,CIR_00_06,263329.12984976877,9247574.244286157,-0.5327923291580228,-0.8462460245049126,1,CIR_10_369
TRS_CIR_0115,CIR,CIR_00_06,263103.91643904167,9247688.687265463,-0.5637326684260698,-0.8259573103673234,1,CIR_10_369
TRS_CIR_0116,CIR,CIR_00_06,262877.8330091927,9247797.40054702,-0.5947696240003322,-0.8038961962632387,1,CIR_10_369
TRS_CIR_0117,CIR,CIR_00_06,262650.8697288737,9247901.159248795,-0.6257343385878387,-0.780036241152961,1,CIR_10_369
TRS_CIR_0118,CIR,CIR_00_06,262418.41436942894,9247995.339277739,-0.6564443246753618,-0.7543744750463844,1,CIR_10_369
TRS_CIR_0119,CIR,CIR_00_06,262180.7488467787,9248082.07438183,-0.6867069177219065,-0.7269343912299643,1,CIR_10_369
TRS_CIR_0120,CIR,CIR_00_06,261942.24386360412,9248167.138029223,-0.7163236287574122,-0.6977681985328746,1,CIR_10_369
TRS_CIR_0121,CIR,CIR_00_06,261708.49754371293,9248255.823796308,-0.7450952480216586,-0.6669580731766752,1,CIR_10_369
TRS_CIR_0122,CIR,CIR_00_06,261484.29595304388,9248351.066317566,-0.7728274608713466,-0.6346161956041992,1,CIR_10_369
TRS_CIR_0123,CIR,CIR_00_06,261289.11678582348,9248465.63715584,-0.799336659727053,-0.6008834366300982,1,CIR_10_369
TRS_CIR_0124,CIR,CIR_00_07,261117.4893379677,9248590.476711575,-0.8244555850552885,-0.5659266633329286,1,CIR_10_369
TRS_CIR_0125,CIR,CIR_00_07,260984.78868060638,9248749.68852705,-0.8480384154536444,-0.529934756281254,1,CIR_10_369
TRS_CIR_0126,CIR,CIR_00_07,260902.17614755273,9248954.21156777,-0.8699649574423678,-0.4931135496235112,1,CIR_10_369
TRS_CIR_0127,CIR,CIR_00_07,260906.18959674734,9249213.113983799,-0.8901436578616174,-0.4556800065492669,1,CIR_10_369
TRS_CIR_0128,CIR,CIR_00_07,261018.17038228066,9249521.901767287,-0.9085132664994511,-0.4178560094033557,1,CIR_10_369
TRS_CIR_0129,CIR,CIR_00_07,261014.16112210805,9249772.625270093,-0.9250430985770676,-0.37986216681177626,1,CIR_10_369
TRS_CIR_0130,CIR,CIR_00_07,260955.51187937774,9250004.68217185,-0.9397319682125371,-0.34191201780486014,1,CIR_10_370
TRS_CIR_0131,CIR,CIR_00_07,260857.7498342733,9250230.235434681,-0.9526059683059398,-0.3042069511827479,1,CIR_10_370
TRS_CIR_0132,CIR,CIR_00_07,260745.08802599428,9250460.53047725,-0.963715347189533,-0.2669320692448883,1,CIR_10_370
TRS_CIR_0133,CIR,CIR_00_07,260637.1566716769,9250692.104324065,-0.9697499949890936,-0.24410028107040932,1,CIR_10_370
TRS_CIR_0134,CIR,CIR_00_07,260539.6193446726,9250912.886544146,-0.9694534753696185,-0.2452752720796953,1,CIR_10_370
TRS_CIR_0135,CIR,CIR_00_07,260471.97621320107,9251140.910786754,-0.9691345205646803,-0.24653251519803038,2,CIR_10_370
TRS_CIR_0136,CIR,CIR_00_07,260436.3375242255,9251376.809871964,-0.9687905000908331,-0.2478809531483883,2,CIR_10_370
TRS_CIR_0137,CIR,CIR_00_07,260451.73136569583,9251625.599989334,-0.9684183579296873,-0.24933087258654538,2,CIR_10_370
TRS_CIR_0138,CIR,CIR_00_07,260484.60227032972,9251878.818218494,-0.9680145233336898,-0.2508941661638417,2,CIR_10_370
TRS_CIR_0139,CIR,CIR_00_07,261961.99635068988,9252509.079008082,-0.9675747983359659,-0.25258465833283444,7,CIR_10_370
TRS_CIR_0140,CIR,CIR_00_07,262086.90709543746,9252789.332637303,-0.9670942145799938,-0.25441851372473856,3,CIR_10_370
TRS_CIR_0141,CIR,CIR_00_07,261952.6862129568,9253001.450533714,-0.9665668492952207,-0.25641475356053517,1,CIR_10_370
TRS_CIR_0142,CIR,CIR_00_07,262090.87071529237,9253290.134339184,-0.9645617218586987,-0.2638573188770443,1,CIR_10_370
TRS_CIR_0143,CIR,CIR_00_07,261880.51852922645,9253511.768379936,-0.9465734127300119,-0.3224884095787916,1,CIR_10_370
TRS_CIR_0144,CIR,CIR_00_07,261626.6222387482,9253688.578388527,-0.9216726232175054,-0.38796852399564913,1,CIR_10_370
TRS_CIR_0145,CIR,CIR_00_08,256553.60864981377,9248997.535150426,0.6649074012364211,-0.7469257980422345,1,CIR_10_369
TRS_CIR_0146,CIR,CIR_00_08,256371.70756875694,9248825.882090682,0.6649074012365366,-0.7469257980421317,1,CIR_10_369
TRS_CIR_0147,CIR,CIR_00_08,256158.48617962384,9248689.412796473,0.6649074012364211,-0.7469257980422345,1,CIR_10_369
TRS_CIR_0148,CIR,CIR_00_08,255946.4053526368,9248551.662248228,0.6649074012364228,-0.746925798042233,1,CIR_10_369
TRS_CIR_0149,CIR,CIR_00_08,255742.0975057639,9248405.179898582,0.6649074012365381,-0.7469257980421303,1,CIR_10_369
TRS_CIR_0150,CIR,CIR_00_08,255538.21926032545,9248258.214954833,0.6649074012364228,-0.746925798042233,1,CIR_10_369
TRS_CIR_0151,CIR,CIR_00_08,255308.49146045189,9248101.64781677,0.6491533028273372,-0.7606576032804508,1,CIR_10_369
TRS_CIR_0152,CIR,CIR_00_08,255082.46431431046,9247938.275612205,0.6312351441906515,-0.7755915115178913,1,CIR_10_369
TRS_CIR_0153,CIR,CIR_00_08,254853.95914135865,9247779.178372325,0.6125699245092396,-0.7904164013902698,1,CIR_10_369
TRS_CIR_0154,CIR,CIR_00_08,254619.78079000124,9247629.330568513,0.5931544078853976,-0.8050887208290296,1,CIR_10_369
TRS_CIR_0155,CIR,CIR_00_08,254385.20462547182,9247482.639707632,0.5729894499798371,-0.8195627433038936,1,CIR_10_369
TRS_CIR_0156,CIR,CIR_00_08,254147.90101369494,9247343.087187016,0.5520803862521725,-0.8337908893215684,1,CIR_10_369
TRS_CIR_0157,CIR,CIR_00_08,253914.08647686345,9247201.907331266,0.5304373853519402,-0.8477241179894538,1,CIR_10_369
TRS_CIR_0158,CIR,CIR_00_08,253682.08540707975,9247061.544099394,0.5080757536866083,-0.8613123872996282,1,CIR_10_369
TRS_CIR_0159,CIR,CIR_00_08,253441.0158596666,9246941.675839162,0.4850161768690321,-0.8745051790443256,1,CIR_10_369
TRS_CIR_0160,CIR,CIR_00_08,253213.24327721418,9246803.285594074,0.46128488407936835,-0.8872520812710917,1,CIR_10_369
TRS_CIR_0161,CIR,CIR_00_08,252970.59646817038,9246700.285612348,0.43691372244977544,-0.8995034180785978,1,CIR_10_369
TRS_CIR_0162,CIR,CIR_00_08,252728.28757313488,9246606.810270015,0.4119401304430833,-0.9112109135269043,1,CIR_10_369
TRS_CIR_0163,CIR,CIR_00_08,252491.09184209784,9246513.466534337,0.3864070018567934,-0.9223283736913032,1,CIR_10_369
TRS_CIR_0164,CIR,CIR_00_08,252255.62260520205,9246428.749329748,0.3603624354984733,-0.9328123686366989,1,CIR_10_369
TRS_CIR_0165,CIR,CIR_00_08,252019.2343098222,9246362.153217027,0.33385936958143936,-0.9426228945568232,1,CIR_10_369
TRS_CIR_0166,CIR,CIR_00_08,251790.766675348,9246291.223304281,0.30695510432377754,-0.9517239956676404,1,CIR_10_369
TRS_CIR_0167,CIR,CIR_00_08,251561.6814318233,9246243.375836428,0.27971072083614984,-0.960084325801292,1,CIR_10_369
TRS_CIR_0168,CIR,CIR_00_08,251338.69696177874,9246200.477425886,0.25219040885898963,-0.9676776310732493,1,CIR_10_369
TRS_CIR_0169,CIR,CIR_00_09,251105.87595946368,9246208.598479012,0.22446071996422012,-0.9744831374596197,1,CIR_10_369
TRS_CIR_0170,CIR,CIR_00_09,250866.32767995447,9246236.506294565,0.19658976620492488,-0.9804858305062307,1,CIR_10_369
TRS_CIR_0171,CIR,CIR_00_09,250623.81965451164,9246272.456258114,0.1686463865929975,-0.9856766185159944,1,CIR_10_369
TRS_CIR_0172,CIR,CIR_00_09,250376.5188680123,9246334.506747631,0.14069930508151104,-0.9900523751547592,1,CIR_10_369
TRS_CIR_0173,CIR,CIR_00_09,250125.0137340513,9246437.383022502,0.11281630382299505,-0.993615862188058,1,CIR_10_369
TRS_CIR_0174,CIR,CIR_00_09,249873.51574504314,9246572.058265494,0.0850634343662477,-0.9963755377034399,1,CIR_9_369
TRS_CIR_0175,CIR,CIR_00_09,249626.229599175,9246710.537953429,0.05750428726331479,-0.9983452593899257,1,CIR_9_369
TRS_CIR_0176,CIR,CIR_00_09,249375.13909709238,9247125.425816972,0.03019933746005715,-0.9995438959930542,3,CIR_9_369
TRS_CIR_0177,CIR,CIR_00_09,249144.60144616777,9247175.282729924,0.003205379080625454,-0.9999948627592791,1,CIR_9_369
TRS_CIR_0178,CIR,CIR_00_09,248906.72072534487,9246931.515114203,-0.023424940947231347,-0.9997255984226966,1,CIR_9_369
TRS_CIR_0179,CIR,CIR_00_09,248667.35529560488,9246977.415679164,-0.04964348523344394,-0.9987670020449599,1,CIR_9_369
TRS_CIR_0180,CIR,CIR_00_09,248407.68703397005,9246764.657791961,-0.0776062373019772,-0.9969840881036314,1,CIR_9_369
TRS_CIR_0181,CIR,CIR_00_09,248144.16746327633,9246693.973536657,-0.12288082977186798,-0.9924214335022079,1,CIR_9_369
TRS_CIR_0182,CIR,CIR_00_09,247872.32076313812,9246643.572656093,-0.16800708035504033,-0.9857857885720279,1,CIR_9_369
TRS_CIR_0183,CIR,CIR_00_09,247591.08178000856,9246596.476773724,-0.21270396958446736,-0.9771166876699068,1,CIR_9_369
TRS_CIR_0184,CIR,CIR_00_09,247311.50719600244,9246593.322469795,-0.2566999353569609,-0.9664911500824682,1,CIR_9_369
TRS_CIR_0185,CIR,CIR_00_09,247034.2694231677,9246616.534677183,-0.29974099884853156,-0.9540206148764736,1,CIR_9_369
TRS_CIR_0186,CIR,CIR_00_09,246757.03354656536,9246649.312839216,-0.3415977760954652,-0.9398462424070397,1,CIR_9_369
TRS_CIR_0187,CIR,CIR_00_09,246504.39114356754,9246719.251299968,-0.3639227796826026,-0.931429122600366,1,CIR_9_369
TRS_CIR_0188,CIR,CIR_00_09,246259.6688922224,9246804.603823842,-0.38456330718013887,-0.9230986202842436,1,CIR_9_369
TRS_CIR_0189,CIR,CIR_00_09,246021.2968263754,9246901.544481205,-0.40522688207183777,-0.914216152803229,1,CIR_9_369
TRS_CIR_0190,CIR,CIR_00_09,245779.56087404754,9246987.292581476,-0.42587927279854393,-0.9047799981214126,1,CIR_9_369
TRS_CIR_0191,CIR,CIR_00_09,245584.9699370529,9247164.800990041,-0.4464852874550914,-0.8947909745220637,1,CIR_9_369
TRS_CIR_0192,CIR,CIR_00_09,245386.5264329862,9247322.192339178,-0.46700902843672143,-0.8842525472728873,1,CIR_9_369
TRS_CIR_0193,CIR,CIR_00_09,245155.93532562823,9247411.458251385,-0.4874141679404413,-0.8731709047436974,1,CIR_9_369
TRS_CIR_0194,CIR,CIR_00_09,244930.13748738347,9247505.576520465,-0.5076642400407279,-0.861555000788615,1,CIR_9_369
TRS_CIR_0195,CIR,CIR_00_09,244710.3809853773,9247605.654177165,-0.5277229443729261,-0.8494165609301302,1,CIR_9_369
TRS_CIR_0196,CIR,CIR_00_09,244484.6240459929,9247692.20848857,-0.5475544559161595,-0.8367700507345842,1,CIR_9_369
TRS_CIR_0197,CIR,CIR_00_09,244239.61095539492,9247747.79538786,-0.5671237349873329,-0.8236326057254032,1,CIR_9_369
TRS_CIR_0198,CIR,CIR_00_10,244033.12709854107,9247856.727436023,-0.5863968313724398,-0.8100239232000265,1,CIR_9_369
TRS_CIR_0199,CIR,CIR_00_10,243858.5104979329,9248011.680276213,-0.6053411765394735,-0.7959661173604099,1,CIR_9_369
TRS_CIR_0200,CIR,CIR_00_10,243696.2898403461,9248187.750032142,-0.6239258581171168,-0.7814835401803545,1,CIR_9_369
TRS_CIR_0201,CIR,CIR_00_10,243556.80573599268,9248394.601332316,-0.6421218712589917,-0.7666025713828849,1,CIR_9_369
TRS_CIR_0202,CIR,CIR_00_10,243438.15683134488,9248625.983603923,-0.65990234214645,-0.7513513817313638,1,CIR_9_369
TRS_CIR_0203,CIR,CIR_00_10,243350.7849600857,9248889.911589818,-0.6772427196720043,-0.7357596745210129,1,CIR_9_369
TRS_CIR_0204,CIR,CIR_00_10,243282.5441290465,9249169.278129568,-0.6941209322607781,-0.7198584106596437,1,CIR_9_369
TRS_CIR_0205,CIR,CIR_00_10,243232.8692872709,9249461.194188626,-0.7105175077800985,-0.7036795230344263,1,CIR_9_369
TRS_CIR_0206,CIR,CIR_00_10,243189.98288953572,9249752.504042827,-0.7264156555225721,-0.6872556259585744,1,CIR_9_369
TRS_CIR_0207,CIR,CIR_00_10,243153.030281339,9250044.658142246,-0.7384701888847182,-0.6742861263058647,1,CIR_9_370
TRS_CIR_0208,CIR,CIR_00_10,243401.9615227377,9250617.184388906,-0.731205105630577,-0.682157674954828,1,CIR_9_370
TRS_CIR_0209,CIR,CIR_00_10,243234.5173019229,9250808.619120121,-0.7236556350698209,-0.6901612288673525,1,CIR_9_370
TRS_CIR_0210,CIR,CIR_00_10,243220.44680004718,9251148.702748286,-0.7158092865103357,-0.6982958293915008,1,CIR_9_370
TRS_CIR_0211,CIR,CIR_00_10,243137.9355764868,9251426.436588742,-0.7076531000475942,-0.7065600399067512,1,CIR_9_370
TRS_CIR_0212,CIR,CIR_00_10,242940.82131490845,9251590.13185572,-0.6991736499746546,-0.7149518915151699,1,CIR_9_370
TRS_CIR_0213,CIR,CIR_00_10,242605.92640859718,9251607.01960276,-0.6903570525013675,-0.7234688245264091,1,CIR_9_370
TRS_CIR_0214,CIR,CIR_00_10,242376.7514439032,9251727.531485036,-0.6811889785110316,-0.7321076256638073,1,CIR_9_370
TRS_CIR_0215,CIR,CIR_00_10,242157.70763232707,9251854.358560825,-0.6716546721675615,-0.7408643609699993,1,CIR_9_370
TRS_CIR_0216,CIR,CIR_00_10,241949.73882506613,9251990.689202929,-0.6595587276738833,-0.7516530348167354,1,CIR_9_370
TRS_CIR_0217,CIR,CIR_00_10,241745.3163990635,9252135.725536924,-0.6288371609225833,-0.777537024869443,1,CIR_9_370
TRS_CIR_0218,CIR,CIR_00_10,241550.14845898224,9252280.034383098,-0.5961347883936126,-0.802884371542318,1,CIR_9_370
TRS_CIR_0219,CIR,CIR_00_10,241375.9717617774,9252441.4677452,-0.561493021096343,-0.8274814724573002,1,CIR_9_370
TRS_CIR_0220,CIR,CIR_00_10,241208.04427419291,9252602.054062743,-0.5249894436434293,-0.8511087380957633,1,CIR_9_370
TRS_CIR_0221,CIR,CIR_00_10,241042.22732453677,9252754.712711282,-0.4867397907271937,-0.8735470085363739,1,CIR_9_370
TRS_CIR_0222,CIR,CIR_00_10,240886.75565492606,9252913.837984214,-0.4468982710158418,-0.8945847837757196,1,CIR_9_370
TRS_CIR_0223,CIR,CIR_00_10,240739.36516741148,9253077.554869855,-0.40565596776037016,-0.9140258397990713,1,CIR_9_370
TRS_CIR_0224,CIR,CIR_00_10,240623.99416298038,9253309.921911798,-0.3632371996613869,-0.9316966978486904,1,CIR_9_370
TRS_CIR_0225,CIR,CIR_00_11,240525.26711135893,9253599.03312258,-0.319893920006797,-0.9474533655767365,3,CIR_9_370
TRS_CIR_0226,CIR,CIR_00_11,240292.8878755334,9253517.803025642,-0.2758984399828666,-0.9611867928842034,3,CIR_9_370
TRS_CIR_0227,CIR,CIR_00_11,239749.55851115705,9252132.887355981,-0.23153494974137054,-0.9728265863185798,1,CIR_9_370
TRS_CIR_0228,CIR,CIR_00_11,239568.77571393008,9252003.96596899,-0.18709044535703687,-0.9823426923717128,1,CIR_9_370
TRS_CIR_0229,CIR,CIR_00_11,239384.25603045482,9251835.739203006,-0.14284572714989122,-0.9897449662589948,1,CIR_9_370
TRS_CIR_0230,CIR,CIR_00_11,239161.29508308537,9251650.370297447,-0.12662578643452382,-0.9919505583494767,1,CIR_9_370
TRS_CIR_0231,CIR,CIR_00_11,238919.67756328185,9251514.288262548,-0.12762497476009702,-0.9918224971321655,1,CIR_9_370
TRS_CIR_0232,CIR,CIR_00_11,238678.05983365347,9251378.99724733,-0.12862669037189026,-0.991693084842268,1,CIR_9_370
TRS_CIR_0233,CIR,CIR_00_11,238439.62961456017,9251268.865254566,-0.1296309397674546,-0.9915623124418387,1,CIR_9_370
TRS_CIR_0234,CIR,CIR_00_11,238214.05967150934,9251256.712140786,-0.1306377294445823,-0.9914301708368392,1,CIR_9_370
TRS_CIR_0235,CIR,CIR_00_11,238034.6563266334,9251591.041824358,-0.1316470659010333,-0.9912966508768447,3,CIR_9_370
TRS_CIR_0236,CIR,CIR_00_11,237893.29559175996,9252203.08184333,-0.13265895563425822,-0.9911617433547503,3,CIR_9_370
TRS_CIR_0237,CIR,CIR_00_11,237524.60807908935,9251118.97658605,-0.1336734051411141,-0.9910254390064765,1,CIR_9_370
TRS_CIR_0238,CIR,CIR_00_11,237308.423099893,9251172.12254312,-0.1346904209175843,-0.9908877285106744,1,CIR_9_370
TRS_CIR_0239,CIR,CIR_00_11,237098.30901952527,9251267.457442084,-0.13571000945848413,-0.9907486024884307,1,CIR_9_370
TRS_CIR_0240,CIR,CIR_00_11,236894.86962100596,9251408.382248104,-0.13673217725716671,-0.990608051502972,1,CIR_9_370
TRS_CIR_0241,CIR,CIR_00_11,236706.66581330568,9251655.400451394,-0.1377569308049681,-0.9904660660594058,1,CIR_9_370
TRS_CIR_0242,CIR,CIR_00_11,236447.3477368263,9251389.928537294,-0.13878427659194906,-0.9903226366042782,1,CIR_9_370
TRS_CIR_0243,CIR,CIR_00_11,236207.5936787322,9251300.014953172,-0.14650570294007784,-0.9892098255709117,1,CIR_9_370
TRS_CIR_0244,CIR,CIR_00_11,235946.59094896662,9251246.056156125,-0.19256349686453295,-0.9812845151510865,1,CIR_9_370
TRS_CIR_0245,CIR,CIR_00_11,235731.38877829182,9251369.13569804,-0.23890565754592039,-0.971042783193692,1,CIR_9_370
TRS_CIR_0246,CIR,CIR_00_11,235534.0193374451,9251482.874904737,-0.2852129248285451,-0.9584641816524739,1,CIR_9_370
TRS_CIR_0247,CIR,CIR_00_11,235350.1979601382,9251576.177988663,-0.3311560345240398,-0.9435760069005108,1,CIR_9_370
TRS_CIR_0248,CIR,CIR_00_12,235185.36450481316,9251684.068397675,-0.37640694986256756,-0.926454428504262,1,CIR_9_370
TRS_CIR_0249,CIR,CIR_00_12,235012.56410622565,9251796.906002063,-0.42065038475771394,-0.9072228247807631,1,CIR_9_370
TRS_CIR_0250,CIR,CIR_00_12,234843.27444291027,9251941.038809469,-0.4635946933207269,-0.8860473804062969,1,CIR_9_370
TRS_CIR_0251,CIR,CIR_00_12,234680.57138067993,9252113.070293508,-0.504981259454408,-0.8631303074274707,1,CIR_9_370
TRS_CIR_0252,CIR,CIR_00_12,234536.61737782328,9252324.33023192,-0.5445917016419239,-0.8387013046983733,1,CIR_9_370
TRS_CIR_0253,CIR,CIR_00_12,234416.58235375673,9252571.61731307,-0.5822524760679045,-0.8130080283200125,1,CIR_9_370
TRS_CIR_0254,CIR,CIR_00_12,234354.583046541,9252888.92776103,-0.617836764327239,-0.7863063859880878,1,CIR_9_370
TRS_CIR_0255,CIR,CIR_00_12,234269.51848066985,9253163.80244508,-0.6512638161427111,-0.7588513963769409,1,CIR_9_370
TRS_CIR_0256,CIR,CIR_00_12,234217.04231072025,9253465.229374163,-0.6824961396353565,-0.7308891977467145,1,CIR_9_370
TRS_CIR_0257,CIR,CIR_00_12,234177.2258675317,9253766.823148953,-0.7115350678842433,-0.7026505868288769,1,CIR_9_370
TRS_CIR_0258,CIR,CIR_00_12,233902.92516230477,9253842.0842301,-0.7384152776275212,-0.67434625954792,1,CIR_9_370
TRS_CIR_0259,CIR,CIR_00_12,233680.7545307566,9253982.408070507,-0.763198807433563,-0.6461637411151969,1,CIR_9_370
TRS_CIR_0260,CIR,CIR_00_12,233512.51506958992,9254176.73204836,-0.7859690413946426,-0.6182658537952639,1,CIR_9_370
TRS_CIR_0261,CIR,CIR_00_12,233351.9911377583,9254380.78525971,-0.8068250154275405,-0.590790482726617,1,CIR_9_370
TRS_CIR_0262,CIR,CIR_00_12,233217.80830289016,9254605.589179548,-0.825876288398317,-0.563851360077654,1,CIR_9_370
TRS_CIR_0263,CIR,CIR_00_12,233205.99974011263,9254908.42925039,-0.8432385152182423,-0.5375395859399882,1,CIR_9_370
TRS_CIR_0264,CIR,CIR_00_12,233127.1009610798,9255161.145073643,-0.8590297727779811,-0.5119256288573666,3,CIR_9_370
TRS_CIR_0265,CIR,CIR_00_12,233616.220460881,9255726.827093279,-0.8733676254030238,-0.4870615884032363,5,CIR_9_370
TRS_CIR_0266,CIR,CIR_00_12,232845.90810243896,9255586.475641184,-0.8784980915556109,-0.47774585621766485,1,CIR_9_370
TRS_CIR_0267,CIR,CIR_00_12,232713.63496071723,9255799.11930706,-0.8784980915556094,-0.4777458562176673,1,CIR_9_370
TRS_CIR_0268,CIR,CIR_00_12,232392.03712790928,9255908.804198733,-0.8784980915555622,-0.47774585621775423,1,CIR_9_370
TRS_CIR_0269,CIR,CIR_00_12,232246.23059757924,9256114.08812144,-0.8784980915555635,-0.4777458562177517,1,CIR_9_370
TRS_CIR_0270,CIR,CIR_00_12,232143.2181114934,9256342.644351173,-0.8784980915555622,-0.47774585621775423,1,CIR_9_370
TRS_CIR_0271,CIR,CIR_00_12,231998.57856115396,9256548.5629023,-0.8784980915555622,-0.47774585621775423,1,CIR_9_370
TRS_CIR_0272,CIR,CIR_00_12,231871.2907491768,9256763.917696007,-0.8784980915555622,-0.47774585621775423,1,CIR_9_370
TRS_CIR_0273,CIR,CIR_00_12,231835.31835076882,9257032.794534288,-0.88212626477058,-0.4710130072534139,5,CIR_9_370
TRS_CIR_0274,CIR,CIR_00_12,231770.67400126814,9257286.499027105,-0.8873541689704809,-0.4610884717824845,3,CIR_9_370
TRS_CIR_0275,CIR,CIR_00_12,231751.32935660248,9257561.497685052,-0.8924920843202306,-0.4510630548224164,5,CIR_9_370
TRS_CIR_0276,CIR,CIR_00_12,231583.81066969637,9257760.840004036,-0.8975367820199228,-0.4409395932793078,1,CIR_9_370
TRS_CIR_0277,CIR,CIR_00_12,231920.13719991563,9258201.971465424,-0.9024851010504024,-0.4307210726004068,3,CIR_9_370
TRS_CIR_0278,CIR,CIR_00_12,231769.32233844238,9258404.675265929,-0.9073339559474223,-0.42041062353941655,3,CIR_9_370
TRS_CIR_0279,CIR,CIR_00_12,231042.14757695005,9258349.169617625,-0.9120803444826813,-0.41001151838497585,1,CIR_9_370
TRS_CIR_0280,CIR,CIR_00_12,230925.108638332,9258576.255830247,-0.9167213552126644,-0.3995271666571072,1,CIR_9_370
TRS_CIR_0281,CIR,CIR_00_12,230847.17295668268,9258819.74013527,-0.9212541748565165,-0.3889611102789567,1,CIR_9_370
TRS_CIR_0282,CIR,CIR_00_12,230752.9594316677,9259055.404377576,-0.9256760954636255,-0.3783170182363157,1,CIR_9_370
TRS_CIR_0283,CIR,CIR_00_12,230655.3660213668,9259289.014623096,-0.9299845213329868,-0.36759868073900315,1,CIR_9_370
TRS_CIR_0284,CIR,CIR_00_12,230559.7301213146,9259522.752280692,-0.9341769756461431,-0.3568100029043827,1,CIR_9_370
TRS_CIR_0285,CIR,CIR_00_12,230574.13800568468,9259796.40021564,-0.9382511067778193,-0.3459549979841268,1,CIR_9_370
TRS_CIR_0286,CIR,CIR_00_12,230428.08920323005,9260009.442499263,-0.942204694249073,-0.3350377801607019,1,CIR_9_370
TRS_CIR_0287,CIR,CIR_00_12,230354.4921816048,9260247.976739608,-0.9460356542903787,-0.3240625569413641,1,CIR_9_370
TRS_CIR_0288,CIR,CIR_00_12,230294.448905567,9260489.768496115,-0.9497420449833729,-0.31303362118277517,1,CIR_9_370
TRS_CIR_0289,CIR,CIR_00_12,230236.26735785318,9260730.604336161,-0.9533220709532755,-0.30195534277995145,1,CIR_9_370
TRS_CIR_0290,CIR,CIR_00_12,230176.96696630822,9260969.523154238,-0.9567740875863363,-0.2908321600568509,1,CIR_9_370
TRS_CIR_0291,CIR,CIR_00_13,230134.34175611046,9261212.350277657,-0.9600966047494977,-0.2796685708986387,1,CIR_9_370
TRS_CIR_0292,CIR,CIR_00_13,230090.9725202162,9261455.38714033,-0.9632882899934617,-0.26846912366503595,1,CIR_9_370
TRS_CIR_0293,CIR,CIR_00_13,230090.00941894492,9261710.266854677,-0.9663479712224031,-0.25723840792996977,1,CIR_9_370
TRS_CIR_0294,CIR,CIR_00_13,230060.57390676063,9261957.41643766,-0.9692746388184403,-0.2459810450896204,1,CIR_9_370
TRS_CIR_0295,CIR,CIR_00_13,229988.9228252553,9262194.576279316,-0.9720674472117972,-0.23470167888436605,1,CIR_9_370
TRS_CIR_0296,CIR,CIR_00_13,229941.82147592402,9262438.597933488,-0.9747257158914889,-0.223404965879956,1,CIR_9_370
TRS_CIR_0297,CIR,CIR_00_13,229908.5040010737,9262686.236296993,-0.9772489298552808,-0.21209556595249307,1,CIR_9_370
TRS_CIR_0298,CIR,CIR_00_13,229864.74805670156,9262932.02098254,-0.9796367395009833,-0.20077813282298126,1,CIR_9_370
TRS_CIR_0299,CIR,CIR_00_13,229865.4837457252,9263186.92372656,-0.981888959965171,-0.1894573046850261,1,CIR_9_370
TRS_CIR_0300,CIR,CIR_00_13,229871.45733178087,9263442.242051767,-0.9840055699187652,-0.17813769496893694,1,CIR_9_370
TRS_CIR_0301,CIR,CIR_00_13,229874.62328142478,9263696.434053097,-0.9859867098323511,-0.16682388328406397,1,CIR_9_370
TRS_CIR_0302,CIR,CIR_00_13,229884.71752051832,9263951.138118336,-0.987832679727476,-0.1555204065787944,1,CIR_9_370
TRS_CIR_0303,CIR,CIR_00_13,229912.81129772696,9264207.730982892,-0.9895439364330211,-0.1442317505566688,1,CIR_9_370
TRS_CIR_0304,CIR,CIR_00_13,229990.64032672634,9264469.850944607,-0.9911210903687735,-0.13296234138361696,1,CIR_9_370
TRS_CIR_0305,CIR,CIR_00_13,230036.53694110797,9264725.775029248,-0.9925649018807504,-0.1217165377196398,1,CIR_9_370
TRS_CIR_0306,CIR,CIR_00_13,230297.08796954653,9265004.038050143,-0.9938762771552838,-0.11049862310433382,1,CIR_9_370
TRS_CIR_0307,CIR,CIR_00_13,230080.77441901242,9265228.313281478,-0.9950562637406595,-0.0993127987244316,1,CIR_9_370
TRS_CIR_0308,CIR,CIR_00_13,229964.19006916648,9265465.860309105,-0.9961060457070611,-0.0881631765866152,1,CIR_9_370
TRS_CIR_0309,CIR,CIR_00_13,229833.15083365203,9265704.989631401,-0.9964105299577879,-0.08465255925983738,1,CIR_9_370
TRS_CIR_0310,CIR,CIR_00_13,229722.7212082333,9265946.508405395,-0.9964105299577874,-0.08465255925984057,1,CIR_9_370
TRS_CIR_0311,CIR,CIR_00_13,229626.46361039247,9266189.231199587,-0.9964105299577879,-0.08465255925983738,1,CIR_9_370
TRS_CIR_0312,CIR,CIR_00_13,229530.15143078682,9266431.94935665,-0.9964105299577861,-0.08465255925985804,1,CIR_9_370
TRS_CIR_0313,CIR,CIR_00_13,229444.85754009543,9266675.603600122,-0.9964105299577863,-0.08465255925985482,1,CIR_9_370
TRS_CIR_0314,CIR,CIR_00_13,229359.9258301004,9266919.288613563,-0.9964105299577874,-0.08465255925984057,1,CIR_9_370
TRS_CIR_0315,CIR,CIR_00_13,229294.59575268158,9267164.638932934,-0.9964105299577879,-0.08465255925983738,1,CIR_9_370
TRS_CIR_0316,CIR,CIR_00_13,229377.28139566246,9267422.564299602,-0.9964105299577874,-0.08465255925984057,1,CIR_9_370
TRS_CIR_0317,CIR,CIR_00_13,229307.19089057719,9267667.510184884,-0.9964105299577863,-0.08465255925985482,1,CIR_9_370
TRS_CIR_0318,CIR,CIR_00_13,229208.90224602487,9267910.060426403,-0.9964105299577861,-0.08465255925985804,1,CIR_9_370
TRS_CIR_0319,CIR,CIR_00_13,229119.8328437604,9268153.393911807,-0.9964105299577879,-0.08465255925983738,1,CIR_9_370
TRS_CIR_0320,CIR,CIR_00_13,229039.0368312866,9268397.430283818,-0.9964105299577874,-0.08465255925984057,1,CIR_9_370
TRS_CIR_0321,CIR,CIR_00_13,228970.09585546603,9268642.473830245,-0.9964105299577863,-0.08465255925985482,1,CIR_9_370
TRS_CIR_0322,CIR,CIR_00_13,228902.59889161013,9268887.640056338,-0.9964105299577863,-0.08465255925985482,1,CIR_9_370
TRS_CIR_0323,CIR,CIR_00_13,228838.30997525,9269133.078830162,-0.9964105299577879,-0.08465255925983738,1,CIR_9_370
TRS_CIR_0324,CIR,CIR_00_13,228777.19330689008,9269378.787110282,-0.9964105299577879,-0.08465255925983738,1,CIR_9_370
TRS_CIR_0325,CIR,CIR_00_13,228721.25526852318,9269624.93535392,-0.9964105299577879,-0.08465255925983738,1,CIR_9_370
TRS_CIR_0326,CIR,CIR_00_13,228671.2447079595,9269871.587181324,-0.9964105299577863,-0.08465255925985482,1,CIR_9_370
TRS_CIR_0327,CIR,CIR_00_13,228622.06020802388,9270118.309188785,-0.9964105299577863,-0.08465255925985482,1,CIR_9_370
TRS_CIR_0328,CIR,CIR_00_13,228574.40519632873,9270365.161137758,-0.9964105299577879,-0.08465255925983738,1,CIR_9_370
TRS_CIR_0329,CIR,CIR_00_13,228526.072784624,9270611.955536513,-0.9964105299577879,-0.08465255925983738,1,CIR_9_370
TRS_CIR_0330,CIR,CIR_00_13,228488.00434294922,9270859.621936621,-0.9964105299577879,-0.08465255925983738,1,CIR_9_370
TRS_CIR_0331,CIR,CIR_00_13,228445.2984779125,9271106.89435278,-0.9964105299577863,-0.08465255925985482,1,CIR_9_370
TRS_CIR_0332,CIR,CIR_00_13,228401.59555544064,9271354.082061421,-0.9964105299577863,-0.08465255925985482,1,CIR_9_370
TRS_CIR_0333,CIR,CIR_00_13,228364.4937493227,9271601.830584481,-0.9964105299577879,-0.08465255925983738,1,CIR_9_370
TRS_CIR_0334,CIR,CIR_00_13,228335.3926365046,9271850.258826537,-0.9964105299577879,-0.08465255925983738,1,CIR_9_370
TRS_CIR_0335,CIR,CIR_00_13,228321.26841396565,9272099.959467923,-0.9964105299577874,-0.08465255925984057,1,CIR_9_370
TRS_CIR_0336,CIR,CIR_00_13,228314.70178543028,9272350.30218369,-0.9964105299577863,-0.08465255925985482,1,CIR_9_370
TRS_CIR_0337,CIR,CIR_00_13,228313.71320882533,9272601.11879687,-0.9964105299577861,-0.08465255925985804,1,CIR_9_370
TRS_CIR_0338,CIR,CIR_00_13,228306.81622170878,9272851.433446195,-0.9964105299577879,-0.08465255925983738,1,CIR_9_370
TRS_CIR_0339,CIR,CIR_00_13,228318.83941283345,9273103.355506783,-0.9964105299577874,-0.08465255925984057,1,CIR_9_370
TRS_CIR_0340,CIR,CIR_00_13,228349.98547662303,9273356.902199049,-0.9964105299577863,-0.08465255925985482,1,CIR_9_370
TRS_CIR_0341,CIR,CIR_00_13,228367.02486908625,9273609.250423623,-0.9964105299577861,-0.08465255925985804,1,CIR_9_370
TRS_CIR_0342,CIR,CIR_00_13,228404.18845070718,9273863.308349231,-0.9964105299577879,-0.08465255925983738,1,CIR_9_370
TRS_CIR_0343,CIR,CIR_00_13,228560.649889578,9274127.501523942,-0.9964105299577874,-0.08465255925984057,1,CIR_9_370
TRS_CIR_0344,CIR,CIR_00_13,228623.62877057938,9274383.75265315,-0.9964105299577879,-0.08465255925983738,1,CIR_9_370
TRS_CIR_0345,CIR,CIR_00_13,228596.4727943143,9274632.346149165,-0.9964105299577863,-0.08465255925985482,1,CIR_9_370
TRS_CIR_0346,CIR,CIR_00_13,228530.55298567968,9274877.646366442,-0.9964105299577863,-0.08465255925985482,1,CIR_9_370
TRS_CIR_0347,CIR,CIR_00_13,228460.77978729323,9275122.619209312,-0.9964105299577879,-0.08465255925983738,1,CIR_9_371
TRS_CIR_0348,CIR,CIR_00_13,228414.26541866598,9275369.568064481,-0.9964105299577879,-0.08465255925983738,1,CIR_9_371
TRS_CIR_0349,CIR,CIR_00_13,228367.05088910274,9275616.457435722,-0.9964105299577879,-0.08465255925983738,1,CIR_9_371
TRS_CIR_0350,CIR,CIR_00_13,228339.7057147216,9275865.034857936,-0.9964105299577863,-0.08465255925985482,1,CIR_9_371
TRS_CIR_0351,CIR,CIR_00_13,228331.79615017332,9276115.263481203,-0.9964105299577863,-0.08465255925985482,1,CIR_9_371
TRS_CIR_0352,CIR,CIR_00_13,228274.6297411306,9276361.307365526,-0.9964105299577879,-0.08465255925983738,1,CIR_9_371
TRS_CIR_0353,CIR,CIR_00_13,228410.2089712422,9276623.726439742,-0.9964105299577879,-0.08465255925983738,1,CIR_9_371
TRS_CIR_0354,CIR,CIR_00_13,228389.92708001196,9276872.903940918,-0.9964105299577879,-0.08465255925983738,1,CIR_9_371
TRS_CIR_0355,CIR,CIR_00_13,228364.08716481327,9277121.609246207,-0.9964105299577863,-0.08465255925985482,1,CIR_9_371
TRS_CIR_0356,CIR,CIR_00_13,228324.18284521054,9277369.119674698,-0.9964105299577863,-0.08465255925985482,1,CIR_9_371
TRS_CIR_0357,CIR,CIR_00_13,228278.14596199352,9277616.10909584,-0.9964105299577879,-0.08465255925983738,1,CIR_9_371
TRS_CIR_0358,CIR,CIR_00_13,228196.5604716065,9277860.078395773,-0.9964105299577874,-0.08465255925984057,1,CIR_9_371
TRS_CIR_0359,CIR,CIR_00_13,228121.453125628,9278095.304494161,-0.9949498386029851,-0.10037339619587397,1,CIR_9_371
TRS_CIR_0360,CIR,CIR_00_13,228057.02756169313,9278323.90654976,-0.9920781663337412,-0.1256220995043538,1,CIR_9_371
TRS_CIR_0361,CIR,CIR_00_13,227999.87100111725,9278550.784049721,-0.9884556600524486,-0.15151042244769247,1,CIR_9_371
TRS_CIR_0362,CIR,CIR_00_13,227939.9496446925,9278774.570502724,-0.9840291507235649,-0.17800738896534452,1,CIR_9_371
TRS_CIR_0363,CIR,CIR_00_13,227884.65816565088,9278996.435010556,-0.9787463557960739,-0.20507454989809154,1,CIR_9_371
TRS_CIR_0364,CIR,CIR_00_13,227826.9386529933,9279214.939278193,-0.9725567907080687,-0.23266561595479002,1,CIR_9_371
TRS_CIR_0365,CIR,CIR_00_13,227772.82795675177,9279431.330005009,-0.9654127813520457,-0.26072621962914877,1,CIR_9_371
TRS_CIR_0366,CIR,CIR_00_13,227728.3574274069,9279647.595960602,-0.957270559735566,-0.28919383718114755,1,CIR_9_371
TRS_CIR_0367,CIR,CIR_00_13,227685.25214994655,9279861.744213374,-0.9480914172448102,-0.3179979002237707,1,CIR_9_371
TRS_CIR_0368,CIR,CIR_00_13,227648.72872997992,9280075.690837385,-0.9378428819903323,-0.3470601226013553,1,CIR_9_371
TRS_CIR_0369,CIR,CIR_00_13,227622.21150628792,9280291.375754643,-0.9264998793399748,-0.37629506186370826,1,CIR_9_371
TRS_CIR_0370,CIR,CIR_00_13,227606.87363183545,9280510.301338807,-0.9140458286904377,-0.4056109257078893,1,CIR_9_371
TRS_CIR_0371,CIR,CIR_00_13,227590.52267919702,9280727.783318248,-0.9004736256119946,-0.434910622515925,1,CIR_9_371
TRS_CIR_0372,CIR,CIR_00_13,227583.35106452563,9280948.974350503,-0.8857864574949784,-0.4640930420923122,1,CIR_9_371
TRS_CIR_0373,CIR,CIR_00_13,227579.31425342808,9281171.553061565,-0.8699984033356575,-0.49305453876159244,1,CIR_9_371
TRS_CIR_0374,CIR,CIR_00_13,227607.16025679218,9281413.492965864,-0.8531347746551082,-0.5216905752207699,1,CIR_9_371
TRS_CIR_0375,CIR,CIR_00_13,227664.3020290581,9281677.565102419,-0.8352321647037769,-0.5498974732113641,1,CIR_9_371
TRS_CIR_0376,CIR,CIR_00_13,227716.99466997938,9281944.419243263,-0.8163381865831675,-0.5775742074626478,1,CIR_9_371
TRS_CIR_0377,CIR,CIR_00_14,228212.46613379658,9282557.698926002,-0.7965108968108049,-0.6046241735670576,3,CIR_9_371
TRS_CIR_0378,CIR,CIR_00_14,228017.4601047551,9282684.837173324,-0.7758179179004309,-0.6309568592737861,1,CIR_9_371
TRS_CIR_0379,CIR,CIR_00_14,227810.69644647482,9282805.827534722,-0.7543352902539033,-0.6564893524479734,1,CIR_9_371
TRS_CIR_0380,CIR,CIR_00_14,227549.60724958932,9282879.276296066,-0.732146098545218,-0.6811476274531212,1,CIR_9_371
TRS_CIR_0381,CIR,CIR_00_14,227306.20613682125,9282966.665201075,-0.7093389294988224,-0.7048675642256953,1,CIR_9_371
TRS_CIR_0382,CIR,CIR_00_14,227046.06514323282,9283034.722679203,-0.6860062255116665,-0.7275956696952206,1,CIR_9_371
TRS_CIR_0383,CIR,CIR_00_14,226784.99735113213,9283097.646522906,-0.6622426014279924,-0.7492894880177388,1,CIR_9_371
TRS_CIR_0384,CIR,CIR_00_14,226529.73634375873,9283162.98548353,-0.6381431899461303,-0.7699177028263327,1,CIR_9_371
TRS_CIR_0385,CIR,CIR_00_14,226269.71325406828,9283218.10949761,-0.6138020750916675,-0.7894599499741346,1,CIR_9_371
TRS_CIR_0386,CIR,CIR_00_14,226028.92793200634,9283294.319533624,-0.5893108638099278,-0.8079063719241215,1,CIR_9_371
TRS_CIR_0387,CIR,CIR_00_14,225792.47903617358,9283374.532486131,-0.5647574341184961,-0.8252569542923541,1,CIR_9_371
TRS_CIR_0388,CIR,CIR_00_14,225546.98148502488,9283438.915119076,-0.5402248856143363,-0.8415206907515568,1,CIR_9_371
TRS_CIR_0389,CIR,CIR_00_14,225308.02824611522,9283515.02300488,-0.5247783513574787,-0.8512389100285105,1,CIR_9_371
TRS_CIR_0390,CIR,CIR_00_14,225069.41255245695,9283590.97883867,-0.510723447751362,-0.8597450551861068,1,CIR_9_371
TRS_CIR_0391,CIR,CIR_00_14,224843.1249475032,9283687.176864915,-0.4968497874422123,-0.8678365564543985,1,CIR_8_371
TRS_CIR_0392,CIR,CIR_00_14,224623.75379561388,9283796.165015124,-0.4831662044265681,-0.8755286511017352,1,CIR_8_371
TRS_CIR_0393,CIR,CIR_00_14,224398.77401293023,9283895.815877236,-0.46968029082751833,-0.8828365785399797,1,CIR_8_371
TRS_CIR_0394,CIR,CIR_00_14,224168.49256370598,9283985.613605503,-0.45639847365674047,-0.8897754959785066,1,CIR_8_371
TRS_CIR_0395,CIR,CIR_00_14,223957.00353609485,9284120.298469212,-0.45794966242855456,-0.8889781249735973,1,CIR_8_371
TRS_CIR_0396,CIR,CIR_00_14,223711.76078276584,9284193.975295277,-0.46787470104040463,-0.8837948088365036,1,CIR_8_371
TRS_CIR_0397,CIR,CIR_00_14,223499.4108025739,9284329.453478333,-0.47776646902264347,-0.8784868815626308,1,CIR_8_371
TRS_CIR_0398,CIR,CIR_00_14,223309.29039224793,9284502.79948458,-0.48762087819356853,-0.8730554845768584,1,CIR_8_371
TRS_CIR_0399,CIR,CIR_00_14,223062.0822209463,9284572.696342392,-0.4974338541405434,-0.8675019082139731,1,CIR_8_371
TRS_CIR_0400,CIR,CIR_00_14,222837.5239519033,9284682.515717989,-0.5072013442930533,-0.8618275908482622,1,CIR_8_371
TRS_CIR_0401,CIR,CIR_00_14,222561.85838764952,9284707.103338923,-0.5169193260111097,-0.8560341175421806,1,CIR_8_371
TRS_CIR_0402,CIR,CIR_00_14,222355.6954853667,9284847.58617883,-0.5265838146534836,-0.8501232182130929,1,CIR_8_371
TRS_CIR_0403,CIR,CIR_00_14,222160.08917136263,9285002.600574242,-0.5361908715865762,-0.8440967653220972,1,CIR_8_371
TRS_CIR_0404,CIR,CIR_00_14,221940.5986397171,9285118.143118344,-0.5457366120999972,-0.8379567710888295,1,CIR_8_371
TRS_CIR_0405,CIR,CIR_00_14,221704.23061526482,9285207.536799248,-0.5552172131907838,-0.8317053842417157,1,CIR_8_371
TRS_JPR_0001,JPR,JPR_00_00,482116.67977388686,9291800.69449801,0.16618387393035203,-0.9860947824856903,1,JPR_19_371
TRS_JPR_0002,JPR,JPR_00_01,481884.5148013199,9291702.815701641,0.17686548241894529,-0.9842350334796633,1,JPR_19_371
TRS_JPR_0003,JPR,JPR_00_01,481678.0225944164,9291471.62053671,0.18752390814842312,-0.982260038825128,1,JPR_19_371
TRS_JPR_0004,JPR,JPR_00_01,481471.57151234243,9291256.154123077,0.19815541843284118,-0.9801706127739729,1,JPR_19_371
TRS_JPR_0005,JPR,JPR_00_01,481260.0437414031,9291077.978781791,0.208756314149036,-0.9779676892939302,1,JPR_19_371
TRS_JPR_0006,JPR,JPR_00_01,481052.4883023674,9290891.269379811,0.21932293615081594,-0.9756523200803577,1,JPR_19_371
TRS_JPR_0007,JPR,JPR_00_01,480848.3469044498,9290699.671655761,0.2298516715425701,-0.973225672230797,1,JPR_19_371
TRS_JPR_0008,JPR,JPR_00_01,480641.0823067535,9290530.315727111,0.24033895979018585,-0.9706890255931462,1,JPR_19_371
TRS_JPR_0009,JPR,JPR_00_01,480438.9636823428,9290348.380347174,0.2507812986408407,-0.9680437698017655,1,JPR_19_371
TRS_JPR_0010,JPR,JPR_00_01,480228.43990208465,9290205.593734086,0.2611752498373241,-0.9652914010144352,1,JPR_19_371
TRS_JPR_0011,JPR,JPR_00_01,480019.0215868674,9290063.479468498,0.27151744459573446,-0.9624335183690365,1,JPR_19_371
TRS_JPR_0012,JPR,JPR_00_01,479810.98582191125,9289921.039276663,0.2818045888351535,-0.9594718201757934,1,JPR_19_371
TRS_JPR_0013,JPR,JPR_00_01,479592.07438911457,9289818.47971047,0.2920334681368011,-0.95640809986532,1,JPR_19_371
TRS_JPR_0014,JPR,JPR_00_01,479361.6261151341,9289753.501666762,0.302200952419228,-0.9532442417119085,1,JPR_19_371
TRS_JPR_0015,JPR,JPR_00_01,479137.3254351352,9289668.297581954,0.31230400031090055,-0.9499822163545005,1,JPR_19_371
TRS_JPR_0016,JPR,JPR_00_01,478885.42390546773,9289664.06610157,0.3223396632155759,-0.9466240761348028,1,JPR_19_371
TRS_JPR_0017,JPR,JPR_00_01,478628.2060336236,9289669.413182294,0.3323050890505909,-0.9431719502779324,1,JPR_19_371
TRS_JPR_0018,JPR,JPR_00_01,478413.5166413604,9289551.99761595,0.34219752565743683,-0.9396280399359781,1,JPR_19_371
TRS_JPR_0019,JPR,JPR_00_01,478142.2942741988,9289586.842668602,0.3520143238738381,-0.9359946131189243,1,JPR_19_371
TRS_JPR_0020,JPR,JPR_00_01,477892.5149668836,9289541.635134554,0.3524521828393191,-0.935829823638785,1,JPR_19_371
TRS_JPR_0021,JPR,JPR_00_01,477605.417826558,9289594.618396135,0.3524521828393191,-0.935829823638785,1,JPR_19_371
TRS_JPR_0022,JPR,JPR_00_01,477332.5853046184,9289609.72629204,0.3524521828393191,-0.935829823638785,1,JPR_19_371
TRS_JPR_0023,JPR,JPR_00_01,477073.0656697686,9289589.485855931,0.3524521828393191,-0.935829823638785,1,JPR_19_371
TRS_JPR_0024,JPR,JPR_00_01,476777.53830199235,9289664.853028445,0.3524521828393191,-0.935829823638785,1,JPR_19_371
TRS_JPR_0025,JPR,JPR_00_01,476493.7754160313,9289708.983189303,0.35245218283950036,-0.9358298236387167,1,JPR_19_371
TRS_JPR_0026,JPR,JPR_00_01,476215.46179788286,9289738.64447301,0.3524521828393191,-0.935829823638785,1,JPR_19_371
TRS_JPR_0027,JPR,JPR_00_01,476021.6035961135,9289544.060025627,0.3524521828393191,-0.935829823638785,1,JPR_19_371
TRS_JPR_0028,JPR,JPR_00_01,475790.2857284667,9289448.938354239,0.35245218283950036,-0.9358298236387167,1,JPR_19_371
TRS_JPR_0029,JPR,JPR_00_01,475589.5486471334,9289272.618684214,0.3524521828393191,-0.935829823638785,1,JPR_19_371
TRS_JPR_0030,JPR,JPR_00_01,475376.08672310476,9289130.085972747,0.3524521828393191,-0.935829823638785,1,JPR_19_371
TRS_JPR_0031,JPR,JPR_00_01,475165.1021097529,9288980.97551449,0.35245218283950036,-0.9358298236387167,1,JPR_19_371
TRS_JPR_0032,JPR,JPR_00_01,474928.3598017831,9288900.256798392,0.3524521828393191,-0.935829823638785,1,JPR_18_371
TRS_JPR_0033,JPR,JPR_00_01,474685.5467114384,9288835.657202777,0.3524521828393191,-0.935829823638785,1,JPR_18_371
TRS_JPR_0034,JPR,JPR_00_01,474476.35976936016,9288681.773573937,0.35245218283950036,-0.9358298236387167,1,JPR_18_371
TRS_JPR_0035,JPR,JPR_00_01,474268.12789675716,9288525.354047913,0.3524521828393191,-0.935829823638785,1,JPR_18_371
TRS_JPR_0036,JPR,JPR_00_01,474051.32435633993,9288391.693984788,0.3524521828393191,-0.935829823638785,1,JPR_18_371
TRS_JPR_0037,JPR,JPR_00_01,473816.9399366712,9288304.714611782,0.35245218283950036,-0.9358298236387167,1,JPR_18_371
TRS_JPR_0038,JPR,JPR_00_01,473586.03148118773,9288208.505870627,0.3524521828393191,-0.935829823638785,1,JPR_18_371
TRS_JPR_0039,JPR,JPR_00_01,473367.16931081406,9288080.311874682,0.3524521828393191,-0.935829823638785,1,JPR_18_371
TRS_JPR_0040,JPR,JPR_00_01,473159.94475656236,9287927.461314376,0.35681685286324916,-0.9341743592674584,1,JPR_18_371
TRS_JPR_0041,JPR,JPR_00_01,472906.54034264566,9287909.868597403,0.37315577472954853,-0.9277687038190016,1,JPR_18_371
TRS_JPR_0042,JPR,JPR_00_01,472638.7168869193,9287919.986841511,0.3895673957183434,-0.9209979610146959,1,JPR_18_371
TRS_JPR_0043,JPR,JPR_00_01,472377.483005958,9287906.301539168,0.40603526358700553,-0.9138574094046789,1,JPR_18_371
TRS_JPR_0044,JPR,JPR_00_01,472123.3902848695,9287870.640028633,0.42254217903956337,-0.9063432610950983,1,JPR_18_371
TRS_JPR_0045,JPR,JPR_00_01,471887.6071971308,9287792.92421985,0.43907025475390016,-0.8984527318620302,1,JPR_18_371
TRS_JPR_0046,JPR,JPR_00_01,471580.6805418033,9287853.449625367,0.45560098376638386,-0.8901841065707156,1,JPR_18_371
TRS_JPR_0047,JPR,JPR_00_01,471268.1079784059,9287911.493501285,0.47211531695922404,-0.881536798717156,1,JPR_18_371
TRS_JPR_0048,JPR,JPR_00_01,471038.59056120785,9287808.45313718,0.48859374919897575,-0.872511402930465,1,JPR_18_371
TRS_JPR_0049,JPR,JPR_00_01,470727.9633201621,9287845.125212217,0.5050164135004641,-0.8631097393119417,1,JPR_18_371
TRS_JPR_0050,JPR,JPR_00_01,470565.0619200784,9287629.271748438,0.5213631823995734,-0.853334888562626,1,JPR_18_371
TRS_JPR_0051,JPR,JPR_00_01,470307.156504647,9287572.765893884,0.5376137755460766,-0.8431912169508722,1,JPR_18_371
TRS_JPR_0052,JPR,JPR_00_01,470041.1646326633,9287525.642110085,0.5537478723514565,-0.8326843903101793,1,JPR_18_371
TRS_JPR_0053,JPR,JPR_00_01,469802.992931811,9287434.838504756,0.5697452283931763,-0.8218213764092581,1,JPR_18_371
TRS_JPR_0054,JPR,JPR_00_01,469569.3185130836,9287337.766231105,0.5855857941382432,-0.810610435229823,1,JPR_18_371
TRS_JPR_0055,JPR,JPR_00_01,469351.8229952064,9287219.649367409,0.6012498344634749,-0.7990610968866174,1,JPR_18_371
TRS_JPR_0056,JPR,JPR_00_01,469182.3604655966,9287042.348451221,0.6167180473818593,-0.78718412714784,1,JPR_18_371
TRS_JPR_0057,JPR,JPR_00_01,468992.7800488167,9286896.50593052,0.6319716803636688,-0.774991480739189,1,JPR_18_371
TRS_JPR_0058,JPR,JPR_00_02,468797.23492797086,9286761.727141699,0.6469926426442937,-0.7624962428524834,1,JPR_18_371
TRS_JPR_0059,JPR,JPR_00_02,468699.40030657186,9286512.649966167,0.6617636119746906,-0.7497125594961119,1,JPR_18_371
TRS_JPR_0060,JPR,JPR_00_02,468524.08116158034,9286350.568777682,0.6762681343470661,-0.7366555575482607,1,JPR_18_371
TRS_JPR_0061,JPR,JPR_00_02,468359.1051872588,9286173.611369157,0.6904907153622372,-0.7233412555623702,1,JPR_18_371
TRS_JPR_0062,JPR,JPR_00_02,468323.02970145276,9285863.813072551,0.7044169020584674,-0.7097864665477578,1,JPR_18_371
TRS_JPR_0063,JPR,JPR_00_02,468297.3188411369,9285551.067033235,0.7180333542072626,-0.6960086940878455,1,JPR_18_371
TRS_JPR_0064,JPR,JPR_00_02,468365.20935213467,9285148.79539258,0.7203803349933066,-0.6935792477827833,1,JPR_18_371
TRS_JPR_0065,JPR,JPR_00_02,468276.58804602025,9284892.920388216,0.7168960931885446,-0.6971800280924587,1,JPR_18_371
TRS_JPR_0066,JPR,JPR_00_02,468137.80073499004,9284685.514608014,0.7133726903000226,-0.7007848491042797,1,JPR_18_371
TRS_JPR_0067,JPR,JPR_00_02,467986.9878309439,9284490.216332497,0.7098098784442554,-0.7043933109158205,1,JPR_18_371
TRS_JPR_0068,JPR,JPR_00_02,467817.8579658712,9284313.704288147,0.706207415545779,-0.7080050043807257,1,JPR_18_371
TRS_JPR_0069,JPR,JPR_00_02,467573.5770542808,9284214.123671353,0.7025650656261143,-0.7116195110884561,1,JPR_18_371
TRS_JPR_0070,JPR,JPR_00_02,467151.26225482713,9284299.154802136,0.6988825990982078,-0.715236403350482,1,JPR_18_371
TRS_JPR_0071,JPR,JPR_00_02,467020.72282885987,9284088.741911985,0.6951597930641191,-0.718855244195277,1,JPR_18_371
TRS_JPR_0072,JPR,JPR_00_02,466867.71640956664,9283901.899897547,0.6913964316174968,-0.7224755873706682,1,JPR_18_371
TRS_JPR_0073,JPR,JPR_00_02,466696.6839792349,9283734.686104944,0.6875923061491324,-0.7260969773553102,1,JPR_18_371
TRS_JPR_0074,JPR,JPR_00_02,466533.350204171,9283560.26898281,0.6837472156580845,-0.7297189493769619,1,JPR_18_371
TRS_JPR_0075,JPR,JPR_00_02,466386.90471567336,9283368.49810468,0.6798609670632488,-0.7333410294425264,1,JPR_18_371
TRS_JPR_0076,JPR,JPR_00_02,466285.56476319215,9283117.100025851,0.6920013104582146,-0.7218962434616999,1,JPR_18_371
TRS_JPR_0077,JPR,JPR_00_02,466009.43500515394,9283039.133812305,0.7085930769148446,-0.7056173547669821,1,JPR_18_371
TRS_JPR_0078,JPR,JPR_00_02,465786.48352806794,9282896.307973951,0.7258180485665354,-0.687886735135274,1,JPR_18_371
TRS_JPR_0079,JPR,JPR_00_02,465698.2889486766,9282622.753508922,0.7436619726712697,-0.6685558094898854,1,JPR_18_371
TRS_JPR_0080,JPR,JPR_00_02,465902.9242404413,9282103.951981029,0.7620967203958595,-0.6474631949090813,1,JPR_18_371
TRS_JPR_0081,JPR,JPR_00_02,465882.7529365346,9281797.841627454,0.7810766126834223,-0.6244352049003892,1,JPR_18_371
TRS_JPR_0082,JPR,JPR_00_03,465742.0111068231,9281649.014022393,0.8005341320052036,-0.5992871627981659,1,JPR_18_371
TRS_JPR_0083,JPR,JPR_00_03,465576.07205114333,9281556.051891455,0.820375048480058,-0.5718258299791488,1,JPR_18_371
TRS_JPR_0084,JPR,JPR_00_03,464701.63724637375,9281928.366987366,0.8404730730680436,-0.5418533135891661,1,JPR_18_371
TRS_JPR_0085,JPR,JPR_00_03,464350.90057776833,9281924.32021058,0.8606642762948977,-0.5091728621104821,1,JPR_18_371
TRS_JPR_0086,JPR,JPR_00_03,464089.262296677,9281860.783564331,0.8807416851383215,-0.4735969637357378,1,JPR_18_371
TRS_JPR_0087,JPR,JPR_00_03,463908.7440048029,9281755.968549008,0.9004506929761843,-0.43495810087721043,1,JPR_18_371
TRS_JPR_0088,JPR,JPR_00_03,463732.35317044606,9281679.566014878,0.9022550001966483,-0.4312028694479506,1,JPR_18_371
TRS_JPR_0089,JPR,JPR_00_03,463880.26992266264,9281451.974518865,0.8967113689179561,-0.44261577113031714,1,JPR_18_371
TRS_JPR_0090,JPR,JPR_00_03,463878.49420983763,9281288.18796936,0.8909898065119991,-0.45402330853350537,1,JPR_18_371
TRS_JPR_0091,JPR,JPR_00_03,463775.88454178604,9281169.471516354,0.8850903636523343,-0.4654192176627204,1,JPR_18_371
TRS_JPR_0092,JPR,JPR_00_03,463156.93899121403,9281325.99287953,0.8790133575622212,-0.47679714473472967,3,JPR_18_371
TRS_JPR_0093,JPR,JPR_00_03,462896.26870296797,9281294.598790783,0.8727593781778874,-0.4881506609670291,3,JPR_18_371
TRS_JPR_0094,JPR,JPR_00_04,462846.5779011406,9281204.07267503,0.8663292933265887,-0.4994732780882812,1,JPR_18_371
TRS_JPR_0095,JPR,JPR_00_04,462834.72438310203,9281141.55014905,0.8597242528507272,-0.510758464501822,5,JPR_18_371
TRS_JPR_0096,JPR,JPR_00_04,462968.75038946414,9280996.546735091,0.8529456916207492,-0.5219996620167507,3,JPR_18_371
TRS_JPR_0097,JPR,JPR_00_04,462975.54653993814,9280933.402983034,0.8459953313817996,-0.5331903030627985,3,JPR_18_371
TRS_JPR_0098,JPR,JPR_00_04,462993.7736235814,9280869.303437546,0.8388751813921772,-0.5443238282899636,3,JPR_18_371
TRS_JPR_0099,JPR,JPR_00_04,463001.8986846354,9280818.173956968,0.8315875378172408,-0.5553937044539299,3,JPR_18_371
TRS_JPR_0100,JPR,JPR_00_04,463010.6157680567,9280739.605415575,0.837011427111389,-0.5471854081433054,3,JPR_18_371
TRS_JPR_0101,JPR,JPR_00_04,463055.2589993011,9280614.897613404,0.8485769646172298,-0.5290719564681242,3,JPR_18_371
TRS_JPR_0102,JPR,JPR_00_04,463165.8666723877,9280444.949299723,0.8594603365062884,-0.5112024354133082,3,JPR_18_371
TRS_JPR_0103,JPR,JPR_00_04,464972.79507469735,9279310.28406917,0.8696895039564109,-0.4935991964216029,1,JPR_18_371
TRS_JPR_0104,JPR,JPR_00_04,464966.122778763,9279244.018046813,0.8792929477049571,-0.4762813371488826,1,JPR_18_371
TRS_JPR_0105,JPR,JPR_00_04,464958.5339932017,9279168.64989188,0.8882993580134806,-0.45926490237425976,1,JPR_18_371
TRS_JPR_0106,JPR,JPR_00_05,464924.2866560076,9278976.80720578,0.8967373662736906,-0.4425630982453518,1,JPR_18_371
TRS_JPR_0107,JPR,JPR_00_05,464866.3599891764,9278750.882350735,0.9046353163722224,-0.42618651359719173,1,JPR_18_371
TRS_JPR_0108,JPR,JPR_00_05,464786.43541470484,9278540.18193864,0.9120210732881782,-0.4101433430866331,1,JPR_18_371
TRS_JPR_0109,JPR,JPR_00_05,464718.8917075565,9278328.247483347,0.9189218659789665,-0.3944396078308239,1,JPR_18_371
TRS_JPR_0110,JPR,JPR_00_05,464609.37489388924,9278137.809987329,0.9253641613640676,-0.3790793701363553,1,JPR_18_371
TRS_JPR_0111,JPR,JPR_00_05,464494.6064284155,9277971.264347017,0.9414182459208064,-0.3372412878747085,1,JPR_18_371
TRS_JPR_0112,JPR,JPR_00_05,464353.68649061804,9277808.015266918,0.950889128642419,-0.309531686632663,1,JPR_18_371
TRS_JPR_0113,JPR,JPR_00_05,464145.8684142219,9277647.260070352,0.9509470598075977,-0.30935366402110864,1,JPR_18_371
TRS_JPR_0114,JPR,JPR_00_05,462959.86056942923,9277804.50879046,0.9510050009092457,-0.30917549748582224,3,JPR_18_371
TRS_JPR_0115,JPR,JPR_00_05,463020.1365118917,9277556.429043753,0.9510629519148869,-0.30899718687221367,1,JPR_18_371
TRS_JPR_0116,JPR,JPR_00_05,463023.86786723736,9277326.810333917,0.9511209127921151,-0.3088187320249433,1,JPR_18_371
TRS_JPR_0117,JPR,JPR_00_05,463017.09468403796,9277100.67839527,0.9511788835082303,-0.30864013278904046,1,JPR_18_371
TRS_JPR_0118,JPR,JPR_00_05,462965.7277436037,9276889.08100394,0.9512368640305183,-0.3084613890090381,1,JPR_18_371
TRS_JPR_0119,JPR,JPR_00_05,462807.0401190614,9276712.318103995,0.951294854326163,-0.30828250052924583,1,JPR_18_371
TRS_JPR_0120,JPR,JPR_00_05,462602.6729797748,9276550.359796135,0.9513528543621139,-0.3081034671941527,1,JPR_18_371
TRS_JPR_0121,JPR,JPR_00_05,461923.24938930577,9276542.145495148,0.9514108641054101,-0.3079242888474326,1,JPR_18_371
TRS_JPR_0122,JPR,JPR_00_05,461938.81215802394,9276305.351283044,0.9365122277565388,-0.3506349201983235,1,JPR_18_371
TRS_JPR_0123,JPR,JPR_00_05,461852.5226795626,9276088.825997764,0.914934841067032,-0.40360158151529185,1,JPR_18_371
TRS_JPR_0124,JPR,JPR_00_05,461768.96213339816,9275869.124503594,0.9064803270510786,-0.4222480511137614,1,JPR_18_371
TRS_JPR_0125,JPR,JPR_00_05,461725.3757619379,9275631.994584467,0.9039604655594419,-0.42761603887781985,1,JPR_18_371
TRS_JPR_0126,JPR,JPR_00_05,461493.4714496694,9275483.235670887,0.9013929018673136,-0.43300212062208615,1,JPR_18_371
TRS_JPR_0127,JPR,JPR_00_05,460852.11729202484,9275534.860491948,0.8987771712147329,-0.43840574414946093,1,JPR_18_371
TRS_JPR_0128,JPR,JPR_00_05,460723.7639045365,9275339.221830605,0.896112816794661,-0.44382633943507493,1,JPR_18_371
TRS_JPR_0129,JPR,JPR_00_06,460678.6484904508,9275197.083785573,0.8933993903092201,-0.44926331855061763,3,JPR_18_371
TRS_JPR_0130,JPR,JPR_00_06,460812.94895594614,9275045.829247827,0.8906364525361761,-0.45471607560517996,3,JPR_18_371
TRS_JPR_0131,JPR,JPR_00_06,461637.6339523801,9274546.189977575,0.8940519242645606,-0.447963343052572,3,JPR_18_370
TRS_JPR_0132,JPR,JPR_00_06,462440.9421712617,9273794.784502856,0.9532897223490562,-0.3020574535807044,1,JPR_18_370
TRS_JPR_0133,JPR,JPR_00_06,462486.2728288603,9273671.977780422,0.9622422764628749,-0.2721944183622144,1,JPR_18_370
TRS_JPR_0134,JPR,JPR_00_06,462518.033368489,9273543.358321702,0.9701974708504091,-0.24231563621745422,1,JPR_18_370
TRS_JPR_0135,JPR,JPR_00_06,462587.94234545185,9273396.711948462,0.9771589620701246,-0.2125096770644499,1,JPR_18_370
TRS_JPR_0136,JPR,JPR_00_07,462549.33567737875,9273239.45256439,0.9831386257336928,-0.18286181282724404,1,JPR_18_370
TRS_JPR_0137,JPR,JPR_00_07,462504.77622210846,9273083.908841971,0.9881559540576634,-0.1534529584608552,1,JPR_18_370
TRS_JPR_0138,JPR,JPR_00_07,462454.7434140093,9272938.984086718,0.9922373179753896,-0.12435877458790479,1,JPR_18_370
TRS_JPR_0139,JPR,JPR_00_07,462402.97187318857,9272803.48202831,0.9954151288658143,-0.09564894785126665,1,JPR_18_370
TRS_JPR_0140,JPR,JPR_00_07,462329.87691220926,9272678.247552788,0.9977269358905192,-0.06738665593806954,1,JPR_18_370
TRS_JPR_0141,JPR,JPR_00_07,462247.3485512102,9272560.715510977,0.9992144937489542,-0.03962821573098085,1,JPR_18_370
TRS_JPR_0142,JPR,JPR_00_07,462106.81556927663,9272450.464152189,0.999922832729687,-0.012422905692249783,1,JPR_18_370
TRS_JPR_0143,JPR,JPR_00_07,461949.46728896437,9272315.638344508,0.9999074584021322,-0.013604213751196324,3,JPR_18_370
TRS_JPR_0144,JPR,JPR_00_07,460634.2354072926,9272200.355144154,0.9992888894626684,-0.03770564144086652,3,JPR_18_370
TRS_JPR_0145,JPR,JPR_00_08,460601.72792409244,9272021.203732323,0.998122739527826,-0.06124538217259606,1,JPR_18_370
TRS_JPR_0146,JPR,JPR_00_08,460681.06675474043,9271765.111213755,0.9964484555279355,-0.08420496111270495,1,JPR_18_370
TRS_JPR_0147,JPR,JPR_00_08,461003.72578313114,9271479.517383253,0.9943051667172635,-0.10657033095263682,3,JPR_18_370
TRS_JPR_0148,JPR,JPR_00_08,461856.47541329905,9271111.196321117,0.9917313190929743,-0.1283315656029692,1,JPR_18_370
TRS_JPR_0149,JPR,JPR_00_08,461887.8917950258,9270830.243297612,0.9887643668613862,-0.14948253016724694,3,JPR_18_370
TRS_JPR_0150,JPR,JPR_00_08,461799.43751729117,9270569.328376222,0.9854405191494642,-0.17002053763717692,1,JPR_18_370
TRS_JPR_0151,JPR,JPR_00_08,461840.2590165211,9270287.797156049,0.9817945388757825,-0.18994600136272852,1,JPR_18_370
TRS_JPR_0152,JPR,JPR_00_08,461827.0815214246,9270016.780502994,0.9778595897731855,-0.2092620909018575,1,JPR_18_370
TRS_JPR_0153,JPR,JPR_00_08,461777.6973600619,9269755.404942846,0.9736671269583784,-0.2279743974235201,1,JPR_18_370
TRS_JPR_0154,JPR,JPR_00_08,461708.96053795336,9269542.578214265,0.977622931262559,-0.2103649311781836,1,JPR_18_370
TRS_JPR_0155,JPR,JPR_00_08,461608.3617035295,9269343.530879641,0.9832328660165132,-0.18235441092815224,1,JPR_18_370
TRS_JPR_0156,JPR,JPR_00_08,461443.92350180284,9269147.544333898,0.98796017234728,-0.15470842852130828,1,JPR_18_370
TRS_JPR_0157,JPR,JPR_00_08,461257.85957738897,9268944.1105577,0.9918405355703397,-0.12748471280722823,1,JPR_18_370
TRS_JPR_0158,JPR,JPR_00_08,461084.50525351457,9268727.687353399,0.9947411458103906,-0.10242095894801442,1,JPR_18_370
TRS_JPR_0159,JPR,JPR_00_08,460922.28629215364,9268496.924611803,0.9955428888309692,-0.09430989607718011,1,JPR_18_370
TRS_JPR_0160,JPR,JPR_00_08,460015.1353545845,9268327.949666567,0.9962684131279607,-0.08630903199257378,1,JPR_18_370
TRS_JPR_0161,JPR,JPR_00_08,460036.9196561915,9268071.34439515,0.9969205939185616,-0.07841766013509051,1,JPR_18_370
TRS_JPR_0162,JPR,JPR_00_08,460066.37739600806,9267814.556784859,0.997502228442132,-0.07063500727670853,1,JPR_18_370
TRS_JPR_0163,JPR,JPR_00_08,460007.84440253605,9267570.072525026,0.9973912242996664,-0.07218549501120172,1,JPR_18_370
TRS_JPR_0164,JPR,JPR_00_08,459963.324346051,9267336.618544636,0.9959462089701958,-0.08995081343653888,1,JPR_18_370
TRS_JPR_0165,JPR,JPR_00_08,459946.4245563439,9267102.066477953,0.9941693416012201,-0.10783005249092943,1,JPR_18_370
TRS_JPR_0166,JPR,JPR_00_08,460139.41272775177,9266841.813889569,0.9920547666479648,-0.12580675646026485,1,JPR_18_370
TRS_JPR_0167,JPR,JPR_00_08,460222.76886705746,9266590.63939722,0.9895974972419587,-0.14386380174474647,1,JPR_18_370
TRS_JPR_0168,JPR,JPR_00_08,460256.7266534306,9266344.712314123,0.9867934723546083,-0.1619834649534787,1,JPR_18_370
TRS_JPR_0169,JPR,JPR_00_08,460443.7966154972,9266069.709026612,0.9836396081833365,-0.18014749849201983,1,JPR_18_370
TRS_JPR_0170,JPR,JPR_00_08,460694.9204091316,9265774.807629712,0.9801338428632748,-0.19833721303393678,1,JPR_18_370
TRS_JPR_0171,JPR,JPR_00_08,460911.40021236765,9265478.04178655,0.9762751736794301,-0.21653356612127983,1,JPR_18_370
TRS_JPR_0172,JPR,JPR_00_08,461001.65022395866,9265203.40149276,0.9720636860476072,-0.23471725600717694,1,JPR_18_370
TRS_JPR_0173,JPR,JPR_00_08,460940.93840559956,9264964.73834466,0.9675005736472767,-0.25286881973108216,1,JPR_18_370
TRS_JPR_0174,JPR,JPR_00_08,460870.74443213287,9264731.283473782,0.9625881492219562,-0.2709687343171697,1,JPR_18_370
TRS_JPR_0175,JPR,JPR_00_08,460798.1560022266,9264501.522598216,0.9573298457112667,-0.2889975199036187,1,JPR_18_370
TRS_JPR_0176,JPR,JPR_00_09,460726.454430577,9264274.57264885,0.9517302075383149,-0.30693584355541803,1,JPR_18_370
TRS_JPR_0177,JPR,JPR_00_09,460655.397868764,9264046.802991772,0.9457948720437006,-0.3247646224819445,1,JPR_18_370
TRS_JPR_0178,JPR,JPR_00_09,460567.30727975426,9263821.96491422,0.9395305412266466,-0.3424651253812051,1,JPR_18_370
TRS_JPR_0179,JPR,JPR_00_09,460485.42439881415,9263592.122177552,0.9329449441226616,-0.3600190706559358,1,JPR_18_370
TRS_JPR_0180,JPR,JPR_00_09,460406.4912596493,9263358.15096067,0.9260467903069031,-0.3774087203050329,1,JPR_18_370
TRS_JPR_0181,JPR,JPR_00_09,460260.45879684074,9263149.886694927,0.9188457151636885,-0.39461696836974686,1,JPR_18_370
TRS_JPR_0182,JPR,JPR_00_09,460173.2070503914,9262914.883279044,0.9113522176944094,-0.41162742292452037,1,JPR_18_370
TRS_JPR_0183,JPR,JPR_00_09,460032.1627572532,9262702.54946453,0.9035775917539014,-0.4284244807200211,1,JPR_18_370
TRS_JPR_0184,JPR,JPR_00_09,459894.52161508333,9262488.083690833,0.8955338516952941,-0.44499339373499797,1,JPR_18_370
TRS_JPR_0185,JPR,JPR_00_09,459759.5319958789,9262271.633002969,0.8872336534751329,-0.4613203270409485,1,JPR_18_370
TRS_JPR_0186,JPR,JPR_00_09,459624.3993618644,9262054.518294746,0.8786902123119792,-0.4773924075507787,1,JPR_18_370
TRS_JPR_0187,JPR,JPR_00_09,459563.5841895388,9261794.520131946,0.8699172180126864,-0.49319776338206167,1,JPR_18_370
TRS_JPR_0188,JPR,JPR_00_09,459445.2317748977,9261564.196386702,0.8609287490721266,-0.5087255537331531,1,JPR_18_370
TRS_JPR_0189,JPR,JPR_00_09,459308.7631929029,9261343.400515946,0.8517391866245083,-0.5239659893239454,1,JPR_18_370
TRS_JPR_0190,JPR,JPR_00_09,459169.0616939994,9261123.915210009,0.8423631292724617,-0.5389103436030022,1,JPR_18_370
TRS_SBY_0001,SBY,SBY_00_01,702099.9512682377,9170548.016285855,-0.796228052278463,-0.604996602275455,1,SBY_28_366
TRS_SBY_0002,SBY,SBY_00_01,701949.5205021414,9170758.50684162,-0.81574952395313,-0.5784053199705564,1,SBY_28_366
TRS_SBY_0003,SBY,SBY_00_01,701771.8184652249,9170949.784174737,-0.8369680723752512,-0.5472517207140204,1,SBY_28_366
TRS_SBY_0004,SBY,SBY_00_01,701573.7472645959,9171130.683686672,-0.8598988115317634,-0.5104645275886079,1,SBY_28_366
TRS_SBY_0005,SBY,SBY_00_01,701363.1412826673,9171309.614610614,-0.8844205748304185,-0.4666907400159469,1,SBY_28_366
TRS_SBY_0006,SBY,SBY_00_01,703141.4768098801,9172400.931364033,-0.9101664283408145,-0.4142427702704356,3,SBY_28_366
TRS_SBY_0007,SBY,SBY_00_01,703205.6250757955,9172538.838289019,-0.9363482493498465,-0.3510725793044477,3,SBY_28_366
TRS_SBY_0008,SBY,SBY_00_01,700902.24336661,9171943.008331979,-0.9614934645269231,-0.2748277963962424,1,SBY_28_366
TRS_SBY_0009,SBY,SBY_00_01,700868.930074523,9172169.072485954,-0.9742743529564892,-0.2253652261801148,1,SBY_28_366
TRS_SBY_0010,SBY,SBY_00_01,700813.6968022091,9172375.893118516,-0.9836612212149498,-0.18002944725214753,1,SBY_28_366
TRS_SBY_0011,SBY,SBY_00_01,700756.153642414,9172571.105121816,-0.990822366846096,-0.13517040118864893,1,SBY_28_366
TRS_SBY_0012,SBY,SBY_00_01,700665.9395168792,9172752.829741249,-0.9958457689761847,-0.0910560509369426,1,SBY_28_366
TRS_SBY_0013,SBY,SBY_00_01,700249.066335486,9172911.756638115,-0.9988510368643296,-0.04792291889121399,1,SBY_28_366
TRS_SBY_0014,SBY,SBY_00_02,700164.5834574447,9173035.700179983,-0.9999821665323562,-0.005972153485567956,1,SBY_28_366
TRS_SBY_0015,SBY,SBY_00_03,703187.486943479,9173117.70804383,-0.9075677530497916,0.4199056722933764,1,SBY_28_366
TRS_SBY_0016,SBY,SBY_00_03,703146.9377150111,9173388.712066362,-0.8981895807746183,0.43960832224596874,1,SBY_28_366
TRS_SBY_0017,SBY,SBY_00_03,703107.5494478808,9173661.212675134,-0.8888486683731976,0.4582008781431932,1,SBY_28_366
TRS_SBY_0018,SBY,SBY_00_03,703072.1670659846,9173933.500917487,-0.8795807656034975,0.4757495946192337,1,SBY_28_366
TRS_SBY_0019,SBY,SBY_00_03,703039.9350295663,9174200.786678514,-0.8800663490326021,0.4748507358111877,1,SBY_28_366
TRS_SBY_0020,SBY,SBY_00_03,703018.6585575689,9174448.001098791,-0.9046650653266376,0.42612336192416234,1,SBY_28_366
TRS_SBY_0021,SBY,SBY_00_03,703006.740608376,9174689.91471256,-0.9256269057258503,0.37843735465250783,1,SBY_28_366
TRS_SBY_0022,SBY,SBY_00_03,702998.7240395481,9174930.236469872,-0.9432196624582928,0.33216963791422044,1,SBY_28_366
TRS_SBY_0023,SBY,SBY_00_03,703002.0931738465,9175167.353728399,-0.9577490986135831,0.2876050488167216,1,SBY_28_367
TRS_SBY_0024,SBY,SBY_00_03,702988.0085906313,9175410.153986894,-0.969537501951708,0.24494291643001587,1,SBY_28_367
TRS_SBY_0025,SBY,SBY_00_03,702917.3801603765,9175664.346251233,-0.9789067755605926,0.20430742708370495,1,SBY_28_367
TRS_SBY_0026,SBY,SBY_00_03,702853.3366736695,9175912.474450396,-0.9861661642952871,0.1657597550647336,1,SBY_28_367
TRS_SBY_0027,SBY,SBY_00_03,702827.1638551542,9176151.742170686,-0.9916041617625129,0.12931042639812218,1,SBY_28_367
TRS_SBY_0028,SBY,SBY_00_03,702807.731448893,9176389.510987379,-0.9954838646870027,0.09493089669769966,1,SBY_28_367
TRS_SBY_0029,SBY,SBY_00_03,702794.1435754902,9176626.584592044,-0.9980409685797029,0.06256376776128633,1,SBY_28_367
TRS_SBY_0030,SBY,SBY_00_03,702770.0394282194,9176864.056654092,-0.99948365314673,0.03213140352469821,1,SBY_28_367
TRS_SBY_0031,SBY,SBY_00_03,702757.7841606962,9177100.939744854,-0.9999937237935395,0.003542932899506324,1,SBY_28_367
TRS_SBY_0032,SBY,SBY_00_03,702747.0865364043,9177349.624509085,-0.9999997242608515,0.0007426157963669206,1,SBY_28_367
TRS_SBY_0033,SBY,SBY_00_03,702745.148892195,9177599.626016947,-0.9999997242608515,0.0007426157963798557,1,SBY_28_367
TRS_SBY_0034,SBY,SBY_00_03,702744.2963745301,9177849.626718972,-0.9999997242608515,0.0007426157963798557,1,SBY_28_367
TRS_SBY_0035,SBY,SBY_00_03,702709.8770301462,9178099.652348263,-0.9999997242608515,0.0007426157963798557,1,SBY_28_367
TRS_SBY_0036,SBY,SBY_00_03,702643.1974671542,9178349.701934509,-0.9999997242608515,0.0007426157963798557,1,SBY_28_367
TRS_SBY_0037,SBY,SBY_00_03,702562.6194471595,9178599.761841971,-0.9999997242608515,0.0007426157963669206,1,SBY_28_367
TRS_SBY_0038,SBY,SBY_00_03,702553.8254469358,9178849.76844147,-0.9999997242608515,0.0007426157963798557,1,SBY_28_367
TRS_SBY_0039,SBY,SBY_00_03,702627.0069030556,9179099.714164685,-0.9999997242608515,0.0007426157963669206,1,SBY_28_367
TRS_SBY_0040,SBY,SBY_00_03,702653.6162231063,9179349.694473114,-0.9999997242608515,0.0007426157963798557,1,SBY_28_367
TRS_SBY_0041,SBY,SBY_00_03,702659.182921433,9179599.69040813,-0.9999997242608515,0.0007426157963669206,1,SBY_28_367
TRS_SBY_0042,SBY,SBY_00_03,702564.9465682147,9179849.760458488,-0.9999997242608515,0.0007426157963798557,1,SBY_28_367
TRS_SBY_0043,SBY,SBY_00_03,702543.7277530316,9180099.776284855,-0.9999997242608515,0.0007426157963669206,1,SBY_28_367
TRS_SBY_0044,SBY,SBY_00_03,702602.779212442,9180349.732501231,-0.9999997242608515,0.0007426157963798557,1,SBY_28_367
TRS_SBY_0045,SBY,SBY_00_03,702625.2327776107,9180599.715895789,-0.9999997242608515,0.0007426157963669206,1,SBY_28_367
TRS_SBY_0046,SBY,SBY_00_03,702582.1306938962,9180849.74797302,-0.9999997242608515,0.0007426157963798557,1,SBY_28_367
TRS_SBY_0047,SBY,SBY_00_03,702372.1705603652,9181099.903961709,-0.9999997242608515,0.0007426157963798557,1,SBY_28_367
TRS_SBY_0048,SBY,SBY_00_03,702492.6128682602,9181349.81458826,-0.9999997242608515,0.0007426157963798557,1,SBY_28_367
TRS_SBY_0049,SBY,SBY_00_03,702654.1750540358,9181599.69467853,-0.9999997242608515,0.0007426157963798557,1,SBY_28_367
TRS_SBY_0050,SBY,SBY_00_03,702703.3984715657,9181849.658193367,-0.9999997242608515,0.0007426157963669206,1,SBY_28_367
TRS_SBY_0051,SBY,SBY_00_03,702752.5768536971,9182099.621741649,-0.9999997242608515,0.0007426157963798557,1,SBY_28_367
TRS_SBY_0052,SBY,SBY_00_03,702758.5860919723,9182349.617348026,-0.9999997242608515,0.0007426157963669206,1,SBY_28_367
TRS_SBY_0053,SBY,SBY_00_03,702695.9451389197,9182599.663935136,-0.9999997242608515,0.0007426157963798557,1,SBY_28_367
TRS_SBY_0054,SBY,SBY_00_03,702670.5766202033,9182849.68284314,-0.9999997242608515,0.0007426157963669206,1,SBY_28_367
TRS_SBY_0055,SBY,SBY_00_03,702677.5188992253,9183099.677756626,-0.9999997242608515,0.0007426157963798557,1,SBY_28_367
TRS_SBY_0056,SBY,SBY_00_03,702491.9649864024,9183349.815620866,-0.9999997242608515,0.0007426157963669206,1,SBY_28_367
TRS_SBY_0057,SBY,SBY_00_03,702563.0661884987,9183599.76288891,-0.9999997242608515,0.0007426157963798557,1,SBY_28_367
TRS_SBY_0058,SBY,SBY_00_03,702667.2840684446,9183849.685563978,-0.9999997242608515,0.0007426157963669206,1,SBY_28_367
TRS_SBY_0059,SBY,SBY_00_03,702692.0244135251,9184099.667260338,-0.9999997242608515,0.0007426157963798557,1,SBY_28_367
TRS_SBY_0060,SBY,SBY_00_03,702688.8871149498,9184349.66965908,-0.9999997242608515,0.0007426157963798557,1,SBY_28_367
TRS_SBY_0061,SBY,SBY_00_03,702716.1239089316,9184599.649501536,-0.9999997242608515,0.0007426157963798557,1,SBY_28_367
TRS_SBY_0062,SBY,SBY_00_03,702722.6755949679,9184845.337691424,-0.9999707656215765,-0.007646430683545328,1,SBY_28_367
TRS_SBY_0063,SBY,SBY_00_03,702720.9323060054,9185083.240467224,-0.9995169671043792,-0.03107784533174168,1,SBY_28_367
TRS_SBY_0064,SBY,SBY_00_03,702769.2989179529,9185322.675471961,-0.9983842211684213,-0.05682382354193258,1,SBY_28_367
TRS_SBY_0065,SBY,SBY_00_03,702741.4879923143,9185556.930695679,-0.9963651231414911,-0.08518533551757268,1,SBY_28_367
TRS_SBY_0066,SBY,SBY_00_03,702785.2022177209,9185796.288973266,-0.9931905013704067,-0.11650162225308311,1,SBY_28_367
TRS_SBY_0067,SBY,SBY_00_03,702829.900091242,9186037.014883997,-0.988510844101481,-0.15114996226852787,1,SBY_28_367
TRS_SBY_0068,SBY,SBY_00_03,702834.7320530638,9186271.573397174,-0.9818728051281379,-0.18954101020571115,1,SBY_28_367
TRS_SBY_0069,SBY,SBY_00_03,702682.5159603993,9186466.861817244,-0.9726904042673744,-0.23210639251466508,1,SBY_28_367
TRS_SBY_0070,SBY,SBY_00_03,702977.0411176397,9186773.49313964,-0.9602115935944261,-0.27927351382981647,1,SBY_28_367
TRS_SBY_0071,SBY,SBY_00_03,702981.2057287244,9187024.426232455,-0.9599863989497818,-0.2800466279593996,1,SBY_28_367
TRS_SBY_0072,SBY,SBY_00_03,702950.2905889668,9187269.17897406,-0.9633582970888486,-0.26821780595268835,1,SBY_28_367
TRS_SBY_0073,SBY,SBY_00_03,702924.5947699678,9187516.161073718,-0.9666201971756774,-0.2562135718732606,1,SBY_28_367
TRS_SBY_0074,SBY,SBY_00_03,703158.4466899321,9187829.168275071,-0.9697661981097497,-0.2440359010550737,1,SBY_28_367
TRS_SBY_0075,SBY,SBY_00_03,703099.9652273221,9188066.271730684,-0.9727903596829637,-0.23168710820390978,1,SBY_28_367
TRS_SBY_0076,SBY,SBY_00_03,703091.6743921582,9188316.24259928,-0.9756867189462151,-0.21916985758075824,3,SBY_28_367
TRS_SBY_0077,SBY,SBY_00_03,703187.7552969883,9188588.478390403,-0.978449307694381,-0.20648717217393112,3,SBY_28_367
TRS_SBY_0078,SBY,SBY_00_03,703261.6033958046,9188853.715563737,-0.9810721710270719,-0.19364244172243775,3,SBY_28_367
TRS_SBY_0079,SBY,SBY_00_03,703277.3114933942,9189106.25686393,-0.9835493869273635,-0.18063942945771158,3,SBY_28_367
TRS_SBY_0080,SBY,SBY_00_04,703261.0270859323,9189210.214501224,-0.9858750867867629,-0.16748227743015823,3,SBY_28_367
TRS_SBY_0081,SBY,SBY_00_04,703275.2702453538,9188950.82661513,-0.9900488600568798,-0.14072403739259612,3,SBY_28_367
TRS_SBY_0082,SBY,SBY_00_05,702357.6212952028,9189512.0192917,-0.9990137301942956,0.04440232970553304,1,SBY_28_367
TRS_SBY_0083,SBY,SBY_00_05,702464.2598432447,9189744.248260505,-0.9982484786477942,0.059160585505591806,1,SBY_28_367
TRS_SBY_0084,SBY,SBY_00_05,702590.074808103,9189974.143852623,-0.9972620678571702,0.07394841454176626,1,SBY_28_367
TRS_SBY_0085,SBY,SBY_00_05,702864.423776532,9190183.139799215,-0.9949918044096507,0.09995653634268956,1,SBY_28_367
TRS_SBY_0086,SBY,SBY_00_05,703084.9693180523,9190398.706973573,-0.9937860572189028,0.11130710883545487,1,SBY_28_367
TRS_SBY_0087,SBY,SBY_00_05,703238.6990406117,9190629.749019887,-0.9940301189446494,0.10910601555774098,1,SBY_28_367
TRS_SBY_0088,SBY,SBY_00_05,703428.7319357987,9190857.022834146,-0.9942440535259875,0.10713898463310606,1,SBY_28_367
TRS_SBY_0089,SBY,SBY_00_05,703481.6276897382,9191099.080241691,-0.9944330242032946,0.10537058590465156,1,SBY_28_367
TRS_SBY_0090,SBY,SBY_00_05,703561.6962764651,9191338.072755277,-0.9946010918723801,0.10377219303006506,1,SBY_28_367
TRS_SBY_0091,SBY,SBY_00_05,703606.4455312308,9191580.58036443,-0.9947514918109458,0.1023204258195674,1,SBY_28_367
TRS_SBY_0092,SBY,SBY_00_05,703646.5507473982,9191823.362104433,-0.99488683158547,0.10099600159325485,1,SBY_28_367
TRS_SBY_0093,SBY,SBY_00_05,703658.4055210657,9192068.793121403,-0.9950092350051543,0.09978287555717054,1,SBY_28_367
TRS_SBY_0094,SBY,SBY_00_05,703711.1955042401,9192325.983663768,-0.9971051452148455,0.07603505366659435,1,SBY_28_367
TRS_SBY_0095,SBY,SBY_00_05,703804.5552931619,9192584.306273928,-0.9989391231005064,0.04605028055496878,1,SBY_28_367
TRS_SBY_0096,SBY,SBY_00_05,703785.3528342303,9192845.687878158,-0.9998794275859162,0.015528370502426997,1,SBY_28_367
TRS_SBY_0097,SBY,SBY_00_05,703806.6558888193,9193102.05706467,-0.9998805227140853,-0.015457693780362824,1,SBY_28_367
TRS_SBY_0098,SBY,SBY_00_05,703817.6151713427,9193354.730801117,-0.9989029913914242,-0.04682748967502179,1,SBY_28_367
TRS_SBY_0099,SBY,SBY_00_05,703806.8489965412,9193601.757110095,-0.9969145905989577,-0.07849394276574827,1,SBY_28_367
TRS_SBY_0100,SBY,SBY_00_05,703838.6206585506,9193848.08337364,-0.9938911978120192,-0.11036433713745476,1,SBY_28_367
TRS_SBY_0101,SBY,SBY_00_05,703873.562990423,9194092.11421381,-0.9898176040937084,-0.14234152811527118,1,SBY_28_367
TRS_SBY_0102,SBY,SBY_00_05,703797.196966038,9194313.839956535,-0.9846881134526021,-0.17432532582833626,1,SBY_28_367
TRS_SBY_0103,SBY,SBY_00_05,703738.9832242738,9194529.231837481,-0.9785069152718854,-0.20621400719907299,1,SBY_28_367
TRS_SBY_0104,SBY,SBY_00_06,703666.6605367548,9194736.030164387,-0.971288206577452,-0.23790590527256136,1,SBY_28_367
TRS_SBY_0105,SBY,SBY_00_06,703528.0749930243,9194930.235402826,-0.9630560529521397,-0.2693010190701954,1,SBY_28_367
TRS_SBY_0106,SBY,SBY_00_06,703477.6370886185,9195154.42831404,-0.9538439900943693,-0.3003025850052793,1,SBY_28_367
TRS_SBY_0107,SBY,SBY_00_06,703369.8422105227,9195367.097481519,-0.9436943812814873,-0.3308185525900123,1,SBY_28_367
TRS_SBY_0108,SBY,SBY_00_06,703052.7182209449,9195503.411648665,-0.9326575582176014,-0.3607629125888379,1,SBY_28_367
TRS_SBY_0109,SBY,SBY_00_06,703160.5565861478,9195809.058104139,-0.9207907829251829,-0.39005683442291944,1,SBY_28_367
TRS_SBY_0110,SBY,SBY_00_06,703037.8931511149,9196029.271604937,-0.9081570757086952,-0.4186295807037905,1,SBY_28_367
TRS_SBY_0111,SBY,SBY_00_06,702925.7094661449,9196258.526397634,-0.8948239583214789,-0.44641917926303337,1,SBY_28_367
TRS_SBY_0112,SBY,SBY_00_06,702724.2917257416,9196444.534992125,-0.8808621622032513,-0.47337284586107486,1,SBY_28_367
TRS_SBY_0113,SBY,SBY_00_06,702667.507014344,9196711.763121396,-0.8663443492506081,-0.4994471628926732,1,SBY_28_367
TRS_SBY_0114,SBY,SBY_00_06,702566.4642923949,9196960.994407147,-0.8513438875413318,-0.5246080300052719,1,SBY_28_367
TRS_SBY_0115,SBY,SBY_00_06,702398.6678770013,9197172.322403187,-0.8359337174447564,-0.5488304110005111,1,SBY_28_367
TRS_SBY_0116,SBY,SBY_00_06,702095.5198052378,9197289.833514586,-0.8201853353800708,-0.5720979073790436,1,SBY_28_367
TRS_SBY_0117,SBY,SBY_00_06,701848.1232504456,9197437.892517358,-0.8041679138963839,-0.5944021923407907,1,SBY_28_367
TRS_SBY_0118,SBY,SBY_00_06,701626.8245614825,9197600.1438961,-0.7879475684052981,-0.6157423401425127,1,SBY_28_367
TRS_SBY_0119,SBY,SBY_00_06,701483.0492540146,9197822.199257985,-0.771586773328523,-0.6361240847700067,1,SBY_28_367
TRS_SBY_0120,SBY,SBY_00_06,701320.1655066537,9198030.22994228,-0.7551439239951997,-0.6555590393344688,1,SBY_28_367
TRS_SBY_0121,SBY,SBY_00_06,701161.9218166074,9198243.424916541,-0.7386730355238774,-0.6740639039363706,1,SBY_28_367
TRS_SBY_0122,SBY,SBY_00_06,700992.4354694306,9198433.409436548,-0.7335375330309865,-0.6796489444079306,1,SBY_28_367
TRS_SBY_0123,SBY,SBY_00_06,700784.7612456132,9198581.805978103,-0.7335375330310887,-0.6796489444078205,1,SBY_28_367
TRS_SBY_0124,SBY,SBY_00_06,700539.7711710053,9198695.628039882,-0.7335375330310887,-0.6796489444078205,1,SBY_28_367
TRS_SBY_0125,SBY,SBY_00_06,700257.7961154357,9198775.1821847,-0.7335375330310822,-0.6796489444078274,1,SBY_28_367
TRS_SBY_0126,SBY,SBY_00_06,699682.278757849,9198582.758814093,-0.733537533030993,-0.6796489444079237,3,SBY_27_367
TRS_SBY_0127,SBY,SBY_00_06,699191.9078181693,9198469.226666423,-0.7335375330309865,-0.6796489444079306,1,SBY_27_367
TRS_SBY_0128,SBY,SBY_00_06,699041.301914297,9198670.499061855,-0.733537533030993,-0.6796489444079237,1,SBY_27_367
TRS_SBY_0129,SBY,SBY_00_06,698862.6887915327,9198845.821760237,-0.7335375330309865,-0.6796489444079306,1,SBY_27_367
TRS_SBY_0130,SBY,SBY_00_06,698749.297038013,9199081.574406324,-0.7335375330310822,-0.6796489444078274,1,SBY_27_367
TRS_SBY_0131,SBY,SBY_00_06,698618.2246947519,9199300.945349207,-0.7335375330310887,-0.6796489444078205,3,SBY_27_367
TRS_SBY_0132,SBY,SBY_00_06,698412.216557077,9199450.885579579,-0.7335375330309865,-0.6796489444079306,1,SBY_27_367
TRS_SBY_0133,SBY,SBY_00_06,698265.6773088151,9199655.925877903,-0.733537533030993,-0.6796489444079237,1,SBY_27_367
TRS_SBY_0134,SBY,SBY_00_06,698238.0730285047,9199971.163707754,-0.7335375330309865,-0.6796489444079306,1,SBY_27_367
TRS_SBY_0135,SBY,SBY_00_06,698147.9341018389,9200228.460935425,-0.7335375330309865,-0.6796489444079306,1,SBY_27_368
TRS_SBY_0136,SBY,SBY_00_06,697953.1017563166,9200388.755939748,-0.733537533030993,-0.6796489444079237,1,SBY_27_368
TRS_SBY_0137,SBY,SBY_00_06,697846.7340230842,9200631.016593618,-0.7335375330310822,-0.6796489444078274,1,SBY_27_368
TRS_SBY_0138,SBY,SBY_00_06,697689.2254516073,9200824.380401066,-0.7296225675460112,-0.6838500631919004,1,SBY_27_368
TRS_SBY_0139,SBY,SBY_00_06,697490.0359895906,9200973.254700895,-0.7146486393491606,-0.6994836111563967,1,SBY_27_368
TRS_SBY_0140,SBY,SBY_00_06,697425.4426207751,9201256.853740413,-0.6990428635808703,-0.7150797681913933,1,SBY_27_368
TRS_SBY_0141,SBY,SBY_00_06,697364.5810207555,9201553.865248978,-0.6828007330762088,-0.7306046529489063,1,SBY_27_368
TRS_SBY_0142,SBY,SBY_00_06,697180.5107718129,9201723.604627639,-0.665920550703603,-0.746022667316892,1,SBY_27_368
TRS_SBY_0143,SBY,SBY_00_06,697048.8092139496,9201953.462816052,-0.6484036860258668,-0.7612966963990248,1,SBY_27_368
TRS_SBY_0144,SBY,SBY_00_06,696927.0026982669,9202200.041768435,-0.6302548123068377,-0.7763883509971495,1,SBY_27_368
TRS_SBY_0145,SBY,SBY_00_06,696792.1286878816,9202435.98811094,-0.6114821163380865,-0.7912582520256548,1,SBY_27_368
TRS_SBY_0146,SBY,SBY_00_06,696631.8892558005,9202642.678334758,-0.5920974734025755,-0.8058663549189073,1,SBY_27_368
TRS_SBY_0147,SBY,SBY_00_06,696452.2484924177,9202823.79103371,-0.5721165798123786,-0.8201723106175838,1,SBY_27_368
TRS_SBY_0148,SBY,SBY_00_06,696203.0419145831,9202899.164875677,-0.5515590359149494,-0.8341358581793327,1,SBY_27_368
TRS_SBY_0149,SBY,SBY_00_06,695986.2571911045,9203013.812057931,-0.5304483732664133,-0.8477172425396429,1,SBY_27_368
TRS_SBY_0150,SBY,SBY_00_06,695932.1115453155,9203395.416538438,-0.5088120208256791,-0.8608776495317374,1,SBY_27_368
TRS_SBY_0151,SBY,SBY_00_06,695730.0618481073,9203535.624439316,-0.4866812065283698,-0.8735796490372759,1,SBY_27_368
TRS_SBY_0152,SBY,SBY_00_06,695543.215896719,9203699.042905383,-0.4640907923888265,-0.8857876361859602,1,SBY_27_368
TRS_SBY_0153,SBY,SBY_00_06,695355.2846292492,9203857.329294715,-0.44107904330265846,-0.8974682599174254,1,SBY_27_368
TRS_SBY_0154,SBY,SBY_00_06,695154.967004365,9203984.937712213,-0.4176873318853995,-0.908590828031219,1,SBY_27_368
TRS_SBY_0155,SBY,SBY_00_06,694965.0316814592,9204128.441787714,-0.39395978388028463,-0.9191276781193131,1,SBY_27_368
TRS_SBY_0156,SBY,SBY_00_07,694759.7616961773,9204228.258594327,-0.36994287077237026,-0.9290545045177367,1,SBY_27_368
TRS_SBY_0157,SBY,SBY_00_07,694517.1586194367,9204236.425485551,-0.34568495816422684,-0.9383506325990283,1,SBY_27_368
TRS_SBY_0158,SBY,SBY_00_07,694258.0345264622,9204199.472136581,-0.32123582005808965,-0.9469992333215517,1,SBY_27_368
TRS_SBY_0159,SBY,SBY_00_07,693942.5624372502,9203963.838265281,-0.2794187572731499,-0.9601693382335892,1,SBY_27_368
TRS_SBY_0160,SBY,SBY_00_07,693671.9673944263,9203819.646668361,-0.23263900925326128,-0.972563155467891,1,SBY_27_368
TRS_SBY_0161,SBY,SBY_00_07,693438.1010323651,9203796.844785066,-0.1831424258667367,-0.9830863908363531,1,SBY_27_368
TRS_SBY_0162,SBY,SBY_00_07,693217.3241499951,9203862.068162097,-0.13110696466541563,-0.9913682281656103,1,SBY_27_368
TRS_SBY_0163,SBY,SBY_00_07,693022.7510175635,9204374.250466185,-0.07680299102624703,-0.997046288077651,1,SBY_27_368
TRS_SBY_0164,SBY,SBY_00_07,692758.6235125803,9204371.194851741,-0.02059636956982315,-0.9997878722811872,1,SBY_27_368
TRS_SBY_0165,SBY,SBY_00_07,692493.3320982254,9204360.099754067,0.03705569417538241,-0.999313201918788,3,SBY_27_368
TRS_SBY_0166,SBY,SBY_00_07,692230.7246802216,9204315.202440387,0.09561721115537093,-0.9954181779186421,3,SBY_27_368
TRS_SBY_0167,SBY,SBY_00_07,692027.993555574,9203909.748576522,0.1544943659794782,-0.987993669453706,3,SBY_27_368
TRS_SBY_0168,SBY,SBY_00_07,691713.837338902,9204235.858924555,0.2130634462944065,-0.9770383655994019,5,SBY_27_368
TRS_SBY_0169,SBY,SBY_00_07,691461.0868962142,9204192.156784883,0.27070294474547485,-0.9626629294338327,1,SBY_27_368
TRS_SBY_0170,SBY,SBY_00_07,691212.6681593015,9204149.681070399,0.319729752914602,-0.9475087783768378,1,SBY_27_368
TRS_SBY_0171,SBY,SBY_00_07,690971.3809572699,9204108.430415066,0.3300275500237074,-0.943971300530556,5,SBY_27_368
TRS_SBY_0172,SBY,SBY_00_07,690730.7591185911,9204067.293510787,0.34001067465534884,-0.94042157627333,3,SBY_27_368
TRS_SBY_0173,SBY,SBY_00_07,690490.779576653,9204026.266414082,0.34968991800535476,-0.9368654979480291,3,SBY_27_368
TRS_SBY_0174,SBY,SBY_00_07,690457.5613835397,9203440.850720322,0.3539440702992047,-0.935266590390158,1,SBY_27_368
TRS_SBY_0175,SBY,SBY_00_07,690166.4119708902,9203523.674608704,0.34402295345506856,-0.9389612385482438,1,SBY_27_368
TRS_SBY_0176,SBY,SBY_00_07,689772.5951038742,9203902.757251866,0.33395177029965295,-0.9425901628564389,1,SBY_27_368
TRS_SBY_0177,SBY,SBY_00_08,689620.478515991,9203820.12877385,0.32373086090137376,-0.9461492111184449,5,SBY_27_368
TRS_SBY_0178,SBY,SBY_00_08,689720.3522137912,9203014.18628466,0.31336075562567206,-0.9496341594707447,1,SBY_27_368
TRS_SBY_0179,SBY,SBY_00_08,689562.682029801,9202974.703677077,0.30284218338159247,-0.9530407189436713,1,SBY_27_368
TRS_SBY_0180,SBY,SBY_00_08,689404.6850418261,9202951.769064698,0.29217607964636416,-0.9563645426731803,1,SBY_27_368
TRS_SBY_0181,SBY,SBY_00_08,689232.4748934314,9202994.905556796,0.28136359420679147,-0.9596012337711097,3,SBY_27_368
TRS_SBY_0182,SBY,SBY_00_08,689106.3183033164,9202898.341588227,0.270406098561617,-0.962746353854786,3,SBY_27_368
TRS_SBY_0183,SBY,SBY_00_08,689197.3961797218,9202005.306990562,0.2593051929136403,-0.9657954322360506,1,SBY_27_368
TRS_SBY_0184,SBY,SBY_00_08,689064.8315004624,9201921.682098052,0.24806271269278518,-0.968743975760106,1,SBY_27_368
TRS_SBY_0185,SBY,SBY_00_08,688926.3052552586,9201877.77850347,0.2366807345368366,-0.9715874792827991,1,SBY_27_368
TRS_SBY_0186,SBY,SBY_00_08,688790.2383979061,9201843.687149152,0.22516158166380992,-0.9743214367664562,3,SBY_27_368
TRS_SBY_0187,SBY,SBY_00_08,688748.9609240316,9201398.736286886,0.21350782856803543,-0.9769413529686224,1,SBY_27_368
TRS_SBY_0188,SBY,SBY_00_09,688635.7375341533,9201212.687271243,0.2017223049707752,-0.9794427556918667,1,SBY_27_368
TRS_SBY_0189,SBY,SBY_00_09,688396.8987762546,9201293.029563246,0.18980809895543596,-0.9818212085562846,1,SBY_27_368
TRS_SBY_0190,SBY,SBY_00_09,688136.7805426265,9201491.692804584,0.1777685592264794,-0.9840723242478379,1,SBY_27_368
TRS_SBY_0191,SBY,SBY_00_09,687906.3373427967,9201532.132776614,0.16560729642696118,-0.9861917781903035,1,SBY_27_368
TRS_SBY_0192,SBY,SBY_00_09,687697.8503090927,9201425.154081592,0.15332818345322824,-0.98817532258144,1,SBY_27_368
TRS_SBY_0193,SBY,SBY_00_09,687478.895202986,9201342.378850633,0.13237189164502583,-0.9912001222267466,1,SBY_27_368
TRS_SBY_0194,SBY,SBY_00_09,687252.3288350495,9201235.42495701,0.10370662294882292,-0.9946079309740854,1,SBY_27_368
TRS_SBY_0195,SBY,SBY_00_09,686987.8517505913,9201220.485725466,0.03736491942997722,-0.9993016875778763,1,SBY_27_368
TRS_SBY_0196,SBY,SBY_00_09,686704.005938388,9201179.000936821,-0.039112450470440825,-0.9992348153553284,1,SBY_27_368
TRS_SBY_0197,SBY,SBY_00_09,686397.7738969035,9201138.6059799,-0.12052632194959893,-0.99271013176924,1,SBY_27_368
TRS_SBY_0198,SBY,SBY_00_09,686041.1782693159,9200977.26806077,-0.20559765500806262,-0.978636604800365,1,SBY_27_368
TRS_SBY_0199,SBY,SBY_00_09,685727.4319075617,9201123.25354343,-0.2925582510981281,-0.9562477031158845,1,SBY_27_368
TRS_SBY_0200,SBY,SBY_00_09,686417.9413592961,9203704.047605827,-0.37927076478228366,-0.9252857326153158,3,SBY_27_368
TRS_SBY_0201,SBY,SBY_00_09,686350.5721748398,9203769.081552906,-0.46345202336950997,-0.8861220130629344,3,SBY_27_368
TRS_SBY_0202,SBY,SBY_00_09,686291.4755197008,9203826.129723724,-0.5429552129400046,-0.8397616547219062,3,SBY_27_368
TRS_SBY_0203,SBY,SBY_00_09,686239.91199451,9203875.905887641,-0.6160353584121467,-0.7877185012337962,3,SBY_27_368
TRS_SBY_0204,SBY,SBY_00_09,684220.40393221,9201798.552247576,-0.6815249071530585,-0.7317949172616705,1,SBY_27_368
TRS_SBY_0205,SBY,SBY_00_09,684036.5151995328,9202022.435625508,-0.7388828640113289,-0.6738338914527944,1,SBY_27_368
TRS_SBY_0206,SBY,SBY_00_09,683870.9835457958,9202226.31477269,-0.7869202371735615,-0.6170547304143332,1,SBY_27_368
TRS_SBY_0207,SBY,SBY_00_09,683740.6745939872,9202423.31251324,-0.8241464688909607,-0.5663767278186497,1,SBY_27_368
TRS_SBY_0208,SBY,SBY_00_09,683653.3009576051,9202615.638204629,-0.8454134362865671,-0.5341124617027191,1,SBY_27_368
TRS_SBY_0209,SBY,SBY_00_09,684404.1625052453,9203286.265533118,-0.8605802593152688,-0.5093148508308636,3,SBY_27_368
TRS_SBY_0210,SBY,SBY_00_09,684330.1379570612,9203424.647062961,-0.8747264931983054,-0.4846169230402452,3,SBY_27_368
TRS_SBY_0211,SBY,SBY_00_10,685064.8415132836,9203944.870439919,-0.8878736322425285,-0.4600873973154005,6,SBY_27_368
TRS_SBY_0212,SBY,SBY_00_10,684885.1001787378,9203962.21116482,-0.9000488744496763,-0.43578896681980234,6,SBY_27_368
TRS_SBY_0213,SBY,SBY_00_10,683576.3209235051,9203491.572330954,-0.9112841740367816,-0.411778039907546,1,SBY_27_368
TRS_SBY_0214,SBY,SBY_00_10,683722.9422174382,9203723.844056567,-0.9216153147178668,-0.3881046401133169,1,SBY_27_368
TRS_SBY_0215,SBY,SBY_00_10,685518.6973174345,9204600.627813004,-0.9310810274927934,-0.3648124452961604,3,SBY_27_368
TRS_SBY_0216,SBY,SBY_00_10,685423.4263037872,9204695.622898217,-0.9397221709199162,-0.3419389440844082,3,SBY_27_368
TRS_SBY_0217,SBY,SBY_00_10,685309.9559521207,9204798.04362594,-0.9475809863186001,-0.319515687200909,3,SBY_27_368
TRS_SBY_0218,SBY,SBY_00_10,683988.3727038499,9204537.502134271,-0.95470043534256,-0.2975686118472956,1,SBY_27_368
TRS_SBY_0219,SBY,SBY_00_10,683951.6373383271,9204717.749726312,-0.9611236230544757,-0.2761184188109114,1,SBY_27_368
TRS_SBY_0220,SBY,SBY_00_10,683913.3391914152,9204904.655871114,-0.9668933061033222,-0.25518098403405226,1,SBY_27_368
TRS_SBY_0221,SBY,SBY_00_10,684027.6397727577,9205135.118970502,-0.9720514828653782,-0.2347677888025084,1,SBY_27_368
TRS_SBY_0222,SBY,SBY_00_10,684074.2705755539,9205350.427451435,-0.9766390604125256,-0.21488635525909727,1,SBY_27_368
TRS_SBY_0223,SBY,SBY_00_10,683921.5656742449,9205528.533737006,-0.9806955918362429,-0.1955406764664612,1,SBY_27_368
TRS_SBY_0224,SBY,SBY_00_10,685107.1038937457,9205957.233199494,-0.9842590766839591,-0.176731632610692,3,SBY_27_368
TRS_SBY_0225,SBY,SBY_00_10,685097.3713702942,9206152.770639917,-0.9873658169494154,-0.1584573870787141,1,SBY_27_368
TRS_SBY_0226,SBY,SBY_00_11,684990.8876764787,9206363.762043634,-0.9900503210970515,-0.14071375801827296,1,SBY_27_368
TRS_SBY_0227,SBY,SBY_00_11,684882.5947056526,9206583.781140847,-0.9923452488994822,-0.1234945625791872,1,SBY_27_368
TRS_SBY_0228,SBY,SBY_00_11,684486.0127688044,9206772.347666567,-0.9942813903448136,-0.10679193234502557,1,SBY_27_368
TRS_SBY_0229,SBY,SBY_00_11,684431.3380819082,9206994.842163734,-0.9927745986065565,-0.11999415136410078,1,SBY_27_368
TRS_SBY_0230,SBY,SBY_00_11,684618.779922871,9207253.464111675,-0.9886929585229022,-0.14995410553643004,3,SBY_27_368
TRS_SBY_0231,SBY,SBY_00_11,684175.2148669839,9207416.027886918,-0.9837548264289322,-0.17951724562777097,1,SBY_27_368
TRS_SBY_0232,SBY,SBY_00_11,684234.122885053,9207665.97124763,-0.9779984004593036,-0.2086123886518811,1,SBY_27_368
TRS_SBY_0233,SBY,SBY_00_11,684243.5962176125,9207915.590317648,-0.9701086047371489,-0.2426711664267971,3,SBY_27_368
TRS_SBY_0234,SBY,SBY_00_11,684081.9158260507,9208126.877554543,-0.9561252808617434,-0.292958098193329,1,SBY_27_368
TRS_SBY_0235,SBY,SBY_00_11,683680.4156214198,9208245.993462784,-0.9390426312890492,-0.343800722253079,1,SBY_27_368
TRS_SBY_0236,SBY,SBY_00_11,683502.012621022,9208425.710774187,-0.9187926883839448,-0.3947404156812465,1,SBY_27_368
TRS_SBY_0237,SBY,SBY_00_11,683640.9125443246,9208754.706141293,-0.8953891784936503,-0.4452844248752319,3,SBY_27_368
TRS_SBY_0238,SBY,SBY_00_11,683542.6307520947,9208985.08483405,-0.8689346806754283,-0.4949267831906971,1,SBY_27_368
TRS_SBY_0239,SBY,SBY_00_11,683337.3531652677,9209149.874770785,-0.8396214495176807,-0.543171999931724,1,SBY_27_368
TRS_SBY_0240,SBY,SBY_00_11,683257.7482106091,9209392.662875405,-0.8077252381338056,-0.589559106181634,1,SBY_27_368
TRS_SBY_0241,SBY,SBY_00_11,683098.4156423061,9209577.287435014,-0.773592477544086,-0.6336834215025693,1,SBY_27_368
TRS_SBY_0242,SBY,SBY_00_11,682953.6601396536,9209767.894501174,-0.7376221790519906,-0.6752136854141756,1,SBY_27_368
TRS_SBY_0243,SBY,SBY_00_11,682865.8420077156,9210013.790011317,-0.7149090736365212,-0.6992174314418735,1,SBY_27_368
TRS_SBY_0244,SBY,SBY_00_11,682636.2566795617,9210131.395460516,-0.7245475536818583,-0.689224812708912,1,SBY_27_368
TRS_SBY_0245,SBY,SBY_00_11,682399.9690397811,9210252.434180368,-0.7393770169483802,-0.6732916357779255,1,SBY_27_368
TRS_SBY_0246,SBY,SBY_00_11,682250.2886425358,9210458.866505325,-0.7554025115646178,-0.6552610514305481,3,SBY_27_368
TRS_SBY_0247,SBY,SBY_00_11,682224.939430361,9210770.731169026,-0.7727229313677243,-0.634743468921478,1,SBY_27_368
TRS_SBY_0248,SBY,SBY_00_11,682107.6686396414,9211003.029026756,-0.791429400530195,-0.6112605859831111,1,SBY_27_368
TRS_SBY_0249,SBY,SBY_00_11,682154.2980458925,9211353.496871995,-0.8115925426742162,-0.58422388232218,1,SBY_27_368
TRS_SBY_0250,SBY,SBY_00_11,682052.8515311669,9211587.463553693,-0.833241475778337,-0.5529092538950122,1,SBY_27_368
TRS_SBY_0251,SBY,SBY_00_12,681702.1803035091,9211630.709246337,-0.8563300149089288,-0.5164289937310585,1,SBY_27_368
TRS_SBY_0252,SBY,SBY_00_12,680852.3494513098,9211314.860986067,-0.8806836511880333,-0.473704872816519,1,SBY_27_368
TRS_SBY_0253,SBY,SBY_00_12,680067.3695089697,9211059.34091608,-0.891288329094792,-0.4534370015993552,1,SBY_27_368
TRS_SBY_0254,SBY,SBY_00_12,681858.9059279043,9212118.850772234,-0.8766284711737223,-0.48116787457977916,3,SBY_27_368
TRS_SBY_0255,SBY,SBY_00_12,681853.842231105,9212286.141019896,-0.8607809520179032,-0.5089755914021343,3,SBY_27_368
TRS_SBY_0256,SBY,SBY_00_12,681829.3460094612,9212464.758938415,-0.8437343510205109,-0.5367609755822392,3,SBY_27_368
TRS_SBY_0257,SBY,SBY_00_12,681542.7298200342,9212488.125668004,-0.8254883043183547,-0.5644192231255128,3,SBY_27_368
TRS_SBY_0258,SBY,SBY_00_12,681243.5532415343,9212501.984893624,-0.8060544651060898,-0.5918413632744296,3,SBY_27_368
TRS_SBY_0259,SBY,SBY_00_12,681068.5070989936,9212611.993107568,-0.7854572058315638,-0.6189159699080906,5,SBY_27_368
TRS_SBY_0260,SBY,SBY_00_12,680737.6892953152,9212602.728035832,-0.7637340046467629,-0.6455310760499593,5,SBY_27_368
TRS_SBY_0261,SBY,SBY_00_13,681883.6542306688,9212281.406186434,-0.8588322409489819,-0.5122569491051829,3,SBY_27_368
TRS_SBY_0262,SBY,SBY_00_14,679239.2372789461,9213547.99771873,-0.9572851995966528,0.2891453728372576,1,SBY_27_368
TRS_SBY_0263,SBY,SBY_00_15,681068.3471716929,9215104.86521203,-0.5378743442927457,-0.8430250232061021,5,SBY_27_368
TRS_SBY_0264,SBY,SBY_00_15,680337.6297647819,9213598.185265647,-0.5413146530036318,-0.8408201034963173,3,SBY_27_368
TRS_SBY_0265,SBY,SBY_00_15,680728.4347337127,9213842.06922649,-0.5777419123192964,-0.8162195064746017,5,SBY_27_368
TRS_SBY_0266,SBY,SBY_00_17,679620.3158613001,9214615.25992698,-0.9965516601931336,-0.08297462603898478,1,SBY_27_368
TRS_SBY_0267,SBY,SBY_00_17,679704.6295950309,9214860.289582012,-0.9936458087026924,-0.11255224052666533,1,SBY_27_368
TRS_SBY_0268,SBY,SBY_00_17,680510.3173997389,9215207.25852831,-0.9902119936877548,-0.13957151413136593,1,SBY_27_368
TRS_SBY_0269,SBY,SBY_00_17,680519.8491252811,9215458.798807938,-0.9864108765483947,-0.16429723864699466,1,SBY_27_368
TRS_SBY_0270,SBY,SBY_00_17,681182.5664987931,9215709.480752438,-0.9944500520912579,-0.10520976140878856,3,SBY_27_368
TRS_SBY_0271,SBY,SBY_00_17,681455.3191470446,9215878.16063529,-0.9987783376547632,-0.04941489888270486,3,SBY_27_368
TRS_SBY_0272,SBY,SBY_00_17,681705.2780954683,9216032.744088132,-0.9999974174021651,0.0022727052162473033,3,SBY_27_368
TRS_SBY_0273,SBY,SBY_00_17,681939.8018403023,9216177.781865248,-0.9987532067136279,0.04992025720331605,3,SBY_27_368
TRS_SBY_0274,SBY,SBY_00_17,680565.7716010221,9216466.406692851,-0.9956009296707186,0.09369519111886639,2,SBY_27_368
TRS_SBY_0275,SBY,SBY_00_17,682072.4411323863,9216490.754694145,-0.9910047266648218,0.1338268722192293,3,SBY_27_368
TRS_SBY_0276,SBY,SBY_00_17,682072.8719570749,9216668.167624773,-0.9853442734059601,0.17057743949913376,3,SBY_27_368
TRS_SBY_0277,SBY,SBY_00_17,682073.3274621101,9216855.74388331,-0.9789248285468911,0.20422090993441325,3,SBY_27_368
TRS_SBY_0278,SBY,SBY_00_17,680710.1352965246,9217382.224207044,-0.9719883476625932,0.23502904503091074,1,SBY_27_368
TRS_SBY_0279,SBY,SBY_00_17,680747.5501734231,9217619.577507231,-0.9647242680131931,0.2632623913634624,1,SBY_27_368
TRS_SBY_0280,SBY,SBY_00_17,680785.383726021,9217859.586811319,-0.9572792463393959,0.28916508179218064,1,SBY_27_368
TRS_SBY_0281,SBY,SBY_00_17,680850.8649855921,9218099.950388188,-0.956351264597427,0.2922195385372141,1,SBY_27_368
TRS_SBY_0282,SBY,SBY_00_17,680925.9796945949,9218338.408811197,-0.956351264597427,0.2922195385372141,1,SBY_27_368
TRS_SBY_0283,SBY,SBY_00_17,681014.8235146308,9218572.672212314,-0.9563512645974234,0.2922195385372259,1,SBY_27_368
TRS_SBY_0284,SBY,SBY_00_17,681114.2389070827,9218803.705398627,-0.9563512645974234,0.2922195385372259,1,SBY_27_368
TRS_SBY_0285,SBY,SBY_00_17,681213.6542995352,9219034.738584938,-0.9563512645974234,0.2922195385372259,1,SBY_27_368
TRS_SBY_0286,SBY,SBY_00_17,681349.2963923608,9219254.702460153,-0.956351264597427,0.2922195385372141,1,SBY_27_368
TRS_SBY_0287,SBY,SBY_00_17,681819.9695255571,9219377.184564885,-0.9579312845276049,0.286997655257483,3,SBY_27_368
TRS_SBY_0288,SBY,SBY_00_17,682200.8792634176,9219556.417415215,-0.9652056042234295,0.2614921443861833,1,SBY_27_368
TRS_SBY_0289,SBY,SBY_00_17,682299.5081157208,9219822.349571511,-0.9720191501059157,0.23490162159375,1,SBY_27_368
TRS_SBY_0290,SBY,SBY_00_17,682269.6831674007,9220117.682525778,-0.978294066549288,0.2072214259058582,1,SBY_27_368
TRS_SBY_0291,SBY,SBY_00_17,682438.5526320003,9220371.414233545,-0.9839478883836169,0.17845602524269455,1,SBY_27_368
TRS_SBY_0292,SBY,SBY_00_17,682515.0895431563,9220645.636381784,-0.9888943258680644,0.14862036289131675,1,SBY_27_368
TRS_SBY_0293,SBY,SBY_00_17,682447.4826997094,9220937.910759104,-0.9930443185145782,0.11774116300562532,1,SBY_27_368
TRS_SBY_0294,SBY,SBY_00_17,682562.0921227565,9221206.136892008,-0.9963073729973098,0.08585813014036303,1,SBY_27_368
TRS_SBY_0295,SBY,SBY_00_17,682486.0834920427,9221487.927906053,-0.998593186852051,0.05302496744614383,1,SBY_27_368
TRS_SBY_0296,SBY,SBY_00_17,682262.6967301379,9221763.238794109,-0.9998135420394092,0.01931013088020332,1,SBY_27_368
TRS_SBY_0297,SBY,SBY_00_17,682015.4839837129,9222018.383167217,-0.9998844312805033,-0.015202765632093777,1,SBY_27_368
TRS_SBY_0298,SBY,SBY_00_17,681814.9832482476,9222253.749417722,-0.9987283566092364,-0.05041497500360152,1,SBY_27_368
TRS_SBY_0299,SBY,SBY_00_17,681732.2417363024,9222479.802755151,-0.9962767157718667,-0.0862131405925057,1,SBY_27_368
TRS_SBY_0300,SBY,SBY_00_17,681729.4438991606,9222704.244565401,-0.992472170529304,-0.12247036672130966,1,SBY_27_368
TRS_SBY_0301,SBY,SBY_00_17,681741.88289553,9222925.302068898,-0.9872708745644512,-0.15904785517806858,1,SBY_27_368
TRS_SBY_0302,SBY,SBY_00_17,681745.0057574381,9223139.635003624,-0.9806444305497816,-0.19579709096841727,1,SBY_27_368
TRS_SBY_0303,SBY,SBY_00_17,681863.553135629,9223375.799283097,-0.9725814484572534,-0.2325625208772709,1,SBY_27_368
TRS_SBY_0304,SBY,SBY_00_17,682289.2729334946,9223701.169189127,-0.9630885917991443,-0.2691846287334048,3,SBY_27_368
TRS_SBY_0305,SBY,SBY_00_18,682105.7745508954,9223860.439190788,-0.9521910250722723,-0.3055032762047169,1,SBY_27_368
TRS_SBY_0306,SBY,SBY_00_18,681815.4392323649,9223974.88537693,-0.939932212402666,-0.3413611519898386,1,SBY_27_368
TRS_SBY_0307,SBY,SBY_00_18,681618.759310228,9224120.975908566,-0.9288515872178101,-0.370452060222311,1,SBY_27_368
TRS_SBY_0308,SBY,SBY_00_18,681462.0762550954,9224287.106009237,-0.9215144944266354,-0.38834396681501654,1,SBY_27_368
TRS_SBY_0309,SBY,SBY_00_18,681306.6803785797,9224455.583961304,-0.9139519120657265,-0.4058225011398489,1,SBY_27_368
TRS_SBY_0310,SBY,SBY_00_18,681139.8073356234,9224620.542882109,-0.9061848723194634,-0.4228817531880013,1,SBY_27_368
TRS_SBY_0311,SBY,SBY_00_18,680787.0066671654,9224695.844432574,-0.8982340251469336,-0.4395175037109872,1,SBY_27_368
TRS_SBY_0312,SBY,SBY_00_18,680504.0892133444,9224799.815817224,-0.8901195325141847,-0.45572713089822625,1,SBY_27_368
TRS_SBY_0313,SBY,SBY_00_18,680157.2776205265,9224865.677346176,-0.8818609765601714,-0.47150950999989477,1,SBY_27_368
TRS_SBY_0314,SBY,SBY_00_18,679938.8144079782,9224996.223869983,-0.8734772815456768,-0.4868649079812329,1,SBY_27_368
TRS_SBY_0315,SBY,SBY_00_18,679807.8059884098,9225176.475835796,-0.8649866491950972,-0.5017948751374788,1,SBY_27_369
TRS_SBY_0316,SBY,SBY_00_18,679669.8058091028,9225355.462096881,-0.8564065068451717,-0.5163021354141882,1,SBY_27_369
TRS_SBY_0317,SBY,SBY_00_18,679560.4873271841,9225555.027756402,-0.8477534676582306,-0.5303904769822375,1,SBY_27_369
TRS_SBY_0318,SBY,SBY_00_18,679440.538622331,9225751.64627067,-0.8390433020408951,-0.5440646444130617,1,SBY_27_369
TRS_SBY_0319,SBY,SBY_00_18,679277.825127581,9225923.025163505,-0.8302909193294291,-0.5573302335950308,1,SBY_27_369
TRS_SBY_0320,SBY,SBY_00_18,679121.3312132575,9226100.23880296,-0.8215103587547837,-0.570193590334534,1,SBY_27_369
TRS_SBY_0321,SBY,SBY_00_18,678933.1606826847,9226256.54660231,-0.8127147886813714,-0.5826617133968851,1,SBY_27_369
TRS_SBY_0322,SBY,SBY_00_18,678786.1062408701,9226443.629793447,-0.8039165131202696,-0.594742162565046,1,SBY_27_369
TRS_SBY_0323,SBY,SBY_00_18,678638.2236389323,9226633.232990893,-0.7990148591050306,-0.6013112795627306,1,SBY_27_369
TRS_SBY_0324,SBY,SBY_00_18,678489.8910891823,9226825.312895855,-0.8086139078196025,-0.5883396536701495,1,SBY_27_369
TRS_SBY_0325,SBY,SBY_00_19,678363.2195944982,9227030.61024744,-0.8180054605876597,-0.575210454050316,1,SBY_27_369
TRS_SBY_0326,SBY,SBY_00_19,678258.2386073362,9227251.647636743,-0.8271821340265626,-0.5619339081664869,1,SBY_27_369
TRS_SBY_0327,SBY,SBY_00_19,678147.6578926573,9227470.055977857,-0.8361370523081646,-0.5485205828019705,1,SBY_27_369
TRS_SBY_0328,SBY,SBY_00_19,678043.8398411322,9227694.011706403,-0.8448638728273353,-0.5349813420963355,1,SBY_27_369
TRS_SBY_0329,SBY,SBY_00_19,677948.9561154883,9227924.347507752,-0.8533568083212785,-0.5213273038041657,1,SBY_27_369
TRS_SBY_0330,SBY,SBY_00_19,677855.4898487865,9228156.02046701,-0.8616106452659723,-0.5075697941804207,1,SBY_27_369
TRS_SBY_0331,SBY,SBY_00_19,677757.0979174605,9228385.322394058,-0.8696207584182634,-0.49372030192006944,1,SBY_27_369
TRS_SBY_0332,SBY,SBY_00_19,677669.5826574529,9228621.189984346,-0.8773831214284189,-0.4797904315766672,1,SBY_27_369
TRS_SBY_0333,SBY,SBY_00_19,677595.4663257384,9228864.263821037,-0.8848943134940054,-0.4657918568910075,1,SBY_27_369
TRS_SBY_0334,SBY,SBY_00_19,677549.2308270207,9229121.066563578,-0.8921515220775851,-0.4517362744507556,1,SBY_27_369
TRS_SBY_0335,SBY,SBY_00_19,677527.8997952266,9229388.520041332,-0.8991525417585225,-0.4376353580884298,1,SBY_27_369
TRS_SBY_0336,SBY,SBY_00_19,677508.7537928958,9229654.033945855,-0.9111512742310471,-0.41207202703791856,1,SBY_27_369
TRS_SBY_0337,SBY,SBY_00_19,677482.6870253015,9229910.777028883,-0.9279365406365014,-0.37273821450390987,1,SBY_27_369
TRS_SBY_0338,SBY,SBY_00_19,677405.305581733,9230143.76891719,-0.9436312291363896,-0.33099864561436854,1,SBY_27_369
TRS_SBY_0339,SBY,SBY_00_19,677269.3484610384,9230358.667358229,-0.9579555958588403,-0.2869164971951495,1,SBY_27_369
TRS_SBY_0340,SBY,SBY_00_19,677147.7357646377,9230582.613187457,-0.9706212394835383,-0.24061257129135985,1,SBY_27_369
TRS_SBY_0341,SBY,SBY_00_19,677019.3453143548,9230809.28832902,-0.9813419281170065,-0.192270694905896,1,SBY_27_369
TRS_SBY_0342,SBY,SBY_00_19,676898.9782693279,9231041.924252465,-0.9898465506488225,-0.14214009345933326,1,SBY_27_369
TRS_SBY_0343,SBY,SBY_00_19,676790.361690598,9231279.046565318,-0.9953616104270638,-0.09620428518544266,1,SBY_27_369
TRS_SBY_0344,SBY,SBY_00_19,676687.3295683489,9231517.769346217,-0.9982721315460426,-0.058760117243932215,1,SBY_27_369
TRS_SBY_0345,SBY,SBY_00_19,676585.3739171294,9231758.229083236,-0.9998004149561209,-0.0199782445066713,1,SBY_27_369
TRS_SBY_0346,SBY,SBY_00_19,676478.8633009782,9232000.484588318,-0.9997993814870768,0.020029897105539818,1,SBY_27_369
TRS_SBY_0347,SBY,SBY_00_19,676398.670892425,9232243.284163564,-0.9981302596334843,0.06112270285248644,1,SBY_27_369
TRS_SBY_0348,SBY,SBY_00_19,676330.4302605182,9232484.863558272,-0.9946680497223983,0.10312841927151148,1,SBY_27_369
TRS_SBY_0349,SBY,SBY_00_19,676269.2547390179,9232724.19617689,-0.9895032584347364,0.14451055860053713,1,SBY_27_369
TRS_SBY_0350,SBY,SBY_00_19,676212.7542028048,9232957.36520396,-0.9882020185683664,0.15315603317338172,1,SBY_27_369
TRS_SBY_0351,SBY,SBY_00_19,676158.5801672055,9233189.686780002,-0.9868343905458666,0.1617339965374253,1,SBY_27_369
TRS_SBY_0352,SBY,SBY_00_19,676108.2454769987,9233420.84024349,-0.9854020606291503,0.17024329328294946,1,SBY_27_369
TRS_SBY_0353,SBY,SBY_00_19,676060.5399515517,9233650.946400734,-0.9839067245435642,0.17868284024481731,1,SBY_27_369
TRS_SBY_0354,SBY,SBY_00_20,676016.7625558027,9233854.704608006,-0.9823500848977856,0.1870516257649562,1,SBY_27_369
TRS_SBY_0355,SBY,SBY_00_20,676052.6964024372,9234019.634298256,-0.9807338486843789,0.19534870883813393,1,SBY_27_369
TRS_SBY_0356,SBY,SBY_00_20,676089.5327346823,9234187.49500796,-0.9790597248651121,0.2035732181477982,1,SBY_27_369
TRS_SBY_0357,SBY,SBY_00_20,677336.1069152331,9234096.368890502,-0.9773294220442881,0.2117243510004877,3,SBY_27_369
TRS_SBY_0358,SBY,SBY_00_20,677705.5369755072,9234184.950595753,-0.9755446462331281,0.21980137216560092,3,SBY_27_369
TRS_SBY_0359,SBY,SBY_00_20,677906.7071248514,9234310.238122424,-0.9737070987074827,0.22780361262863344,3,SBY_27_369
TRS_SBY_0360,SBY,SBY_00_20,677991.3953809097,9234465.710166538,-0.9724680286385515,0.23303633466875764,3,SBY_27_369
TRS_SBY_0361,SBY,SBY_00_20,678046.0945230431,9234639.21280007,-0.976030160615799,0.2176353040485339,3,SBY_27_369
TRS_SBY_0362,SBY,SBY_00_20,678104.0790877305,9234806.978030354,-0.9795714327319933,0.20109651457792535,1,SBY_27_369
TRS_SBY_0363,SBY,SBY_00_20,678348.2634139268,9234934.596743664,-0.983056033108202,0.18330530753244875,1,SBY_27_369
TRS_SBY_0364,SBY,SBY_00_20,678580.1028689442,9235065.778395314,-0.9864380689259521,0.16413389708904952,1,SBY_27_369
TRS_SBY_0365,SBY,SBY_00_20,678653.8251314393,9235221.011900624,-0.9896589984719588,0.14344011553076585,1,SBY_27_369
TRS_SBY_0366,SBY,SBY_00_20,678700.4135052914,9235373.544500161,-0.9926444297019963,0.12106624707819477,1,SBY_27_369
TRS_SBY_0367,SBY,SBY_00_21,678917.3228692701,9235505.32811307,-0.9953001479414738,0.09683808913687024,1,SBY_27_369
TRS_SBY_0368,SBY,SBY_00_21,678895.0815683879,9235755.20521419,-0.997507221907102,0.07056445453042037,1,SBY_27_369
TRS_SBY_0369,SBY,SBY_00_21,678918.0669349475,9236002.907759024,-0.9991160363685103,0.042037434166200746,1,SBY_27_369
TRS_SBY_0370,SBY,SBY_00_21,678891.7823257158,9236253.656247709,-0.9999391248330413,0.01103388545035824,1,SBY_27_369
TRS_SBY_0371,SBY,SBY_00_21,678866.8131466622,9236503.938180288,-0.9997427486199686,-0.022681194452457653,1,SBY_27_369
TRS_SBY_0372,SBY,SBY_00_21,678820.3063552055,9236752.306477116,-0.9960062804948122,-0.08928319671074345,1,SBY_27_369
TRS_SBY_0373,SBY,SBY_00_22,678713.8922984393,9238235.411249457,-0.8371336888875454,-0.5469983427118684,1,SBY_27_369
TRS_SBY_0374,SBY,SBY_00_22,678626.0070937914,9238373.841149602,-0.8215505769513417,-0.5701356413266213,1,SBY_27_369
TRS_SBY_0375,SBY,SBY_00_22,678335.9847081455,9238376.550358547,-0.8067294323439749,-0.5909209955569086,1,SBY_27_369
TRS_SBY_0376,SBY,SBY_00_22,678198.0136208198,9238492.831763923,-0.7926693227352672,-0.6096518225958262,1,SBY_27_369
TRS_SBY_0377,SBY,SBY_00_22,678067.7462890844,9238622.780124195,-0.7793536866521594,-0.626584256985194,1,SBY_27_369
TRS_SBY_0378,SBY,SBY_00_22,677940.0024166811,9238762.301652972,-0.7667559979140068,-0.6419386572429608,1,SBY_27_369
TRS_SBY_0379,SBY,SBY_00_22,677835.4665157637,9238929.097806001,-0.7548437632926911,-0.6559046371372349,1,SBY_27_369
TRS_SBY_0380,SBY,SBY_00_22,677781.4239233301,9239148.580472369,-0.7439191872003157,-0.6682695885009444,1,SBY_27_369
TRS_SBY_0381,SBY,SBY_00_22,677752.7947630339,9239378.772689987,-0.7416357810891834,-0.6708027789210753,1,SBY_27_369
TRS_SBY_0382,SBY,SBY_00_22,677640.0358520736,9239535.080629798,-0.7393545837586433,-0.6733162700210678,1,SBY_27_369
TRS_SBY_0383,SBY,SBY_00_22,677376.1729604438,9239554.538199756,-0.7370757185300139,-0.6758101694658522,3,SBY_27_369
TRS_SBY_0384,SBY,SBY_00_22,676494.8648477917,9239003.860774433,-0.734799306382182,-0.6782845858047079,1,SBY_27_369
TRS_SBY_0385,SBY,SBY_00_22,676075.5901135199,9238874.697219493,-0.7325254659680299,-0.6807396284250834,1,SBY_27_369
TRS_SBY_0386,SBY,SBY_00_22,675626.7754756217,9238715.778226437,-0.7302543136322482,-0.6831754075063694,1,SBY_27_369
TRS_SBY_0387,SBY,SBY_00_22,675267.8825487319,9238639.051552642,-0.72798596342773,-0.6855920339766206,1,SBY_27_369
TRS_SBY_0388,SBY,SBY_00_22,674999.5137972792,9238646.767284002,-0.7257205271354848,-0.6879896194668885,1,SBY_26_369
TRS_SBY_0389,SBY,SBY_00_22,674710.5970294211,9238634.18412179,-0.69560391263687,-0.7184254983812014,1,SBY_26_369
TRS_SBY_0390,SBY,SBY_00_23,674529.5479554026,9238730.299466684,-0.6552209662077331,-0.7554372809451523,1,SBY_26_369
TRS_SBY_0391,SBY,SBY_00_23,674417.1254259662,9238886.008547433,-0.616545815658353,-0.7873190313933585,1,SBY_26_369
TRS_SBY_0392,SBY,SBY_00_23,674319.6358383534,9239061.7918996,-0.6081840018027092,-0.7937960820961781,1,SBY_26_369
TRS_SBY_0393,SBY,SBY_00_23,674228.508396385,9239242.886344364,-0.5995823044449975,-0.8003131013524809,1,SBY_26_369
TRS_SBY_0394,SBY,SBY_00_23,674185.4126321083,9239486.559831338,-0.5907342879839005,-0.8068661605248755,1,SBY_26_369
TRS_SBY_0395,SBY,SBY_00_23,674188.8041856664,9239795.128650779,-0.5816334980459021,-0.8134509659167461,1,SBY_26_369
TRS_SBY_0396,SBY,SBY_00_23,674235.0443352587,9240168.170431526,-0.572273482082306,-0.8200628400954358,1,SBY_26_369
TRS_SBY_0397,SBY,SBY_00_23,674173.9201791564,9240389.895992124,-0.5626478123452283,-0.8266967033097016,1,SBY_26_369
TRS_SBY_0398,SBY,SBY_00_23,674084.9537434389,9240568.387392646,-0.5527501113740222,-0.833347055179297,1,SBY_26_369
TRS_SBY_0399,SBY,SBY_00_23,674002.6411330537,9240753.555116385,-0.5425740801224946,-0.8400079568547125,1,SBY_26_369
TRS_SBY_0400,SBY,SBY_00_23,674250.9562807052,9241461.425264573,-0.5321135288401275,-0.8466730138756677,1,SBY_26_369
TRS_SBY_0401,SBY,SBY_00_23,674209.2566790181,9241721.07679977,-0.521362410812757,-0.8533353599795979,1,SBY_26_369
TRS_SBY_0402,SBY,SBY_00_23,674378.488762656,9242337.045736179,-0.5103148590353354,-0.8599876421482728,1,SBY_26_369
TRS_SBY_0403,SBY,SBY_00_23,674265.3072244141,9242485.224726219,-0.49896522588308156,-0.8666220071977434,1,SBY_26_369
TRS_SBY_0404,SBY,SBY_00_23,674118.62767343,9242567.263904039,-0.4873081257990613,-0.873230090256976,1,SBY_26_369
TRS_SBY_0405,SBY,SBY_00_23,673979.6207506377,9242652.802130055,-0.47533848099319465,-0.8798030055001417,1,SBY_26_369
TRS_SBY_0406,SBY,SBY_00_23,673855.3089537227,9242755.576165186,-0.46305157009774495,-0.8863313395282901,1,SBY_26_369
TRS_SBY_0407,SBY,SBY_00_24,673417.954050533,9242274.159535132,-0.45044307968444774,-0.8928051478146787,1,SBY_26_369
TRS_SBY_0408,SBY,SBY_00_24,673085.5546892751,9241945.976474877,-0.414746556593754,-0.9099369724292029,1,SBY_26_369
TRS_SBY_0409,SBY,SBY_00_24,672669.2863876233,9242350.312226225,-0.2451836724486518,-0.969476645806691,1,SBY_26_369
TRS_SBY_0410,SBY,SBY_00_24,672493.435142203,9242580.902326226,-0.18985989004966725,-0.9818111947570818,1,SBY_26_369
TRS_SBY_0411,SBY,SBY_00_24,672271.1451907133,9242745.994081585,-0.13021952587660546,-0.9914851865159015,1,SBY_26_369
TRS_SBY_0412,SBY,SBY_00_24,672011.5516217687,9242854.637462948,-0.06392074268623887,-0.9979549782702823,1,SBY_26_369
TRS_SBY_0413,SBY,SBY_00_24,671724.3535008628,9242714.9708348,0.009175742134421886,-0.9999579019920202,1,SBY_26_369
TRS_SBY_0414,SBY,SBY_00_24,671423.8560247262,9242788.39693379,0.0888167237373091,-0.9960479855833103,1,SBY_26_369
TRS_SBY_0415,SBY,SBY_00_24,671155.1320189438,9242507.761609185,0.17420508040774504,-0.9847093936589267,1,SBY_26_369
TRS_SBY_0416,SBY,SBY_00_24,670909.2277389659,9242263.897813613,0.2638848433441038,-0.9645541920769708,1,SBY_26_369
TRS_SBY_0417,SBY,SBY_00_24,669563.6655491852,9241788.433183363,0.6691136106000626,-0.7431601281754476,1,SBY_26_369
TRS_SBY_0418,SBY,SBY_00_24,669284.153993888,9241728.690173417,0.7032603655694915,-0.7109323865312825,1,SBY_26_369
TRS_SBY_0419,SBY,SBY_00_24,669103.240172979,9241581.111337662,0.7238644115200268,-0.6899422539131557,1,SBY_26_369
TRS_SBY_0420,SBY,SBY_00_24,668959.8164779869,9241408.153571825,0.7411412003176009,-0.6713491797803774,1,SBY_26_369
TRS_SBY_0421,SBY,SBY_00_24,668793.7800869498,9241263.792140549,0.7577388753711874,-0.6525578876630088,1,SBY_26_369
TRS_SBY_0422,SBY,SBY_00_24,668573.9659997869,9241169.938882876,0.7736483907890478,-0.6336151571967931,1,SBY_26_369
TRS_SBY_0423,SBY,SBY_00_24,668351.5350852489,9241079.77533552,0.7888648742648441,-0.6145666848691946,1,SBY_26_369
TRS_SBY_0424,SBY,SBY_00_25,668241.9155323989,9240995.302227886,0.8033874071449785,-0.5954566936737455,1,SBY_26_369
TRS_SBY_0425,SBY,SBY_00_26,669744.1958352284,9238527.924537042,0.839582302336374,-0.5432325078670767,1,SBY_26_369
TRS_SBY_0426,SBY,SBY_00_26,669598.8461002744,9238324.685162654,0.8299596815756876,-0.5578233833022629,1,SBY_26_369
TRS_SBY_0427,SBY,SBY_00_26,669448.4369330775,9238124.204722658,0.8194865960368738,-0.5730983501249135,1,SBY_26_369
TRS_SBY_0428,SBY,SBY_00_26,669284.9189081939,9237932.696975717,0.8080704795247713,-0.5890858172801365,1,SBY_26_369
TRS_SBY_0429,SBY,SBY_00_26,669096.9566045265,9237758.65243671,0.7753810664423045,-0.631493627681859,1,SBY_26_369
TRS_SBY_0430,SBY,SBY_00_26,668961.9807754692,9237536.937622478,0.7052076914164241,-0.7090007841794801,1,SBY_26_369
TRS_SBY_0431,SBY,SBY_00_26,668821.5856350228,9237310.777121305,0.6313702832551118,-0.7754815055321176,1,SBY_26_369
TRS_SBY_0432,SBY,SBY_00_26,668691.063321043,9237058.60473396,0.556809635260942,-0.8306401327172777,1,SBY_26_369
TRS_SBY_0433,SBY,SBY_00_26,668524.9922766313,9236849.782513784,0.4839527335013172,-0.8750941387854241,1,SBY_26_369
TRS_SBY_0434,SBY,SBY_00_26,668328.358057702,9236707.637535252,0.4145410717922515,-0.9100306037696377,1,SBY_26_369
TRS_SBY_0435,SBY,SBY_00_26,668144.3441857061,9236560.702839054,0.34964329409012684,-0.936882899245047,1,SBY_26_369
TRS_SBY_0436,SBY,SBY_00_26,667972.3068278595,9236400.01036439,0.28977333449558984,-0.9570953006964912,1,SBY_26_369
TRS_SBY_0437,SBY,SBY_00_27,667761.0784339905,9236403.396109782,0.23504171371331867,-0.9719852842583092,1,SBY_26_369
TRS_SBY_0438,SBY,SBY_00_27,667546.6911620887,9236384.511233581,0.1852954700139773,-0.9826828525990973,1,SBY_26_369
TRS_SBY_0439,SBY,SBY_00_27,667333.4699727767,9236286.209578909,0.1402282543098764,-0.9901192032746384,1,SBY_26_369
TRS_SBY_0440,SBY,SBY_00_27,667100.0930350149,9236240.897225276,0.09974894156771645,-0.9950126374353847,1,SBY_26_369
TRS_SBY_0441,SBY,SBY_00_27,666855.114692189,9236215.98836254,0.060382773858723655,-0.9981752955373752,1,SBY_26_369
TRS_SBY_0442,SBY,SBY_00_27,666599.6339158592,9236272.49910797,0.02152361658927214,-0.9997683401313116,1,SBY_26_369
TRS_SBY_0443,SBY,SBY_00_27,666340.9092079141,9236270.641019829,-0.016665809114499767,-0.9998611157588633,1,SBY_26_369
TRS_SBY_0444,SBY,SBY_00_27,666081.7509827985,9236382.291523635,-0.054040420039073056,-0.9985387488735731,1,SBY_26_369
TRS_SBY_0445,SBY,SBY_00_27,665843.671318183,9236704.478828747,-0.09047455111044168,-0.9958987677476884,1,SBY_26_369
TRS_SBY_0446,SBY,SBY_00_27,665569.387909915,9236606.80423544,-0.12586287576876812,-0.9920476483028503,1,SBY_26_369
TRS_SBY_0447,SBY,SBY_00_27,665313.7742059442,9236704.966367139,-0.16012053440141247,-0.9870974695859605,1,SBY_26_369
TRS_SBY_0448,SBY,SBY_00_27,665076.2756929706,9236890.798327023,-0.19318257961650417,-0.9811628259023641,1,SBY_26_369
TRS_SBY_0449,SBY,SBY_00_27,664732.312747819,9236586.159202075,-0.22500287148610737,-0.974358100404059,1,SBY_26_369
TRS_SBY_0450,SBY,SBY_00_27,664517.2665053365,9236868.19744729,-0.2555525646914619,-0.9667951627307699,1,SBY_26_369
TRS_SBY_0451,SBY,SBY_00_27,664276.0632708094,9237018.322593266,-0.2848183254883607,-0.9585815152953903,1,SBY_26_369
TRS_SBY_0452,SBY,SBY_00_27,663946.2939979078,9236886.799805822,-0.31280040300749534,-0.9498188816181475,1,SBY_26_369
TRS_SBY_0453,SBY,SBY_00_27,663782.8562234913,9237254.153916745,-0.3395106602635306,-0.9406022068693127,1,SBY_26_369
TRS_SBY_0454,SBY,SBY_00_27,663416.9357357671,9237060.038632814,-0.3649706485428171,-0.9310190254244193,3,SBY_26_369
TRS_SBY_0455,SBY,SBY_00_27,663185.3727292062,9237168.596359193,-0.36968173608308685,-0.9291584439731444,1,SBY_26_369
TRS_SBY_0456,SBY,SBY_00_27,662930.4309972519,9237204.08292981,-0.36968173608308685,-0.9291584439731444,1,SBY_26_369
TRS_SBY_0457,SBY,SBY_00_27,662841.3148200233,9237656.355614971,-0.36968173608313537,-0.9291584439731252,1,SBY_26_369
TRS_SBY_0458,SBY,SBY_00_27,662641.0140986851,9237829.176956138,-0.36968173608316623,-0.9291584439731128,1,SBY_26_369
TRS_SBY_0459,SBY,SBY_00_27,662412.042448189,9237929.93675538,-0.36968173608320376,-0.9291584439730978,1,SBY_26_369
TRS_SBY_0460,SBY,SBY_00_27,662141.5051726217,9237926.225471135,-0.3696817360830386,-0.9291584439731636,1,SBY_26_369
TRS_SBY_0461,SBY,SBY_00_27,661913.1780597535,9238028.605251893,-0.3696817360830693,-0.9291584439731514,1,SBY_26_369
TRS_SBY_0462,SBY,SBY_00_27,661710.9043762572,9238196.467748005,-0.3696817360831074,-0.9291584439731362,1,SBY_26_369
TRS_SBY_0463,SBY,SBY_00_27,661510.6607844365,9238369.432678558,-0.36968173608314264,-0.9291584439731222,1,SBY_26_369
TRS_SBY_0464,SBY,SBY_01_00,759584.3941875725,9237809.396687552,-0.043239127743575384,-0.9990647515711755,1,SBY_30_369
TRS_SBY_0465,SBY,SBY_01_00,759339.0641789465,9237922.706926096,-0.043239127743575384,-0.9990647515711755,3,SBY_30_369
TRS_SBY_0466,SBY,SBY_01_00,759087.2323595987,9237885.789113048,-0.043239127743575384,-0.9990647515711755,1,SBY_30_369
TRS_SBY_0467,SBY,SBY_01_00,758835.9620167551,9237861.844535433,-0.043239127743575384,-0.9990647515711755,1,SBY_30_369
TRS_SBY_0468,SBY,SBY_01_00,758587.8869365208,9237911.728326049,-0.04323912774378196,-0.9990647515711666,1,SBY_30_369
TRS_SBY_0469,SBY,SBY_01_00,758337.2516867899,9237902.457937667,-0.043239127743575384,-0.9990647515711755,1,SBY_30_369
TRS_SBY_0470,SBY,SBY_01_00,758088.7234834152,9237941.872059224,-0.04323912774378196,-0.9990647515711666,1,SBY_30_369
TRS_SBY_0471,SBY,SBY_01_00,757839.0688475246,9237955.259313907,-0.043239127743575384,-0.9990647515711755,1,SBY_30_369
TRS_SBY_0472,SBY,SBY_01_00,757588.6982348989,9237952.103517046,-0.043239127743575384,-0.9990647515711755,1,SBY_30_369
TRS_SBY_0473,SBY,SBY_01_00,757339.8450453134,9237984.008646524,-0.043239127743575384,-0.9990647515711755,1,SBY_30_369
TRS_SBY_0474,SBY,SBY_01_00,757089.5607893904,9237982.848170616,-0.043239127743575384,-0.9990647515711755,1,SBY_30_369
TRS_SBY_0475,SBY,SBY_01_00,756839.9753778048,9237997.834892422,-0.043239127743575384,-0.9990647515711755,1,SBY_30_369
TRS_SBY_0476,SBY,SBY_01_00,756589.0454762966,9237981.756406374,-0.043239127743575384,-0.9990647515711755,1,SBY_30_369
TRS_SBY_0477,SBY,SBY_01_00,756336.6093804789,9237930.87644023,-0.043239127743575384,-0.9990647515711755,1,SBY_30_369
TRS_SBY_0478,SBY,SBY_01_00,756083.6594499751,9237868.124030078,-0.043239127743575384,-0.9990647515711755,1,SBY_30_369
TRS_SBY_0479,SBY,SBY_01_00,755828.6702544482,9237758.25323642,-0.04323912774378196,-0.9990647515711666,1,SBY_30_369
TRS_SBY_0480,SBY,SBY_01_00,755568.1043868053,9237519.530247236,-0.043239127743575384,-0.9990647515711755,1,SBY_30_369
TRS_SBY_0481,SBY,SBY_01_00,755314.0103818009,9237430.343342073,-0.04323912774378196,-0.9990647515711666,1,SBY_30_369
TRS_SBY_0482,SBY,SBY_01_00,755068.5247877573,9237540.058690649,-0.043239127743575384,-0.9990647515711755,1,SBY_30_369
TRS_SBY_0483,SBY,SBY_01_00,754818.8472098686,9237552.915857358,-0.043239127743575384,-0.9990647515711755,1,SBY_30_369
TRS_SBY_0484,SBY,SBY_01_00,754570.479994592,9237596.049700905,-0.043239127743575384,-0.9990647515711755,1,SBY_30_369
TRS_SBY_0485,SBY,SBY_01_00,754321.8608119917,9237633.361695476,-0.043239127743575384,-0.9990647515711755,1,SBY_30_369
TRS_SBY_0486,SBY,SBY_01_00,754076.9430111449,9237756.196230277,-0.043239127743575384,-0.9990647515711755,1,SBY_30_369
TRS_SBY_0487,SBY,SBY_01_00,753831.7358274579,9237872.344409214,-0.043239127743575384,-0.9990647515711755,1,SBY_30_369
TRS_SBY_0488,SBY,SBY_01_00,753582.4866481099,9237895.099968977,-0.04323912774378196,-0.9990647515711666,1,SBY_30_369
TRS_SBY_0489,SBY,SBY_01_00,753331.1111997968,9237868.726869438,-0.04323912774357483,-0.9990647515711755,1,SBY_30_369
TRS_SBY_0490,SBY,SBY_01_00,753078.3450057923,9237810.219796084,-0.04323912774378196,-0.9990647515711666,1,SBY_30_369
TRS_SBY_0491,SBY,SBY_01_00,752824.5526369776,9237728.002367422,-0.043239127743575384,-0.9990647515711755,1,SBY_30_369
TRS_SBY_0492,SBY,SBY_01_00,752571.5217489352,9237663.379387086,-0.043239127743575384,-0.9990647515711755,1,SBY_30_369
TRS_SBY_0493,SBY,SBY_01_00,752318.2545370463,9237593.296009252,-0.043239127743575384,-0.9990647515711755,1,SBY_30_369
TRS_SBY_0494,SBY,SBY_01_00,752068.2814358037,9237599.324940018,-0.043239127743575384,-0.9990647515711755,1,SBY_30_369
TRS_SBY_0495,SBY,SBY_01_00,751822.8842874903,9237711.083877726,-0.043239127743575384,-0.9990647515711755,3,SBY_30_369
TRS_SBY_0496,SBY,SBY_01_00,751574.2363397084,9237747.73123634,-0.043239127743575384,-0.9990647515711755,1,SBY_30_369
TRS_SBY_0497,SBY,SBY_01_00,751323.7663625261,9237742.279564627,-0.043239127743575384,-0.9990647515711755,1,SBY_30_369
TRS_SBY_0498,SBY,SBY_01_00,751072.5492085245,9237719.563945595,-0.043239127743575384,-0.9990647515711755,1,SBY_30_369
TRS_SBY_0499,SBY,SBY_01_00,750824.3126789364,9237765.717356648,-0.04323912774378196,-0.9990647515711666,1,SBY_30_369
TRS_SBY_0500,SBY,SBY_01_00,750574.8466449518,9237783.462366126,-0.043239127743575384,-0.9990647515711755,1,SBY_30_369
TRS_SBY_0501,SBY,SBY_01_00,750325.6287773916,9237806.941402635,-0.04323912774378196,-0.9990647515711666,1,SBY_30_369
TRS_SBY_0502,SBY,SBY_01_00,750076.4109098315,9237830.420439143,-0.043239127743575384,-0.9990647515711755,1,SBY_30_369
TRS_SBY_0503,SBY,SBY_01_00,749827.1930422714,9237853.899475653,-0.043239127743575384,-0.9990647515711755,1,SBY_29_369
TRS_SBY_0504,SBY,SBY_01_00,749576.2467203722,9237837.441587094,-0.043239127743575384,-0.9990647515711755,1,SBY_29_369
TRS_SBY_0505,SBY,SBY_01_00,749325.0064961985,9237814.192918554,-0.043239127743575384,-0.9990647515711755,1,SBY_29_369
TRS_SBY_0506,SBY,SBY_01_00,749073.7662720247,9237790.944250014,-0.043239127743575384,-0.9990647515711755,1,SBY_29_369
TRS_SBY_0507,SBY,SBY_01_00,748822.5260478507,9237767.695581472,-0.043239127743575384,-0.9990647515711755,1,SBY_29_369
TRS_SBY_0508,SBY,SBY_01_00,748569.6700086998,9237707.112584677,-0.04323912774378196,-0.9990647515711666,1,SBY_29_369
TRS_SBY_0509,SBY,SBY_01_00,748316.7694687741,9237645.501372049,-0.043239127743575384,-0.9990647515711755,1,SBY_29_369
TRS_SBY_0510,SBY,SBY_01_00,748063.9010553242,9237584.632460007,-0.04323912774378196,-0.9990647515711666,1,SBY_29_369
TRS_SBY_0511,SBY,SBY_01_00,747811.7446205129,9237540.214221202,-0.043239127743575384,-0.9990647515711755,1,SBY_29_369
TRS_SBY_0512,SBY,SBY_01_00,747562.8413925479,9237570.963185327,-0.043239127743575384,-0.9990647515711755,1,SBY_29_369
TRS_SBY_0513,SBY,SBY_01_00,747315.371122723,9237634.821466014,-0.043239127743575384,-0.9990647515711755,1,SBY_29_369
TRS_SBY_0514,SBY,SBY_01_00,747068.0730122261,9237702.65758634,-0.043239127743575384,-0.9990647515711755,1,SBY_29_369
TRS_SBY_0515,SBY,SBY_01_00,746818.9090135229,9237727.381293567,-0.043239127743575384,-0.9990647515711755,1,SBY_29_369
TRS_SBY_0516,SBY,SBY_01_00,746566.1745821398,9237669.608113728,-0.043239127743575384,-0.9990647515711755,1,SBY_29_369
TRS_SBY_0517,SBY,SBY_01_00,746320.4643796468,9237774.13375575,-0.043239127743575384,-0.9990647515711755,1,SBY_29_369
TRS_SBY_0518,SBY,SBY_01_00,746069.0226410149,9237746.228980517,-0.043239127743575384,-0.9990647515711755,1,SBY_29_369
TRS_SBY_0519,SBY,SBY_01_00,745811.3081746177,9237573.389246294,-0.04323912774378196,-0.9990647515711666,1,SBY_29_369
TRS_SBY_0520,SBY,SBY_01_00,745558.9302442569,9237523.853226257,-0.043239127743575384,-0.9990647515711755,1,SBY_29_369
TRS_SBY_0521,SBY,SBY_01_00,745308.4014153272,9237517.041751299,-0.04323912774378196,-0.9990647515711666,1,SBY_29_369
TRS_SBY_0522,SBY,SBY_01_00,745055.8103602687,9237462.581363356,-0.043239127743575384,-0.9990647515711755,1,SBY_29_369
TRS_SBY_0523,SBY,SBY_01_00,744805.0006656104,9237449.280325258,-0.043239127743575384,-0.9990647515711755,1,SBY_29_369
TRS_SBY_0524,SBY,SBY_01_00,744552.626904536,9237399.840638973,-0.043239127743575384,-0.9990647515711755,1,SBY_29_369
TRS_SBY_0525,SBY,SBY_01_00,744299.081105899,9237323.320355149,-0.043239127743575384,-0.9990647515711755,1,SBY_29_369
TRS_SBY_0526,SBY,SBY_01_00,744046.5402456439,9237270.019746823,-0.043239127743575384,-0.9990647515711755,1,SBY_29_369
TRS_SBY_0527,SBY,SBY_01_00,743793.999385389,9237216.719138497,-0.043239127743575384,-0.9990647515711755,1,SBY_29_369
TRS_SBY_0528,SBY,SBY_01_00,743541.4585251338,9237163.418530174,-0.04323912774378196,-0.9990647515711666,1,SBY_29_369
TRS_SBY_0529,SBY,SBY_01_00,743288.9176648791,9237110.117921848,-0.043239127743575384,-0.9990647515711755,1,SBY_29_369
TRS_SBY_0530,SBY,SBY_01_00,743036.2451957896,9237053.77641621,-0.04323912774378196,-0.9990647515711666,1,SBY_29_369
TRS_SBY_0531,SBY,SBY_01_00,742787.9993848269,9237099.71537579,-0.043239127743575384,-0.9990647515711755,1,SBY_29_369
TRS_SBY_0532,SBY,SBY_01_00,742541.8561565527,9237194.235709721,-0.043239127743575384,-0.9990647515711755,1,SBY_29_369
TRS_SBY_0533,SBY,SBY_01_00,742297.3810106395,9237327.298039682,-0.043239127743575384,-0.9990647515711755,1,SBY_29_369
TRS_SBY_0534,SBY,SBY_01_00,742053.5121434976,9237474.368787052,-0.043239127743575384,-0.9990647515711755,1,SBY_29_369
TRS_SBY_0535,SBY,SBY_01_00,741803.4598735049,9237478.568478616,-0.043239127743575384,-0.9990647515711755,1,SBY_29_369
TRS_SBY_0536,SBY,SBY_01_00,741551.8847086024,9237447.580813168,-0.043239127743575384,-0.9990647515711755,1,SBY_29_369
TRS_SBY_0537,SBY,SBY_01_00,741300.2960323852,9237416.280961072,-0.043239127743575384,-0.9990647515711755,1,SBY_29_369
TRS_SBY_0538,SBY,SBY_01_00,741050.5294156757,9237427.080834951,-0.043239127743575384,-0.9990647515711755,1,SBY_29_369
TRS_SBY_0539,SBY,SBY_01_00,740803.3198947627,9237496.963868238,-0.04323912774378196,-0.9990647515711666,1,SBY_29_369
TRS_SBY_0540,SBY,SBY_01_00,740556.0143209052,9237564.627543347,-0.043239127743575384,-0.9990647515711755,1,SBY_29_369
TRS_SBY_0541,SBY,SBY_01_00,740308.5776190392,9237629.261430902,-0.043239127743575384,-0.9990647515711755,1,SBY_29_369
TRS_SBY_0542,SBY,SBY_01_00,740061.4817476299,9237701.770400899,-0.043239127743575384,-0.9990647515711755,1,SBY_29_369
TRS_SBY_0543,SBY,SBY_01_00,739815.2711402241,9237794.733901499,-0.043239127743575384,-0.9990647515711755,1,SBY_29_369
TRS_SBY_0544,SBY,SBY_01_00,739567.4673735352,9237850.886546597,-0.043239127743575384,-0.9990647515711755,1,SBY_29_369
TRS_SBY_0545,SBY,SBY_01_00,739308.9925490258,9237660.478303751,-0.043239127743575384,-0.9990647515711755,1,SBY_29_369
TRS_SBY_0546,SBY,SBY_01_00,739052.0640967058,9237505.799873872,-0.043239127743575384,-0.9990647515711755,1,SBY_29_369
TRS_SBY_0547,SBY,SBY_01_00,738799.355034019,9237448.612852257,-0.043239127743575384,-0.9990647515711755,1,SBY_29_369
TRS_SBY_0548,SBY,SBY_01_00,738547.6965216734,9237415.69939652,-0.04323912774378196,-0.9990647515711666,1,SBY_29_369
TRS_SBY_0549,SBY,SBY_01_00,738298.231442081,9237433.466457771,-0.043239127743575384,-0.9990647515711755,1,SBY_29_369
TRS_SBY_0550,SBY,SBY_01_00,738052.7064965117,9237542.272566866,-0.04323912774378141,-0.9990647515711666,1,SBY_29_369
TRS_SBY_0551,SBY,SBY_01_00,737806.0322545633,9237624.523526454,-0.043239127743575384,-0.9990647515711755,1,SBY_29_369
TRS_SBY_0552,SBY,SBY_01_00,737561.3083992907,9237751.83928456,-0.043239127743575384,-0.9990647515711755,1,SBY_29_369
TRS_SBY_0553,SBY,SBY_01_00,737308.8521513072,9237700.493691111,-0.043239127743575384,-0.9990647515711755,1,SBY_29_369
TRS_SBY_0554,SBY,SBY_01_00,737058.5874250028,9237699.784458205,-0.043239127743575384,-0.9990647515711755,1,SBY_29_369
TRS_SBY_0555,SBY,SBY_01_00,736806.8304719293,9237664.596473197,-0.043239127743575384,-0.9990647515711755,1,SBY_29_369
TRS_SBY_0556,SBY,SBY_01_00,736554.2611984073,9237610.639360102,-0.043239127743575384,-0.9990647515711755,1,SBY_29_369
TRS_SBY_0557,SBY,SBY_01_00,736300.1086905241,9237520.100712497,-0.043239127743575384,-0.9990647515711755,1,SBY_29_369
TRS_SBY_0558,SBY,SBY_01_00,736045.5602470264,9237420.4137463,-0.043239127743575384,-0.9990647515711755,1,SBY_29_369
TRS_SBY_0559,SBY,SBY_01_00,735801.3914001593,9237560.55329073,-0.04323912774378196,-0.9990647515711666,1,SBY_29_369
TRS_SBY_0560,SBY,SBY_01_00,735554.2278074662,9237631.497521762,-0.043239127743575384,-0.9990647515711755,1,SBY_29_369
TRS_SBY_0561,SBY,SBY_01_00,735308.630670154,9237738.635599388,-0.043239127743575384,-0.9990647515711755,1,SBY_29_369
TRS_SBY_0562,SBY,SBY_01_00,735050.8830717844,9237565.030332008,-0.043239127743575384,-0.9990647515711755,1,SBY_29_369
TRS_SBY_0563,SBY,SBY_01_00,734801.0552308545,9237574.415585296,-0.043239127743575384,-0.9990647515711755,1,SBY_29_369
TRS_SBY_0564,SBY,SBY_01_00,734553.3088399261,9237631.893930124,-0.043239127743575384,-0.9990647515711755,1,SBY_29_369
TRS_SBY_0565,SBY,SBY_01_00,734313.9939643919,9237884.187255552,-0.043239127743575384,-0.9990647515711755,1,SBY_29_369
TRS_SBY_0566,SBY,SBY_01_00,734043.5710259709,9237417.71101412,-0.043239127743575384,-0.9990647515711755,1,SBY_29_369
TRS_SBY_0567,SBY,SBY_01_00,733790.9904559203,9237363.492888277,-0.043239127743575384,-0.9990647515711755,1,SBY_29_369
TRS_SBY_0568,SBY,SBY_01_00,733542.4434878038,9237402.473439766,-0.04323912774378196,-0.9990647515711666,1,SBY_29_369
TRS_SBY_0569,SBY,SBY_01_00,733292.4663066318,9237408.408101423,-0.043239127743575384,-0.9990647515711755,1,SBY_29_369
TRS_SBY_0570,SBY,SBY_01_00,733044.9573870612,9237471.37335766,-0.04323912774378196,-0.9990647515711666,1,SBY_29_369
TRS_SBY_0571,SBY,SBY_01_00,732818.3683567436,9238017.704607837,-0.043239127743575384,-0.9990647515711755,1,SBY_29_369
TRS_SBY_0572,SBY,SBY_01_00,732566.5453683082,9237980.990838066,-0.043239127743575384,-0.9990647515711755,1,SBY_29_369
TRS_SBY_0573,SBY,SBY_01_00,732316.5677696752,9237986.915854057,-0.043239127743575384,-0.9990647515711755,1,SBY_29_369
TRS_SBY_0574,SBY,SBY_01_00,732067.1950361547,9238006.816624066,-0.043239127743575384,-0.9990647515711755,1,SBY_29_369
TRS_SBY_0575,SBY,SBY_01_00,731817.3799385561,9238016.496319307,-0.043239127743575384,-0.9990647515711755,1,SBY_29_369
TRS_SBY_0576,SBY,SBY_01_00,731567.529655434,9238025.36303292,-0.043239127743575384,-0.9990647515711755,1,SBY_29_369
TRS_SBY_0577,SBY,SBY_01_00,731316.7364649131,9238012.443332354,-0.04323912774378196,-0.9990647515711666,1,SBY_29_369
TRS_SBY_0578,SBY,SBY_01_00,731068.662861374,9238062.361242848,-0.043239127743575384,-0.9990647515711755,1,SBY_29_369
TRS_SBY_0579,SBY,SBY_01_00,730816.9165240583,9238027.418540997,-0.04323912774378196,-0.9990647515711666,1,SBY_29_369
TRS_SBY_0580,SBY,SBY_01_00,730567.9353969627,9238056.367601197,-0.043239127743575384,-0.9990647515711755,1,SBY_29_369
TRS_SBY_0581,SBY,SBY_01_00,730323.6259900033,9238193.259424381,-0.043239127743575384,-0.9990647515711755,1,SBY_29_369
TRS_SBY_0582,SBY,SBY_01_00,730087.7006769276,9238523.870527068,-0.043239127743575384,-0.9990647515711755,3,SBY_29_369
TRS_SBY_0583,SBY,SBY_01_00,729835.2185981866,9238455.991494348,-0.04155661708502464,-0.9991361506703923,1,SBY_29_369
TRS_SBY_0584,SBY,SBY_01_00,729591.7489418525,9238598.308652505,-0.038582478527339314,-0.9992554189748922,1,SBY_29_369
TRS_SBY_0585,SBY,SBY_01_00,729339.9160960531,9238527.907753265,-0.035607129449871495,-0.999365865102636,1,SBY_29_369
TRS_SBY_0586,SBY,SBY_01_00,729094.7846642073,9238647.934018107,-0.03263064834297507,-0.9994674786048403,1,SBY_29_369
TRS_SBY_0587,SBY,SBY_01_00,728845.3501539413,9238644.863624467,-0.029653113852293647,-0.9995602497292811,1,SBY_29_369
TRS_SBY_0588,SBY,SBY_01_00,728597.9396100193,9238714.538317157,-0.0266746047676289,-0.9996441694225454,1,SBY_29_369
TRS_SBY_0589,SBY,SBY_01_00,728349.2288791754,9238744.168190138,-0.02369520001383138,-0.9997192293320682,1,SBY_29_369
TRS_SBY_0590,SBY,SBY_01_00,728100.6608916037,9238786.103648022,-0.020714978639579086,-0.9997854218080807,1,SBY_29_369
TRS_SBY_0591,SBY,SBY_01_00,727850.385310166,9238742.231316026,-0.017734019807150104,-0.9998427399053711,1,SBY_29_369
TRS_SBY_0592,SBY,SBY_01_00,727600.2470612107,9238685.55515349,-0.014752402782165148,-0.9998911773848957,1,SBY_29_369
TRS_SBY_0593,SBY,SBY_01_00,727349.710712553,9238560.85111029,-0.011770206922047685,-0.9999307287152507,1,SBY_29_369
TRS_SBY_0594,SBY,SBY_01_00,727100.3918972528,9238482.68406367,-0.008787511667774283,-0.9999613890739427,1,SBY_29_369
TRS_SBY_0595,SBY,SBY_01_00,726851.9955597525,9238471.965132786,-0.005804396530416495,-0.9999831543485708,1,SBY_29_369
TRS_SBY_0596,SBY,SBY_01_00,726603.8569843842,9238507.048333708,-0.0028209410828410222,-0.9999960211377878,1,SBY_29_369
TRS_SBY_0597,SBY,SBY_01_00,726355.5564318438,9238647.94324663,0.0001627750517180069,-0.9999999867521412,1,SBY_29_369
TRS_SBY_0598,SBY,SBY_01_00,726106.1209311456,9238902.835860351,0.0031466722108965785,-0.9999950492147435,1,SBY_29_369
TRS_SBY_0599,SBY,SBY_01_00,725856.4128469586,9238964.591329062,0.006130670702585422,-0.9999812072617846,1,SBY_29_369
TRS_SBY_0600,SBY,SBY_01_00,725606.4000260858,9239026.422162399,0.009114690816397396,-0.9999584603428892,1,SBY_29_369
TRS_SBY_0601,SBY,SBY_01_01,725356.5049567687,9239051.234167779,0.01209865283410507,-0.9999268086213109,1,SBY_29_369
TRS_SBY_0602,SBY,SBY_01_01,725106.8102904974,9239047.607236791,0.015082477040287253,-0.9998862529739716,1,SBY_29_369
TRS_SBY_0603,SBY,SBY_01_01,724857.0461728829,9239043.733650843,0.018066083732770948,-0.9998367949913428,1,SBY_28_369
TRS_SBY_0604,SBY,SBY_01_01,724608.0703815086,9238998.976319605,0.021049393234310484,-0.9997784369771472,1,SBY_28_369
TRS_SBY_0605,SBY,SBY_01_01,724359.3473461692,9238950.84483858,0.024032325900945135,-0.9997111819479617,3,SBY_28_369
TRS_SBY_0606,SBY,SBY_01_01,724117.3426532808,9238661.210415473,0.027014802135526778,-0.9996350336325645,1,SBY_28_369
TRS_SBY_0607,SBY,SBY_01_01,723859.653084133,9238948.67067544,0.02999674239605576,-0.9995499964712244,3,SBY_28_369
TRS_SBY_0608,SBY,SBY_01_01,723614.5742256107,9238799.022946956,0.03297806720710442,-0.9994560756147735,1,SBY_28_369
TRS_SBY_0609,SBY,SBY_01_01,723366.6370727192,9238750.992294537,0.03595869717101584,-0.9993532769235128,1,SBY_28_369
TRS_SBY_0610,SBY,SBY_01_01,723115.5411992251,9238788.929320844,0.03893855297721433,-0.9992416069660234,1,SBY_28_369
TRS_SBY_0611,SBY,SBY_01_01,722864.1211479504,9238826.914445136,0.04191755541356162,-0.9991210730177554,1,SBY_28_369
TRS_SBY_0612,SBY,SBY_01_01,722612.3764149745,9238864.948623093,0.04489562537664648,-0.9989916830594936,1,SBY_28_369
TRS_SBY_0613,SBY,SBY_01_01,722361.118195253,9238886.09664524,0.04787268388224437,-0.9988534457756607,1,SBY_28_369
TRS_SBY_0614,SBY,SBY_01_01,722108.2309454378,9238934.88066792,0.05084865207554501,-0.9987063705524764,1,SBY_28_369
TRS_SBY_0615,SBY,SBY_01_01,721866.011537078,9238778.570162615,0.05382345124257011,-0.9985504674759,1,SBY_28_369
TRS_SBY_0616,SBY,SBY_01_01,721612.4027820673,9238837.197620252,0.05679700281824232,-0.9983857473295903,1,SBY_28_369
TRS_SBY_0617,SBY,SBY_01_01,721385.2768402749,9238446.085352821,0.059769228399377566,-0.9982122215924543,1,SBY_28_369
TRS_SBY_0618,SBY,SBY_01_01,721144.6017606284,9238306.158222623,0.06274004975369103,-0.9980299024362467,1,SBY_28_369
TRS_SBY_0619,SBY,SBY_01_01,720871.2509970587,9238671.506027523,0.0640292148169961,-0.9979480245232809,1,SBY_28_369
TRS_SBY_0620,SBY,SBY_01_01,720623.2669679832,9238632.073589098,0.06402921481699526,-0.997948024523281,1,SBY_28_369
TRS_SBY_0621,SBY,SBY_01_01,720375.2829389076,9238592.641150672,0.0640292148169961,-0.9979480245232809,1,SBY_28_369
TRS_SBY_0622,SBY,SBY_01_01,720124.8123107558,9238591.964405924,0.0640292148169961,-0.9979480245232809,1,SBY_28_369
TRS_SBY_0623,SBY,SBY_01_01,719882.6748347965,9238461.40862405,0.06402921481720138,-0.9979480245232679,1,SBY_28_369
TRS_SBY_0624,SBY,SBY_01_01,719641.2421738242,9238319.867720366,0.0640292148169961,-0.9979480245232809,1,SBY_28_369
TRS_SBY_0625,SBY,SBY_01_01,719391.3773371518,9238309.749216698,0.0640292148169961,-0.9979480245232809,1,SBY_28_369
TRS_SBY_0626,SBY,SBY_01_01,719136.3207903355,9238380.547789663,0.0640292148169961,-0.9979480245232809,1,SBY_28_369
TRS_SBY_0627,SBY,SBY_01_01,718881.6055916665,9238446.02617074,0.0640292148169961,-0.9979480245232809,1,SBY_28_369
TRS_SBY_0628,SBY,SBY_01_01,718636.3515077743,9238364.045289222,0.06402921481699526,-0.997948024523281,1,SBY_28_369
TRS_SBY_0629,SBY,SBY_01_01,718390.7314322584,9238287.76868846,0.0640292148169961,-0.9979480245232809,1,SBY_28_369
TRS_SBY_0630,SBY,SBY_01_01,718144.583694513,9238219.716137942,0.0640292148169961,-0.9979480245232809,1,SBY_28_369
TRS_SBY_0631,SBY,SBY_01_01,717900.18351061,9238124.426522125,0.06402921481699526,-0.997948024523281,1,SBY_28_369
TRS_SBY_0632,SBY,SBY_01_01,717652.9096058708,9238073.926211312,0.0640292148169961,-0.9979480245232809,1,SBY_28_369
TRS_SBY_0633,SBY,SBY_01_01,717391.0299079159,9238251.069211883,0.0640292148169961,-0.9979480245232809,1,SBY_28_369
TRS_SBY_0634,SBY,SBY_01_01,717139.7977681365,9238262.26125276,0.06402921481720138,-0.9979480245232679,1,SBY_28_369
TRS_SBY_0635,SBY,SBY_01_01,716880.5469619989,9238398.430810142,0.0640292148169961,-0.9979480245232809,3,SBY_28_369
TRS_SBY_0636,SBY,SBY_01_01,716651.0292183409,9238071.186111245,0.0640292148169961,-0.9979480245232809,1,SBY_28_369
TRS_SBY_0637,SBY,SBY_01_01,716396.8535787973,9238128.255019162,0.06402921481699526,-0.997948024523281,1,SBY_28_369
TRS_SBY_0638,SBY,SBY_01_01,716142.163095457,9238193.348191494,0.0640292148169961,-0.9979480245232809,1,SBY_28_369
TRS_SBY_0639,SBY,SBY_01_01,715888.2876539337,9238245.738266129,0.0640292148169961,-0.9979480245232809,1,SBY_28_369
TRS_SBY_0640,SBY,SBY_01_01,715635.553099678,9238280.346673474,0.0640292148169961,-0.9979480245232809,1,SBY_28_369
TRS_SBY_0641,SBY,SBY_01_01,715389.6023040911,9238209.22461728,0.0640292148169961,-0.9979480245232809,1,SBY_28_369
TRS_SBY_0642,SBY,SBY_01_01,715143.6516810255,9238138.099872204,0.0640292148169961,-0.9979480245232809,1,SBY_28_369
TRS_SBY_0643,SBY,SBY_01_01,714897.7010579598,9238066.975127127,0.0640292148169961,-0.9979480245232809,1,SBY_28_369
TRS_SBY_0644,SBY,SBY_01_01,714650.4008642688,9238016.88455127,0.0640292148169961,-0.9979480245232809,1,SBY_28_369
TRS_SBY_0645,SBY,SBY_01_01,714400.5815837072,9238006.056018112,0.06402921481720138,-0.9979480245232679,1,SBY_28_369
TRS_SBY_0646,SBY,SBY_01_01,714146.1929654758,9238066.444374213,0.0640292148169961,-0.9979480245232809,1,SBY_28_369
TRS_SBY_0647,SBY,SBY_01_01,713907.3241355733,9237884.944052652,0.0640292148169961,-0.9979480245232809,1,SBY_28_369
TRS_SBY_0648,SBY,SBY_01_01,713658.5714369867,9237857.491961358,0.06402921481699526,-0.997948024523281,1,SBY_28_369
TRS_SBY_0649,SBY,SBY_01_01,713412.0366810755,9237795.471407562,0.0640292148169961,-0.9979480245232809,1,SBY_28_369
TRS_SBY_0650,SBY,SBY_01_01,713160.5640140348,9237810.412263818,0.0640292148169961,-0.9979480245232809,1,SBY_28_369
TRS_SBY_0651,SBY,SBY_01_01,712901.8540584864,9237938.152219515,0.06402921481699526,-0.997948024523281,1,SBY_28_369
TRS_SBY_0652,SBY,SBY_01_01,712654.1982464102,9237893.60424895,0.0640292148169961,-0.9979480245232809,1,SBY_28_369
TRS_SBY_0653,SBY,SBY_01_01,712421.7784193484,9237611.590909023,0.0640292148169961,-0.9979480245232809,1,SBY_28_369
TRS_SBY_0654,SBY,SBY_01_01,712175.8761486746,9237539.712552112,0.0640292148169961,-0.9979480245232809,1,SBY_28_369
TRS_SBY_0655,SBY,SBY_01_01,711922.3405514527,9237586.805873536,0.0640292148169961,-0.9979480245232809,1,SBY_28_369
TRS_SBY_0656,SBY,SBY_01_01,711670.1720007879,9237612.592648959,0.0640292148172022,-0.9979480245232677,1,SBY_28_369
TRS_SBY_0657,SBY,SBY_01_01,711420.1854865431,9237604.370590426,0.0640292148169961,-0.9979480245232809,1,SBY_28_369
TRS_SBY_0658,SBY,SBY_01_01,711163.0732932839,9237707.208105499,0.0640292148169961,-0.9979480245232809,1,SBY_28_369
TRS_SBY_0659,SBY,SBY_01_01,710915.8529861806,9237655.872431407,0.0640292148169961,-0.9979480245232809,1,SBY_28_369
TRS_SBY_0660,SBY,SBY_01_01,710664.4143467871,9237670.28293877,0.0640292148169961,-0.9979480245232809,1,SBY_28_369
TRS_SBY_0661,SBY,SBY_01_01,710406.6059050183,9237788.489623485,0.06500464040982286,-0.9978849616690241,1,SBY_28_369
TRS_SBY_0662,SBY,SBY_01_01,710175.0082122085,9237572.97542817,0.07482072111813048,-0.9971970014452325,1,SBY_28_369
TRS_SBY_0663,SBY,SBY_01_01,709902.2551895075,9237888.656110868,0.08466275935853008,-0.9964096633301984,1,SBY_28_369
TRS_SBY_0664,SBY,SBY_01_01,709660.7603911322,9237805.632422611,0.09452795989382161,-0.9955222070844588,1,SBY_28_369
TRS_SBY_0665,SBY,SBY_01_01,709415.2706821837,9237773.546270547,0.10441347964572112,-0.9945339739135474,1,SBY_28_369
TRS_SBY_0666,SBY,SBY_01_01,709157.112379925,9237854.470436845,0.11431643137105081,-0.9934443887397965,1,SBY_28_369
TRS_SBY_0667,SBY,SBY_01_01,708902.1624798978,9237894.176923882,0.12423388750394918,-0.9922529623012752,1,SBY_28_369
TRS_SBY_0668,SBY,SBY_01_01,708647.5665099144,9237922.943354089,0.13416288415419841,-0.9909592930667875,1,SBY_28_369
TRS_SBY_0669,SBY,SBY_01_01,708396.6914709463,9237919.896948714,0.14410042525233685,-0.9895630689562418,1,SBY_28_369
TRS_SBY_0670,SBY,SBY_01_01,708145.5528236507,9237916.847342312,0.1540434868239318,-0.9880640688574426,1,SBY_28_369
TRS_SBY_0671,SBY,SBY_01_01,707896.5138317286,9237899.567277247,0.1639890213860404,-0.9864621639296911,1,SBY_28_369
TRS_SBY_0672,SBY,SBY_01_01,707649.080374985,9237873.353555571,0.1739339624453233,-0.9847573186872333,1,SBY_28_369
TRS_SBY_0673,SBY,SBY_01_01,707515.816555984,9237237.964138333,0.18387522908802573,-0.9829495918549568,1,SBY_28_369
TRS_SBY_0674,SBY,SBY_01_01,707290.5888858917,9237133.874729399,0.19380973064425572,-0.9810391369907732,1,SBY_28_369
TRS_SBY_0675,SBY,SBY_01_01,707025.7265845181,9237229.336626546,0.2037343714086764,-0.9790262028703377,1,SBY_28_369
TRS_SBY_0676,SBY,SBY_01_01,706661.7868905293,9237767.214507077,0.2136460554046599,-0.976911133629886,1,SBY_28_369
TRS_SBY_0677,SBY,SBY_01_01,706402.549335969,9237797.272648783,0.22354169117326816,-0.9746943686650679,1,SBY_28_369
TRS_SBY_0678,SBY,SBY_01_01,706155.089909412,9237774.174357703,0.2334181965680417,-0.9723764422850457,1,SBY_28_369
TRS_SBY_0679,SBY,SBY_01_02,705898.1478413278,9237789.462325059,0.2432725035420169,-0.9699579831211245,1,SBY_28_369
TRS_SBY_0680,SBY,SBY_01_02,705674.7144149151,9237669.807123533,0.2531015629078295,-0.9674397132915385,1,SBY_28_369
TRS_SBY_0681,SBY,SBY_01_02,705422.5475043207,9237653.091848072,0.2757473105309834,-0.9612301601255183,1,SBY_28_369
TRS_SBY_0682,SBY,SBY_01_02,705206.3973993062,9237505.74227868,0.30990133016653026,-0.9507687234869558,1,SBY_28_369
TRS_SBY_0683,SBY,SBY_01_02,704948.9414467637,9237480.104743559,0.3454849188660754,-0.9384243021342219,1,SBY_28_369
TRS_SBY_0684,SBY,SBY_01_02,704722.6284626849,9237361.84969286,0.38241914227218304,-0.9239889607694498,1,SBY_28_369
TRS_SBY_0685,SBY,SBY_01_02,704475.7988654114,9237290.179072674,0.4205843526243904,-0.9072534388623293,1,SBY_28_369
TRS_SBY_0686,SBY,SBY_01_02,704286.4829938464,9237100.047308523,0.45981471573599136,-0.888014880051359,1,SBY_28_369
TRS_SBY_0687,SBY,SBY_01_02,704067.0135186549,9236978.959624933,0.4998939679798127,-0.866086612745745,1,SBY_28_369
TRS_SBY_0688,SBY,SBY_01_02,704108.515843154,9236455.017154327,0.5405532444573434,-0.841309806139593,1,SBY_28_369
TRS_SBY_0689,SBY,SBY_01_02,704142.4591278767,9236026.503121134,0.581471885434218,-0.8135664978657711,1,SBY_28_369
TRS_SBY_0690,SBY,SBY_01_02,704012.2567884406,9235851.862065902,0.611454935492832,-0.7912792565595642,1,SBY_28_369
TRS_SBY_0691,SBY,SBY_01_02,703872.4083397053,9235684.456711069,0.6326738039653693,-0.7744183996884303,1,SBY_28_369
TRS_SBY_0692,SBY,SBY_01_02,703719.2333547181,9235540.663350454,0.6531944303843307,-0.7571902245241218,1,SBY_28_369
TRS_SBY_0693,SBY,SBY_01_02,703561.0855005045,9235408.015267432,0.6729939528837807,-0.7396479834231033,1,SBY_28_369
TRS_SBY_0694,SBY,SBY_01_02,703392.7879049686,9235290.485701995,0.6920549365554058,-0.7218448342887086,1,SBY_28_369
TRS_SBY_0695,SBY,SBY_01_02,702134.2789997953,9236256.158281974,0.7103652308373971,-0.703833246456383,3,SBY_28_369
TRS_SBY_0696,SBY,SBY_01_02,701911.6789708171,9236142.25829794,0.7279177470672088,-0.685664461310778,1,SBY_28_369
TRS_SBY_0697,SBY,SBY_01_02,701810.795799754,9235920.099972798,0.7440593515061206,-0.6681135243626575,1,SBY_28_369
TRS_SBY_0698,SBY,SBY_01_02,701583.5505453075,9235816.807971612,0.7538504460012342,-0.6570460448581518,1,SBY_28_369
TRS_SBY_0699,SBY,SBY_01_03,701422.0910607248,9235716.029340109,0.7634208104703294,-0.6459014368623321,1,SBY_28_369
TRS_SBY_0700,SBY,SBY_01_03,701344.7022625074,9235585.337398656,0.772767782619322,-0.6346888640472718,1,SBY_28_369
TRS_SBY_0701,SBY,SBY_01_03,701908.4563857666,9234936.862084577,0.7818891804283257,-0.6234174440365952,1,SBY_28_369
TRS_SBY_0702,SBY,SBY_01_03,701961.1202904396,9234707.554319905,0.790783294707993,-0.6120962185888517,1,SBY_28_369
TRS_SBY_0703,SBY,SBY_01_03,701965.404007741,9234514.026947407,0.7994488794142558,-0.6007341252195438,1,SBY_28_369
TRS_SBY_0704,SBY,SBY_01_03,701932.7227943959,9234344.791654553,0.8078851398984991,-0.5893399704170612,1,SBY_28_369
TRS_SBY_0705,SBY,SBY_01_03,701899.3481279496,9234171.91155621,0.8160917192791622,-0.5779224045873123,1,SBY_28_369
TRS_SBY_0706,SBY,SBY_01_03,701846.2777615142,9234008.580213899,0.824068683132679,-0.566489898833132,1,SBY_28_369
TRS_SBY_0707,SBY,SBY_01_03,701860.8089015957,9233795.520977091,0.8318165027058005,-0.5550507236517136,1,SBY_28_369
TRS_SBY_0708,SBY,SBY_01_04,701854.2116431944,9233541.217302332,0.8393360368544802,-0.5436129296083884,1,SBY_28_369
TRS_SBY_0709,SBY,SBY_01_04,701571.1452807757,9233424.63378445,0.846628512913707,-0.5321843300225262,1,SBY_28_369
TRS_SBY_0710,SBY,SBY_01_04,701332.8602257341,9233276.120890258,0.8536955067015058,-0.5207724856764797,1,SBY_28_369
TRS_SBY_0711,SBY,SBY_01_04,701135.558933676,9233100.537341863,0.8605389218522612,-0.5093846915420093,3,SBY_28_369
TRS_SBY_0712,SBY,SBY_01_04,700944.6708271884,9232920.012773097,0.8671609686698963,-0.4980279654953999,3,SBY_28_369
TRS_SBY_0713,SBY,SBY_01_04,700778.9710113026,9232724.46503479,0.8735641426807212,-0.4867090389775974,3,SBY_28_369
TRS_SBY_0714,SBY,SBY_01_04,700681.8492178544,9232491.747415906,0.8797512030555862,-0.4754343495397117,3,SBY_28_369
TRS_SBY_0715,SBY,SBY_01_04,700937.2972675706,9232076.380448144,0.8857251510590293,-0.4642100352011574,1,SBY_28_369
TRS_SBY_0716,SBY,SBY_01_04,700860.3386927061,9231843.21522447,0.8914892086706097,-0.45304193053607084,1,SBY_28_369
TRS_SBY_0717,SBY,SBY_01_04,700721.3315365847,9231637.3913692,0.8874266401747612,-0.4609489758185115,1,SBY_28_369
TRS_SBY_0718,SBY,SBY_01_04,700631.7984550868,9231398.692870805,0.8752171436996324,-0.4837302464951481,1,SBY_28_369
TRS_SBY_0719,SBY,SBY_01_04,700457.9663591074,9231204.725508928,0.8626192191090581,-0.5058538156658293,1,SBY_28_369
TRS_SBY_0720,SBY,SBY_01_04,700313.1864687642,9230993.692091972,0.849679200231804,-0.5272999684178278,1,SBY_28_369
TRS_SBY_0721,SBY,SBY_01_04,700129.1145943864,9230807.374137573,0.8364430477521873,-0.5480538548966081,1,SBY_28_369
TRS_SBY_0722,SBY,SBY_01_04,700008.032756956,9230579.280868663,0.8229558868175237,-0.568105279285788,1,SBY_28_369
TRS_SBY_0723,SBY,SBY_01_04,699802.5178647025,9230409.738490578,0.8092615997355926,-0.5874484344973518,1,SBY_27_369
TRS_SBY_0724,SBY,SBY_01_04,699582.6762312974,9230254.408271633,0.7954024772022609,-0.6060815945567947,1,SBY_27_369
TRS_SBY_0725,SBY,SBY_01_04,699445.6243233018,9230037.377881551,0.7814189292575792,-0.6240067764038612,1,SBY_27_369
TRS_SBY_0726,SBY,SBY_01_04,699312.1683798492,9229820.466477344,0.775375977881934,-0.631499875632319,1,SBY_27_369
TRS_SBY_0727,SBY,SBY_01_04,699108.5668990677,9229663.86414032,0.7753759778819277,-0.6314998756323269,1,SBY_27_369
TRS_SBY_0728,SBY,SBY_01_04,698938.029345248,9229480.333105015,0.775375977881934,-0.631499875632319,1,SBY_27_369
TRS_SBY_0729,SBY,SBY_01_04,698775.609896156,9229290.1903326,0.7753759778820165,-0.6314998756322178,1,SBY_27_369
TRS_SBY_0730,SBY,SBY_01_04,698582.8815108864,9229124.48449423,0.7746334120271943,-0.6324105288268902,1,SBY_27_369
TRS_SBY_0731,SBY,SBY_01_04,698420.4980384791,9228931.868781896,0.7670401978480715,-0.6415990452651805,1,SBY_27_369
TRS_SBY_0732,SBY,SBY_01_04,698161.8928047643,9228821.839052549,0.7592987907911021,-0.6507421503968913,1,SBY_27_369
TRS_SBY_0733,SBY,SBY_01_04,697849.8432467458,9228762.926096493,0.7514106330097651,-0.6598348737372588,1,SBY_27_369
TRS_SBY_0734,SBY,SBY_01_04,698068.6973672481,9228232.982286757,0.7433773804646715,-0.668872237586135,1,SBY_27_369
TRS_SBY_0735,SBY,SBY_01_04,697845.7757245252,9228093.688182356,0.7352009039224583,-0.6778492685483994,1,SBY_27_369
TRS_SBY_0736,SBY,SBY_01_04,697682.2278145168,9227901.120303454,0.7268832891802844,-0.6867610093114277,1,SBY_27_369
TRS_SBY_0737,SBY,SBY_01_04,697565.9359396646,9227662.952978738,0.7184268364948752,-0.695602530619294,1,SBY_27_369
TRS_SBY_0738,SBY,SBY_01_04,697395.8698933728,9227476.032502603,0.7098340591938109,-0.7043689433872261,1,SBY_27_369
TRS_SBY_0739,SBY,SBY_01_04,697251.5546541251,9227263.38168043,0.7011076814574951,-0.7130554108912545,1,SBY_27_369
TRS_SBY_0740,SBY,SBY_01_04,697072.0569713949,9227086.576443484,0.6922506352632554,-0.7216571609688491,1,SBY_27_369
TRS_SBY_0741,SBY,SBY_01_04,696867.4991765426,9226937.52570343,0.6832660564899817,-0.7301694981636997,1,SBY_27_369
TRS_SBY_0742,SBY,SBY_01_04,696703.8346412751,9226746.039524041,0.6741572801880024,-0.7385878157467232,1,SBY_27_369
TRS_SBY_0743,SBY,SBY_01_04,696472.4174150402,9226630.862912579,0.6649278350248632,-0.7469076075453699,1,SBY_27_369
TRS_SBY_0744,SBY,SBY_01_04,696315.8060607378,9226433.603070397,0.6555814369243744,-0.7551244795132603,1,SBY_27_369
TRS_SBY_0745,SBY,SBY_01_04,696144.1897983735,9226253.933992162,0.6461219819233583,-0.7632341609725233,1,SBY_27_369
TRS_SBY_0746,SBY,SBY_01_04,695984.9353816862,9226060.057512164,0.6365535382742586,-0.7712325154650328,1,SBY_27_369
TRS_SBY_0747,SBY,SBY_01_04,695797.8414171173,9225900.814230768,0.6268803378312983,-0.7791155511479138,1,SBY_27_369
TRS_SBY_0748,SBY,SBY_01_05,695568.9919060866,9225796.62321388,0.617106766762093,-0.7868794306731086,1,SBY_27_369
TRS_SBY_0749,SBY,SBY_01_05,695358.027977144,9225671.054565229,0.6072373556299906,-0.7945204804959379,1,SBY_27_369
TRS_SBY_0750,SBY,SBY_01_05,695146.5654775652,9225545.189160436,0.597276768901095,-0.8020351995586402,1,SBY_27_369
TRS_SBY_0751,SBY,SBY_01_05,694934.6068247287,9225419.028438365,0.5872297939319443,-0.8094202673016324,1,SBY_27_369
TRS_SBY_0752,SBY,SBY_01_05,694722.1544204117,9225292.573828582,0.5771013294983944,-0.8166725509597991,1,SBY_27_369
TRS_SBY_0753,SBY,SBY_01_05,694509.2106509143,9225165.826751444,0.5668963739298348,-0.8237891121064936,1,SBY_27_369
TRS_SBY_0754,SBY,SBY_01_05,694290.752033217,9225046.289812155,0.5566200129152151,-0.8307672124140828,1,SBY_27_369
TRS_SBY_0755,SBY,SBY_01_05,694058.3090556276,9224947.569048908,0.5462774070494737,-0.8376043186059297,1,SBY_27_368
TRS_SBY_0756,SBY,SBY_01_05,693902.2849818574,9224728.967924586,0.5358737791913276,-0.8442981065803739,1,SBY_27_368
TRS_SBY_0757,SBY,SBY_01_05,693679.73823847,9224611.944672726,0.5254144017009238,-0.8508464646957525,1,SBY_27_368
TRS_SBY_0758,SBY,SBY_01_05,693491.3931483187,9224437.535354836,0.5149045836300556,-0.8572474962090931,1,SBY_27_368
TRS_SBY_0759,SBY,SBY_01_05,693294.008024303,9224274.901680907,0.5043496579349652,-0.8634995208689368,1,SBY_27_368
TRS_SBY_0760,SBY,SBY_01_05,693079.4313928449,9224139.513244139,0.49375496877796715,-0.8696010756703725,1,SBY_27_368
TRS_SBY_0761,SBY,SBY_01_05,692855.2831579654,9224020.011970064,0.4831258589865478,-0.8755509147836636,1,SBY_27_368
TRS_SBY_0762,SBY,SBY_01_05,692595.0845796182,9223967.228393778,0.4724676577329507,-0.8813480086755396,1,SBY_27_368
TRS_SBY_0763,SBY,SBY_01_05,692367.8473178626,9223854.56110676,0.4617856684950105,-0.8869915424470609,1,SBY_27_368
TRS_SBY_0764,SBY,SBY_01_05,692186.3546484066,9223651.228545263,0.4510851573553718,-0.8924809134170206,1,SBY_27_368
TRS_SBY_0765,SBY,SBY_01_05,692000.1815808302,9223451.756959202,0.4403713416919902,-0.8978157279845328,1,SBY_27_368
TRS_SBY_0766,SBY,SBY_01_05,691846.9864638265,9223179.410803461,0.430709569171696,-0.902490591099947,1,SBY_27_368
TRS_SBY_0767,SBY,SBY_01_05,691681.0825833043,9222946.6012353,0.43070956917170106,-0.9024905910999447,1,SBY_27_368
TRS_SBY_0768,SBY,SBY_01_05,691499.8630355783,9222745.883467594,0.43070956917170106,-0.9024905910999447,1,SBY_27_368
TRS_SBY_0769,SBY,SBY_01_05,691325.71593336,9222530.346397083,0.43070956917186964,-0.9024905910998643,1,SBY_27_368
TRS_SBY_0770,SBY,SBY_01_05,691143.0923226915,9222332.570643406,0.43070956917186964,-0.9024905910998643,1,SBY_27_368
TRS_SBY_0771,SBY,SBY_01_05,690948.3740479524,9222160.137536624,0.43070956917170106,-0.9024905910999447,1,SBY_27_368
TRS_SBY_0772,SBY,SBY_01_05,690753.6557732135,9221987.704429843,0.43070956917170106,-0.9024905910999447,1,SBY_27_368
TRS_SBY_0773,SBY,SBY_01_05,690558.9374984747,9221815.27132306,0.43070956917170106,-0.9024905910999447,1,SBY_27_368
TRS_SBY_0774,SBY,SBY_01_05,690363.1479262372,9221645.08296769,0.43070956917170106,-0.9024905910999447,1,SBY_27_368
TRS_SBY_0775,SBY,SBY_01_05,690116.5284061421,9221581.401532456,0.43070956917170106,-0.9024905910999447,1,SBY_27_368
TRS_SBY_0776,SBY,SBY_01_05,689865.4650639057,9221527.031493949,0.430709569171696,-0.902490591099947,1,SBY_27_368
TRS_SBY_0777,SBY,SBY_01_05,689573.0768190573,9221559.251906304,0.430709569171696,-0.902490591099947,1,SBY_27_368
TRS_SBY_0778,SBY,SBY_01_05,689379.469626533,9221437.910929292,0.44783726369242516,-0.8941150850133784,1,SBY_27_368
TRS_SBY_0779,SBY,SBY_01_05,689122.8841873094,9221452.346539423,0.46996791428378987,-0.8826834990775256,1,SBY_27_368
TRS_SBY_0780,SBY,SBY_01_05,688771.2550068182,9221623.706921201,0.49238353278691455,-0.8703783410909749,1,SBY_27_368
TRS_SBY_0781,SBY,SBY_01_05,688495.5961223096,9221638.959800186,0.5150381440002261,-0.8571672591885451,1,SBY_27_368
TRS_SBY_0782,SBY,SBY_01_05,688225.5636380548,9221633.224330418,0.5378800989946249,-0.8430213515122452,1,SBY_27_368
TRS_SBY_0783,SBY,SBY_01_05,687779.0580161134,9221877.950227272,0.5608521389120817,-0.8279159850357661,1,SBY_27_368
TRS_SBY_0784,SBY,SBY_01_05,687218.667425537,9222241.57673806,0.5838915913596636,-0.8118316386662198,1,SBY_27_368
TRS_SBY_0785,SBY,SBY_01_05,686799.532918233,9222365.724911228,0.606930714405585,-0.7947547470201901,1,SBY_27_368
TRS_SBY_0786,SBY,SBY_01_05,686371.0761399585,9222472.975959862,0.6298971992084967,-0.7766785167811013,1,SBY_27_368
TRS_SBY_0787,SBY,SBY_01_05,686022.6043456211,9222459.94006219,0.6527148368734845,-0.7576036838118072,5,SBY_27_368
TRS_SBY_0788,SBY,SBY_01_05,685805.4585166445,9222289.148200173,0.6753043482961786,-0.7375391767033623,1,SBY_27_368
TRS_SBY_0789,SBY,SBY_01_05,685653.574459818,9222054.93476657,0.6977045564236337,-0.7163856167914741,1,SBY_27_368
TRS_SBY_0790,SBY,SBY_01_05,685581.0272710114,9221743.846460933,0.7276159630322644,-0.6859847012438618,1,SBY_27_368
TRS_SBY_0791,SBY,SBY_01_05,685542.7936047785,9221429.464001754,0.7581626268557584,-0.6520655114627488,1,SBY_27_368
TRS_SBY_0792,SBY,SBY_01_05,685474.4245978371,9221169.76490057,0.7890472152237387,-0.6143325582676397,1,SBY_27_368
TRS_SBY_0793,SBY,SBY_01_05,685253.6638152151,9221042.167669658,0.8198857240006296,-0.5725272042269811,1,SBY_27_368
TRS_SBY_0794,SBY,SBY_01_05,685143.2397385192,9220847.261513913,0.8502027397604307,-0.5264554124556584,1,SBY_27_368
TRS_SBY_0795,SBY,SBY_01_05,685026.3749262503,9220674.029562252,0.8794342204256188,-0.47602043227616203,1,SBY_27_368
TRS_SBY_0796,SBY,SBY_01_06,685206.3133577724,9220343.774891824,0.9069409399696304,-0.4212577968501037,1,SBY_27_368
TRS_SBY_0797,SBY,SBY_01_06,685004.8380481015,9220185.459141117,0.9320350721868823,-0.3623680783589979,1,SBY_27_368
TRS_SBY_0798,SBY,SBY_01_06,684930.067203586,9219959.909743605,0.9540205779154945,-0.2997411164885218,1,SBY_27_368
TRS_SBY_0799,SBY,SBY_01_06,684976.4346979867,9219697.00635809,0.9722450920303507,-0.23396470037784498,1,SBY_27_368
TRS_SBY_0800,SBY,SBY_01_06,684844.8069728165,9219473.568134721,0.9861574178674576,-0.16581178240700745,1,SBY_27_368
TRS_SBY_0801,SBY,SBY_01_06,684745.8048093374,9219230.864268592,0.9953616715811131,-0.09620365246315855,1,SBY_27_368
TRS_SBY_0802,SBY,SBY_01_06,684735.4370320778,9218974.665701266,0.9996579879467384,-0.026151618196173197,1,SBY_27_368
TRS_SBY_0803,SBY,SBY_01_06,684733.5217189086,9218720.212590542,0.9990614699506005,0.04331488497208843,1,SBY_27_368
TRS_SBY_0804,SBY,SBY_01_06,684728.2342685349,9218467.891674556,0.9937955649931335,0.11122218753458651,1,SBY_27_368
TRS_SBY_0805,SBY,SBY_01_06,684718.6034031468,9218216.793072194,0.9842618301302057,0.1767162973489938,1,SBY_27_368
TRS_SBY_0806,SBY,SBY_01_06,684715.5678595805,9217968.700518947,0.9709930312053359,0.23910778605196806,1,SBY_27_368
TRS_SBY_0807,SBY,SBY_01_07,684726.8309665556,9217727.788616344,0.9545990679218403,0.2978936379360151,1,SBY_27_368
TRS_SBY_0808,SBY,SBY_01_07,684912.4153903561,9217572.68030377,0.9447516922130647,0.3277868820751536,3,SBY_27_368
TRS_SBY_0809,SBY,SBY_01_07,685286.515228179,9217485.79341691,0.939522674383246,0.3424867067781658,1,SBY_27_368
TRS_SBY_0810,SBY,SBY_01_07,685412.282213788,9217310.079642255,0.9343471519629655,0.3563641390750408,1,SBY_27_368
TRS_SBY_0811,SBY,SBY_01_07,685532.0562929852,9217129.473933777,0.9292397465748792,0.36947732458901217,1,SBY_27_368
TRS_SBY_0812,SBY,SBY_01_07,685662.1946186621,9216950.600028155,0.9242119247145709,0.381879978809296,1,SBY_27_368
TRS_SBY_0813,SBY,SBY_01_07,685859.5673641484,9216798.420046268,0.9192725268316079,0.3936216729457754,1,SBY_27_368
TRS_SBY_0814,SBY,SBY_01_07,685949.3931001211,9216601.402094593,0.9197355787451346,0.3925384888012289,1,SBY_27_368
TRS_SBY_0815,SBY,SBY_01_07,685986.6884301901,9216383.84804205,0.921661244699532,0.3879955541226074,1,SBY_27_368
TRS_SBY_0816,SBY,SBY_01_07,686078.0311808215,9216190.630544392,0.9235764475865824,0.38341432610604004,1,SBY_27_368
TRS_SBY_0817,SBY,SBY_01_07,686155.1768164547,9215992.875715869,0.9254807299789902,0.37879469167024415,3,SBY_27_368
TRS_SBY_0818,SBY,SBY_01_07,686170.6393556667,9215771.679591617,0.9273736274946911,0.37413654596595874,1,SBY_27_368
TRS_SBY_0819,SBY,SBY_01_07,686266.4824070516,9215584.612872545,0.9292546688589634,0.36943979266426946,1,SBY_27_368
TRS_SBY_0820,SBY,SBY_01_07,686225.452829195,9215345.169630278,0.9311233759749269,0.36470434424757675,1,SBY_27_368
TRS_SBY_0821,SBY,SBY_01_07,686459.4222729547,9215214.669210756,0.9329792640026023,0.35993012230315274,1,SBY_27_368
TRS_SBY_0822,SBY,SBY_01_07,687736.4404356583,9215480.010107521,0.9348218414468111,0.355117057818958,3,SBY_27_368
TRS_SBY_0823,SBY,SBY_01_07,688183.5270616254,9215422.250674779,0.9366506102541611,0.35026509148144874,1,SBY_27_368
TRS_SBY_0824,SBY,SBY_01_07,688216.6276535314,9215209.201941578,0.9384650659194973,0.34537417397471026,1,SBY_27_368
TRS_SBY_0825,SBY,SBY_01_07,688349.8833481057,9215034.382918188,0.9404423184291278,0.33995329930395857,1,SBY_27_368
TRS_SBY_0826,SBY,SBY_01_08,688380.059252656,9214824.398966582,0.952508053437032,0.3045133956619904,1,SBY_27_368
TRS_SBY_0827,SBY,SBY_01_08,688354.5130555831,9214592.517914498,0.963220638956932,0.2687117427419198,1,SBY_27_368
TRS_SBY_0828,SBY,SBY_01_08,688328.6229025862,9214357.51479844,0.9725482523082748,0.2327013041048981,1,SBY_27_368
TRS_SBY_0829,SBY,SBY_01_08,688300.0302542442,9214119.069545934,0.9804766516636534,0.19663553987626686,1,SBY_27_368
TRS_SBY_0830,SBY,SBY_01_08,688268.3475694668,9213877.531775165,0.9870089573332324,0.160665236264618,1,SBY_27_368
TRS_SBY_0831,SBY,SBY_01_08,688231.5279036975,9213633.079326311,0.9921648608697088,0.12493553880058057,1,SBY_27_368
TRS_SBY_0832,SBY,SBY_01_08,688175.9340588286,9213385.121314624,0.9959793318061464,0.08958331661075249,1,SBY_27_368
TRS_SBY_0833,SBY,SBY_01_08,688113.0383436056,9213139.689851394,0.9974860370176214,0.07086329060155477,1,SBY_27_368
TRS_SBY_0834,SBY,SBY_01_08,688051.5419421763,9212898.382812032,0.997440927922859,0.07149542156240574,1,SBY_27_368
TRS_SBY_0835,SBY,SBY_01_08,687993.5439858435,9212657.332366617,0.9973953494162113,0.07212847539573987,1,SBY_27_368
TRS_SBY_0836,SBY,SBY_01_08,687885.0603068297,9212412.606770143,0.9973492995845059,0.07276245335539157,1,SBY_27_368
TRS_SBY_0837,SBY,SBY_01_08,687809.9320008383,9212170.279463438,0.9973027765078728,0.07339735669414818,1,SBY_27_368
TRS_SBY_0838,SBY,SBY_01_08,687709.7728538264,9211926.080045924,0.9972557782597143,0.07403318666389662,1,SBY_27_368
TRS_SBY_0839,SBY,SBY_01_08,687670.0815789874,9211686.362325968,0.9972083029066935,0.07466994451552963,1,SBY_27_368
TRS_SBY_0840,SBY,SBY_01_08,687593.4040406934,9211443.882914374,0.9971603485087147,0.0753076314989311,1,SBY_27_368
TRS_SBY_0841,SBY,SBY_01_08,687465.6942614884,9211197.500585584,0.9971119131189063,0.07594624886295948,1,SBY_27_368
TRS_SBY_0842,SBY,SBY_01_08,687437.253291661,9210958.661360813,0.9970629947836089,0.07658579785535244,1,SBY_27_368
TRS_SBY_0843,SBY,SBY_01_08,687329.6932740606,9210713.739991931,0.9970135915423439,0.07722627972287816,1,SBY_27_368
TRS_SBY_0844,SBY,SBY_01_08,687209.9778552551,9210468.037214477,0.9949209863733319,0.10065898307610742,1,SBY_27_368
TRS_SBY_0845,SBY,SBY_01_08,687102.583182948,9210220.785298303,0.9905608301609697,0.13707385509574882,1,SBY_27_368
TRS_SBY_0846,SBY,SBY_01_08,686965.9397871668,9209965.075391876,0.98476660660505,0.17388136908701493,1,SBY_27_368
TRS_SBY_0847,SBY,SBY_01_08,686858.4120212839,9209709.928372763,0.9775010117688416,0.2109307279437754,1,SBY_27_368
TRS_SBY_0848,SBY,SBY_01_08,686835.3417152726,9209472.800629262,0.9687441992533131,0.24806183989694397,1,SBY_27_368
TRS_SBY_0849,SBY,SBY_01_08,686822.6847758202,9209242.005221322,0.9584952711219145,0.2851084271587352,1,SBY_27_368
TRS_SBY_0850,SBY,SBY_01_08,686809.4842305739,9209015.224109992,0.9439342475651321,0.33013351279996983,1,SBY_27_368
TRS_SBY_0851,SBY,SBY_01_09,686819.9108319585,9208798.080440165,0.9249424133907347,0.3801072636913472,1,SBY_27_368
TRS_SBY_0852,SBY,SBY_01_09,686960.5019808938,9208620.08190834,0.9024957191421195,0.4306988239247333,1,SBY_27_368
TRS_SBY_0853,SBY,SBY_01_09,687249.384379,9208514.036917625,0.8764991568650833,0.4814033942701258,1,SBY_27_368
TRS_SBY_0854,SBY,SBY_01_09,687409.9919832796,9208339.973176477,0.8469545017703614,0.5316653759000286,1,SBY_27_368
TRS_SBY_0855,SBY,SBY_01_09,687587.4967145105,9208170.201610643,0.8139730320906321,0.5809026622672536,1,SBY_27_368
TRS_SBY_0856,SBY,SBY_01_09,687759.895918908,9207990.573373605,0.7777802974872722,0.6285362430605019,1,SBY_27_368
TRS_SBY_0857,SBY,SBY_01_09,687912.351779824,9207785.05469622,0.7387112295437492,0.6740220466319794,1,SBY_27_368
TRS_SBY_0858,SBY,SBY_01_09,688090.4883204425,9207592.357804189,0.6971953454631022,0.7168811967575837,1,SBY_27_368
TRS_SBY_0859,SBY,SBY_01_09,688312.4645201658,9207441.089041093,0.6537334741334891,0.7567248805195707,1,SBY_27_368
TRS_SBY_0860,SBY,SBY_01_09,688556.0302791042,9207319.641073378,0.6088688855669807,0.793270874410767,1,SBY_27_368
TRS_SBY_0861,SBY,SBY_01_09,688840.8499115407,9207267.857585669,0.5631565320629797,0.8263502407543657,1,SBY_27_368
TRS_SBY_0862,SBY,SBY_01_09,689088.2210564931,9207180.648783067,0.5171341197776815,0.8559043767628266,1,SBY_27_368
TRS_SBY_0863,SBY,SBY_01_09,689322.9847991013,9207086.259620586,0.4712979989576113,0.8819740337325989,1,SBY_27_368
TRS_SBY_0864,SBY,SBY_01_09,689552.92346266,9206995.738639275,0.4260856770796795,0.9046828150172584,1,SBY_27_368
TRS_SBY_0865,SBY,SBY_01_09,689666.8927802083,9206639.582720269,0.38186548381525315,0.9242179138442094,3,SBY_27_368
TRS_SBY_0866,SBY,SBY_01_09,689910.2742621927,9206579.674223693,0.33893285161160297,0.9408105665320874,1,SBY_27_368
TRS_SBY_0867,SBY,SBY_01_09,690145.5933650774,9206522.404872028,0.2975119842511393,0.9547180836388037,1,SBY_27_368
TRS_SBY_0868,SBY,SBY_01_10,690450.4331794318,9206754.72519643,0.257761389171668,0.9662086039009856,1,SBY_27_368
TRS_SBY_0869,SBY,SBY_01_10,690744.6752130061,9207007.394565739,0.22789697799974015,0.9736852506937681,1,SBY_27_368
TRS_SBY_0870,SBY,SBY_01_10,690983.4208510988,9207030.770168737,0.20813777914971326,0.9780995168645291,1,SBY_27_368
TRS_SBY_0871,SBY,SBY_01_10,691214.6140222804,9207014.55611035,0.1883366785099977,0.9821045237284175,1,SBY_27_368
TRS_SBY_0872,SBY,SBY_01_10,691445.2230996395,9206985.062157523,0.16851833457888427,0.9856985192799871,1,SBY_27_368
TRS_SBY_0873,SBY,SBY_01_10,691681.49303263,9206978.541683953,0.14870724731661503,0.9888812641543548,1,SBY_27_368
TRS_SBY_0874,SBY,SBY_01_10,691916.9162401851,9206956.00665351,0.12892761120215218,0.9916540077414635,1,SBY_27_368
TRS_SBY_0875,SBY,SBY_01_10,692156.76265045,9206956.790750517,0.10920317412847617,0.9940194498903255,1,SBY_27_368
TRS_SBY_0876,SBY,SBY_01_10,692402.41512759,9207012.112641037,0.08955710396536114,0.9959816891536397,1,SBY_27_368
TRS_SBY_0877,SBY,SBY_01_10,692644.4582861298,9207034.024925299,0.07001186440603528,0.9975461587527621,1,SBY_27_368
TRS_SBY_0878,SBY,SBY_01_10,692885.7862765221,9207040.631642206,0.05058910148194062,0.9987195516316129,1,SBY_27_368
TRS_SBY_0879,SBY,SBY_01_10,693128.7814601962,9207079.682763012,0.03130954185954387,0.9995097361149342,1,SBY_27_368
TRS_SBY_0880,SBY,SBY_01_10,693370.0375642701,9207025.361756533,0.012192903770568992,0.9999256637858844,1,SBY_27_368
TRS_SBY_0881,SBY,SBY_01_10,693614.977417633,9206861.453720236,-0.00674217886370093,0.9999772712537871,3,SBY_27_368
TRS_SBY_0882,SBY,SBY_01_10,693854.3094340127,9207192.559401674,-0.02547821881838281,0.9996753774930353,1,SBY_27_368
TRS_SBY_0883,SBY,SBY_01_10,694096.146960789,9207206.390612166,-0.04399892443346938,0.9990315784041554,1,SBY_27_368
TRS_SBY_0884,SBY,SBY_01_10,694330.6351018463,9207343.762252219,-0.06228923517349265,0.9980581401809723,1,SBY_27_368
TRS_SBY_0885,SBY,SBY_01_10,694561.353238383,9207476.56985649,-0.08033534431407623,0.9967678929690397,1,SBY_27_368
TRS_SBY_0886,SBY,SBY_01_10,694802.9288210556,9207540.684143877,-0.08633862708136424,0.9962658487942389,1,SBY_27_368
TRS_SBY_0887,SBY,SBY_01_10,695035.0205741557,9207758.140840076,-0.08633862708136424,0.9962658487942389,1,SBY_27_368
TRS_SBY_0888,SBY,SBY_01_10,695275.1963870066,9207882.315155938,-0.08633862708136424,0.9962658487942389,1,SBY_27_368
TRS_SBY_0889,SBY,SBY_01_10,695519.354785453,9207960.534212228,-0.08633862708136424,0.9962658487942389,1,SBY_27_368
TRS_SBY_0890,SBY,SBY_01_10,695760.878761543,9208069.152003285,-0.08633862708136424,0.9962658487942389,1,SBY_27_368
TRS_SBY_0891,SBY,SBY_01_10,696002.2816264137,9208179.167302918,-0.08633862708136424,0.9962658487942389,1,SBY_27_368
TRS_SBY_0892,SBY,SBY_01_10,696247.7924965344,9208241.780119147,-0.08633862708136424,0.9962658487942389,1,SBY_27_368
TRS_SBY_0893,SBY,SBY_01_10,696500.6368908704,9208219.7710231,-0.08633862708136424,0.9962658487942389,1,SBY_27_368
TRS_SBY_0894,SBY,SBY_01_10,696754.5999750209,9208184.853307873,-0.08633862708136424,0.9962658487942389,1,SBY_27_368
TRS_SBY_0895,SBY,SBY_01_10,697006.7466036418,9208170.895766221,-0.08633862708136424,0.9962658487942389,1,SBY_27_368
TRS_SBY_0896,SBY,SBY_01_10,697258.344609995,9208163.268805072,-0.08633862708136424,0.9962658487942389,1,SBY_27_368
TRS_SBY_0897,SBY,SBY_01_10,697507.2595321144,9208186.602090593,-0.08633862708136424,0.9962658487942389,1,SBY_27_368
TRS_SBY_0898,SBY,SBY_01_10,697765.6571018117,9208100.514619062,-0.08633862708136424,0.9962658487942389,1,SBY_27_368
TRS_SBY_0899,SBY,SBY_01_10,698002.3880345209,9208264.439583672,-0.08633862708115883,0.9962658487942567,1,SBY_27_368
TRS_SBY_0900,SBY,SBY_01_10,698250.769230965,9208293.93155715,-0.08633862708136424,0.9962658487942389,1,SBY_27_368
TRS_SBY_0901,SBY,SBY_01_10,698496.3103312388,9208356.195546094,-0.08633862708115883,0.9962658487942567,1,SBY_27_368
TRS_SBY_0902,SBY,SBY_01_10,698741.247299252,9208425.43064819,-0.08633862708136424,0.9962658487942389,1,SBY_27_368
TRS_SBY_0903,SBY,SBY_01_10,698994.0771095832,9208403.589837728,-0.0863386270811577,0.9962658487942567,1,SBY_27_368
TRS_SBY_0904,SBY,SBY_01_10,699246.5973838837,9208385.3207794,-0.08633862708136424,0.9962658487942389,1,SBY_27_368
TRS_SBY_0905,SBY,SBY_01_10,699500.0331386696,9208356.487944776,-0.08633862708115883,0.9962658487942567,1,SBY_27_368
TRS_SBY_0906,SBY,SBY_01_10,699750.1436311563,9208366.025482468,-0.08633862708136424,0.9962658487942389,1,SBY_27_368
TRS_SBY_0907,SBY,SBY_01_10,700001.4826316761,9208361.387202926,-0.08633862708115883,0.9962658487942567,1,SBY_28_368
TRS_SBY_0908,SBY,SBY_01_10,700256.1675161093,9208318.14059719,-0.08633862708136424,0.9962658487942389,1,SBY_28_368
TRS_SBY_0909,SBY,SBY_01_10,700521.5778782467,9208151.1321538,-0.08633862708115883,0.9962658487942567,1,SBY_28_368
TRS_SBY_0910,SBY,SBY_01_10,700771.177323335,9208166.56669365,-0.08633862708136424,0.9962658487942389,1,SBY_28_368
TRS_SBY_0911,SBY,SBY_01_10,701016.4285093866,9208232.176017683,-0.08633862708115883,0.9962658487942567,1,SBY_28_368
TRS_SBY_0912,SBY,SBY_01_10,701278.9811444575,9208098.143033566,-0.08633862708136424,0.9962658487942389,1,SBY_28_368
TRS_SBY_0913,SBY,SBY_01_10,701539.8454105216,9208010.736361768,-0.08216060235813918,0.99661910247604,1,SBY_28_368
TRS_SBY_0914,SBY,SBY_01_10,701798.5344789721,9207976.65228502,-0.07221139710158393,0.9973893493158215,1,SBY_28_368
TRS_SBY_0915,SBY,SBY_01_10,702054.9981265556,9207960.477584615,-0.06222098568640359,0.9980623973180296,1,SBY_28_368
TRS_SBY_0916,SBY,SBY_01_10,702310.7195822976,9207944.130659362,-0.0521921413520652,0.9986370613897154,1,SBY_28_368
TRS_SBY_0917,SBY,SBY_01_10,702567.0855185641,9207894.54847025,-0.04212769965295804,0.9991122343970923,1,SBY_28_368
TRS_SBY_0918,SBY,SBY_01_10,702822.5861680867,9207827.292354647,-0.03203055490277884,0.9994868901354435,1,SBY_28_368
TRS_SBY_0919,SBY,SBY_01_10,703076.5316141314,9207749.124066036,-0.02190365640771188,0.9997600861386561,1,SBY_28_368
TRS_SBY_0920,SBY,SBY_01_10,703328.0732553563,9207703.508514864,-0.01175000450909466,0.9999309663141932,1,SBY_28_368
TRS_SBY_0921,SBY,SBY_01_10,703578.3798034228,9207575.530937195,-0.0015726464368324591,0.9999987633908278,1,SBY_28_368
TRS_SBY_0922,SBY,SBY_01_10,703826.3893058817,9207534.680397945,0.008625328006509315,0.9999628011665135,1,SBY_28_368
TRS_SBY_0923,SBY,SBY_01_10,704073.9895299352,9207539.877838222,0.018840790923275876,0.9998224965449544,1,SBY_28_368
TRS_SBY_0924,SBY,SBY_01_10,704324.2052880127,9207646.626336548,0.029070580942078303,0.9995773613501308,1,SBY_28_368
TRS_SBY_0925,SBY,SBY_01_10,704568.7258407967,9207564.264293361,0.03931150797017368,0.9992270039090771,1,SBY_28_368
TRS_SBY_0926,SBY,SBY_01_10,704819.1564974588,9207644.091215359,0.04956035805737112,0.9987711303943588,1,SBY_28_368
TRS_SBY_0927,SBY,SBY_01_10,705072.038050399,9207744.848232113,0.05981389835876536,0.998209545918655,1,SBY_28_368
TRS_SBY_0928,SBY,SBY_01_10,705323.9807785245,9207809.000862615,0.07006888217535766,0.9975421553752483,1,SBY_28_368
TRS_SBY_0929,SBY,SBY_01_10,705575.0853764501,9207851.830164341,0.08032205405697324,0.9967689640192801,1,SBY_28_368
TRS_SBY_0930,SBY,SBY_01_10,705822.2121164381,9207846.07171009,0.09057015494532866,0.9958900777862882,1,SBY_28_368
TRS_SBY_0931,SBY,SBY_01_11,706060.7949305343,9207759.936329959,0.10080992734404533,0.9949057033452409,1,SBY_28_368
TRS_SBY_0932,SBY,SBY_01_11,706298.110255168,9207668.466667403,0.11103812048876652,0.9938161478856751,1,SBY_28_368
TRS_SBY_0933,SBY,SBY_01_11,706536.8431417501,9207592.439559551,0.121251495508081,0.9926218186384248,1,SBY_28_368
TRS_SBY_0934,SBY,SBY_01_11,706773.4099826999,9207501.190188808,0.13144683054528455,0.9913232221327205,1,SBY_28_368
TRS_SBY_0935,SBY,SBY_01_11,707005.675364764,9207383.1359318,0.14162092583170688,0.9899209631917946,1,SBY_28_368
TRS_SBY_0936,SBY,SBY_01_11,707237.1156716715,9207266.417941347,0.1517706086867219,0.9884157436720956,1,SBY_28_368
TRS_SBY_0937,SBY,SBY_01_11,707468.5550376608,9207155.821836881,0.16189273842740964,0.9868083609518489,1,SBY_28_368
TRS_SBY_0938,SBY,SBY_01_11,707683.4763042857,9206955.649603624,0.17198421117533588,0.9850997061751656,1,SBY_28_368
TRS_SBY_0939,SBY,SBY_01_11,707917.394297766,9206873.06052044,0.1820419645343317,0.9832907622613369,1,SBY_28_368
TRS_SBY_0940,SBY,SBY_01_11,708140.9981228904,9206739.273966879,0.19206298213268036,0.9813826016871817,1,SBY_28_368
TRS_SBY_0941,SBY,SBY_01_11,708362.8259682247,9206603.567906693,0.20204429800550455,0.9793763840543954,1,SBY_28_368
TRS_SBY_0942,SBY,SBY_01_11,708568.5893320069,9206400.371233653,0.211983000812701,0.977273353451552,1,SBY_28_368
TRS_SBY_0943,SBY,SBY_01_11,708769.4142204109,9206188.061338548,0.22187623786862803,0.9750748356250735,1,SBY_28_368
TRS_SBY_0944,SBY,SBY_01_11,708994.5508090621,9206090.692132358,0.23172121898086304,0.9727822349704084,1,SBY_28_368
TRS_SBY_0945,SBY,SBY_01_11,709252.9029621873,9206129.281819379,0.24151522007952006,0.9703970313587842,1,SBY_28_368
TRS_SBY_0946,SBY,SBY_01_11,709466.0920348145,9205985.084331455,0.25125558663280906,0.9679207768127529,1,SBY_28_368
TRS_SBY_0947,SBY,SBY_01_11,709696.5473477888,9205910.783990119,0.2609397368368196,0.9653550920462021,1,SBY_28_368
TRS_SBY_0948,SBY,SBY_01_11,709938.7833079118,9205878.864366325,0.2705651645747261,0.9627016628834976,1,SBY_28_368
TRS_SBY_0949,SBY,SBY_01_11,710186.3060260967,9205851.339685531,0.276108180114595,0.9611265644408161,1,SBY_28_368
TRS_SBY_0950,SBY,SBY_01_11,710463.89299987,9205912.171691414,0.27610818011478616,0.9611265644407612,1,SBY_28_368
TRS_SBY_0951,SBY,SBY_01_11,710696.4719161423,9205816.331628904,0.27610818011478616,0.9611265644407612,1,SBY_28_368
TRS_SBY_0952,SBY,SBY_01_11,710912.2140613104,9205661.883132696,0.27610818011478616,0.9611265644407612,1,SBY_28_368
TRS_SBY_0953,SBY,SBY_01_11,711131.1477513581,9205518.544334736,0.276108180114595,0.9611265644408161,1,SBY_28_368
TRS_SBY_0954,SBY,SBY_01_11,711350.0814414055,9205375.205536777,0.27610818011478616,0.9611265644407612,1,SBY_28_368
TRS_SBY_0955,SBY,SBY_01_11,711610.7771773194,9205377.23951137,0.27610818011478616,0.9611265644407612,1,SBY_28_368
TRS_SBY_0956,SBY,SBY_01_11,711890.4881714327,9205445.465185817,0.27610818011478616,0.9611265644407612,1,SBY_28_368
TRS_SBY_0957,SBY,SBY_01_11,712135.7595630386,9205393.807353644,0.27610818011478616,0.9611265644407612,1,SBY_28_368
TRS_SBY_0958,SBY,SBY_01_11,712371.7049069582,9205309.685752487,0.276108180114595,0.9611265644408161,1,SBY_28_368
TRS_SBY_0959,SBY,SBY_01_11,712607.650250876,9205225.56415133,0.27610818011478616,0.9611265644407612,1,SBY_28_368
TRS_SBY_0960,SBY,SBY_01_11,712843.5955947945,9205141.442550173,0.27610818011478616,0.9611265644407612,1,SBY_28_368
TRS_SBY_0961,SBY,SBY_01_11,713079.5409387129,9205057.320949016,0.27610818011478616,0.9611265644407612,1,SBY_28_368
TRS_SBY_0962,SBY,SBY_01_11,713315.7049286384,9204973.960449848,0.276108180114595,0.9611265644408161,1,SBY_28_368
TRS_SBY_0963,SBY,SBY_01_11,713552.701841225,9204893.499336332,0.276108180114595,0.9611265644408161,1,SBY_28_368
TRS_SBY_0964,SBY,SBY_01_11,713789.6987538105,9204813.038222816,0.27610818011478616,0.9611265644407612,1,SBY_28_368
TRS_SBY_0965,SBY,SBY_01_11,714026.6956663961,9204732.577109298,0.27610818011478616,0.9611265644407612,1,SBY_28_368
TRS_SBY_0966,SBY,SBY_01_11,714269.9336308403,9204673.84096144,0.27610818011478616,0.9611265644407612,1,SBY_28_368
TRS_SBY_0967,SBY,SBY_01_11,714517.3208538608,9204629.54829236,0.276108180114595,0.9611265644408161,1,SBY_28_368
TRS_SBY_0968,SBY,SBY_01_11,714751.4159875686,9204538.986149734,0.276108180114595,0.9611265644408161,1,SBY_28_368
TRS_SBY_0969,SBY,SBY_01_11,714990.5929480434,9204466.113735463,0.27610818011478616,0.9611265644407612,1,SBY_28_368
TRS_SBY_0970,SBY,SBY_01_11,715234.3409826765,9204409.15313083,0.27610818011478616,0.9611265644407612,1,SBY_28_368
TRS_SBY_0971,SBY,SBY_01_11,715478.0890173091,9204352.192526193,0.27610818011478616,0.9611265644407612,1,SBY_28_368
TRS_SBY_0972,SBY,SBY_01_11,715721.8370519433,9204295.23192156,0.276108180114595,0.9611265644408161,1,SBY_28_368
TRS_SBY_0973,SBY,SBY_01_11,715961.9702690151,9204225.688215686,0.27610818011478616,0.9611265644407612,1,SBY_28_368
TRS_SBY_0974,SBY,SBY_01_11,716199.0753993428,9204145.603805773,0.27610818011478616,0.9611265644407612,1,SBY_28_368
TRS_SBY_0975,SBY,SBY_01_11,716436.1805296707,9204065.51939586,0.27610818011478616,0.9611265644407612,1,SBY_28_368
TRS_SBY_0976,SBY,SBY_01_11,716673.285659999,9203985.434985947,0.276108180114595,0.9611265644408161,1,SBY_28_368
TRS_SBY_0977,SBY,SBY_01_11,716908.5070371983,9203898.793272398,0.276108180114595,0.9611265644408161,1,SBY_28_368
TRS_SBY_0978,SBY,SBY_01_11,717145.006767262,9203816.601477347,0.27610818011478616,0.9611265644407612,1,SBY_28_368
TRS_SBY_0979,SBY,SBY_01_11,717403.3846712463,9203810.56712945,0.27610818011478616,0.9611265644407612,1,SBY_28_368
TRS_SBY_0980,SBY,SBY_01_11,717658.7738032266,9203794.128931269,0.27610818011478616,0.9611265644407612,1,SBY_28_368
TRS_SBY_0981,SBY,SBY_01_11,717895.1535943853,9203711.519631496,0.276108180114595,0.9611265644408161,1,SBY_28_368
TRS_SBY_0982,SBY,SBY_01_11,718165.9703852707,9203748.78477812,0.276108180114595,0.9611265644408161,1,SBY_28_368
TRS_SBY_0983,SBY,SBY_01_11,718387.8696635787,9203615.769128341,0.27610818011478616,0.9611265644407612,1,SBY_28_368
TRS_SBY_0984,SBY,SBY_01_11,718638.9608327352,9203584.369815132,0.2761081801147896,0.9611265644407603,1,SBY_28_368
TRS_SBY_0985,SBY,SBY_01_11,718890.0520018911,9203552.97050192,0.27610818011478616,0.9611265644407612,1,SBY_28_368
TRS_SBY_0986,SBY,SBY_01_11,719142.1949370957,9203525.232363427,0.2761081801145984,0.9611265644408152,1,SBY_28_368
TRS_SBY_0987,SBY,SBY_01_11,719401.8421048082,9203523.616294937,0.27610818011478616,0.9611265644407612,1,SBY_28_368
TRS_SBY_0988,SBY,SBY_01_11,719651.4238342493,9203486.962654937,0.2761081801147896,0.9611265644407603,1,SBY_28_368
TRS_SBY_0989,SBY,SBY_01_11,719893.008179806,9203422.47029573,0.2761081801147896,0.9611265644407603,1,SBY_28_368
TRS_SBY_0990,SBY,SBY_01_11,720118.2501496241,9203301.090482326,0.2761081801145984,0.9611265644408152,1,SBY_28_368
TRS_SBY_0991,SBY,SBY_01_11,720337.668196175,9203159.43771881,0.2761081801145984,0.9611265644408152,1,SBY_28_368
TRS_SBY_0992,SBY,SBY_01_11,720502.3025897761,9202827.084251953,0.2761081801147896,0.9611265644407603,1,SBY_28_368
TRS_SBY_0993,SBY,SBY_01_11,720715.0685632695,9202662.275766933,0.2761081801147896,0.9611265644407603,1,SBY_28_368
TRS_SBY_0994,SBY,SBY_01_11,720963.9438764167,9202623.163107192,0.2761081801147896,0.9611265644407603,1,SBY_28_368
TRS_SBY_0995,SBY,SBY_01_11,721259.5128863724,9202746.590189574,0.2761081801145984,0.9611265644408152,1,SBY_28_368
TRS_SBY_0996,SBY,SBY_01_11,721566.6627817729,9202910.330082089,0.2761081801145984,0.9611265644408152,1,SBY_28_368
TRS_SBY_0997,SBY,SBY_01_11,721849.0201559769,9202987.767748024,0.2761081801147896,0.9611265644407603,1,SBY_28_368
TRS_SBY_0998,SBY,SBY_01_11,722119.6772278791,9203024.476916347,0.2761081801147896,0.9611265644407603,1,SBY_28_368
TRS_SBY_0999,SBY,SBY_01_11,722375.4406389111,9203009.341575397,0.2761081801147896,0.9611265644407603,1,SBY_28_368
TRS_SBY_1000,SBY,SBY_01_11,722594.4191559766,9202866.15881931,0.2761081801145984,0.9611265644408152,1,SBY_28_368
TRS_SBY_1001,SBY,SBY_01_11,722818.9229179699,9202742.20932054,0.2761081801145984,0.9611265644408152,1,SBY_28_368
TRS_SBY_1002,SBY,SBY_01_11,723059.672315241,9202674.810524527,0.2761081801147896,0.9611265644407603,1,SBY_28_368
TRS_SBY_1003,SBY,SBY_01_11,723294.6827411156,9202587.434494011,0.2761081801147896,0.9611265644407603,1,SBY_28_368
TRS_SBY_1004,SBY,SBY_01_11,723537.0923091791,9202525.814716386,0.2761081801147896,0.9611265644407603,1,SBY_28_368
TRS_SBY_1005,SBY,SBY_01_11,723789.1691823878,9202497.84661752,0.2761081801145984,0.9611265644408152,1,SBY_28_368
TRS_SBY_1006,SBY,SBY_01_11,724029.0608843975,9202427.462202974,0.2761081801147896,0.9611265644407603,1,SBY_28_368
TRS_SBY_1007,SBY,SBY_01_11,724285.0598814274,9202413.146931754,0.2761081801147896,0.9611265644407603,1,SBY_28_368
TRS_SBY_1008,SBY,SBY_01_11,724542.2270096067,9202402.897899637,0.2761081801147896,0.9611265644407603,1,SBY_28_368
TRS_SBY_1009,SBY,SBY_01_11,724793.4876593045,9202372.088544501,0.2761081801145984,0.9611265644408152,1,SBY_28_368
TRS_SBY_1010,SBY,SBY_01_11,725016.0382437602,9202241.34007724,0.2761081801145984,0.9611265644408152,1,SBY_29_368
TRS_SBY_1011,SBY,SBY_01_11,725279.5555790813,9202253.195977949,0.2761081801147896,0.9611265644407603,1,SBY_29_368
TRS_SBY_1012,SBY,SBY_01_11,725477.0125916372,9202035.097333163,0.2761081801147896,0.9611265644407603,1,SBY_29_368
TRS_SBY_1013,SBY,SBY_01_11,725723.6734681481,9201988.276267696,0.2761081801147896,0.9611265644407603,1,SBY_29_368
TRS_SBY_1014,SBY,SBY_01_11,725954.7055042256,9201887.0515489,0.2761081801145984,0.9611265644408152,1,SBY_29_368
TRS_SBY_1015,SBY,SBY_01_11,726212.7718437669,9201879.932651957,0.2761081801145984,0.9611265644408152,1,SBY_29_368
TRS_SBY_1016,SBY,SBY_01_11,726463.8132518731,9201848.360121617,0.2761081801147896,0.9611265644407603,1,SBY_29_368
TRS_SBY_1017,SBY,SBY_01_11,726707.9077443044,9201792.605529036,0.2761081801147896,0.9611265644407603,1,SBY_29_368
TRS_SBY_1018,SBY,SBY_01_11,726961.6197057187,9201770.329136625,0.2761081801147896,0.9611265644407603,1,SBY_29_368
TRS_SBY_1019,SBY,SBY_01_11,727195.5711125616,9201679.266683912,0.2761081801145984,0.9611265644408152,1,SBY_29_368
TRS_SBY_1020,SBY,SBY_01_11,727432.2428843447,9201597.673762338,0.27610818011478616,0.9611265644407612,1,SBY_29_368
TRS_SBY_1021,SBY,SBY_01_11,727666.6364677062,9201506.58543038,0.2714032176772428,0.9624657362391863,1,SBY_29_368
TRS_SBY_1022,SBY,SBY_01_11,727906.8961856061,9201434.013476849,0.2615189103918183,0.9651983524164741,1,SBY_29_368
TRS_SBY_1023,SBY,SBY_01_11,728125.9096914853,9201279.410264421,0.2515713612268267,0.9678387521743907,1,SBY_29_368
TRS_SBY_1024,SBY,SBY_01_11,728369.5526969103,9201216.194182979,0.24156326437195477,0.9703850726932918,1,SBY_29_368
TRS_SBY_1025,SBY,SBY_01_11,728618.5356217873,9201175.970159404,0.23149740031682234,0.9728355224016817,1,SBY_29_368
TRS_SBY_1026,SBY,SBY_01_11,728859.5236231689,9201103.322903037,0.2213766325605668,0.9751883851626534,1,SBY_29_368
TRS_SBY_1027,SBY,SBY_01_11,729082.9920482632,9200949.243455118,0.21120390404078407,0.9774420243257047,1,SBY_29_368
TRS_SBY_1028,SBY,SBY_01_11,729358.480519359,9201039.681598026,0.20098223329195106,0.9795948866245576,1,SBY_29_368
TRS_SBY_1029,SBY,SBY_01_11,729617.1784763165,9201061.594674503,0.19071471034385373,0.9816455059024414,1,SBY_29_368
TRS_SBY_1030,SBY,SBY_01_11,729857.2449552737,9200992.710026138,0.18040449236954145,0.9835925066473861,1,SBY_29_368
TRS_SBY_1031,SBY,SBY_01_11,730075.830809159,9200799.364482561,0.17005479909677024,0.9854346073201189,1,SBY_29_368
TRS_SBY_1032,SBY,SBY_01_11,730316.5966407259,9200726.506712519,0.1596689079984268,0.9871706234580676,1,SBY_29_368
TRS_SBY_1033,SBY,SBY_01_11,730566.1040922749,9200711.029106436,0.1492501492757186,0.9887994705405013,1,SBY_29_368
TRS_SBY_1034,SBY,SBY_01_11,730806.1455823857,9200636.268833503,0.13880190065364387,0.9903201666001435,1,SBY_29_368
TRS_SBY_1035,SBY,SBY_01_11,731045.0747516539,9200551.967294073,0.12832758200362385,0.9917318345687524,1,SBY_29_368
TRS_SBY_1036,SBY,SBY_01_11,731290.6620348216,9200521.023013134,0.11783064981826952,0.9930337043441195,1,SBY_29_368
TRS_SBY_1037,SBY,SBY_01_11,731534.2137083644,9200478.797836123,0.10731459155260104,0.9942251145690791,1,SBY_29_368
TRS_SBY_1038,SBY,SBY_01_11,731776.3391875617,9200427.810967028,0.0967829198583509,0.9953055141129744,1,SBY_29_368
TRS_SBY_1039,SBY,SBY_01_12,732030.076993108,9200512.797929548,0.0862391667313825,0.9962744632486957,1,SBY_29_368
TRS_SBY_1040,SBY,SBY_01_12,732278.0831503011,9200542.899232123,0.07568687759287131,0.997131634519857,1,SBY_29_368
TRS_SBY_1041,SBY,SBY_01_12,732527.5124841082,9200596.693925023,0.0651296053325388,0.997876813293719,1,SBY_29_368
TRS_SBY_1042,SBY,SBY_01_12,732768.7176460499,9200511.460153773,0.054570904330830644,0.99850989799827,1,SBY_29_368
TRS_SBY_1043,SBY,SBY_01_12,733019.3384123587,9200603.797419269,0.03759168253174466,0.9992931829070147,1,SBY_29_368
TRS_SBY_1044,SBY,SBY_01_12,733264.1204558865,9200652.034114167,0.0015879249392287047,0.9999987392463989,1,SBY_29_368
TRS_SBY_1045,SBY,SBY_01_12,733507.6960734956,9200677.788151203,-0.03620462537536381,0.9993443976434899,1,SBY_29_368
TRS_SBY_1046,SBY,SBY_01_12,733750.8866189627,9200703.501473317,-0.07574854793967738,0.997126951538785,1,SBY_29_368
TRS_SBY_1047,SBY,SBY_01_12,733989.9409455289,9200760.808989765,-0.1169692424602661,0.993135537738063,1,SBY_29_368
TRS_SBY_1048,SBY,SBY_01_12,734225.8302149301,9200817.703378705,-0.1597493522393742,0.9871576087226905,1,SBY_29_368
TRS_SBY_1049,SBY,SBY_01_12,734459.1005018571,9200870.559024725,-0.2039241451024321,0.9789866919648307,1,SBY_29_368
TRS_SBY_1050,SBY,SBY_01_12,734689.1985110977,9200922.695878873,-0.24927855372297375,0.9684318265390613,1,SBY_29_368
TRS_SBY_1051,SBY,SBY_01_12,734904.4983429488,9201011.107995156,-0.2955466241980395,0.9553283168236681,1,SBY_29_368
TRS_SBY_1052,SBY,SBY_01_12,735154.2648674815,9201021.458750604,-0.30480696601803203,0.95241415018199,1,SBY_29_368
TRS_SBY_1053,SBY,SBY_01_12,735401.1464771396,9201066.893681781,-0.29219318234235825,0.9563593175123278,1,SBY_29_368
TRS_SBY_1054,SBY,SBY_01_12,735664.8841684733,9201056.903800882,-0.2791005573477803,0.9602618803681412,1,SBY_29_368
TRS_SBY_1055,SBY,SBY_01_12,735943.3626378046,9200990.062660009,-0.2655094036635111,0.9641082701472106,1,SBY_29_368
TRS_SBY_1056,SBY,SBY_01_12,736221.6994545468,9200913.25265748,-0.2513996540163386,0.9678833679532184,1,SBY_29_368
TRS_SBY_1057,SBY,SBY_01_12,736485.8037555378,9200883.364548381,-0.2306425721864147,0.9730385418344099,1,SBY_29_368
TRS_SBY_1058,SBY,SBY_01_12,736738.6854198964,9200895.971209189,-0.20206173562419197,0.9793727865305116,1,SBY_29_368
TRS_SBY_1059,SBY,SBY_01_12,736993.2594107927,9200894.978199968,-0.172082385739489,0.9850825612699707,3,SBY_29_368
TRS_SBY_1060,SBY,SBY_01_12,737241.3170464691,9200928.57790996,-0.1406909417391542,0.9900535636583255,3,SBY_29_368
TRS_SBY_1061,SBY,SBY_01_13,737442.8023200835,9200930.609307589,-0.10788841975288868,0.9941630092108761,5,SBY_29_368
TRS_SBY_1062,SBY,SBY_01_13,737370.5329231955,9202575.276124287,-0.0736932069265339,0.9972809590345556,1,SBY_29_368
TRS_SBY_1063,SBY,SBY_01_13,737458.3422250581,9202639.146659605,-0.038143828115680456,0.9992722593851395,1,SBY_29_368
TRS_SBY_1064,SBY,SBY_01_13,737534.1287692402,9202701.25360052,-0.0013015438743987809,0.9999991529914128,1,SBY_29_368
TRS_SBY_1065,SBY,SBY_01_13,737578.1471493767,9202737.326586347,0.013034895806617252,0.9999150421367361,1,SBY_29_368
TRS_SBY_1066,SBY,SBY_01_13,737609.8439783978,9202792.21111162,0.015463329837663325,0.999880435567339,1,SBY_29_368
TRS_SBY_1067,SBY,SBY_01_13,737640.5918443715,9202846.46746592,0.017890682493349592,0.999839948931789,3,SBY_29_368
TRS_SBY_1068,SBY,SBY_01_13,737673.0238517844,9203029.872609751,0.020316911600411453,0.9997935902490179,1,SBY_29_368
TRS_SBY_1069,SBY,SBY_01_13,737701.4151370603,9203049.406913685,0.022741975099702442,0.9997413678389849,1,SBY_29_368
TRS_SBY_1070,SBY,SBY_01_14,737809.7166849382,9202943.591527618,0.025165831047182046,0.9996832903213421,1,SBY_29_368
TRS_SBY_1071,SBY,SBY_01_14,737966.8160479903,9202854.22764434,0.027588437620277025,0.9996193666139489,1,SBY_29_368
TRS_SBY_1072,SBY,SBY_01_14,738127.9619405068,9202882.28466657,0.03000975311755169,0.9995496059315033,1,SBY_29_368
TRS_SBY_1073,SBY,SBY_01_14,738288.8451795164,9202868.651650608,0.032429735966603764,0.9994740177839224,1,SBY_29_368
TRS_SBY_1074,SBY,SBY_01_14,738450.6133087287,9202854.943650313,0.03484834472367979,0.9993926119749033,1,SBY_29_368
TRS_SBY_1075,SBY,SBY_01_14,738609.2425637454,9202733.28665503,0.037265538079931104,0.9993053986002544,1,SBY_29_368
TRS_SBY_1076,SBY,SBY_01_14,738768.0430014948,9202606.785812426,0.03968127486256284,0.999212388046346,1,SBY_29_368
TRS_SBY_1077,SBY,SBY_01_14,738927.1723170236,9202480.022984928,0.04209551403944385,0.9991135909884096,1,SBY_29_368
TRS_SBY_1078,SBY,SBY_01_14,739078.2175267445,9202164.211054452,0.04450821472178934,0.9990090183888628,1,SBY_29_368
TRS_SBY_1079,SBY,SBY_01_14,739217.2325781591,9201529.977206985,0.05638158111977976,0.998409293481603,1,SBY_29_368
TRS_SBY_1080,SBY,SBY_01_14,739349.2364340156,9200950.663976245,0.09274080464221432,0.9956902847544082,1,SBY_29_368
TRS_SBY_1081,SBY,SBY_01_14,739491.3709879465,9200663.470074337,0.12629565140235383,0.9919926453542159,1,SBY_29_368
TRS_SBY_1082,SBY,SBY_01_14,739654.4156594136,9200543.616854317,0.15725565787503076,0.9875579264358578,1,SBY_29_368
TRS_SBY_1083,SBY,SBY_01_15,739877.7422658709,9200518.950285988,0.1858288037011894,0.9825821368796528,1,SBY_29_368
TRS_SBY_1084,SBY,SBY_01_15,740130.464758455,9200541.26826919,0.2122155851632082,0.9772228739718678,1,SBY_29_368
TRS_SBY_1085,SBY,SBY_01_15,740383.8407294445,9200563.643961227,0.23660540779264477,0.9716058259414032,1,SBY_29_368
TRS_SBY_1086,SBY,SBY_01_15,740637.8173987035,9200586.072701069,0.2591746393387408,0.9658304749404181,1,SBY_29_368
TRS_SBY_1087,SBY,SBY_01_15,740899.5153861623,9200633.117684193,0.28008581127197074,0.9599749675507804,1,SBY_29_368
TRS_SBY_1088,SBY,SBY_01_15,741162.1738560802,9200692.043568345,0.27036379762775503,0.9627582338948333,1,SBY_29_368
TRS_SBY_1089,SBY,SBY_01_15,741420.1347793657,9200749.915585514,0.24369945820063652,0.9698507999031172,1,SBY_29_368
TRS_SBY_1090,SBY,SBY_01_15,741675.2828876699,9200807.156564174,0.21712825101444008,0.9761430851117118,1,SBY_29_368
TRS_SBY_1091,SBY,SBY_01_15,741927.7729625342,9200863.801228652,0.19071035799948077,0.9816463514686489,1,SBY_29_368
TRS_SBY_1092,SBY,SBY_01_15,742177.7486337743,9200919.881801454,0.16450280622571103,0.9863766150633674,1,SBY_29_368
TRS_SBY_1093,SBY,SBY_01_15,742425.3433660377,9200975.428224588,0.13855899216238035,0.9903541819424733,1,SBY_29_368
TRS_SBY_1094,SBY,SBY_01_15,742670.42864573,9201028.244997967,0.11292830211896207,0.9936031393773515,1,SBY_29_368
TRS_SBY_1095,SBY,SBY_01_15,742911.1331122967,9201053.831386406,0.08765583036680387,0.9961508196065022,1,SBY_29_368
TRS_SBY_1096,SBY,SBY_01_15,743151.2819254862,9201079.358710036,0.06278219298605747,0.9980272522550983,1,SBY_29_368
TRS_SBY_1097,SBY,SBY_01_15,743390.8977941716,9201104.829382764,0.038343432490470314,0.9992646202006997,1,SBY_29_368
TRS_SBY_1098,SBY,SBY_01_15,743630.0022064118,9201130.245688727,0.014371005920500285,0.9998967317622521,1,SBY_29_368
TRS_SBY_1099,SBY,SBY_01_15,743868.6155104014,9201155.609790897,-0.009108152669910203,0.9999585199171721,1,SBY_29_368
TRS_SBY_1100,SBY,SBY_01_15,744106.7569890636,9201180.923739007,-0.03207150552865644,0.9994855769510259,1,SBY_29_368
TRS_SBY_1101,SBY,SBY_01_15,744352.0800048906,9201207.001069708,-0.0397116282323581,0.9992111821747868,1,SBY_29_368
TRS_SBY_1102,SBY,SBY_01_15,744601.2248286457,9201233.48465071,-0.039711628232151464,0.9992111821747951,1,SBY_29_368
TRS_SBY_1103,SBY,SBY_01_15,744850.3698268003,9201259.963843523,-0.0397116282323581,0.9992111821747868,1,SBY_29_368
TRS_SBY_1104,SBY,SBY_01_15,745099.5149584627,9201286.439677062,-0.039711628232151464,0.9992111821747951,1,SBY_29_368
TRS_SBY_1105,SBY,SBY_01_15,745349.88497907,9201282.095250001,-0.0397116282323581,0.9992111821747868,1,SBY_29_368
TRS_SBY_1106,SBY,SBY_01_15,745601.0127762365,9201258.683893554,-0.039711628232151464,0.9992111821747951,1,SBY_29_368
TRS_SBY_1107,SBY,SBY_01_15,745852.1406120675,9201235.271564241,-0.0397116282323581,0.9992111821747868,1,SBY_29_368
TRS_SBY_1108,SBY,SBY_01_15,746103.2685948478,9201211.855537444,-0.039711628232151464,0.9992111821747951,1,SBY_29_368
TRS_SBY_1109,SBY,SBY_01_15,746354.3965776277,9201188.43951065,-0.0397116282323581,0.9992111821747868,1,SBY_29_368
TRS_SBY_1110,SBY,SBY_01_15,746605.5245604077,9201165.023483852,-0.039711628232151464,0.9992111821747951,1,SBY_29_368
TRS_SBY_1111,SBY,SBY_01_15,746856.6525431878,9201141.607457055,-0.0397116282323581,0.9992111821747868,1,SBY_29_368
TRS_SBY_1112,SBY,SBY_01_15,747107.7805259678,9201118.19143026,-0.039711628232151464,0.9992111821747951,1,SBY_29_368
TRS_SBY_1113,SBY,SBY_01_15,747358.9085087478,9201094.775403462,-0.0397116282323581,0.9992111821747868,1,SBY_29_368
TRS_SBY_1114,SBY,SBY_01_15,747610.0364915278,9201071.359376667,-0.0397116282323581,0.9992111821747868,1,SBY_29_368
TRS_SBY_1115,SBY,SBY_01_15,747861.4620926802,9201040.454772374,-0.0397116282323581,0.9992111821747868,1,SBY_29_368
TRS_SBY_1116,SBY,SBY_01_15,748113.2869586677,9200999.50399506,-0.0397116282323581,0.9992111821747868,1,SBY_29_368
TRS_SBY_1117,SBY,SBY_01_15,748365.6461746707,9200945.108074997,-0.0397116282323581,0.9992111821747868,1,SBY_29_368
TRS_SBY_1118,SBY,SBY_01_15,748617.265296354,9200909.334169513,-0.0397116282323581,0.9992111821747868,1,SBY_29_368
TRS_SBY_1119,SBY,SBY_01_15,748869.0981803254,9200868.181646278,-0.0397116282323581,0.9992111821747868,1,SBY_29_368
TRS_SBY_1120,SBY,SBY_01_15,749120.4339161916,9200839.538203329,-0.0397116282323581,0.9992111821747868,1,SBY_29_368
TRS_SBY_1121,SBY,SBY_01_15,749372.1837523499,9200800.475302381,-0.0397116282323581,0.9992111821747868,1,SBY_29_368
TRS_SBY_1122,SBY,SBY_01_15,749623.6766315306,9200767.877870033,-0.0397116282323581,0.9992111821747868,1,SBY_29_368
TRS_SBY_1123,SBY,SBY_01_15,749873.8429968336,9200768.657752061,-0.039711628232151464,0.9992111821747951,1,SBY_29_368
TRS_SBY_1124,SBY,SBY_01_15,750117.4654707013,9200934.092919914,-0.0397116282323581,0.9992111821747868,1,SBY_30_368
TRS_SBY_1125,SBY,SBY_01_15,750356.0527262667,9201226.222626783,-0.039711628232151464,0.9992111821747951,1,SBY_30_368
TRS_SBY_1126,SBY,SBY_01_15,750610.0580671844,9201130.407442505,-0.0397116282323581,0.9992111821747868,1,SBY_30_368
TRS_SBY_1127,SBY,SBY_01_15,750853.8349334976,9201291.957837436,-0.039711628232151464,0.9992111821747951,1,SBY_30_368
TRS_SBY_1128,SBY,SBY_01_15,751095.072983385,9201517.38911248,-0.0397116282323581,0.9992111821747868,1,SBY_30_368
TRS_SBY_1129,SBY,SBY_01_15,751340.1285364163,9201646.7656046,-0.039711628232151464,0.9992111821747951,1,SBY_30_368
TRS_SBY_1130,SBY,SBY_01_15,751588.9257997259,9201681.994389435,-0.0397116282323581,0.9992111821747868,1,SBY_30_368
TRS_SBY_1131,SBY,SBY_01_15,751838.0970451742,9201707.813156316,-0.039711628232151464,0.9992111821747951,1,SBY_30_368
TRS_SBY_1132,SBY,SBY_01_15,752086.6322596925,9201749.635528326,-0.0397116282323581,0.9992111821747868,1,SBY_30_368
TRS_SBY_1133,SBY,SBY_01_15,752336.9684987131,9201746.14110266,-0.039711628232151464,0.9992111821747951,1,SBY_30_368
TRS_SBY_1134,SBY,SBY_01_15,752587.9468979657,9201726.488848336,-0.0397116282323581,0.9992111821747868,1,SBY_30_368
TRS_SBY_1135,SBY,SBY_01_15,752841.3022374661,9201647.028790094,-0.039711628232151464,0.9992111821747951,1,SBY_30_368
TRS_SBY_1136,SBY,SBY_01_15,753095.3077760757,9201551.208631553,-0.0397116282323581,0.9992111821747868,1,SBY_30_368
TRS_SBY_1137,SBY,SBY_01_15,753346.6147696655,9201523.288392494,-0.039711628232151464,0.9992111821747951,1,SBY_30_368
TRS_SBY_1138,SBY,SBY_01_15,753594.1822044882,9201589.461725086,-0.0397116282323581,0.9992111821747868,1,SBY_30_368
TRS_SBY_1139,SBY,SBY_01_15,753857.5235766699,9201258.73633311,-0.039711628232151464,0.9992111821747951,3,SBY_30_368
TRS_SBY_1140,SBY,SBY_01_15,754094.8497369831,9201582.597311994,-0.0397116282323581,0.9992111821747868,1,SBY_30_368
TRS_SBY_1141,SBY,SBY_01_15,754345.1086160566,9201581.049392363,-0.0397116282323581,0.9992111821747868,1,SBY_30_368
TRS_SBY_1142,SBY,SBY_01_15,754599.3749440564,9201478.6673353,-0.0397116282323581,0.9992111821747868,1,SBY_30_368
TRS_SBY_1143,SBY,SBY_01_15,754849.5004821222,9201480.4744991,-0.0397116282323581,0.9992111821747868,1,SBY_30_368
TRS_SBY_1144,SBY,SBY_01_15,755099.5069366872,9201485.278003553,-0.03971162823235861,0.9992111821747868,1,SBY_30_368
TRS_SBY_1145,SBY,SBY_01_15,755351.5465539003,9201438.92372516,-0.0397116282323581,0.9992111821747868,1,SBY_30_368
TRS_SBY_1146,SBY,SBY_01_15,755601.0338771626,9201456.78944402,-0.0397116282323581,0.9992111821747868,1,SBY_30_368
TRS_SBY_1147,SBY,SBY_01_15,755853.7844035536,9201392.54749817,-0.0397116282323581,0.9992111821747868,1,SBY_30_368
TRS_SBY_1148,SBY,SBY_01_15,756101.3327257191,9201459.201737281,-0.0397116282323581,0.9992111821747868,1,SBY_30_368
TRS_SBY_1149,SBY,SBY_01_15,756346.6102228042,9201582.993744696,-0.0397116282323581,0.9992111821747868,1,SBY_30_368
TRS_SBY_1150,SBY,SBY_01_15,756591.2608668351,9201722.558426501,-0.039711628232151464,0.9992111821747951,1,SBY_30_368
TRS_SBY_1151,SBY,SBY_01_15,756836.1595477369,9201855.882084548,-0.0397116282323581,0.9992111821747868,1,SBY_30_368
TRS_SBY_1152,SBY,SBY_01_15,757085.8822694533,9201867.82478343,-0.039711628232151464,0.9992111821747951,1,SBY_30_368
TRS_SBY_1153,SBY,SBY_01_15,757335.7681563726,9201875.66197209,-0.03971162823235861,0.9992111821747868,1,SBY_30_368
TRS_SBY_1154,SBY,SBY_01_15,757584.5750984831,9201910.647222063,-0.039711628232151464,0.9992111821747951,1,SBY_30_368
TRS_SBY_1155,SBY,SBY_01_15,757835.4038405374,9201894.760593897,-0.0397116282323581,0.9992111821747868,1,SBY_30_368
TRS_SBY_1156,SBY,SBY_01_15,758089.4027338702,9201799.107641673,-0.039711628232151464,0.9992111821747951,1,SBY_30_368
TRS_SBY_1157,SBY,SBY_01_15,758343.2744267024,9201706.655267414,-0.0397116282323581,0.9992111821747868,1,SBY_30_368
TRS_SBY_1158,SBY,SBY_01_15,758605.3602282922,9201407.522137739,-0.039711628232151464,0.9992111821747951,1,SBY_30_368
TRS_SBY_1159,SBY,SBY_01_15,758838.5985116628,9201834.24095787,-0.0397116282323581,0.9992111821747868,1,SBY_30_368
TRS_SBY_1160,SBY,SBY_01_15,759088.8859849842,9201831.973558998,-0.039711628232151464,0.9992111821747951,1,SBY_30_368
TRS_SBY_1161,SBY,SBY_01_15,759355.503588722,9201418.812685227,-0.0397116282323581,0.9992111821747868,3,SBY_30_368
TRS_SBY_1162,SBY,SBY_03_00,743306.4917832745,9191303.399068795,0.10167937416142726,0.9948172218403442,2,SBY_29_367
TRS_SBY_1163,SBY,SBY_03_00,743549.024010767,9191217.592450611,0.10167937417492046,0.994817221838965,2,SBY_29_367
TRS_SBY_1164,SBY,SBY_03_02,743530.7530272246,9191718.473081108,-0.10167937415845758,-0.9948172218406477,2,SBY_29_367
TRS_SBY_1165,SBY,SBY_03_02,743282.5637692153,9191748.932079118,-0.10167937416334187,-0.9948172218401483,2,SBY_29_367
