{
"type": "FeatureCollection",
"name": "garis_pantai_osm",
"crs": { "type": "name", "properties": { "name": "urn:ogc:def:crs:OGC:1.3:CRS84" } },
"xy_coordinate_resolution": 1e-06,
"features": [
{ "type": "Feature", "properties": { "wilayah": "PKL" }, "geometry": { "type": "LineString", "coordinates": [ [ 109.950594, -6.919358 ], [ 109.950379, -6.919403 ], [ 109.950239, -6.919459 ], [ 109.950135, -6.919478 ], [ 109.950055, -6.919509 ], [ 109.950006, -6.919536 ], [ 109.949795, -6.919497 ], [ 109.949443, -6.919376 ], [ 109.949133, -6.919276 ], [ 109.948794, -6.919109 ], [ 109.948483, -6.918939 ], [ 109.948191, -6.918776 ], [ 109.947982, -6.91865 ], [ 109.947816, -6.9185 ], [ 109.947692, -6.918287 ], [ 109.947626, -6.918083 ], [ 109.947594, -6.917932 ], [ 109.947587, -6.917796 ], [ 109.947617, -6.917671 ], [ 109.947682, -6.917542 ], [ 109.947766, -6.917462 ], [ 109.947853, -6.917391 ], [ 109.947908, -6.917294 ], [ 109.947941, -6.917103 ], [ 109.947936, -6.916956 ], [ 109.94791, -6.916817 ], [ 109.947862, -6.916695 ], [ 109.947808, -6.916634 ], [ 109.947709, -6.916564 ], [ 109.947572, -6.916463 ], [ 109.947464, -6.916375 ], [ 109.947361, -6.916335 ], [ 109.947291, -6.916349 ], [ 109.947247, -6.916394 ], [ 109.947226, -6.916478 ], [ 109.947198, -6.916608 ], [ 109.947171, -6.916719 ], [ 109.947116, -6.916841 ], [ 109.947017, -6.916942 ], [ 109.946907, -6.917033 ], [ 109.946776, -6.917073 ], [ 109.94664, -6.917048 ], [ 109.946524, -6.917 ], [ 109.946462, -6.916942 ], [ 109.946316, -6.916773 ], [ 109.946233, -6.916694 ], [ 109.946108, -6.916651 ], [ 109.945975, -6.916639 ], [ 109.94585, -6.916687 ], [ 109.945732, -6.916751 ], [ 109.945577, -6.916852 ], [ 109.945482, -6.916923 ], [ 109.945368, -6.916964 ], [ 109.945266, -6.916967 ], [ 109.945098, -6.916936 ], [ 109.944947, -6.916958 ], [ 109.944828, -6.916997 ], [ 109.944728, -6.917074 ], [ 109.944599, -6.917146 ], [ 109.944252, -6.917245 ], [ 109.943875, -6.917253 ], [ 109.943584, -6.917283 ], [ 109.943355, -6.917201 ], [ 109.943187, -6.917141 ], [ 109.94298, -6.917021 ], [ 109.942933, -6.91697 ], [ 109.942929, -6.916884 ], [ 109.942856, -6.916817 ], [ 109.942797, -6.916792 ], [ 109.942688, -6.916795 ], [ 109.942541, -6.916851 ], [ 109.942461, -6.916864 ], [ 109.942363, -6.916844 ], [ 109.94222, -6.916753 ], [ 109.941971, -6.916656 ], [ 109.941743, -6.91654 ], [ 109.941653, -6.916516 ], [ 109.941588, -6.916523 ], [ 109.941527, -6.916568 ], [ 109.941485, -6.91663 ], [ 109.941433, -6.916719 ], [ 109.941371, -6.916769 ], [ 109.941248, -6.916816 ], [ 109.941096, -6.916827 ], [ 109.940969, -6.916807 ], [ 109.940785, -6.91674 ], [ 109.940698, -6.916697 ], [ 109.940564, -6.916614 ], [ 109.940526, -6.916567 ], [ 109.940506, -6.916496 ], [ 109.940475, -6.916329 ], [ 109.940438, -6.916201 ], [ 109.940412, -6.916134 ], [ 109.940342, -6.916077 ], [ 109.940149, -6.915963 ], [ 109.940057, -6.915889 ], [ 109.939937, -6.915752 ], [ 109.939865, -6.915671 ], [ 109.939783, -6.91561 ], [ 109.939483, -6.915415 ], [ 109.939361, -6.915337 ], [ 109.939272, -6.915316 ], [ 109.939178, -6.915313 ], [ 109.939027, -6.915312 ], [ 109.938808, -6.915285 ], [ 109.938614, -6.915246 ], [ 109.938289, -6.915166 ], [ 109.93815, -6.915146 ], [ 109.938033, -6.915145 ], [ 109.937914, -6.915169 ], [ 109.937837, -6.915172 ], [ 109.937694, -6.915158 ], [ 109.937503, -6.915142 ], [ 109.937365, -6.915149 ], [ 109.937117, -6.915188 ], [ 109.937026, -6.915222 ], [ 109.936984, -6.915258 ], [ 109.936966, -6.915288 ], [ 109.936963, -6.915348 ], [ 109.936958, -6.915439 ], [ 109.936939, -6.915538 ], [ 109.936897, -6.915594 ], [ 109.936819, -6.915631 ], [ 109.93674, -6.915638 ], [ 109.93661, -6.915608 ], [ 109.936532, -6.915558 ], [ 109.936457, -6.915469 ], [ 109.936362, -6.915356 ], [ 109.936324, -6.915317 ], [ 109.936212, -6.915252 ], [ 109.936012, -6.915174 ], [ 109.935846, -6.915135 ], [ 109.935686, -6.915112 ], [ 109.935591, -6.915106 ], [ 109.935482, -6.915107 ], [ 109.935355, -6.915107 ], [ 109.935299, -6.915124 ], [ 109.935257, -6.915174 ], [ 109.935151, -6.915363 ], [ 109.93502, -6.915531 ], [ 109.934914, -6.915619 ], [ 109.934804, -6.915669 ], [ 109.934723, -6.91569 ], [ 109.934648, -6.9157 ], [ 109.934369, -6.915706 ], [ 109.934149, -6.915694 ], [ 109.933866, -6.915659 ], [ 109.933625, -6.915612 ], [ 109.933473, -6.915571 ], [ 109.933257, -6.915495 ], [ 109.933048, -6.915394 ], [ 109.932844, -6.915274 ], [ 109.932772, -6.9152 ], [ 109.932643, -6.915021 ], [ 109.932504, -6.914819 ], [ 109.932419, -6.914696 ], [ 109.932331, -6.914627 ], [ 109.932203, -6.914599 ], [ 109.932085, -6.914603 ], [ 109.931838, -6.914633 ], [ 109.931714, -6.914635 ], [ 109.931617, -6.914601 ], [ 109.931547, -6.914526 ], [ 109.931385, -6.914337 ], [ 109.931278, -6.914185 ], [ 109.931134, -6.91404 ], [ 109.93092, -6.913896 ], [ 109.930731, -6.913755 ], [ 109.930649, -6.913665 ], [ 109.930495, -6.913481 ], [ 109.930336, -6.913305 ], [ 109.930245, -6.913204 ], [ 109.930106, -6.913116 ], [ 109.929736, -6.91293 ], [ 109.929357, -6.912678 ], [ 109.929137, -6.912529 ], [ 109.929046, -6.912456 ], [ 109.928995, -6.912439 ], [ 109.92894, -6.912449 ], [ 109.928792, -6.912508 ], [ 109.928633, -6.912524 ], [ 109.9284, -6.91249 ], [ 109.92813, -6.912422 ], [ 109.927803, -6.912349 ], [ 109.927589, -6.912307 ], [ 109.927334, -6.912231 ], [ 109.927162, -6.912217 ], [ 109.926707, -6.912224 ], [ 109.926536, -6.912237 ], [ 109.926396, -6.912289 ], [ 109.926289, -6.912375 ], [ 109.926164, -6.912453 ], [ 109.926031, -6.912529 ], [ 109.925841, -6.9126 ], [ 109.925492, -6.912698 ], [ 109.925058, -6.912799 ], [ 109.924588, -6.912938 ], [ 109.924234, -6.913044 ], [ 109.923524, -6.913231 ], [ 109.922984, -6.913398 ], [ 109.922299, -6.913647 ], [ 109.921654, -6.913871 ], [ 109.921307, -6.913997 ], [ 109.92098, -6.914153 ], [ 109.920558, -6.91437 ], [ 109.920408, -6.914423 ], [ 109.920239, -6.914462 ], [ 109.920159, -6.914474 ], [ 109.920117, -6.914495 ], [ 109.92006, -6.914566 ], [ 109.919986, -6.914658 ], [ 109.91975, -6.914836 ], [ 109.91946, -6.914988 ], [ 109.919176, -6.915166 ], [ 109.918964, -6.915281 ], [ 109.918704, -6.915337 ], [ 109.918258, -6.915427 ], [ 109.917974, -6.915497 ], [ 109.917633, -6.91556 ], [ 109.917379, -6.915601 ], [ 109.917263, -6.915646 ], [ 109.917159, -6.915707 ], [ 109.917019, -6.915808 ], [ 109.916829, -6.915861 ], [ 109.916381, -6.91588 ], [ 109.916102, -6.91588 ], [ 109.915879, -6.915909 ], [ 109.915751, -6.91596 ], [ 109.915616, -6.916058 ], [ 109.915481, -6.916179 ], [ 109.91537, -6.916243 ], [ 109.915203, -6.916278 ], [ 109.915048, -6.916266 ], [ 109.914734, -6.916242 ], [ 109.914373, -6.916216 ], [ 109.914058, -6.916207 ], [ 109.913693, -6.916237 ], [ 109.913288, -6.916325 ], [ 109.912991, -6.916442 ], [ 109.912677, -6.916604 ], [ 109.912427, -6.916735 ], [ 109.912248, -6.916785 ], [ 109.91202, -6.916788 ], [ 109.911711, -6.916772 ], [ 109.911395, -6.916721 ], [ 109.91129, -6.916724 ], [ 109.911239, -6.916761 ], [ 109.91122, -6.91686 ], [ 109.911182, -6.916961 ], [ 109.911122, -6.917082 ], [ 109.91105, -6.917171 ], [ 109.911003, -6.917299 ], [ 109.91095, -6.917413 ], [ 109.910798, -6.917469 ], [ 109.910486, -6.917535 ], [ 109.910283, -6.917585 ], [ 109.91008, -6.917666 ], [ 109.909784, -6.917575 ], [ 109.909355, -6.917574 ], [ 109.908748, -6.917555 ], [ 109.908054, -6.917566 ], [ 109.907648, -6.917565 ], [ 109.907245, -6.917528 ], [ 109.906269, -6.917535 ], [ 109.906195, -6.917597 ], [ 109.906158, -6.917661 ], [ 109.905997, -6.91772 ], [ 109.905053, -6.917753 ], [ 109.904425, -6.917885 ], [ 109.904119, -6.91795 ], [ 109.903969, -6.91788 ], [ 109.903779, -6.917825 ], [ 109.903064, -6.91781 ], [ 109.902355, -6.917814 ], [ 109.9017, -6.917818 ], [ 109.901079, -6.917794 ], [ 109.900137, -6.9178 ], [ 109.898704, -6.917771 ], [ 109.897653, -6.917766 ], [ 109.897025, -6.917764 ], [ 109.89672, -6.917819 ], [ 109.896655, -6.917902 ], [ 109.89665, -6.917992 ], [ 109.896477, -6.918038 ], [ 109.896401, -6.917924 ], [ 109.896227, -6.917866 ], [ 109.895956, -6.917869 ], [ 109.894861, -6.917782 ], [ 109.893979, -6.917784 ], [ 109.893223, -6.917735 ], [ 109.892484, -6.917666 ], [ 109.891841, -6.917659 ], [ 109.890878, -6.917534 ], [ 109.890208, -6.917464 ], [ 109.88938, -6.91738 ], [ 109.888586, -6.917304 ], [ 109.888397, -6.917317 ], [ 109.888297, -6.917378 ], [ 109.88791, -6.917417 ], [ 109.887783, -6.917338 ], [ 109.887606, -6.917315 ], [ 109.88681, -6.917241 ], [ 109.886215, -6.917204 ], [ 109.885773, -6.917162 ], [ 109.884954, -6.917112 ], [ 109.884172, -6.91709 ], [ 109.883671, -6.917076 ], [ 109.883006, -6.917014 ], [ 109.882598, -6.916961 ], [ 109.88244, -6.916943 ], [ 109.881826, -6.916889 ], [ 109.881086, -6.916836 ], [ 109.88048, -6.916769 ], [ 109.879699, -6.916695 ], [ 109.8787, -6.916563 ], [ 109.877988, -6.916508 ], [ 109.877612, -6.916461 ], [ 109.876993, -6.916383 ], [ 109.876309, -6.916282 ], [ 109.875762, -6.916176 ], [ 109.874954, -6.916027 ], [ 109.874308, -6.915925 ], [ 109.873495, -6.915784 ], [ 109.87268, -6.915622 ], [ 109.872039, -6.915523 ], [ 109.871374, -6.915417 ], [ 109.870842, -6.915316 ], [ 109.870373, -6.915222 ], [ 109.870089, -6.915174 ], [ 109.869563, -6.91506 ], [ 109.869, -6.914911 ], [ 109.868187, -6.914698 ], [ 109.867522, -6.914517 ], [ 109.866814, -6.914288 ], [ 109.866301, -6.914144 ], [ 109.865746, -6.913971 ], [ 109.86521, -6.913822 ], [ 109.864569, -6.913651 ], [ 109.864086, -6.913501 ], [ 109.863647, -6.913373 ], [ 109.863244, -6.91324 ], [ 109.862891, -6.913116 ], [ 109.862459, -6.912939 ], [ 109.862004, -6.912751 ], [ 109.861495, -6.912557 ], [ 109.860859, -6.912315 ], [ 109.860181, -6.91203 ], [ 109.859596, -6.911753 ], [ 109.859043, -6.911511 ], [ 109.85837, -6.911202 ], [ 109.857785, -6.910943 ], [ 109.857287, -6.910756 ], [ 109.856919, -6.910651 ], [ 109.856616, -6.910583 ], [ 109.856251, -6.91048 ], [ 109.855963, -6.910401 ], [ 109.855603, -6.910332 ], [ 109.85537, -6.910279 ], [ 109.855209, -6.910232 ], [ 109.854917, -6.910114 ], [ 109.854851, -6.91011 ], [ 109.854793, -6.910126 ], [ 109.854741, -6.910196 ], [ 109.854701, -6.910275 ], [ 109.854667, -6.910327 ], [ 109.854615, -6.910351 ], [ 109.854549, -6.910344 ], [ 109.854509, -6.910308 ], [ 109.854466, -6.910226 ], [ 109.854441, -6.910103 ], [ 109.854426, -6.910015 ], [ 109.85436, -6.90993 ], [ 109.854277, -6.909868 ], [ 109.854118, -6.909766 ], [ 109.853955, -6.909688 ], [ 109.853805, -6.909623 ], [ 109.853637, -6.90956 ], [ 109.853306, -6.909444 ], [ 109.853053, -6.909382 ], [ 109.85276, -6.909326 ], [ 109.852422, -6.909263 ], [ 109.852117, -6.909174 ], [ 109.851801, -6.909101 ], [ 109.851483, -6.90902 ], [ 109.851297, -6.908984 ], [ 109.850944, -6.908896 ], [ 109.850679, -6.90882 ], [ 109.850329, -6.908729 ], [ 109.849914, -6.908618 ], [ 109.849645, -6.908544 ], [ 109.849395, -6.908487 ], [ 109.849169, -6.908444 ], [ 109.848847, -6.908395 ], [ 109.848659, -6.908363 ], [ 109.848367, -6.908295 ], [ 109.84804, -6.908215 ], [ 109.847681, -6.908114 ], [ 109.847365, -6.908026 ], [ 109.847007, -6.907928 ], [ 109.846724, -6.907836 ], [ 109.846402, -6.907728 ], [ 109.846078, -6.90761 ], [ 109.845862, -6.907528 ], [ 109.845624, -6.907449 ], [ 109.845367, -6.907365 ], [ 109.844998, -6.907218 ], [ 109.844685, -6.907112 ], [ 109.844352, -6.907025 ], [ 109.844003, -6.90692 ], [ 109.843778, -6.906848 ], [ 109.843508, -6.906768 ], [ 109.843234, -6.906704 ], [ 109.842896, -6.906638 ], [ 109.842604, -6.906593 ], [ 109.842357, -6.906586 ], [ 109.84222, -6.906602 ], [ 109.842007, -6.906674 ], [ 109.841832, -6.906748 ], [ 109.84171, -6.906821 ], [ 109.84155, -6.906897 ], [ 109.841406, -6.906954 ], [ 109.841322, -6.906935 ], [ 109.841239, -6.906893 ], [ 109.840716, -6.906576 ], [ 109.84038, -6.906366 ], [ 109.84, -6.906198 ], [ 109.839737, -6.906113 ], [ 109.839426, -6.906044 ], [ 109.839058, -6.906015 ], [ 109.838709, -6.906015 ], [ 109.838181, -6.905985 ], [ 109.837411, -6.905911 ], [ 109.836803, -6.905842 ], [ 109.836161, -6.905791 ], [ 109.835483, -6.90573 ], [ 109.834767, -6.905671 ], [ 109.834099, -6.905591 ], [ 109.83346, -6.905514 ], [ 109.832827, -6.905429 ], [ 109.832173, -6.90537 ], [ 109.83183, -6.905346 ], [ 109.831234, -6.905296 ], [ 109.83077, -6.905269 ], [ 109.830191, -6.905224 ], [ 109.829311, -6.905123 ], [ 109.828311, -6.904984 ], [ 109.827423, -6.90488 ], [ 109.826803, -6.904816 ], [ 109.825921, -6.904697 ], [ 109.825188, -6.904601 ], [ 109.824553, -6.904508 ], [ 109.824043, -6.904433 ], [ 109.823598, -6.904353 ], [ 109.822898, -6.904263 ], [ 109.822182, -6.904148 ], [ 109.821683, -6.904055 ], [ 109.821181, -6.903972 ], [ 109.820476, -6.903799 ], [ 109.819725, -6.903624 ], [ 109.819178, -6.903517 ], [ 109.818845, -6.903509 ], [ 109.818553, -6.903477 ], [ 109.818234, -6.903429 ], [ 109.817965, -6.903352 ], [ 109.817649, -6.903227 ], [ 109.817225, -6.903054 ], [ 109.816608, -6.902814 ], [ 109.816371, -6.902737 ], [ 109.816213, -6.902662 ], [ 109.816081, -6.902581 ], [ 109.815861, -6.902433 ], [ 109.815667, -6.902387 ], [ 109.815407, -6.902323 ], [ 109.815109, -6.902249 ], [ 109.815074, -6.902163 ], [ 109.815005, -6.902111 ], [ 109.814894, -6.902103 ], [ 109.814733, -6.90209 ], [ 109.811748, -6.901194 ], [ 109.811072, -6.900957 ], [ 109.810086, -6.900644 ], [ 109.80913, -6.90035 ], [ 109.808641, -6.900153 ], [ 109.8082, -6.899926 ], [ 109.808135, -6.899888 ], [ 109.808075, -6.899853 ], [ 109.807628, -6.899705 ], [ 109.806904, -6.899395 ], [ 109.806481, -6.899207 ], [ 109.806193, -6.899041 ], [ 109.805815, -6.898848 ], [ 109.805586, -6.898749 ], [ 109.805303, -6.898574 ], [ 109.805087, -6.898395 ], [ 109.804873, -6.898074 ], [ 109.804455, -6.897414 ], [ 109.804147, -6.896985 ], [ 109.803994, -6.896799 ], [ 109.803873, -6.896636 ], [ 109.803739, -6.896516 ], [ 109.803543, -6.896423 ], [ 109.803098, -6.896258 ], [ 109.802824, -6.896189 ], [ 109.802642, -6.896114 ], [ 109.802513, -6.895965 ], [ 109.802379, -6.895795 ], [ 109.802297, -6.895638 ], [ 109.80221, -6.89543 ], [ 109.802092, -6.895168 ], [ 109.801941, -6.89485 ], [ 109.801834, -6.894599 ], [ 109.801784, -6.894389 ], [ 109.801749, -6.894248 ], [ 109.801741, -6.894128 ], [ 109.801751, -6.893992 ], [ 109.801776, -6.893827 ], [ 109.801778, -6.893673 ], [ 109.801718, -6.893508 ], [ 109.801663, -6.893433 ], [ 109.801584, -6.893354 ], [ 109.801333, -6.893183 ], [ 109.801216, -6.893129 ], [ 109.801117, -6.893108 ], [ 109.800898, -6.893116 ], [ 109.800802, -6.893115 ], [ 109.800692, -6.893084 ], [ 109.800488, -6.892987 ], [ 109.80029, -6.892862 ], [ 109.800112, -6.892715 ], [ 109.799968, -6.892554 ], [ 109.799879, -6.892416 ], [ 109.799783, -6.89222 ], [ 109.799681, -6.891983 ], [ 109.799612, -6.891831 ], [ 109.79949, -6.89159 ], [ 109.799427, -6.891472 ], [ 109.799403, -6.891423 ], [ 109.799384, -6.891403 ], [ 109.799342, -6.891394 ], [ 109.799303, -6.891391 ], [ 109.799246, -6.891395 ], [ 109.799224, -6.891411 ], [ 109.799187, -6.891451 ], [ 109.799147, -6.891502 ], [ 109.799114, -6.891548 ], [ 109.799079, -6.891608 ], [ 109.799032, -6.89168 ], [ 109.798982, -6.891738 ], [ 109.798917, -6.891797 ], [ 109.798815, -6.891901 ], [ 109.798789, -6.891923 ], [ 109.798763, -6.891933 ], [ 109.798714, -6.891926 ], [ 109.798637, -6.891895 ], [ 109.798556, -6.891853 ], [ 109.798468, -6.8918 ], [ 109.798399, -6.891766 ], [ 109.798323, -6.891733 ], [ 109.798263, -6.891699 ], [ 109.798215, -6.891676 ], [ 109.798151, -6.891645 ], [ 109.798034, -6.891585 ], [ 109.797911, -6.891524 ], [ 109.797743, -6.891437 ], [ 109.797571, -6.891373 ], [ 109.797466, -6.891343 ], [ 109.797344, -6.891325 ], [ 109.797039, -6.891293 ], [ 109.796821, -6.891259 ], [ 109.796636, -6.89121 ], [ 109.796305, -6.891079 ], [ 109.796064, -6.890966 ], [ 109.795753, -6.89079 ], [ 109.795466, -6.890625 ], [ 109.795239, -6.890515 ], [ 109.795019, -6.890407 ], [ 109.794839, -6.89036 ], [ 109.794708, -6.890351 ], [ 109.794512, -6.89038 ], [ 109.794395, -6.890421 ], [ 109.794351, -6.890471 ], [ 109.79428, -6.890582 ], [ 109.794232, -6.89063 ], [ 109.794166, -6.890649 ], [ 109.793996, -6.890674 ], [ 109.793909, -6.8907 ], [ 109.793852, -6.890742 ], [ 109.793765, -6.890825 ], [ 109.793685, -6.890883 ], [ 109.7936, -6.890901 ], [ 109.793411, -6.890893 ], [ 109.793166, -6.890863 ], [ 109.792867, -6.890822 ], [ 109.792581, -6.890793 ], [ 109.792307, -6.890761 ], [ 109.792195, -6.890733 ], [ 109.791823, -6.890646 ], [ 109.791563, -6.890582 ], [ 109.791326, -6.89053 ], [ 109.79115, -6.890489 ], [ 109.790938, -6.890437 ], [ 109.790679, -6.890372 ], [ 109.790347, -6.890262 ], [ 109.78996, -6.89014 ], [ 109.789771, -6.890079 ], [ 109.789571, -6.890014 ], [ 109.789258, -6.889883 ], [ 109.78893, -6.889757 ], [ 109.788751, -6.889705 ], [ 109.788354, -6.889617 ], [ 109.78811, -6.889571 ], [ 109.787926, -6.889535 ], [ 109.787632, -6.889503 ], [ 109.78744, -6.889476 ], [ 109.787304, -6.889452 ], [ 109.786908, -6.889351 ], [ 109.786681, -6.889287 ], [ 109.78648, -6.889254 ], [ 109.786347, -6.889255 ], [ 109.78614, -6.889275 ], [ 109.785969, -6.889326 ], [ 109.785737, -6.889383 ], [ 109.785374, -6.88944 ], [ 109.784997, -6.889457 ], [ 109.784616, -6.889449 ], [ 109.784383, -6.889427 ], [ 109.784001, -6.889356 ], [ 109.783673, -6.88928 ], [ 109.783304, -6.889204 ], [ 109.783078, -6.889181 ], [ 109.782594, -6.889131 ], [ 109.782018, -6.889087 ], [ 109.781628, -6.889054 ], [ 109.781324, -6.889025 ], [ 109.780983, -6.88899 ], [ 109.780767, -6.888959 ], [ 109.780514, -6.888917 ], [ 109.780194, -6.888854 ], [ 109.779957, -6.888826 ], [ 109.779616, -6.888808 ], [ 109.779187, -6.888784 ], [ 109.778843, -6.888729 ], [ 109.778493, -6.888679 ], [ 109.778231, -6.888639 ], [ 109.777998, -6.888596 ], [ 109.777778, -6.888545 ], [ 109.777542, -6.888471 ], [ 109.777286, -6.888384 ], [ 109.777021, -6.888316 ], [ 109.776745, -6.888264 ], [ 109.77636, -6.888202 ], [ 109.77616, -6.888161 ], [ 109.775857, -6.888097 ], [ 109.775703, -6.88807 ], [ 109.775517, -6.888038 ], [ 109.775265, -6.88802 ], [ 109.77499, -6.887988 ], [ 109.7745, -6.887889 ], [ 109.774017, -6.887776 ], [ 109.77361, -6.88768 ], [ 109.773045, -6.887527 ], [ 109.772603, -6.88742 ], [ 109.772161, -6.887338 ], [ 109.771745, -6.887251 ], [ 109.771361, -6.887147 ], [ 109.771012, -6.88705 ], [ 109.77065, -6.88697 ], [ 109.770105, -6.886826 ], [ 109.769761, -6.886733 ], [ 109.769467, -6.886649 ], [ 109.76933, -6.886611 ], [ 109.76925, -6.886569 ], [ 109.769193, -6.886491 ], [ 109.769173, -6.886471 ], [ 109.769146, -6.886468 ], [ 109.769127, -6.886471 ], [ 109.769094, -6.886491 ], [ 109.769063, -6.886505 ], [ 109.769025, -6.886507 ], [ 109.768892, -6.886484 ], [ 109.76864, -6.886448 ], [ 109.768405, -6.886427 ], [ 109.768084, -6.886359 ], [ 109.767817, -6.886283 ], [ 109.767502, -6.886165 ], [ 109.76718, -6.886044 ], [ 109.766926, -6.885945 ], [ 109.766573, -6.885847 ], [ 109.766165, -6.88574 ], [ 109.765823, -6.885644 ], [ 109.765495, -6.885567 ], [ 109.765163, -6.885494 ], [ 109.764888, -6.88544 ], [ 109.76455, -6.885365 ], [ 109.764288, -6.885295 ], [ 109.764021, -6.885216 ], [ 109.763506, -6.885088 ], [ 109.762991, -6.88497 ], [ 109.762591, -6.884843 ], [ 109.761862, -6.884526 ], [ 109.761293, -6.884265 ], [ 109.760681, -6.883975 ], [ 109.760236, -6.883714 ], [ 109.759914, -6.883522 ], [ 109.759653, -6.883407 ], [ 109.759571, -6.883382 ], [ 109.759521, -6.883402 ], [ 109.759457, -6.883451 ], [ 109.759411, -6.883502 ], [ 109.759321, -6.883536 ], [ 109.75919, -6.883566 ], [ 109.758958, -6.883542 ], [ 109.75878, -6.88349 ], [ 109.758499, -6.883348 ], [ 109.758226, -6.883172 ], [ 109.757939, -6.883007 ], [ 109.757668, -6.882832 ], [ 109.757453, -6.882708 ], [ 109.757221, -6.882577 ], [ 109.757138, -6.882502 ], [ 109.757087, -6.882442 ], [ 109.757048, -6.882396 ], [ 109.757023, -6.88237 ], [ 109.756975, -6.88235 ], [ 109.756863, -6.882321 ], [ 109.756486, -6.882214 ], [ 109.756242, -6.882157 ], [ 109.756063, -6.882077 ], [ 109.755776, -6.881935 ], [ 109.755426, -6.88177 ], [ 109.754964, -6.881562 ], [ 109.754915, -6.881555 ], [ 109.754878, -6.881573 ], [ 109.75477, -6.881787 ], [ 109.754707, -6.881834 ], [ 109.754625, -6.88186 ], [ 109.754409, -6.881862 ], [ 109.754184, -6.88182 ], [ 109.753843, -6.881742 ], [ 109.753516, -6.881666 ], [ 109.753205, -6.881558 ], [ 109.752868, -6.881425 ], [ 109.752711, -6.881336 ], [ 109.752507, -6.881183 ], [ 109.752248, -6.881012 ], [ 109.752021, -6.880858 ], [ 109.751705, -6.880647 ], [ 109.751457, -6.880485 ], [ 109.751113, -6.880241 ], [ 109.75085, -6.880077 ], [ 109.750622, -6.879962 ], [ 109.750203, -6.879762 ], [ 109.75002, -6.879683 ], [ 109.749898, -6.879603 ], [ 109.749808, -6.879488 ], [ 109.749755, -6.879267 ], [ 109.749741, -6.879115 ], [ 109.749729, -6.878959 ], [ 109.749721, -6.878924 ], [ 109.749707, -6.878912 ], [ 109.749683, -6.878904 ], [ 109.749301, -6.878931 ], [ 109.749215, -6.87891 ], [ 109.749156, -6.878843 ], [ 109.749122, -6.878773 ], [ 109.749105, -6.87867 ], [ 109.749105, -6.878361 ], [ 109.749184, -6.877717 ], [ 109.749837, -6.877719 ], [ 109.74988, -6.877318 ], [ 109.749865, -6.877317 ], [ 109.749601, -6.877323 ], [ 109.748925, -6.877317 ], [ 109.748893, -6.877317 ], [ 109.748864, -6.877317 ], [ 109.748231, -6.877312 ], [ 109.747929, -6.877317 ], [ 109.747902, -6.877317 ], [ 109.747871, -6.877318 ], [ 109.747689, -6.877321 ], [ 109.746999, -6.877337 ], [ 109.74686, -6.87734 ], [ 109.746838, -6.877343 ], [ 109.746817, -6.878103 ], [ 109.746645, -6.878188 ], [ 109.746337, -6.878292 ], [ 109.745994, -6.87835 ], [ 109.745353, -6.878382 ], [ 109.744695, -6.878382 ], [ 109.744089, -6.87837 ], [ 109.743336, -6.878329 ], [ 109.742861, -6.878276 ], [ 109.742469, -6.878255 ], [ 109.742151, -6.878244 ], [ 109.741734, -6.878177 ], [ 109.741297, -6.878063 ], [ 109.740696, -6.877943 ], [ 109.73994, -6.877789 ], [ 109.739307, -6.877658 ], [ 109.738778, -6.877557 ], [ 109.738245, -6.877451 ], [ 109.737633, -6.87728 ], [ 109.736855, -6.877086 ], [ 109.736448, -6.876974 ], [ 109.735843, -6.876815 ], [ 109.735597, -6.876714 ], [ 109.735388, -6.876625 ], [ 109.734887, -6.876412 ], [ 109.734511, -6.876244 ], [ 109.734162, -6.876076 ], [ 109.733873, -6.875927 ], [ 109.733489, -6.875757 ], [ 109.733165, -6.875592 ], [ 109.732577, -6.875238 ], [ 109.732129, -6.874985 ], [ 109.731799, -6.874803 ], [ 109.731384, -6.874601 ], [ 109.730984, -6.874377 ], [ 109.730659, -6.874143 ], [ 109.730139, -6.873728 ], [ 109.729946, -6.873608 ], [ 109.729835, -6.873593 ], [ 109.72964, -6.873563 ], [ 109.729104, -6.873552 ], [ 109.728758, -6.873552 ], [ 109.728519, -6.87356 ], [ 109.728361, -6.873573 ], [ 109.728219, -6.873565 ], [ 109.728047, -6.873523 ], [ 109.727553, -6.873387 ], [ 109.727237, -6.873283 ], [ 109.726971, -6.873155 ], [ 109.726735, -6.873043 ], [ 109.726647, -6.873002 ], [ 109.726427, -6.8729 ], [ 109.726084, -6.87275 ], [ 109.725846, -6.872691 ], [ 109.72568, -6.872663 ], [ 109.725496, -6.872643 ], [ 109.725351, -6.872609 ], [ 109.725158, -6.872557 ], [ 109.724675, -6.872414 ], [ 109.724248, -6.872263 ], [ 109.724107, -6.872231 ], [ 109.723895, -6.872191 ], [ 109.723726, -6.872174 ], [ 109.723584, -6.87215 ], [ 109.723383, -6.872087 ], [ 109.722583, -6.871784 ], [ 109.721891, -6.87151 ], [ 109.721317, -6.871264 ], [ 109.720885, -6.871079 ], [ 109.720569, -6.870964 ], [ 109.720228, -6.870838 ], [ 109.719919, -6.870707 ], [ 109.719607, -6.870587 ], [ 109.719267, -6.870467 ], [ 109.718989, -6.870366 ], [ 109.718604, -6.870205 ], [ 109.718329, -6.870088 ], [ 109.717936, -6.869918 ], [ 109.717506, -6.869695 ], [ 109.717034, -6.869479 ], [ 109.716787, -6.869355 ], [ 109.716446, -6.869198 ], [ 109.71619, -6.869106 ], [ 109.716047, -6.86905 ], [ 109.71566, -6.868864 ], [ 109.715423, -6.868753 ], [ 109.715115, -6.868624 ], [ 109.71466, -6.868442 ], [ 109.714357, -6.868315 ], [ 109.714134, -6.868217 ] ] } },
{ "type": "Feature", "properties": { "wilayah": "PKL" }, "geometry": { "type": "LineString", "coordinates": [ [ 109.341154, -6.862469 ], [ 109.34098, -6.862575 ], [ 109.340814, -6.862647 ], [ 109.340626, -6.86272 ], [ 109.340425, -6.862795 ], [ 109.340202, -6.862902 ], [ 109.339939, -6.862995 ], [ 109.339748, -6.86306 ], [ 109.339439, -6.863128 ], [ 109.339254, -6.863169 ], [ 109.339139, -6.863204 ], [ 109.339021, -6.863264 ], [ 109.338818, -6.863333 ], [ 109.338593, -6.863414 ], [ 109.338245, -6.863489 ], [ 109.337963, -6.86355 ], [ 109.337688, -6.863596 ], [ 109.337442, -6.863646 ], [ 109.336925, -6.863742 ], [ 109.336565, -6.863816 ], [ 109.336005, -6.863987 ], [ 109.335482, -6.864165 ], [ 109.335093, -6.864306 ], [ 109.334771, -6.864461 ], [ 109.334462, -6.864612 ], [ 109.333856, -6.864863 ], [ 109.333204, -6.865121 ], [ 109.33248, -6.865406 ], [ 109.331909, -6.865619 ], [ 109.331198, -6.86584 ], [ 109.330568, -6.866053 ], [ 109.329978, -6.866216 ], [ 109.329444, -6.866362 ], [ 109.329117, -6.866445 ], [ 109.328902, -6.866519 ], [ 109.328545, -6.866674 ], [ 109.327837, -6.866937 ], [ 109.326813, -6.867265 ], [ 109.326303, -6.867443 ], [ 109.325804, -6.867584 ], [ 109.32501, -6.867776 ], [ 109.324482, -6.867922 ], [ 109.323916, -6.86809 ], [ 109.323245, -6.868322 ], [ 109.322481, -6.868538 ], [ 109.321596, -6.868759 ], [ 109.321049, -6.868897 ], [ 109.320713, -6.868985 ], [ 109.320504, -6.869081 ], [ 109.320236, -6.869265 ], [ 109.320048, -6.869398 ], [ 109.319836, -6.869476 ], [ 109.31956, -6.869548 ], [ 109.319231, -6.869611 ], [ 109.319068, -6.869644 ], [ 109.318813, -6.869707 ], [ 109.31847, -6.869827 ], [ 109.318293, -6.869854 ], [ 109.318031, -6.869906 ], [ 109.317787, -6.86995 ], [ 109.317433, -6.869974 ], [ 109.317083, -6.870012 ], [ 109.31674, -6.870066 ], [ 109.316408, -6.870113 ], [ 109.316097, -6.870146 ], [ 109.315808, -6.870198 ], [ 109.315609, -6.870239 ], [ 109.315428, -6.870304 ], [ 109.315118, -6.87042 ], [ 109.314606, -6.870548 ], [ 109.313479, -6.870817 ], [ 109.312632, -6.871009 ], [ 109.311433, -6.871227 ], [ 109.310666, -6.871374 ], [ 109.309912, -6.871499 ], [ 109.309158, -6.871597 ], [ 109.308638, -6.871651 ], [ 109.308102, -6.871736 ], [ 109.30745, -6.871869 ], [ 109.306849, -6.871949 ], [ 109.306224, -6.872031 ], [ 109.305347, -6.87215 ], [ 109.305031, -6.872199 ], [ 109.304817, -6.87222 ], [ 109.304423, -6.872251 ], [ 109.304153, -6.872284 ], [ 109.303728, -6.872366 ], [ 109.303461, -6.872396 ], [ 109.303089, -6.872423 ], [ 109.302693, -6.872435 ], [ 109.302457, -6.872456 ], [ 109.302103, -6.872507 ], [ 109.301641, -6.872593 ], [ 109.301242, -6.87266 ], [ 109.300873, -6.872719 ], [ 109.300173, -6.872798 ], [ 109.29947, -6.872849 ], [ 109.298564, -6.872923 ], [ 109.298172, -6.872948 ], [ 109.297802, -6.872946 ], [ 109.297316, -6.872953 ], [ 109.296547, -6.872979 ], [ 109.295841, -6.873041 ], [ 109.295444, -6.873091 ], [ 109.29505, -6.873137 ], [ 109.294631, -6.873145 ], [ 109.294098, -6.873131 ], [ 109.293567, -6.873105 ], [ 109.292991, -6.873078 ], [ 109.29266, -6.873071 ], [ 109.292291, -6.873079 ], [ 109.292024, -6.873109 ], [ 109.291787, -6.873122 ], [ 109.291444, -6.873119 ], [ 109.291127, -6.873103 ], [ 109.29085, -6.873082 ], [ 109.29067, -6.873065 ], [ 109.290553, -6.873081 ], [ 109.290351, -6.873127 ], [ 109.290206, -6.87315 ], [ 109.290082, -6.873133 ], [ 109.289802, -6.873134 ], [ 109.28967, -6.873125 ], [ 109.289502, -6.873111 ], [ 109.289333, -6.873118 ], [ 109.289149, -6.873142 ], [ 109.288908, -6.873211 ], [ 109.288649, -6.873271 ], [ 109.28836, -6.873326 ], [ 109.288169, -6.873362 ], [ 109.287954, -6.873411 ], [ 109.287804, -6.873444 ], [ 109.287674, -6.873487 ], [ 109.287533, -6.873504 ], [ 109.287317, -6.873525 ], [ 109.286939, -6.873528 ], [ 109.286664, -6.873513 ], [ 109.286094, -6.873456 ], [ 109.285308, -6.873368 ], [ 109.284734, -6.873304 ], [ 109.284203, -6.87331 ], [ 109.283876, -6.87335 ], [ 109.283634, -6.873424 ], [ 109.283404, -6.873531 ], [ 109.283131, -6.873579 ], [ 109.282819, -6.873593 ], [ 109.282501, -6.873572 ], [ 109.282226, -6.873535 ], [ 109.28192, -6.873468 ], [ 109.281536, -6.873371 ], [ 109.281301, -6.873328 ], [ 109.281017, -6.873286 ], [ 109.280618, -6.87325 ], [ 109.280165, -6.873248 ], [ 109.280062, -6.873256 ], [ 109.27991, -6.87329 ], [ 109.279772, -6.87332 ], [ 109.279531, -6.873351 ], [ 109.279323, -6.873359 ], [ 109.279111, -6.873342 ], [ 109.278863, -6.873302 ], [ 109.278798, -6.873297 ], [ 109.278779, -6.873306 ], [ 109.27876, -6.873401 ], [ 109.278748, -6.873415 ], [ 109.278718, -6.873424 ], [ 109.278624, -6.873415 ], [ 109.278393, -6.87337 ], [ 109.278202, -6.873333 ], [ 109.278105, -6.87333 ], [ 109.27801, -6.873332 ], [ 109.277799, -6.873327 ], [ 109.277569, -6.873296 ], [ 109.277544, -6.873302 ], [ 109.277528, -6.873325 ], [ 109.277516, -6.873387 ], [ 109.277496, -6.873401 ], [ 109.277463, -6.873402 ], [ 109.277341, -6.873401 ], [ 109.277044, -6.873387 ], [ 109.276873, -6.873386 ], [ 109.276741, -6.873393 ], [ 109.276611, -6.873392 ], [ 109.276425, -6.87337 ], [ 109.276327, -6.87335 ], [ 109.276166, -6.873316 ], [ 109.275869, -6.873258 ], [ 109.275572, -6.873215 ], [ 109.275363, -6.873182 ], [ 109.275024, -6.873119 ], [ 109.274982, -6.873118 ], [ 109.274966, -6.873128 ], [ 109.274945, -6.873244 ], [ 109.274923, -6.873266 ], [ 109.274886, -6.873282 ], [ 109.274829, -6.873284 ], [ 109.27454, -6.87327 ], [ 109.274442, -6.873264 ], [ 109.274355, -6.873273 ], [ 109.274284, -6.87328 ], [ 109.27415, -6.873279 ], [ 109.274009, -6.873278 ], [ 109.273816, -6.873283 ], [ 109.273669, -6.873291 ], [ 109.27359, -6.873297 ], [ 109.273523, -6.873299 ], [ 109.27339, -6.873286 ], [ 109.273218, -6.873272 ], [ 109.273013, -6.873259 ], [ 109.272808, -6.873226 ], [ 109.272514, -6.873146 ], [ 109.27234, -6.873097 ], [ 109.272152, -6.873041 ], [ 109.271882, -6.872961 ], [ 109.271577, -6.872862 ], [ 109.271314, -6.872765 ], [ 109.271166, -6.872708 ], [ 109.271055, -6.872649 ], [ 109.270902, -6.872569 ], [ 109.270721, -6.872485 ], [ 109.270545, -6.872396 ], [ 109.270441, -6.872344 ], [ 109.270374, -6.872324 ], [ 109.270296, -6.872308 ], [ 109.270225, -6.872287 ], [ 109.270167, -6.872243 ], [ 109.270081, -6.872167 ], [ 109.26996, -6.872102 ], [ 109.269703, -6.87203 ], [ 109.269427, -6.871975 ], [ 109.269163, -6.871929 ], [ 109.268975, -6.871872 ], [ 109.268822, -6.871801 ], [ 109.268595, -6.871692 ], [ 109.268504, -6.871619 ], [ 109.268548, -6.871328 ], [ 109.268552, -6.871279 ], [ 109.268508, -6.871125 ], [ 109.268567, -6.870948 ], [ 109.268523, -6.870929 ], [ 109.268506, -6.87094 ], [ 109.268474, -6.871046 ], [ 109.268438, -6.871077 ], [ 109.268434, -6.871104 ], [ 109.268509, -6.871285 ], [ 109.268504, -6.871322 ], [ 109.268448, -6.871632 ], [ 109.268441, -6.871663 ], [ 109.268436, -6.871751 ], [ 109.26842, -6.871989 ], [ 109.268416, -6.872288 ], [ 109.268421, -6.872616 ], [ 109.268203, -6.87261 ], [ 109.267768, -6.872584 ], [ 109.267828, -6.872161 ], [ 109.26782, -6.872137 ], [ 109.267794, -6.872135 ], [ 109.267774, -6.872154 ], [ 109.267714, -6.872595 ], [ 109.267651, -6.872613 ], [ 109.2675, -6.872637 ], [ 109.267352, -6.87264 ], [ 109.267158, -6.872633 ], [ 109.266947, -6.872597 ], [ 109.266731, -6.872551 ], [ 109.266549, -6.872527 ], [ 109.266246, -6.872513 ], [ 109.26602, -6.872507 ], [ 109.265802, -6.872487 ], [ 109.265678, -6.872488 ], [ 109.265552, -6.872507 ], [ 109.265417, -6.872525 ], [ 109.265271, -6.872531 ], [ 109.264902, -6.87252 ], [ 109.264721, -6.872521 ], [ 109.264606, -6.872507 ], [ 109.264377, -6.872456 ], [ 109.264268, -6.872441 ], [ 109.264203, -6.872451 ], [ 109.264147, -6.872462 ], [ 109.264037, -6.872463 ], [ 109.263758, -6.872422 ], [ 109.263376, -6.872346 ], [ 109.263232, -6.872315 ], [ 109.263136, -6.872314 ], [ 109.263043, -6.872311 ], [ 109.2629, -6.872294 ], [ 109.262501, -6.872244 ], [ 109.261949, -6.872173 ], [ 109.261402, -6.872087 ], [ 109.260723, -6.872015 ], [ 109.260162, -6.871904 ], [ 109.25968, -6.87184 ], [ 109.259049, -6.871696 ], [ 109.258542, -6.871572 ], [ 109.258147, -6.871444 ], [ 109.257951, -6.87136 ], [ 109.257868, -6.871326 ], [ 109.257795, -6.871306 ], [ 109.257424, -6.871267 ], [ 109.256837, -6.871194 ], [ 109.256689, -6.871177 ], [ 109.256574, -6.871166 ], [ 109.25656, -6.871302 ], [ 109.256317, -6.871322 ], [ 109.256044, -6.871316 ], [ 109.255651, -6.871267 ], [ 109.255351, -6.87123 ], [ 109.254889, -6.871167 ], [ 109.254605, -6.871133 ], [ 109.25418, -6.871075 ], [ 109.253917, -6.871033 ], [ 109.253574, -6.870955 ], [ 109.253467, -6.870919 ], [ 109.253427, -6.870919 ], [ 109.253407, -6.870928 ], [ 109.253387, -6.870947 ], [ 109.253354, -6.87096 ], [ 109.253302, -6.870962 ], [ 109.253189, -6.870945 ], [ 109.253083, -6.870904 ], [ 109.253004, -6.870874 ], [ 109.252978, -6.870872 ], [ 109.252953, -6.870885 ], [ 109.252929, -6.870932 ], [ 109.252895, -6.870995 ], [ 109.252868, -6.871008 ], [ 109.252802, -6.87101 ], [ 109.252645, -6.870985 ], [ 109.25222, -6.870886 ], [ 109.251734, -6.870784 ], [ 109.251426, -6.870719 ], [ 109.251193, -6.870668 ], [ 109.250705, -6.870544 ], [ 109.250311, -6.870434 ], [ 109.2501, -6.870372 ], [ 109.249938, -6.870342 ], [ 109.249684, -6.870261 ], [ 109.249324, -6.870134 ], [ 109.249031, -6.870033 ], [ 109.248691, -6.869918 ], [ 109.248256, -6.869739 ], [ 109.247942, -6.869613 ], [ 109.247575, -6.869443 ], [ 109.247293, -6.869289 ], [ 109.247068, -6.869174 ], [ 109.246782, -6.869053 ], [ 109.246497, -6.868953 ], [ 109.246403, -6.868889 ], [ 109.246319, -6.868816 ], [ 109.246278, -6.868786 ], [ 109.246256, -6.868786 ], [ 109.246231, -6.868799 ], [ 109.246212, -6.868823 ], [ 109.246203, -6.868856 ], [ 109.246152, -6.86912 ], [ 109.246094, -6.86927 ], [ 109.246045, -6.869297 ], [ 109.24597, -6.869301 ], [ 109.245866, -6.869267 ], [ 109.245646, -6.86917 ], [ 109.245416, -6.869078 ], [ 109.245327, -6.869032 ], [ 109.245245, -6.868952 ], [ 109.24518, -6.868929 ], [ 109.245072, -6.868926 ], [ 109.244913, -6.868932 ], [ 109.244753, -6.86893 ], [ 109.244429, -6.868879 ], [ 109.244218, -6.868852 ], [ 109.244096, -6.868805 ], [ 109.244018, -6.86876 ], [ 109.243863, -6.86865 ], [ 109.243777, -6.868598 ], [ 109.243703, -6.868582 ], [ 109.243644, -6.868609 ], [ 109.243606, -6.868729 ], [ 109.243549, -6.868916 ], [ 109.24351, -6.868952 ], [ 109.243432, -6.868968 ], [ 109.243254, -6.868988 ], [ 109.24297, -6.868966 ], [ 109.242552, -6.868872 ], [ 109.242228, -6.868777 ], [ 109.241816, -6.868639 ], [ 109.241469, -6.868506 ], [ 109.241243, -6.868389 ], [ 109.240967, -6.868183 ], [ 109.240735, -6.868017 ], [ 109.240495, -6.867879 ], [ 109.24022, -6.867772 ], [ 109.240138, -6.867736 ], [ 109.240115, -6.867727 ], [ 109.239906, -6.867741 ], [ 109.239854, -6.867753 ], [ 109.239829, -6.867763 ], [ 109.239798, -6.867812 ], [ 109.239771, -6.867854 ], [ 109.239677, -6.86798 ], [ 109.239586, -6.868018 ], [ 109.239476, -6.868016 ], [ 109.239356, -6.867986 ], [ 109.239063, -6.867869 ], [ 109.238854, -6.867772 ], [ 109.238486, -6.867596 ], [ 109.238058, -6.867401 ], [ 109.237578, -6.867158 ], [ 109.237042, -6.866911 ], [ 109.236889, -6.866876 ], [ 109.236749, -6.866903 ], [ 109.23657, -6.866985 ], [ 109.236361, -6.86703 ], [ 109.236175, -6.867022 ], [ 109.235963, -6.866972 ], [ 109.235182, -6.866626 ], [ 109.234984, -6.866558 ], [ 109.234891, -6.866542 ], [ 109.234797, -6.866544 ], [ 109.234704, -6.866555 ], [ 109.234566, -6.866543 ], [ 109.234295, -6.866479 ], [ 109.233367, -6.866157 ], [ 109.232605, -6.865901 ], [ 109.231677, -6.865571 ], [ 109.230951, -6.865308 ], [ 109.230183, -6.864991 ], [ 109.229357, -6.864599 ], [ 109.228949, -6.86441 ], [ 109.228518, -6.864293 ], [ 109.227914, -6.864142 ], [ 109.227781, -6.86411 ], [ 109.227596, -6.864092 ], [ 109.227447, -6.864068 ], [ 109.227342, -6.864036 ], [ 109.227248, -6.863996 ], [ 109.226962, -6.863829 ], [ 109.22671, -6.863694 ], [ 109.22642, -6.863606 ], [ 109.225943, -6.863451 ], [ 109.2256, -6.863347 ], [ 109.224768, -6.863137 ], [ 109.224637, -6.863118 ], [ 109.224561, -6.863148 ], [ 109.224476, -6.863222 ], [ 109.224382, -6.863313 ], [ 109.224245, -6.863385 ], [ 109.224105, -6.86339 ], [ 109.223703, -6.8633 ], [ 109.223489, -6.863289 ], [ 109.223357, -6.86331 ], [ 109.223228, -6.863361 ], [ 109.223024, -6.863401 ], [ 109.222772, -6.863379 ], [ 109.222287, -6.863265 ], [ 109.22211, -6.863213 ], [ 109.221733, -6.863088 ], [ 109.220983, -6.862834 ], [ 109.220931, -6.862811 ], [ 109.220903, -6.862822 ], [ 109.220892, -6.862856 ], [ 109.22095, -6.864088 ], [ 109.220947, -6.864173 ], [ 109.220932, -6.864224 ], [ 109.220899, -6.864253 ], [ 109.220776, -6.864306 ], [ 109.220629, -6.864316 ], [ 109.220531, -6.864304 ], [ 109.220428, -6.864258 ], [ 109.22038, -6.8642 ], [ 109.220336, -6.86414 ], [ 109.220308, -6.864132 ], [ 109.220251, -6.864149 ], [ 109.220078, -6.864234 ], [ 109.219787, -6.864418 ], [ 109.219157, -6.86473 ], [ 109.219004, -6.864801 ], [ 109.218864, -6.864863 ], [ 109.218733, -6.864881 ], [ 109.218529, -6.864881 ], [ 109.218277, -6.86486 ], [ 109.218022, -6.864865 ], [ 109.217561, -6.864919 ], [ 109.217258, -6.864932 ], [ 109.21703, -6.864916 ], [ 109.216751, -6.864865 ], [ 109.216421, -6.864748 ], [ 109.216184, -6.8647 ], [ 109.215708, -6.86466 ], [ 109.215448, -6.864687 ], [ 109.214887, -6.864709 ], [ 109.214829, -6.864478 ], [ 109.214779, -6.864482 ], [ 109.214735, -6.864493 ], [ 109.214723, -6.864538 ], [ 109.214724, -6.864711 ], [ 109.214736, -6.864827 ], [ 109.214681, -6.864841 ], [ 109.214594, -6.864866 ], [ 109.214495, -6.86486 ], [ 109.214032, -6.864744 ], [ 109.213873, -6.864683 ], [ 109.213779, -6.864612 ], [ 109.213729, -6.864527 ], [ 109.213968, -6.863905 ], [ 109.213988, -6.863896 ], [ 109.213997, -6.863852 ], [ 109.213991, -6.863801 ], [ 109.213978, -6.863777 ], [ 109.213964, -6.863772 ], [ 109.213948, -6.863778 ], [ 109.213939, -6.863795 ], [ 109.213932, -6.863826 ], [ 109.21391, -6.863841 ], [ 109.213902, -6.863863 ], [ 109.213886, -6.863936 ], [ 109.213653, -6.864496 ], [ 109.21299, -6.864297 ], [ 109.212987, -6.864223 ], [ 109.212913, -6.864165 ], [ 109.212965, -6.863915 ], [ 109.213101, -6.863295 ], [ 109.213106, -6.863255 ], [ 109.213099, -6.86322 ], [ 109.21308, -6.863212 ], [ 109.213056, -6.863221 ], [ 109.213044, -6.863239 ], [ 109.212915, -6.863787 ], [ 109.212812, -6.863848 ], [ 109.212642, -6.863893 ], [ 109.211929, -6.863948 ], [ 109.211923, -6.863904 ], [ 109.211708, -6.863931 ], [ 109.211696, -6.863858 ], [ 109.211669, -6.863857 ], [ 109.21146, -6.862265 ], [ 109.21143, -6.862247 ], [ 109.211413, -6.86229 ], [ 109.211426, -6.86251 ], [ 109.211561, -6.863665 ], [ 109.211186, -6.863802 ], [ 109.210884, -6.863912 ], [ 109.210712, -6.863923 ], [ 109.210598, -6.863906 ], [ 109.210538, -6.863933 ], [ 109.210505, -6.863965 ], [ 109.21056, -6.864023 ], [ 109.210483, -6.864047 ], [ 109.21027, -6.864065 ], [ 109.209948, -6.864077 ], [ 109.209668, -6.864037 ], [ 109.208903, -6.863871 ], [ 109.20857, -6.863786 ], [ 109.20813, -6.863684 ], [ 109.207933, -6.863636 ], [ 109.207642, -6.863535 ], [ 109.207285, -6.863401 ], [ 109.206852, -6.863245 ], [ 109.206703, -6.863184 ], [ 109.206541, -6.863152 ], [ 109.206317, -6.863129 ], [ 109.205848, -6.863086 ], [ 109.205199, -6.863031 ], [ 109.20452, -6.862961 ], [ 109.203849, -6.862865 ], [ 109.203042, -6.862732 ], [ 109.202165, -6.862567 ], [ 109.201388, -6.862413 ], [ 109.200798, -6.862256 ], [ 109.200596, -6.862209 ], [ 109.200363, -6.862173 ], [ 109.200232, -6.862173 ], [ 109.200163, -6.862164 ], [ 109.200053, -6.862126 ], [ 109.199813, -6.862017 ], [ 109.199539, -6.861923 ], [ 109.199188, -6.861824 ], [ 109.19885, -6.86176 ], [ 109.198533, -6.861683 ], [ 109.198123, -6.861561 ], [ 109.197372, -6.861252 ], [ 109.196648, -6.860962 ], [ 109.195972, -6.860631 ], [ 109.195162, -6.86021 ], [ 109.19492, -6.860088 ], [ 109.194751, -6.85997 ], [ 109.194942, -6.858689 ], [ 109.194978, -6.858657 ], [ 109.194982, -6.858597 ], [ 109.194972, -6.858545 ], [ 109.194963, -6.858531 ], [ 109.19494, -6.858519 ], [ 109.194917, -6.85852 ], [ 109.194889, -6.858527 ], [ 109.194867, -6.858553 ], [ 109.194845, -6.858608 ], [ 109.19484, -6.858656 ], [ 109.194848, -6.858664 ], [ 109.194872, -6.85867 ], [ 109.194686, -6.859885 ], [ 109.194691, -6.860551 ], [ 109.194354, -6.860565 ], [ 109.194037, -6.860578 ], [ 109.19396, -6.859759 ], [ 109.193966, -6.859703 ], [ 109.194104, -6.859243 ], [ 109.194106, -6.859233 ], [ 109.194104, -6.859223 ], [ 109.1941, -6.859214 ], [ 109.194092, -6.859207 ], [ 109.194083, -6.859202 ], [ 109.194073, -6.8592 ], [ 109.194063, -6.859202 ], [ 109.194054, -6.859206 ], [ 109.194046, -6.859214 ], [ 109.194042, -6.859223 ], [ 109.193909, -6.85963 ], [ 109.19389, -6.859698 ], [ 109.193881, -6.859754 ], [ 109.193883, -6.859809 ], [ 109.193928, -6.860603 ], [ 109.193767, -6.860642 ], [ 109.193267, -6.860745 ], [ 109.192881, -6.860753 ], [ 109.192518, -6.86071 ], [ 109.191814, -6.86045 ], [ 109.190931, -6.860169 ], [ 109.190308, -6.859976 ], [ 109.190255, -6.859883 ], [ 109.190245, -6.859812 ], [ 109.190225, -6.859562 ], [ 109.19021, -6.859497 ], [ 109.190189, -6.859466 ], [ 109.189703, -6.859318 ], [ 109.189705, -6.858204 ], [ 109.189697, -6.858194 ], [ 109.189639, -6.858192 ], [ 109.189619, -6.8582 ], [ 109.189603, -6.858213 ], [ 109.189597, -6.858236 ], [ 109.189596, -6.858693 ], [ 109.189617, -6.858693 ], [ 109.189616, -6.859276 ], [ 109.189347, -6.859366 ], [ 109.188893, -6.859409 ], [ 109.188636, -6.859414 ], [ 109.188454, -6.859404 ], [ 109.188043, -6.859318 ], [ 109.187362, -6.859121 ], [ 109.186766, -6.858906 ], [ 109.186072, -6.85863 ], [ 109.185487, -6.858404 ], [ 109.185102, -6.858229 ], [ 109.184602, -6.858014 ], [ 109.183781, -6.857651 ], [ 109.182813, -6.857201 ], [ 109.182263, -6.856919 ], [ 109.181536, -6.856512 ], [ 109.181163, -6.856325 ], [ 109.180761, -6.856187 ], [ 109.180281, -6.856062 ], [ 109.179932, -6.85595 ], [ 109.179449, -6.855705 ], [ 109.178972, -6.855422 ], [ 109.178631, -6.855164 ], [ 109.178197, -6.85489 ], [ 109.177314, -6.854362 ], [ 109.17671, -6.854008 ], [ 109.176237, -6.853746 ], [ 109.175776, -6.853494 ], [ 109.175375, -6.853268 ], [ 109.17501, -6.853046 ], [ 109.174507, -6.852762 ], [ 109.17409, -6.852484 ], [ 109.173743, -6.852253 ], [ 109.173455, -6.852058 ], [ 109.173173, -6.851834 ], [ 109.172907, -6.851649 ], [ 109.17241, -6.851321 ], [ 109.171708, -6.850827 ], [ 109.171379, -6.850573 ], [ 109.171046, -6.850288 ], [ 109.170744, -6.849999 ], [ 109.170475, -6.849785 ], [ 109.170099, -6.849516 ], [ 109.169445, -6.849114 ], [ 109.168944, -6.848791 ], [ 109.168431, -6.848504 ], [ 109.167803, -6.848128 ], [ 109.167503, -6.847926 ], [ 109.167114, -6.847606 ], [ 109.166578, -6.847148 ], [ 109.165974, -6.846616 ], [ 109.165711, -6.846421 ], [ 109.165523, -6.846309 ], [ 109.165126, -6.846139 ], [ 109.164933, -6.846043 ], [ 109.164751, -6.845966 ], [ 109.164365, -6.845833 ], [ 109.163965, -6.845692 ], [ 109.163635, -6.84559 ], [ 109.163431, -6.845481 ], [ 109.163198, -6.845308 ], [ 109.162951, -6.845122 ], [ 109.162854, -6.84505 ], [ 109.161961, -6.844492 ] ] } },
{ "type": "Feature", "properties": { "wilayah": "PKL" }, "geometry": { "type": "LineString", "coordinates": [ [ 109.665484, -6.852554 ], [ 109.665053, -6.852269 ], [ 109.664578, -6.851952 ], [ 109.664181, -6.851665 ], [ 109.663939, -6.851492 ], [ 109.663636, -6.851255 ], [ 109.663376, -6.85098 ], [ 109.663105, -6.850725 ], [ 109.662791, -6.850506 ], [ 109.662459, -6.8503 ], [ 109.662093, -6.8501 ], [ 109.661894, -6.849995 ], [ 109.661809, -6.849967 ], [ 109.661708, -6.849967 ], [ 109.661621, -6.849975 ], [ 109.661523, -6.84997 ], [ 109.661342, -6.849919 ], [ 109.661237, -6.849883 ], [ 109.661203, -6.849884 ], [ 109.661161, -6.849902 ], [ 109.661043, -6.84997 ], [ 109.660943, -6.849982 ], [ 109.660804, -6.849963 ], [ 109.660611, -6.849886 ], [ 109.66023, -6.84967 ], [ 109.659777, -6.849393 ], [ 109.659385, -6.849175 ], [ 109.659004, -6.848921 ], [ 109.658901, -6.848867 ], [ 109.658866, -6.848869 ], [ 109.658839, -6.848894 ], [ 109.658862, -6.849392 ], [ 109.658873, -6.849641 ], [ 109.658835, -6.849747 ], [ 109.658749, -6.849806 ], [ 109.657945, -6.849928 ], [ 109.657513, -6.850024 ], [ 109.657341, -6.85009 ], [ 109.657206, -6.850135 ], [ 109.657005, -6.850166 ], [ 109.656681, -6.85016 ], [ 109.656449, -6.850156 ], [ 109.656291, -6.850168 ], [ 109.656169, -6.850189 ], [ 109.656094, -6.8502 ], [ 109.655965, -6.850174 ], [ 109.655777, -6.850075 ], [ 109.655566, -6.849966 ], [ 109.655354, -6.849894 ], [ 109.654721, -6.849718 ], [ 109.654251, -6.849606 ], [ 109.653967, -6.849566 ], [ 109.653643, -6.849561 ], [ 109.653275, -6.849532 ], [ 109.652747, -6.84946 ], [ 109.652148, -6.849313 ], [ 109.651859, -6.849297 ], [ 109.651591, -6.849332 ], [ 109.651097, -6.84947 ], [ 109.650708, -6.849532 ], [ 109.650319, -6.849532 ], [ 109.649995, -6.849465 ], [ 109.649525, -6.849337 ], [ 109.648375, -6.849068 ], [ 109.647897, -6.848978 ], [ 109.647361, -6.848943 ], [ 109.647184, -6.848941 ], [ 109.646974, -6.84897 ], [ 109.64672, -6.848983 ], [ 109.646379, -6.848967 ], [ 109.645741, -6.848874 ], [ 109.64511, -6.848757 ], [ 109.644542, -6.848658 ], [ 109.643933, -6.848549 ], [ 109.643412, -6.848488 ], [ 109.642906, -6.848411 ], [ 109.642463, -6.848325 ], [ 109.642235, -6.848277 ], [ 109.641827, -6.848172 ], [ 109.641508, -6.848078 ], [ 109.641221, -6.847998 ], [ 109.640902, -6.847927 ], [ 109.640632, -6.847863 ], [ 109.640392, -6.847821 ], [ 109.640097, -6.847742 ], [ 109.639612, -6.847585 ], [ 109.639126, -6.847441 ], [ 109.638614, -6.847313 ], [ 109.638059, -6.847154 ], [ 109.637638, -6.847023 ], [ 109.636999, -6.846861 ], [ 109.636549, -6.846746 ], [ 109.635964, -6.846621 ], [ 109.63554, -6.84652 ], [ 109.634746, -6.846285 ], [ 109.634097, -6.846067 ], [ 109.633311, -6.845787 ], [ 109.632324, -6.845439 ], [ 109.631377, -6.84506 ], [ 109.630634, -6.844762 ], [ 109.630302, -6.844623 ], [ 109.630071, -6.844519 ], [ 109.629951, -6.844451 ], [ 109.629802, -6.844366 ], [ 109.629692, -6.844307 ], [ 109.629583, -6.844244 ], [ 109.629528, -6.84421 ], [ 109.629437, -6.84416 ], [ 109.629195, -6.844048 ], [ 109.628841, -6.843871 ], [ 109.628662, -6.843777 ], [ 109.628495, -6.843704 ], [ 109.628387, -6.843658 ], [ 109.628188, -6.843561 ], [ 109.62795, -6.843444 ], [ 109.627708, -6.843328 ], [ 109.627444, -6.843172 ], [ 109.627019, -6.842891 ], [ 109.626582, -6.842612 ], [ 109.62626, -6.842416 ], [ 109.625934, -6.842207 ], [ 109.625662, -6.842054 ], [ 109.625387, -6.841866 ], [ 109.625058, -6.84161 ], [ 109.624585, -6.841308 ], [ 109.623991, -6.840887 ], [ 109.623812, -6.840783 ], [ 109.623637, -6.840642 ], [ 109.624004, -6.839466 ], [ 109.624028, -6.83945 ], [ 109.624043, -6.839437 ], [ 109.624052, -6.83942 ], [ 109.624055, -6.839403 ], [ 109.624052, -6.839385 ], [ 109.624044, -6.839369 ], [ 109.624032, -6.839356 ], [ 109.624015, -6.839348 ], [ 109.623997, -6.839345 ], [ 109.623978, -6.839348 ], [ 109.623961, -6.839358 ], [ 109.623948, -6.839372 ], [ 109.623941, -6.83939 ], [ 109.62394, -6.839409 ], [ 109.623944, -6.839445 ], [ 109.623585, -6.840622 ], [ 109.62334, -6.841456 ], [ 109.622821, -6.843219 ], [ 109.622361, -6.843144 ], [ 109.621869, -6.843063 ], [ 109.621684, -6.842971 ], [ 109.621542, -6.842862 ], [ 109.621303, -6.842638 ], [ 109.621206, -6.842483 ], [ 109.621181, -6.842383 ], [ 109.621174, -6.842319 ], [ 109.62118, -6.842267 ], [ 109.621223, -6.842148 ], [ 109.621232, -6.842091 ], [ 109.621211, -6.842045 ], [ 109.621119, -6.841981 ], [ 109.62096, -6.841922 ], [ 109.620866, -6.841915 ], [ 109.620736, -6.841935 ], [ 109.620583, -6.84195 ], [ 109.620187, -6.84195 ], [ 109.619781, -6.841971 ], [ 109.619591, -6.841983 ], [ 109.619404, -6.842022 ], [ 109.619239, -6.842047 ], [ 109.61901, -6.842043 ], [ 109.618638, -6.842028 ], [ 109.618493, -6.842023 ], [ 109.618387, -6.842043 ], [ 109.618185, -6.842107 ], [ 109.618056, -6.842124 ], [ 109.617866, -6.842123 ], [ 109.617539, -6.842086 ], [ 109.61734, -6.842068 ], [ 109.617293, -6.842076 ], [ 109.617239, -6.842096 ], [ 109.617182, -6.842166 ], [ 109.61713, -6.842224 ], [ 109.617052, -6.842256 ], [ 109.61697, -6.842268 ], [ 109.61682, -6.842207 ], [ 109.616684, -6.842144 ], [ 109.616637, -6.842133 ], [ 109.616576, -6.842143 ], [ 109.616505, -6.842184 ], [ 109.61647, -6.84225 ], [ 109.616474, -6.842506 ], [ 109.616382, -6.842657 ], [ 109.61622, -6.842734 ], [ 109.615292, -6.842613 ], [ 109.615084, -6.842576 ], [ 109.614906, -6.84256 ], [ 109.614722, -6.842554 ], [ 109.614494, -6.84256 ], [ 109.614222, -6.842541 ], [ 109.613932, -6.842517 ], [ 109.613707, -6.8425 ], [ 109.61349, -6.842488 ], [ 109.613247, -6.842448 ], [ 109.613058, -6.842423 ], [ 109.612746, -6.842364 ], [ 109.612572, -6.842329 ], [ 109.612332, -6.842309 ], [ 109.612122, -6.842303 ], [ 109.61188, -6.842305 ], [ 109.611647, -6.842316 ], [ 109.61139, -6.842309 ], [ 109.610901, -6.842272 ], [ 109.610488, -6.842235 ], [ 109.610185, -6.842203 ], [ 109.609834, -6.842158 ], [ 109.609386, -6.842086 ], [ 109.60928, -6.84208 ], [ 109.609208, -6.842086 ], [ 109.609076, -6.842103 ], [ 109.608919, -6.842118 ], [ 109.608831, -6.84211 ], [ 109.608536, -6.842045 ], [ 109.608167, -6.841969 ], [ 109.608013, -6.841939 ], [ 109.607758, -6.841915 ], [ 109.607639, -6.841909 ], [ 109.607471, -6.841878 ], [ 109.607168, -6.841798 ], [ 109.60702, -6.841763 ], [ 109.606963, -6.841772 ], [ 109.606916, -6.841787 ], [ 109.606839, -6.841829 ], [ 109.606704, -6.841866 ], [ 109.606536, -6.841878 ], [ 109.606248, -6.841855 ], [ 109.605738, -6.841787 ], [ 109.605347, -6.841737 ], [ 109.604802, -6.841692 ], [ 109.604244, -6.841633 ], [ 109.603651, -6.841569 ], [ 109.603137, -6.841516 ], [ 109.602611, -6.841409 ], [ 109.602123, -6.841308 ], [ 109.601715, -6.84126 ], [ 109.60127, -6.84126 ], [ 109.600677, -6.84129 ], [ 109.600095, -6.841308 ], [ 109.599703, -6.841273 ], [ 109.599151, -6.841236 ], [ 109.598461, -6.841188 ], [ 109.597995, -6.841156 ], [ 109.597346, -6.841092 ], [ 109.596866, -6.841018 ], [ 109.596391, -6.840933 ], [ 109.596168, -6.840887 ], [ 109.596007, -6.840883 ], [ 109.59589, -6.840899 ] ] } },
{ "type": "Feature", "properties": { "wilayah": "PKL" }, "geometry": { "type": "LineString", "coordinates": [ [ 109.714134, -6.868217 ], [ 109.713932, -6.868117 ], [ 109.713771, -6.868069 ], [ 109.713653, -6.86801 ], [ 109.713495, -6.86789 ], [ 109.713357, -6.867816 ], [ 109.713217, -6.867768 ], [ 109.71307, -6.867736 ], [ 109.712911, -6.86771 ], [ 109.712541, -6.867614 ], [ 109.712158, -6.867454 ], [ 109.71171, -6.867297 ], [ 109.711506, -6.867228 ], [ 109.711315, -6.867196 ], [ 109.711018, -6.867124 ], [ 109.710521, -6.866913 ], [ 109.709937, -6.866647 ], [ 109.709526, -6.866511 ], [ 109.709103, -6.866338 ], [ 109.708834, -6.866248 ], [ 109.708625, -6.866144 ], [ 109.708354, -6.865941 ], [ 109.708003, -6.865654 ], [ 109.7077, -6.865422 ], [ 109.707402, -6.865236 ], [ 109.706949, -6.864932 ], [ 109.70649, -6.864615 ], [ 109.706305, -6.864469 ], [ 109.706136, -6.864295 ], [ 109.706064, -6.864192 ], [ 109.70601, -6.864011 ], [ 109.70597, -6.863731 ], [ 109.705929, -6.863608 ], [ 109.705868, -6.863505 ], [ 109.705769, -6.863334 ], [ 109.705565, -6.863084 ], [ 109.705322, -6.862875 ], [ 109.70527, -6.862851 ], [ 109.705228, -6.862852 ], [ 109.705189, -6.862885 ], [ 109.704901, -6.863378 ], [ 109.704696, -6.863321 ], [ 109.704395, -6.863206 ], [ 109.704069, -6.863027 ], [ 109.704013, -6.862996 ], [ 109.703418, -6.86257 ], [ 109.703106, -6.862668 ], [ 109.702975, -6.862734 ], [ 109.702873, -6.86279 ], [ 109.70283, -6.862795 ], [ 109.702801, -6.862788 ], [ 109.702114, -6.862463 ], [ 109.702029, -6.862407 ], [ 109.701996, -6.862372 ], [ 109.701759, -6.861955 ], [ 109.701725, -6.861904 ], [ 109.701704, -6.861891 ], [ 109.701635, -6.861885 ], [ 109.700743, -6.861912 ], [ 109.700239, -6.861917 ], [ 109.700153, -6.861905 ], [ 109.700072, -6.861876 ], [ 109.699575, -6.861683 ], [ 109.699106, -6.861483 ], [ 109.698771, -6.861337 ], [ 109.698478, -6.861172 ], [ 109.698142, -6.860857 ], [ 109.697937, -6.860691 ], [ 109.697845, -6.860575 ], [ 109.699193, -6.858086 ], [ 109.699193, -6.858038 ], [ 109.699162, -6.858003 ], [ 109.699114, -6.857999 ], [ 109.699077, -6.858021 ], [ 109.697672, -6.860607 ], [ 109.697379, -6.860554 ], [ 109.696868, -6.860446 ], [ 109.696641, -6.860356 ], [ 109.69631, -6.860225 ], [ 109.695987, -6.860087 ], [ 109.695708, -6.859947 ], [ 109.69535, -6.859761 ], [ 109.695012, -6.859569 ], [ 109.694853, -6.859435 ], [ 109.694443, -6.859199 ], [ 109.69426, -6.859089 ], [ 109.694064, -6.858896 ], [ 109.693957, -6.858745 ], [ 109.693438, -6.858226 ], [ 109.693419, -6.858201 ], [ 109.693411, -6.858163 ], [ 109.69363, -6.856173 ], [ 109.693622, -6.856141 ], [ 109.693597, -6.856127 ], [ 109.69357, -6.856132 ], [ 109.693558, -6.856153 ], [ 109.693343, -6.85819 ], [ 109.693348, -6.858228 ], [ 109.693371, -6.858268 ], [ 109.693871, -6.858747 ], [ 109.693846, -6.858761 ], [ 109.693916, -6.859185 ], [ 109.694062, -6.859784 ], [ 109.694075, -6.860044 ], [ 109.69406, -6.86013 ], [ 109.693266, -6.860035 ], [ 109.692864, -6.859981 ], [ 109.692813, -6.859907 ], [ 109.692738, -6.859806 ], [ 109.692709, -6.859763 ], [ 109.692681, -6.859718 ], [ 109.692667, -6.85967 ], [ 109.692662, -6.859617 ], [ 109.692677, -6.859566 ], [ 109.6927, -6.859544 ], [ 109.69277, -6.859521 ], [ 109.692789, -6.859321 ], [ 109.692805, -6.858783 ], [ 109.692784, -6.858517 ], [ 109.692333, -6.857958 ], [ 109.692465, -6.856988 ], [ 109.692492, -6.856799 ], [ 109.692477, -6.856771 ], [ 109.692462, -6.856751 ], [ 109.692445, -6.856729 ], [ 109.69237, -6.856728 ], [ 109.692297, -6.856613 ], [ 109.692281, -6.856597 ], [ 109.69225, -6.856597 ], [ 109.692229, -6.856607 ], [ 109.692218, -6.856625 ], [ 109.692215, -6.856652 ], [ 109.692216, -6.856682 ], [ 109.692258, -6.856794 ], [ 109.691995, -6.857618 ], [ 109.691908, -6.857649 ], [ 109.691781, -6.858144 ], [ 109.69184, -6.858184 ], [ 109.69171, -6.858638 ], [ 109.691388, -6.85879 ], [ 109.691105, -6.85893 ], [ 109.690976, -6.858991 ], [ 109.690496, -6.859227 ], [ 109.690409, -6.859252 ], [ 109.690322, -6.859259 ], [ 109.690025, -6.859261 ], [ 109.689948, -6.859261 ], [ 109.689858, -6.859247 ], [ 109.68967, -6.859209 ], [ 109.689462, -6.859205 ], [ 109.689217, -6.859212 ], [ 109.688959, -6.859196 ], [ 109.688289, -6.859099 ], [ 109.688203, -6.859087 ], [ 109.688138, -6.859087 ], [ 109.687905, -6.859097 ], [ 109.687728, -6.859097 ], [ 109.687357, -6.859076 ], [ 109.687167, -6.859053 ], [ 109.68716, -6.859101 ], [ 109.686589, -6.859028 ], [ 109.685907, -6.85895 ], [ 109.685295, -6.858859 ], [ 109.684688, -6.85877 ], [ 109.684155, -6.858689 ], [ 109.683778, -6.858635 ], [ 109.683301, -6.858565 ], [ 109.682892, -6.858504 ], [ 109.682549, -6.858458 ], [ 109.682276, -6.858434 ], [ 109.682051, -6.858393 ], [ 109.681568, -6.858276 ], [ 109.681077, -6.858133 ], [ 109.680714, -6.858014 ], [ 109.680397, -6.857919 ], [ 109.680202, -6.857867 ], [ 109.679857, -6.857802 ], [ 109.679405, -6.857719 ], [ 109.678976, -6.857647 ], [ 109.67857, -6.857569 ], [ 109.678124, -6.857472 ], [ 109.677703, -6.85736 ], [ 109.677308, -6.857255 ], [ 109.676858, -6.857147 ], [ 109.67643, -6.857056 ], [ 109.676376, -6.857044 ], [ 109.676204, -6.857022 ], [ 109.676136, -6.857048 ], [ 109.676091, -6.857092 ], [ 109.676059, -6.857128 ], [ 109.676013, -6.857149 ], [ 109.675957, -6.857148 ], [ 109.675725, -6.857095 ], [ 109.675417, -6.85701 ], [ 109.675084, -6.856876 ], [ 109.674701, -6.856679 ], [ 109.674411, -6.856543 ], [ 109.67392, -6.856317 ], [ 109.673603, -6.85618 ], [ 109.673035, -6.855934 ], [ 109.6726, -6.85575 ], [ 109.672332, -6.855627 ], [ 109.672077, -6.85551 ], [ 109.671755, -6.855372 ], [ 109.671249, -6.855172 ], [ 109.670371, -6.854743 ], [ 109.669223, -6.854232 ], [ 109.6677, -6.853529 ], [ 109.666391, -6.853028 ], [ 109.665484, -6.852554 ] ] } },
{ "type": "Feature", "properties": { "wilayah": "PKL" }, "geometry": { "type": "LineString", "coordinates": [ [ 109.59589, -6.840899 ], [ 109.595817, -6.840923 ], [ 109.59568, -6.84101 ], [ 109.59554, -6.84111 ], [ 109.595431, -6.841179 ], [ 109.595283, -6.841247 ], [ 109.59506, -6.841311 ], [ 109.594816, -6.841348 ], [ 109.594594, -6.841329 ], [ 109.59435, -6.841279 ], [ 109.594047, -6.84117 ], [ 109.593679, -6.841052 ], [ 109.593448, -6.841005 ], [ 109.593118, -6.840997 ], [ 109.592617, -6.841029 ], [ 109.592496, -6.841071 ], [ 109.592392, -6.841135 ], [ 109.59226, -6.841255 ], [ 109.592137, -6.841316 ], [ 109.591946, -6.841343 ], [ 109.591702, -6.841321 ], [ 109.591139, -6.841202 ], [ 109.590501, -6.841071 ], [ 109.58994, -6.840946 ], [ 109.589557, -6.840861 ], [ 109.589261, -6.84081 ], [ 109.588851, -6.840712 ], [ 109.588521, -6.840616 ], [ 109.588089, -6.840448 ], [ 109.587845, -6.840373 ], [ 109.587625, -6.840347 ], [ 109.587236, -6.840301 ], [ 109.586689, -6.84024 ], [ 109.586027, -6.84011 ], [ 109.585589, -6.840025 ], [ 109.585308, -6.839942 ], [ 109.584863, -6.839753 ], [ 109.584326, -6.839572 ], [ 109.584109, -6.839513 ], [ 109.583867, -6.839473 ], [ 109.583334, -6.839409 ], [ 109.58276, -6.8393 ], [ 109.582207, -6.839127 ], [ 109.581344, -6.838839 ], [ 109.580018, -6.83844 ], [ 109.578559, -6.838003 ], [ 109.577545, -6.837604 ], [ 109.576119, -6.837076 ], [ 109.57504, -6.836524 ], [ 109.574527, -6.836301 ], [ 109.57399, -6.836058 ], [ 109.573557, -6.835859 ], [ 109.572717, -6.835465 ], [ 109.571688, -6.834978 ], [ 109.570813, -6.834509 ], [ 109.56996, -6.83404 ], [ 109.569097, -6.83354 ], [ 109.568026, -6.832906 ], [ 109.567232, -6.8324 ], [ 109.566803, -6.83215 ], [ 109.566272, -6.831926 ], [ 109.565961, -6.831793 ], [ 109.565698, -6.831654 ], [ 109.565205, -6.831332 ], [ 109.56451, -6.830813 ], [ 109.563729, -6.830187 ], [ 109.563129, -6.829726 ], [ 109.562493, -6.829284 ], [ 109.561927, -6.828853 ], [ 109.561517, -6.828488 ], [ 109.560827, -6.827923 ], [ 109.560082, -6.827244 ], [ 109.559559, -6.826725 ], [ 109.558888, -6.826134 ], [ 109.558153, -6.825422 ], [ 109.557421, -6.824677 ], [ 109.556632, -6.82383 ], [ 109.555707, -6.82289 ], [ 109.554873, -6.822059 ], [ 109.554132, -6.821326 ], [ 109.553449, -6.820655 ], [ 109.552998, -6.820269 ], [ 109.552561, -6.819923 ], [ 109.551834, -6.819398 ], [ 109.550514, -6.818024 ], [ 109.549291, -6.81666 ], [ 109.547762, -6.81503 ], [ 109.545869, -6.812953 ], [ 109.545249, -6.812197 ], [ 109.545045, -6.812002 ], [ 109.544847, -6.811779 ], [ 109.54464, -6.811566 ], [ 109.544211, -6.811054 ], [ 109.543838, -6.810687 ], [ 109.543506, -6.810404 ], [ 109.543197, -6.810191 ], [ 109.542851, -6.810045 ], [ 109.542252, -6.809921 ], [ 109.542148, -6.809909 ], [ 109.542017, -6.809869 ], [ 109.542, -6.809828 ], [ 109.542032, -6.809705 ], [ 109.542115, -6.809424 ], [ 109.542093, -6.809372 ], [ 109.542052, -6.809344 ], [ 109.541867, -6.809315 ], [ 109.541521, -6.80924 ], [ 109.54144, -6.809198 ], [ 109.541397, -6.809118 ], [ 109.5414, -6.808844 ], [ 109.54143, -6.808439 ], [ 109.541381, -6.808029 ], [ 109.541199, -6.807597 ], [ 109.540681, -6.806772 ], [ 109.540324, -6.806319 ], [ 109.540062, -6.805997 ], [ 109.539699, -6.80556 ], [ 109.539096, -6.804668 ], [ 109.538873, -6.804324 ], [ 109.538549, -6.803869 ], [ 109.538289, -6.803544 ], [ 109.537728, -6.802937 ], [ 109.537294, -6.802444 ], [ 109.537047, -6.802137 ], [ 109.536838, -6.801823 ], [ 109.536567, -6.801405 ], [ 109.536146, -6.800939 ], [ 109.53588, -6.800697 ], [ 109.535564, -6.800428 ], [ 109.535333, -6.800145 ], [ 109.535126, -6.799791 ], [ 109.534748, -6.799064 ], [ 109.534359, -6.798489 ], [ 109.533962, -6.797916 ], [ 109.533506, -6.797269 ], [ 109.533134, -6.796712 ], [ 109.532611, -6.795953 ], [ 109.532409, -6.795602 ], [ 109.532219, -6.795285 ], [ 109.532071, -6.795111 ], [ 109.531916, -6.79493 ], [ 109.531811, -6.794757 ], [ 109.531685, -6.794459 ], [ 109.531564, -6.794195 ], [ 109.531436, -6.79391 ], [ 109.531251, -6.79358 ], [ 109.531071, -6.793295 ], [ 109.530942, -6.793103 ], [ 109.530653, -6.792688 ], [ 109.530172, -6.791948 ], [ 109.529899, -6.791559 ], [ 109.529614, -6.791108 ], [ 109.529404, -6.790736 ], [ 109.529361, -6.790604 ], [ 109.529318, -6.790508 ], [ 109.52926, -6.790456 ], [ 109.529169, -6.790409 ], [ 109.529091, -6.790348 ], [ 109.529059, -6.790283 ], [ 109.528933, -6.78995 ], [ 109.528855, -6.789819 ], [ 109.528745, -6.789707 ], [ 109.528627, -6.789572 ], [ 109.528472, -6.789268 ], [ 109.528226, -6.788696 ], [ 109.528171, -6.78851 ], [ 109.528142, -6.788462 ], [ 109.528084, -6.78842 ], [ 109.52795, -6.788393 ], [ 109.527868, -6.788372 ], [ 109.527844, -6.788344 ], [ 109.527793, -6.788147 ], [ 109.527665, -6.787686 ], [ 109.527534, -6.787324 ], [ 109.527415, -6.787063 ], [ 109.527361, -6.786976 ], [ 109.52732, -6.786947 ], [ 109.52729, -6.78692 ], [ 109.527273, -6.786842 ], [ 109.527236, -6.786357 ], [ 109.527229, -6.786311 ], [ 109.527214, -6.786288 ], [ 109.527174, -6.786279 ], [ 109.527061, -6.786274 ], [ 109.526951, -6.786256 ], [ 109.526908, -6.786181 ], [ 109.526879, -6.785795 ], [ 109.526887, -6.785374 ], [ 109.526959, -6.784807 ], [ 109.527088, -6.783976 ], [ 109.527098, -6.78372 ], [ 109.527066, -6.78352 ], [ 109.526994, -6.783281 ], [ 109.526732, -6.782508 ], [ 109.526699, -6.782448 ], [ 109.526653, -6.782432 ], [ 109.526589, -6.782436 ], [ 109.526338, -6.782467 ], [ 109.526183, -6.782471 ], [ 109.526107, -6.782458 ], [ 109.526026, -6.782405 ], [ 109.525948, -6.782287 ], [ 109.525822, -6.781832 ], [ 109.525676, -6.781322 ], [ 109.525565, -6.780933 ], [ 109.525269, -6.779896 ], [ 109.524982, -6.779054 ], [ 109.524837, -6.778708 ], [ 109.524725, -6.778439 ], [ 109.524623, -6.778076 ], [ 109.524502, -6.7774 ], [ 109.524392, -6.776769 ], [ 109.52429, -6.776188 ], [ 109.524226, -6.775991 ], [ 109.524119, -6.775807 ], [ 109.52403, -6.775677 ], [ 109.524009, -6.775567 ], [ 109.524025, -6.775341 ], [ 109.524057, -6.775123 ], [ 109.524132, -6.77488 ], [ 109.524199, -6.774648 ], [ 109.52425, -6.774331 ], [ 109.524213, -6.774153 ], [ 109.524143, -6.774068 ], [ 109.523708, -6.773623 ], [ 109.523225, -6.773343 ] ] } },
{ "type": "Feature", "properties": { "wilayah": "PKL" }, "geometry": { "type": "LineString", "coordinates": [ [ 109.523225, -6.773343 ], [ 109.522912, -6.773309 ], [ 109.522684, -6.773333 ], [ 109.522547, -6.773389 ], [ 109.522362, -6.773583 ], [ 109.522083, -6.773876 ], [ 109.520989, -6.775144 ], [ 109.519798, -6.776689 ], [ 109.519325, -6.777413 ], [ 109.519247, -6.777925 ], [ 109.519186, -6.778319 ], [ 109.519304, -6.779214 ], [ 109.519615, -6.780311 ], [ 109.519959, -6.781259 ], [ 109.520119, -6.782175 ], [ 109.520012, -6.783923 ], [ 109.51983, -6.785244 ], [ 109.519454, -6.786501 ], [ 109.518835, -6.7871 ], [ 109.518775, -6.787106 ], [ 109.518669, -6.787116 ], [ 109.518473, -6.787453 ], [ 109.518487, -6.787486 ], [ 109.518578, -6.787527 ], [ 109.51857, -6.787567 ], [ 109.518544, -6.787608 ], [ 109.518344, -6.787805 ], [ 109.518254, -6.78809 ], [ 109.517716, -6.788085 ], [ 109.517656, -6.788158 ], [ 109.517335, -6.788922 ], [ 109.51719, -6.789026 ], [ 109.515892, -6.78959 ], [ 109.513596, -6.79023 ], [ 109.512459, -6.790379 ], [ 109.511343, -6.790347 ], [ 109.510109, -6.789878 ], [ 109.509326, -6.789313 ], [ 109.508961, -6.788738 ], [ 109.508822, -6.788142 ], [ 109.50879, -6.787385 ], [ 109.508776, -6.786605 ], [ 109.508841, -6.786368 ], [ 109.508948, -6.786208 ], [ 109.509077, -6.786141 ], [ 109.509259, -6.786117 ], [ 109.509538, -6.786117 ], [ 109.510045, -6.78612 ], [ 109.510278, -6.786075 ], [ 109.51048, -6.785976 ], [ 109.510686, -6.785795 ], [ 109.510844, -6.785553 ], [ 109.510914, -6.785529 ], [ 109.510976, -6.78553 ], [ 109.51109, -6.785559 ], [ 109.511197, -6.785655 ], [ 109.511257, -6.785755 ], [ 109.511295, -6.785897 ], [ 109.511276, -6.786095 ], [ 109.51129, -6.786167 ], [ 109.51133, -6.786209 ], [ 109.511381, -6.786234 ], [ 109.511461, -6.786201 ], [ 109.511552, -6.786071 ], [ 109.51161, -6.785916 ], [ 109.511626, -6.785752 ], [ 109.511614, -6.785639 ], [ 109.51159, -6.785542 ], [ 109.5115, -6.785425 ], [ 109.511371, -6.785334 ], [ 109.51118, -6.785286 ], [ 109.510882, -6.785292 ], [ 109.510233, -6.785361 ], [ 109.509839, -6.785451 ], [ 109.509683, -6.785459 ], [ 109.50957, -6.785449 ], [ 109.509466, -6.785387 ], [ 109.509401, -6.785318 ], [ 109.509337, -6.785158 ], [ 109.509369, -6.785023 ], [ 109.509463, -6.784911 ], [ 109.509779, -6.784644 ], [ 109.509806, -6.784565 ], [ 109.509771, -6.784501 ], [ 109.509692, -6.78449 ], [ 109.509557, -6.784562 ], [ 109.50923, -6.784812 ], [ 109.508835, -6.785094 ], [ 109.508175, -6.785526 ], [ 109.507446, -6.785992 ], [ 109.507248, -6.786131 ], [ 109.507113, -6.786264 ], [ 109.506899, -6.786511 ], [ 109.506613, -6.78673 ], [ 109.5062, -6.787156 ], [ 109.505865, -6.787458 ], [ 109.505718, -6.787515 ], [ 109.505594, -6.787677 ], [ 109.505593, -6.787789 ], [ 109.505714, -6.787864 ], [ 109.505775, -6.787897 ], [ 109.506021, -6.78794 ], [ 109.506166, -6.787949 ], [ 109.506471, -6.788176 ], [ 109.506549, -6.788118 ], [ 109.506906, -6.788366 ], [ 109.506777, -6.788735 ], [ 109.506647, -6.789108 ], [ 109.506532, -6.789199 ], [ 109.506241, -6.789422 ], [ 109.505983, -6.789836 ], [ 109.505721, -6.790528 ], [ 109.505614, -6.791423 ], [ 109.504997, -6.792163 ], [ 109.504101, -6.793005 ], [ 109.503366, -6.793793 ], [ 109.502589, -6.794667 ], [ 109.501945, -6.79554 ], [ 109.501092, -6.796755 ], [ 109.500282, -6.797676 ], [ 109.499955, -6.797924 ], [ 109.49955, -6.798102 ], [ 109.499128, -6.798257 ], [ 109.499005, -6.798377 ], [ 109.498841, -6.798656 ], [ 109.498691, -6.798888 ], [ 109.498418, -6.799136 ], [ 109.498047, -6.799392 ], [ 109.49761, -6.799764 ], [ 109.496991, -6.800273 ], [ 109.496417, -6.800808 ], [ 109.495891, -6.80128 ], [ 109.495065, -6.802105 ], [ 109.49408, -6.803062 ], [ 109.49333, -6.803807 ], [ 109.492683, -6.804436 ], [ 109.49224, -6.804795 ], [ 109.492072, -6.804995 ], [ 109.491916, -6.805243 ], [ 109.491752, -6.805501 ], [ 109.491417, -6.805877 ], [ 109.490666, -6.806503 ], [ 109.490022, -6.807009 ], [ 109.489585, -6.807403 ], [ 109.489427, -6.807595 ], [ 109.489285, -6.807786 ], [ 109.489126, -6.808026 ], [ 109.488695, -6.808404 ], [ 109.488369, -6.808701 ], [ 109.487903, -6.809086 ], [ 109.487555, -6.809359 ], [ 109.487205, -6.809612 ], [ 109.486903, -6.809866 ], [ 109.486643, -6.810087 ], [ 109.486058, -6.810657 ], [ 109.485504, -6.811123 ], [ 109.485196, -6.811387 ], [ 109.484981, -6.811571 ], [ 109.484758, -6.81174 ], [ 109.484441, -6.811994 ], [ 109.484095, -6.812261 ], [ 109.483759, -6.812503 ], [ 109.483223, -6.812932 ], [ 109.482815, -6.813265 ], [ 109.482271, -6.813662 ], [ 109.481455, -6.814314 ], [ 109.48067, -6.814876 ], [ 109.47986, -6.815462 ], [ 109.479331, -6.81588 ], [ 109.479052, -6.816132 ], [ 109.478871, -6.816287 ], [ 109.478732, -6.816381 ], [ 109.478592, -6.816455 ], [ 109.478386, -6.816546 ], [ 109.4783, -6.816615 ], [ 109.478235, -6.816708 ], [ 109.478186, -6.816792 ], [ 109.478138, -6.816839 ], [ 109.47799, -6.816933 ], [ 109.477751, -6.817053 ], [ 109.47758, -6.817138 ], [ 109.477412, -6.817234 ], [ 109.47718, -6.817434 ], [ 109.476992, -6.817609 ], [ 109.476816, -6.817787 ], [ 109.476591, -6.818015 ], [ 109.476319, -6.818249 ], [ 109.476059, -6.818455 ], [ 109.475717, -6.8187 ], [ 109.475584, -6.818794 ], [ 109.475418, -6.818907 ], [ 109.475272, -6.819012 ], [ 109.475073, -6.819122 ], [ 109.474876, -6.81925 ], [ 109.474558, -6.819461 ], [ 109.474286, -6.819639 ], [ 109.474173, -6.819734 ], [ 109.474095, -6.819816 ], [ 109.473995, -6.819941 ], [ 109.473867, -6.820048 ], [ 109.473696, -6.820165 ], [ 109.473393, -6.820338 ], [ 109.473018, -6.820495 ], [ 109.472927, -6.820538 ], [ 109.472876, -6.820578 ], [ 109.472852, -6.820638 ], [ 109.472816, -6.820747 ], [ 109.472766, -6.82082 ], [ 109.472686, -6.820887 ], [ 109.472411, -6.821069 ], [ 109.472006, -6.821313 ], [ 109.471435, -6.821683 ], [ 109.470759, -6.822117 ], [ 109.469967, -6.822658 ], [ 109.469217, -6.823097 ], [ 109.468504, -6.823536 ], [ 109.468043, -6.823829 ], [ 109.467996, -6.823866 ], [ 109.467972, -6.823902 ], [ 109.467975, -6.823996 ], [ 109.468064, -6.8243 ], [ 109.468056, -6.824373 ], [ 109.468013, -6.82442 ], [ 109.467905, -6.824476 ], [ 109.467613, -6.824637 ], [ 109.467106, -6.824914 ], [ 109.466705, -6.825169 ], [ 109.466428, -6.825341 ], [ 109.466086, -6.825542 ], [ 109.465708, -6.825738 ], [ 109.465539, -6.825838 ], [ 109.465396, -6.825935 ], [ 109.465264, -6.826034 ], [ 109.465082, -6.82618 ], [ 109.464789, -6.826398 ], [ 109.464606, -6.826509 ], [ 109.464284, -6.826683 ], [ 109.464081, -6.826793 ], [ 109.463763, -6.826988 ], [ 109.46336, -6.827251 ], [ 109.46283, -6.827574 ], [ 109.462224, -6.827942 ], [ 109.461808, -6.8282 ], [ 109.461089, -6.828613 ], [ 109.460532, -6.82893 ], [ 109.460062, -6.829191 ], [ 109.459496, -6.829494 ], [ 109.459043, -6.829753 ], [ 109.45852, -6.830035 ], [ 109.457985, -6.830364 ], [ 109.457523, -6.830662 ], [ 109.45715, -6.830885 ], [ 109.456803, -6.831067 ], [ 109.456544, -6.831215 ], [ 109.456283, -6.831355 ], [ 109.456039, -6.831494 ], [ 109.455858, -6.8316 ], [ 109.455548, -6.831771 ], [ 109.454989, -6.832122 ], [ 109.454499, -6.832431 ], [ 109.454189, -6.832612 ], [ 109.45405, -6.832695 ], [ 109.45391, -6.832806 ], [ 109.453751, -6.832956 ], [ 109.453657, -6.833034 ], [ 109.453556, -6.833099 ], [ 109.453394, -6.833166 ], [ 109.453264, -6.833231 ], [ 109.453138, -6.833308 ], [ 109.453015, -6.8334 ], [ 109.45282, -6.833534 ], [ 109.452516, -6.833713 ], [ 109.452348, -6.833821 ], [ 109.45207, -6.833975 ], [ 109.451828, -6.834092 ], [ 109.451631, -6.834207 ], [ 109.451449, -6.834284 ], [ 109.451278, -6.834347 ], [ 109.451078, -6.834454 ], [ 109.45093, -6.834548 ], [ 109.450646, -6.834681 ], [ 109.450363, -6.834817 ], [ 109.450033, -6.835011 ], [ 109.449717, -6.835208 ], [ 109.449545, -6.835336 ], [ 109.449386, -6.835458 ], [ 109.449265, -6.835557 ], [ 109.449104, -6.83566 ], [ 109.448875, -6.835782 ], [ 109.448416, -6.835998 ], [ 109.447775, -6.836296 ], [ 109.447163, -6.836613 ], [ 109.446576, -6.836933 ], [ 109.445999, -6.837194 ], [ 109.445203, -6.837566 ], [ 109.444476, -6.837929 ], [ 109.443401, -6.838517 ], [ 109.443042, -6.838709 ], [ 109.442842, -6.838823 ], [ 109.442479, -6.838995 ], [ 109.44211, -6.839124 ], [ 109.441898, -6.83922 ], [ 109.441737, -6.839315 ], [ 109.44154, -6.839514 ], [ 109.441497, -6.839594 ], [ 109.4415, -6.83965 ], [ 109.441525, -6.839716 ], [ 109.441562, -6.839858 ], [ 109.441559, -6.839918 ], [ 109.441546, -6.839965 ], [ 109.441452, -6.840062 ], [ 109.441324, -6.84014 ], [ 109.441029, -6.840307 ], [ 109.440856, -6.840371 ], [ 109.440636, -6.840429 ], [ 109.44038, -6.840475 ], [ 109.440145, -6.840528 ], [ 109.440011, -6.84056 ], [ 109.439822, -6.840632 ], [ 109.439532, -6.840747 ], [ 109.439248, -6.840871 ], [ 109.439042, -6.840969 ], [ 109.438843, -6.84106 ], [ 109.438596, -6.841167 ], [ 109.438453, -6.841226 ], [ 109.438153, -6.841316 ], [ 109.437866, -6.84138 ], [ 109.437607, -6.841437 ], [ 109.437408, -6.841508 ], [ 109.437292, -6.841577 ], [ 109.437172, -6.841669 ], [ 109.437038, -6.841748 ], [ 109.436843, -6.841814 ], [ 109.436654, -6.841873 ], [ 109.436486, -6.841943 ], [ 109.436304, -6.842059 ], [ 109.436192, -6.842148 ], [ 109.436099, -6.842207 ], [ 109.435826, -6.842325 ], [ 109.435543, -6.842425 ], [ 109.435366, -6.842517 ], [ 109.435227, -6.842608 ], [ 109.435075, -6.84269 ], [ 109.434771, -6.842818 ], [ 109.434404, -6.842988 ], [ 109.433819, -6.843242 ], [ 109.433091, -6.843569 ], [ 109.432629, -6.843749 ], [ 109.432075, -6.843971 ], [ 109.431605, -6.844162 ], [ 109.431263, -6.844299 ], [ 109.43075, -6.844537 ], [ 109.430114, -6.844807 ], [ 109.429016, -6.845247 ], [ 109.428542, -6.845428 ], [ 109.427994, -6.845617 ], [ 109.427572, -6.845779 ], [ 109.427068, -6.845998 ], [ 109.426706, -6.846155 ], [ 109.426095, -6.846397 ], [ 109.425491, -6.846616 ], [ 109.42496, -6.846797 ], [ 109.424005, -6.847143 ], [ 109.423351, -6.847364 ], [ 109.422629, -6.847592 ], [ 109.422272, -6.847733 ], [ 109.42201, -6.847842 ], [ 109.421814, -6.847901 ], [ 109.421564, -6.847967 ], [ 109.421259, -6.84805 ], [ 109.420878, -6.848128 ], [ 109.420614, -6.848185 ], [ 109.42042, -6.848245 ], [ 109.420364, -6.848277 ], [ 109.420261, -6.848355 ], [ 109.42016, -6.848445 ], [ 109.420058, -6.848517 ], [ 109.419958, -6.848561 ], [ 109.419774, -6.84862 ], [ 109.419437, -6.84868 ], [ 109.419237, -6.848706 ], [ 109.419102, -6.848745 ], [ 109.418948, -6.848801 ], [ 109.418774, -6.848875 ], [ 109.418599, -6.848944 ], [ 109.418255, -6.849044 ], [ 109.418032, -6.849082 ], [ 109.417876, -6.849112 ], [ 109.417525, -6.849207 ], [ 109.417357, -6.849251 ], [ 109.417085, -6.849345 ], [ 109.4169, -6.849404 ], [ 109.416632, -6.849476 ], [ 109.416153, -6.849577 ], [ 109.415732, -6.849657 ], [ 109.415304, -6.849718 ], [ 109.414762, -6.849766 ], [ 109.414187, -6.849795 ], [ 109.413814, -6.849803 ], [ 109.413551, -6.849805 ], [ 109.413308, -6.849824 ], [ 109.413174, -6.849827 ], [ 109.413028, -6.849822 ], [ 109.412903, -6.849803 ], [ 109.412747, -6.849737 ], [ 109.412501, -6.849707 ], [ 109.412293, -6.849691 ], [ 109.412173, -6.849646 ], [ 109.412094, -6.849549 ], [ 109.412046, -6.849584 ], [ 109.412549, -6.850365 ], [ 109.412627, -6.850428 ], [ 109.412673, -6.850466 ], [ 109.412783, -6.850606 ], [ 109.412752, -6.850927 ], [ 109.412707, -6.851327 ], [ 109.412497, -6.851364 ], [ 109.411901, -6.851576 ], [ 109.411396, -6.85175 ], [ 109.411088, -6.851962 ], [ 109.410842, -6.852051 ], [ 109.410506, -6.852148 ], [ 109.40998, -6.852283 ], [ 109.409498, -6.852389 ], [ 109.409052, -6.85247 ], [ 109.408556, -6.852529 ], [ 109.408184, -6.85257 ], [ 109.407823, -6.852657 ], [ 109.407709, -6.852711 ], [ 109.407581, -6.852794 ], [ 109.407484, -6.85285 ], [ 109.407335, -6.852902 ], [ 109.406856, -6.853018 ], [ 109.406671, -6.853078 ], [ 109.406516, -6.853161 ], [ 109.406454, -6.853203 ], [ 109.406384, -6.853256 ], [ 109.406272, -6.853312 ], [ 109.405911, -6.853437 ], [ 109.405325, -6.853597 ], [ 109.40474, -6.853758 ], [ 109.404139, -6.853909 ], [ 109.404023, -6.853964 ], [ 109.403987, -6.854028 ], [ 109.403869, -6.854091 ], [ 109.403771, -6.854141 ], [ 109.403526, -6.854232 ], [ 109.4028, -6.85449 ], [ 109.401874, -6.854826 ], [ 109.401354, -6.855004 ], [ 109.400842, -6.855167 ], [ 109.400217, -6.855382 ], [ 109.399492, -6.855643 ], [ 109.398878, -6.855851 ], [ 109.398224, -6.856059 ], [ 109.397658, -6.856251 ], [ 109.39685, -6.856567 ], [ 109.396163, -6.856822 ], [ 109.395731, -6.856952 ], [ 109.395141, -6.857106 ], [ 109.394868, -6.857181 ], [ 109.394365, -6.857281 ], [ 109.394245, -6.85731 ], [ 109.394132, -6.857364 ], [ 109.393946, -6.857436 ], [ 109.393751, -6.857477 ], [ 109.393499, -6.857518 ], [ 109.393384, -6.857566 ], [ 109.393233, -6.857679 ], [ 109.393114, -6.857768 ], [ 109.393, -6.857843 ], [ 109.39258, -6.85798 ], [ 109.392041, -6.858144 ], [ 109.391592, -6.858284 ], [ 109.391005, -6.858468 ], [ 109.390652, -6.858594 ], [ 109.390475, -6.858654 ], [ 109.390216, -6.858719 ], [ 109.389608, -6.858884 ], [ 109.389142, -6.858989 ], [ 109.388686, -6.859093 ], [ 109.388082, -6.859224 ], [ 109.387909, -6.859273 ], [ 109.387704, -6.859348 ], [ 109.387535, -6.859418 ], [ 109.387376, -6.859474 ], [ 109.386966, -6.859575 ], [ 109.386339, -6.859729 ], [ 109.385674, -6.859892 ], [ 109.385172, -6.860019 ], [ 109.384465, -6.860164 ], [ 109.38373, -6.860322 ], [ 109.3831, -6.860441 ], [ 109.382574, -6.860557 ], [ 109.382063, -6.860662 ], [ 109.38177, -6.860712 ], [ 109.381543, -6.860746 ], [ 109.381253, -6.860818 ], [ 109.381083, -6.860863 ], [ 109.380897, -6.860882 ], [ 109.380182, -6.860887 ], [ 109.380103, -6.860903 ], [ 109.380073, -6.860921 ], [ 109.380029, -6.860976 ], [ 109.37997, -6.861035 ], [ 109.379865, -6.861116 ], [ 109.379672, -6.861203 ], [ 109.379455, -6.861266 ], [ 109.379037, -6.861337 ], [ 109.378343, -6.861402 ], [ 109.377749, -6.861455 ], [ 109.377237, -6.861493 ], [ 109.376848, -6.861535 ], [ 109.376479, -6.861601 ], [ 109.376018, -6.861684 ], [ 109.375684, -6.861747 ], [ 109.375264, -6.861792 ], [ 109.37474, -6.861847 ], [ 109.374689, -6.861856 ], [ 109.374674, -6.861875 ], [ 109.374675, -6.861934 ], [ 109.373887, -6.862041 ], [ 109.373235, -6.862087 ], [ 109.372949, -6.862105 ], [ 109.372715, -6.862126 ], [ 109.372512, -6.862146 ], [ 109.372326, -6.862151 ], [ 109.372186, -6.862165 ], [ 109.37204, -6.8622 ], [ 109.371683, -6.862244 ], [ 109.371408, -6.862268 ], [ 109.371099, -6.862278 ], [ 109.370858, -6.862277 ], [ 109.370486, -6.862269 ], [ 109.370326, -6.862274 ], [ 109.370189, -6.862294 ], [ 109.370045, -6.862317 ], [ 109.369686, -6.862304 ], [ 109.369543, -6.862297 ], [ 109.369385, -6.862286 ], [ 109.369175, -6.86225 ], [ 109.368556, -6.862171 ], [ 109.367754, -6.86208 ], [ 109.367556, -6.862062 ], [ 109.367424, -6.861736 ], [ 109.367144, -6.860907 ], [ 109.367094, -6.860846 ], [ 109.366881, -6.860643 ], [ 109.36686, -6.860652 ], [ 109.366852, -6.860672 ], [ 109.36707, -6.860892 ], [ 109.367108, -6.860946 ], [ 109.367362, -6.861756 ], [ 109.366941, -6.861893 ], [ 109.366516, -6.862031 ], [ 109.366479, -6.861962 ], [ 109.366452, -6.86193 ], [ 109.366294, -6.861647 ], [ 109.366195, -6.861493 ], [ 109.366184, -6.861501 ], [ 109.366262, -6.861657 ], [ 109.366407, -6.861967 ], [ 109.366341, -6.861894 ], [ 109.366258, -6.861947 ], [ 109.366169, -6.862046 ], [ 109.366012, -6.862177 ], [ 109.365786, -6.8623 ], [ 109.365589, -6.862374 ], [ 109.365413, -6.862411 ], [ 109.365312, -6.862323 ], [ 109.365123, -6.861939 ], [ 109.36474, -6.861042 ], [ 109.364385, -6.861225 ], [ 109.364845, -6.862175 ], [ 109.364462, -6.862447 ], [ 109.364036, -6.862522 ], [ 109.363428, -6.862511 ], [ 109.362797, -6.86249 ], [ 109.361979, -6.862461 ], [ 109.361394, -6.862434 ], [ 109.36071, -6.86241 ], [ 109.360081, -6.862392 ], [ 109.359668, -6.862348 ], [ 109.359388, -6.862313 ], [ 109.358984, -6.862253 ], [ 109.358696, -6.862208 ], [ 109.358309, -6.862172 ], [ 109.357764, -6.862101 ], [ 109.357614, -6.862089 ], [ 109.357532, -6.862108 ], [ 109.357462, -6.862143 ], [ 109.357368, -6.862178 ], [ 109.357219, -6.862176 ], [ 109.356722, -6.862136 ], [ 109.35621, -6.862101 ], [ 109.355654, -6.862069 ], [ 109.354874, -6.862051 ], [ 109.354383, -6.862021 ], [ 109.353691, -6.861963 ], [ 109.352868, -6.861885 ], [ 109.352192, -6.861822 ], [ 109.351921, -6.861782 ], [ 109.351663, -6.861763 ], [ 109.350275, -6.861644 ], [ 109.349717, -6.861595 ], [ 109.34965, -6.861613 ], [ 109.349615, -6.861635 ], [ 109.349576, -6.861748 ], [ 109.349542, -6.861774 ], [ 109.349503, -6.861786 ], [ 109.349251, -6.861764 ], [ 109.349086, -6.86176 ], [ 109.348922, -6.861762 ], [ 109.348616, -6.861795 ], [ 109.348171, -6.861795 ], [ 109.348048, -6.861795 ], [ 109.34796, -6.861822 ], [ 109.34786, -6.861881 ], [ 109.347753, -6.861941 ], [ 109.347669, -6.861964 ], [ 109.347592, -6.861971 ], [ 109.347352, -6.861965 ], [ 109.347065, -6.861934 ], [ 109.346795, -6.861891 ], [ 109.346508, -6.861851 ], [ 109.346232, -6.861858 ], [ 109.346119, -6.861872 ], [ 109.346002, -6.861903 ], [ 109.34593, -6.861932 ], [ 109.345827, -6.861949 ], [ 109.345733, -6.861948 ], [ 109.345594, -6.861932 ], [ 109.345298, -6.861935 ], [ 109.345006, -6.861943 ], [ 109.344845, -6.861937 ], [ 109.344496, -6.861939 ], [ 109.344156, -6.861908 ], [ 109.343831, -6.861939 ], [ 109.343676, -6.861981 ], [ 109.343548, -6.861995 ], [ 109.343467, -6.862021 ], [ 109.343371, -6.862072 ], [ 109.343186, -6.862144 ], [ 109.343005, -6.862149 ], [ 109.342595, -6.862197 ], [ 109.342053, -6.862194 ], [ 109.341675, -6.862232 ], [ 109.341474, -6.862288 ], [ 109.341322, -6.862368 ], [ 109.341154, -6.862469 ] ] } },
{ "type": "Feature", "properties": { "wilayah": "SEM" }, "geometry": { "type": "LineString", "coordinates": [ [ 110.524572, -6.834991 ], [ 110.524403, -6.835023 ], [ 110.524196, -6.835018 ], [ 110.523979, -6.834996 ], [ 110.523531, -6.834951 ], [ 110.523018, -6.83495 ], [ 110.522894, -6.834876 ], [ 110.52268, -6.834997 ], [ 110.522545, -6.834986 ], [ 110.522395, -6.835029 ], [ 110.522191, -6.83521 ], [ 110.522046, -6.835424 ], [ 110.522077, -6.835641 ], [ 110.522285, -6.8359 ], [ 110.522445, -6.835941 ], [ 110.522481, -6.836138 ], [ 110.522284, -6.836239 ], [ 110.522397, -6.836592 ], [ 110.522648, -6.836632 ], [ 110.523038, -6.836525 ], [ 110.523286, -6.836812 ], [ 110.523542, -6.836754 ], [ 110.523703, -6.837116 ], [ 110.524011, -6.83718 ], [ 110.524223, -6.837119 ], [ 110.524357, -6.837385 ], [ 110.524545, -6.837508 ], [ 110.524698, -6.837692 ], [ 110.524636, -6.837806 ], [ 110.524695, -6.837875 ], [ 110.524762, -6.837915 ], [ 110.52492, -6.837939 ], [ 110.525071, -6.837942 ], [ 110.525159, -6.837969 ], [ 110.525242, -6.838022 ], [ 110.525309, -6.83812 ], [ 110.525379, -6.83828 ], [ 110.525436, -6.838381 ], [ 110.525562, -6.838504 ], [ 110.525762, -6.83868 ], [ 110.525819, -6.83873 ], [ 110.526112, -6.838778 ], [ 110.526284, -6.839039 ], [ 110.526348, -6.839284 ], [ 110.526652, -6.839524 ], [ 110.526832, -6.839743 ], [ 110.526873, -6.83998 ], [ 110.526893, -6.840201 ], [ 110.5269, -6.840346 ], [ 110.526909, -6.840573 ], [ 110.52709, -6.840517 ], [ 110.527359, -6.840666 ], [ 110.52765, -6.840788 ], [ 110.52782, -6.841172 ], [ 110.527927, -6.841396 ], [ 110.527986, -6.8417 ], [ 110.528013, -6.842168 ], [ 110.528128, -6.842328 ], [ 110.528224, -6.843725 ], [ 110.528253, -6.844145 ], [ 110.528323, -6.844477 ], [ 110.528397, -6.844919 ], [ 110.528389, -6.845092 ], [ 110.52866, -6.845558 ], [ 110.52893, -6.845803 ], [ 110.529038, -6.846007 ], [ 110.529118, -6.846158 ], [ 110.529062, -6.846349 ], [ 110.529231, -6.84673 ], [ 110.529056, -6.846805 ], [ 110.529113, -6.846946 ], [ 110.52915, -6.847055 ], [ 110.529225, -6.847178 ], [ 110.529209, -6.847348 ], [ 110.528981, -6.847401 ], [ 110.52882, -6.847628 ], [ 110.528914, -6.847774 ], [ 110.52863, -6.847878 ], [ 110.528391, -6.847878 ], [ 110.528204, -6.847753 ], [ 110.527756, -6.847966 ], [ 110.527477, -6.848139 ], [ 110.527251, -6.847993 ], [ 110.526844, -6.847995 ], [ 110.526696, -6.848083 ], [ 110.526385, -6.848136 ], [ 110.526179, -6.848181 ], [ 110.525972, -6.848267 ], [ 110.526179, -6.848597 ], [ 110.526186, -6.848759 ], [ 110.526337, -6.848933 ], [ 110.526052, -6.849042 ], [ 110.52587, -6.84902 ], [ 110.525755, -6.849119 ], [ 110.525693, -6.849319 ], [ 110.525594, -6.849324 ], [ 110.525417, -6.849428 ], [ 110.525068, -6.849598 ], [ 110.525151, -6.849785 ], [ 110.524929, -6.849915 ], [ 110.524644, -6.850014 ], [ 110.524593, -6.849774 ], [ 110.524356, -6.849702 ], [ 110.5241, -6.849773 ], [ 110.523952, -6.84987 ], [ 110.523898, -6.849977 ], [ 110.5239, -6.850181 ], [ 110.523854, -6.850213 ], [ 110.52365, -6.849713 ], [ 110.52355, -6.849694 ], [ 110.523115, -6.849289 ], [ 110.522897, -6.848941 ], [ 110.522793, -6.84898 ], [ 110.522525, -6.848863 ], [ 110.522284, -6.848842 ], [ 110.522, -6.848874 ], [ 110.521683, -6.849025 ], [ 110.521495, -6.849264 ], [ 110.521186, -6.849375 ], [ 110.520583, -6.849827 ], [ 110.520566, -6.84985 ], [ 110.520433, -6.850019 ], [ 110.520363, -6.850157 ], [ 110.52025, -6.850412 ], [ 110.520202, -6.85052 ], [ 110.520095, -6.850743 ], [ 110.51999, -6.850919 ], [ 110.519924, -6.851031 ], [ 110.519457, -6.851899 ], [ 110.519183, -6.852469 ], [ 110.519038, -6.852751 ], [ 110.518942, -6.852975 ], [ 110.518883, -6.853124 ], [ 110.51892, -6.853553 ], [ 110.518773, -6.85408 ], [ 110.518639, -6.854377 ], [ 110.518396, -6.854888 ], [ 110.517996, -6.855562 ], [ 110.517638, -6.856203 ], [ 110.517612, -6.856663 ], [ 110.517213, -6.857241 ], [ 110.516797, -6.857907 ], [ 110.516489, -6.858406 ], [ 110.51615, -6.858867 ], [ 110.515872, -6.859247 ], [ 110.515745, -6.859449 ], [ 110.515713, -6.859555 ], [ 110.515713, -6.859642 ], [ 110.515742, -6.859875 ], [ 110.515777, -6.859976 ], [ 110.515836, -6.860091 ], [ 110.515908, -6.860224 ], [ 110.515989, -6.86037 ], [ 110.516021, -6.860457 ], [ 110.516028, -6.860525 ], [ 110.516018, -6.860578 ], [ 110.515996, -6.860621 ], [ 110.515962, -6.860659 ], [ 110.515896, -6.860698 ], [ 110.515825, -6.860727 ], [ 110.515754, -6.860742 ], [ 110.515683, -6.860752 ], [ 110.515637, -6.860759 ], [ 110.5156, -6.860779 ], [ 110.515566, -6.860826 ], [ 110.515558, -6.86088 ], [ 110.515557, -6.86094 ], [ 110.515584, -6.861043 ], [ 110.515613, -6.861128 ], [ 110.515667, -6.861197 ], [ 110.515932, -6.861386 ], [ 110.516009, -6.861463 ], [ 110.516053, -6.861527 ], [ 110.516104, -6.861635 ], [ 110.516319, -6.862407 ], [ 110.516433, -6.862724 ], [ 110.516575, -6.862856 ], [ 110.516767, -6.863139 ], [ 110.51685, -6.863279 ], [ 110.516993, -6.863328 ], [ 110.517297, -6.863343 ], [ 110.517563, -6.863212 ], [ 110.51776, -6.863088 ], [ 110.517894, -6.862609 ], [ 110.51818, -6.862077 ], [ 110.518346, -6.861699 ], [ 110.518443, -6.861601 ], [ 110.518513, -6.861566 ], [ 110.518599, -6.861558 ], [ 110.518727, -6.861568 ], [ 110.518818, -6.861619 ], [ 110.518875, -6.861688 ], [ 110.518923, -6.861782 ], [ 110.518961, -6.861853 ], [ 110.518911, -6.862067 ], [ 110.518711, -6.862573 ], [ 110.518668, -6.862812 ], [ 110.518958, -6.862759 ], [ 110.519159, -6.862554 ], [ 110.519165, -6.862666 ], [ 110.519132, -6.862791 ], [ 110.519081, -6.862911 ], [ 110.519028, -6.863108 ], [ 110.518778, -6.863419 ], [ 110.518714, -6.863481 ], [ 110.518661, -6.863521 ], [ 110.518612, -6.86354 ], [ 110.518572, -6.863546 ], [ 110.5185, -6.863558 ], [ 110.518253, -6.863608 ], [ 110.518062, -6.863664 ], [ 110.517853, -6.863808 ], [ 110.517719, -6.863947 ], [ 110.517646, -6.864056 ], [ 110.517542, -6.86421 ], [ 110.5174, -6.864394 ], [ 110.517276, -6.864541 ], [ 110.517113, -6.864679 ], [ 110.516962, -6.864756 ], [ 110.516831, -6.864812 ], [ 110.516678, -6.864879 ], [ 110.51656, -6.864959 ], [ 110.516461, -6.865068 ], [ 110.516426, -6.865158 ], [ 110.516426, -6.865278 ], [ 110.516461, -6.865369 ], [ 110.516531, -6.865433 ], [ 110.516608, -6.86555 ], [ 110.516622, -6.865616 ], [ 110.516619, -6.865715 ], [ 110.516587, -6.865877 ], [ 110.51656, -6.866024 ], [ 110.516544, -6.86612 ], [ 110.516544, -6.866242 ], [ 110.516595, -6.866314 ], [ 110.51671, -6.866391 ], [ 110.516823, -6.866458 ], [ 110.516925, -6.866522 ], [ 110.517017, -6.866595 ], [ 110.517056, -6.866635 ], [ 110.517066, -6.866667 ], [ 110.517055, -6.8667 ], [ 110.517008, -6.866747 ], [ 110.516936, -6.866783 ], [ 110.516828, -6.866787 ], [ 110.516713, -6.866765 ], [ 110.516638, -6.866741 ], [ 110.516596, -6.866748 ], [ 110.516568, -6.866769 ], [ 110.516543, -6.866832 ], [ 110.516531, -6.866879 ], [ 110.516468, -6.866952 ], [ 110.516384, -6.867014 ], [ 110.516305, -6.867066 ], [ 110.51628, -6.867109 ], [ 110.516285, -6.867141 ], [ 110.516329, -6.867185 ], [ 110.516423, -6.867233 ], [ 110.516485, -6.867315 ], [ 110.51652, -6.867425 ], [ 110.51652, -6.867566 ], [ 110.516458, -6.867723 ], [ 110.51637, -6.867835 ], [ 110.516295, -6.867978 ], [ 110.516289, -6.86809 ], [ 110.516316, -6.868213 ], [ 110.516363, -6.868334 ], [ 110.51641, -6.868447 ], [ 110.516427, -6.868504 ], [ 110.516427, -6.868575 ], [ 110.516415, -6.86865 ], [ 110.516395, -6.868719 ], [ 110.516351, -6.868881 ], [ 110.51634, -6.868954 ], [ 110.516336, -6.869057 ], [ 110.516329, -6.869178 ], [ 110.516311, -6.869281 ], [ 110.516278, -6.869395 ], [ 110.516237, -6.869532 ], [ 110.516163, -6.869663 ], [ 110.516076, -6.869771 ], [ 110.516002, -6.869862 ], [ 110.515981, -6.869902 ], [ 110.515967, -6.869948 ], [ 110.515969, -6.870024 ], [ 110.515973, -6.870121 ], [ 110.515973, -6.870199 ], [ 110.515983, -6.870289 ], [ 110.515955, -6.870383 ], [ 110.515898, -6.870444 ], [ 110.515809, -6.870487 ], [ 110.515723, -6.870514 ], [ 110.515604, -6.870533 ], [ 110.515523, -6.870546 ], [ 110.51548, -6.870536 ], [ 110.515408, -6.870456 ], [ 110.515324, -6.870379 ], [ 110.515248, -6.870286 ], [ 110.51518, -6.870207 ], [ 110.515136, -6.870173 ], [ 110.515102, -6.870171 ], [ 110.515067, -6.870187 ], [ 110.515037, -6.870219 ], [ 110.515033, -6.870247 ], [ 110.515054, -6.870279 ], [ 110.51513, -6.870358 ], [ 110.515195, -6.870443 ], [ 110.515234, -6.870529 ], [ 110.515267, -6.870647 ], [ 110.515297, -6.870762 ], [ 110.515311, -6.870861 ], [ 110.515332, -6.870964 ], [ 110.515369, -6.871055 ], [ 110.515401, -6.871127 ], [ 110.515447, -6.871218 ], [ 110.515527, -6.871322 ], [ 110.515664, -6.871467 ], [ 110.515804, -6.871552 ], [ 110.515868, -6.871583 ], [ 110.515903, -6.87163 ], [ 110.515788, -6.871685 ], [ 110.51568, -6.87181 ], [ 110.51557, -6.871906 ], [ 110.515404, -6.871992 ], [ 110.515214, -6.872015 ], [ 110.515057, -6.872021 ], [ 110.514876, -6.872 ], [ 110.514784, -6.872 ], [ 110.514677, -6.872063 ], [ 110.51446, -6.872316 ], [ 110.514306, -6.872548 ], [ 110.51417, -6.872657 ], [ 110.513931, -6.872894 ], [ 110.513722, -6.873107 ], [ 110.513545, -6.873262 ], [ 110.513459, -6.87339 ], [ 110.513411, -6.873613 ], [ 110.513408, -6.873705 ], [ 110.513433, -6.873784 ], [ 110.51349, -6.873824 ], [ 110.513564, -6.873848 ], [ 110.513627, -6.873862 ], [ 110.513673, -6.87388 ], [ 110.51369, -6.873902 ], [ 110.513691, -6.873945 ], [ 110.513681, -6.873983 ], [ 110.513611, -6.874058 ], [ 110.513497, -6.874164 ], [ 110.51343, -6.87422 ], [ 110.513345, -6.874292 ], [ 110.513289, -6.87438 ], [ 110.513262, -6.874475 ], [ 110.513244, -6.874652 ], [ 110.51323, -6.874792 ], [ 110.513227, -6.874906 ], [ 110.513222, -6.874981 ], [ 110.513203, -6.875021 ], [ 110.513134, -6.875082 ], [ 110.51306, -6.875131 ], [ 110.512894, -6.875262 ], [ 110.512593, -6.875459 ], [ 110.512344, -6.875602 ], [ 110.512102, -6.875751 ], [ 110.511842, -6.875853 ], [ 110.511619, -6.875887 ], [ 110.51144, -6.875863 ], [ 110.511257, -6.875751 ], [ 110.511118, -6.87569 ], [ 110.510968, -6.875701 ], [ 110.510863, -6.875768 ], [ 110.510777, -6.875898 ], [ 110.510667, -6.876034 ], [ 110.510463, -6.876258 ], [ 110.510219, -6.876455 ], [ 110.510015, -6.876646 ], [ 110.50982, -6.87683 ], [ 110.509726, -6.87699 ], [ 110.509645, -6.877205 ], [ 110.509557, -6.87752 ], [ 110.509431, -6.877826 ], [ 110.509337, -6.878031 ], [ 110.50931, -6.878159 ], [ 110.509334, -6.878345 ], [ 110.509385, -6.878558 ], [ 110.509417, -6.87871 ], [ 110.509487, -6.878761 ], [ 110.509616, -6.878774 ], [ 110.509726, -6.878753 ], [ 110.509919, -6.87875 ], [ 110.510077, -6.878769 ], [ 110.510241, -6.878822 ], [ 110.510353, -6.878915 ], [ 110.510413, -6.879043 ], [ 110.510455, -6.879208 ], [ 110.510463, -6.87932 ], [ 110.510455, -6.879405 ], [ 110.510394, -6.879456 ], [ 110.510327, -6.879466 ], [ 110.510225, -6.879477 ], [ 110.510171, -6.879525 ], [ 110.510158, -6.879583 ], [ 110.510176, -6.879642 ], [ 110.51027, -6.879741 ], [ 110.510324, -6.879823 ], [ 110.510324, -6.879927 ], [ 110.510265, -6.87998 ], [ 110.510174, -6.879999 ], [ 110.51008, -6.879975 ], [ 110.509994, -6.879906 ], [ 110.5099, -6.879772 ], [ 110.50982, -6.879703 ], [ 110.50972, -6.879685 ], [ 110.50957, -6.879719 ], [ 110.509492, -6.879759 ], [ 110.509447, -6.879879 ], [ 110.509466, -6.879983 ], [ 110.509549, -6.880124 ], [ 110.509656, -6.880316 ], [ 110.509712, -6.880515 ], [ 110.509728, -6.880715 ], [ 110.509696, -6.880832 ], [ 110.509613, -6.880939 ], [ 110.509584, -6.881036 ], [ 110.509444, -6.881061 ], [ 110.509281, -6.881219 ], [ 110.509171, -6.881381 ], [ 110.509079, -6.881597 ], [ 110.50904, -6.881723 ], [ 110.509034, -6.881806 ], [ 110.509045, -6.881879 ], [ 110.509066, -6.881926 ], [ 110.509141, -6.882017 ], [ 110.509216, -6.882153 ], [ 110.509256, -6.882244 ], [ 110.509278, -6.88239 ], [ 110.509267, -6.882499 ], [ 110.509243, -6.882627 ], [ 110.509168, -6.8828 ], [ 110.509063, -6.882973 ], [ 110.5089, -6.88317 ], [ 110.508787, -6.883311 ], [ 110.508758, -6.883426 ], [ 110.508758, -6.883565 ], [ 110.508814, -6.883676 ], [ 110.508927, -6.883807 ], [ 110.509042, -6.883953 ], [ 110.509146, -6.884126 ], [ 110.509171, -6.884249 ], [ 110.509141, -6.884411 ], [ 110.50912, -6.884536 ], [ 110.509105, -6.884688 ], [ 110.509047, -6.884758 ], [ 110.508964, -6.884859 ], [ 110.508939, -6.884874 ], [ 110.508849, -6.884928 ], [ 110.508696, -6.884978 ], [ 110.508484, -6.885026 ], [ 110.508339, -6.885058 ], [ 110.508245, -6.885093 ], [ 110.50817, -6.885184 ], [ 110.508092, -6.885298 ], [ 110.507996, -6.885351 ], [ 110.507875, -6.885365 ], [ 110.507687, -6.885309 ], [ 110.507537, -6.885231 ], [ 110.507392, -6.885231 ], [ 110.507269, -6.885285 ], [ 110.507162, -6.885381 ], [ 110.507054, -6.885519 ], [ 110.506994, -6.885612 ], [ 110.506943, -6.885727 ], [ 110.506923, -6.885824 ], [ 110.506915, -6.885927 ], [ 110.506901, -6.886004 ], [ 110.506869, -6.88606 ], [ 110.506795, -6.886095 ], [ 110.506657, -6.886163 ], [ 110.506494, -6.886257 ], [ 110.506437, -6.886323 ], [ 110.506407, -6.886383 ], [ 110.506419, -6.88645 ], [ 110.506475, -6.886552 ], [ 110.506569, -6.88664 ], [ 110.506739, -6.886732 ], [ 110.506893, -6.886813 ], [ 110.507101, -6.886932 ], [ 110.507392, -6.887072 ], [ 110.507596, -6.887157 ], [ 110.507771, -6.887266 ], [ 110.507964, -6.887407 ], [ 110.508092, -6.887569 ], [ 110.508146, -6.887671 ], [ 110.508162, -6.887783 ], [ 110.508135, -6.887889 ], [ 110.508068, -6.887969 ], [ 110.50794, -6.88802 ], [ 110.507784, -6.88802 ], [ 110.507612, -6.887985 ], [ 110.507451, -6.887982 ], [ 110.507355, -6.888049 ], [ 110.50728, -6.888155 ], [ 110.507237, -6.888254 ], [ 110.507191, -6.888363 ], [ 110.507111, -6.888464 ], [ 110.506987, -6.888587 ], [ 110.50681, -6.888682 ], [ 110.506623, -6.88873 ], [ 110.506394, -6.888746 ], [ 110.506054, -6.888717 ], [ 110.505861, -6.888714 ], [ 110.505745, -6.88872 ], [ 110.5057, -6.888749 ], [ 110.505673, -6.888808 ], [ 110.505673, -6.888856 ], [ 110.505759, -6.888933 ], [ 110.505842, -6.889005 ], [ 110.505885, -6.889132 ], [ 110.505858, -6.889276 ], [ 110.505791, -6.889425 ], [ 110.505719, -6.88958 ], [ 110.505681, -6.889761 ], [ 110.505638, -6.890009 ], [ 110.505568, -6.89016 ], [ 110.505469, -6.890301 ], [ 110.505346, -6.890395 ], [ 110.505239, -6.890437 ], [ 110.505096, -6.890416 ], [ 110.504901, -6.890323 ], [ 110.504675, -6.890206 ], [ 110.50453, -6.890126 ], [ 110.504474, -6.890095 ], [ 110.504415, -6.890082 ], [ 110.504392, -6.890095 ], [ 110.504373, -6.890128 ], [ 110.504356, -6.890168 ], [ 110.504284, -6.89028 ], [ 110.504174, -6.890464 ], [ 110.504058, -6.890685 ], [ 110.503916, -6.890962 ], [ 110.503836, -6.891118 ], [ 110.503828, -6.891162 ], [ 110.503853, -6.891191 ], [ 110.503889, -6.891202 ], [ 110.503991, -6.891196 ], [ 110.504155, -6.891171 ], [ 110.504339, -6.891143 ], [ 110.504568, -6.891156 ], [ 110.504785, -6.891154 ], [ 110.504909, -6.891135 ], [ 110.504915, -6.89113 ], [ 110.505005, -6.891052 ], [ 110.505091, -6.890986 ], [ 110.50515, -6.890981 ], [ 110.505225, -6.891037 ], [ 110.505326, -6.891132 ], [ 110.505394, -6.891196 ], [ 110.505469, -6.891262 ], [ 110.505614, -6.891388 ], [ 110.505893, -6.891596 ], [ 110.506116, -6.891758 ], [ 110.506274, -6.891934 ], [ 110.50636, -6.892046 ], [ 110.506413, -6.892229 ], [ 110.506491, -6.892445 ], [ 110.506614, -6.89269 ], [ 110.506722, -6.892916 ], [ 110.506842, -6.893103 ], [ 110.507022, -6.893348 ], [ 110.507119, -6.89347 ], [ 110.507186, -6.893643 ], [ 110.507205, -6.89384 ], [ 110.507143, -6.894003 ], [ 110.506985, -6.894144 ], [ 110.506797, -6.894326 ], [ 110.506674, -6.894402 ], [ 110.506554, -6.894442 ], [ 110.506462, -6.894438 ], [ 110.506336, -6.89438 ], [ 110.506238, -6.894353 ], [ 110.506089, -6.89432 ], [ 110.505897, -6.894249 ], [ 110.505751, -6.894161 ], [ 110.505651, -6.894131 ], [ 110.505606, -6.894296 ], [ 110.505657, -6.894462 ], [ 110.50585, -6.894593 ], [ 110.506038, -6.894703 ], [ 110.506107, -6.894863 ], [ 110.506215, -6.8951 ], [ 110.506274, -6.895353 ], [ 110.506443, -6.89559 ], [ 110.506382, -6.89578 ], [ 110.506319, -6.89586 ], [ 110.506306, -6.896077 ], [ 110.506349, -6.896285 ], [ 110.506521, -6.896449 ], [ 110.506483, -6.896658 ], [ 110.506593, -6.896809 ], [ 110.506577, -6.897247 ], [ 110.506665, -6.897446 ], [ 110.506747, -6.897611 ], [ 110.506799, -6.89776 ], [ 110.506864, -6.897851 ], [ 110.506919, -6.897985 ], [ 110.506821, -6.898025 ], [ 110.50672, -6.8981 ], [ 110.506685, -6.898185 ], [ 110.506665, -6.898246 ], [ 110.506565, -6.898346 ], [ 110.506409, -6.898524 ], [ 110.506286, -6.898592 ], [ 110.506097, -6.898659 ], [ 110.50583, -6.898822 ], [ 110.505839, -6.899017 ], [ 110.505794, -6.899061 ], [ 110.505654, -6.898957 ], [ 110.505517, -6.898877 ], [ 110.505318, -6.898893 ], [ 110.505208, -6.899056 ], [ 110.505121, -6.89915 ], [ 110.505119, -6.899263 ], [ 110.505084, -6.89938 ], [ 110.505094, -6.899509 ], [ 110.505213, -6.899536 ], [ 110.505403, -6.899536 ], [ 110.50555, -6.899567 ], [ 110.505623, -6.899595 ], [ 110.505574, -6.89978 ], [ 110.505512, -6.899729 ], [ 110.505335, -6.899745 ], [ 110.505182, -6.899744 ], [ 110.505129, -6.899879 ], [ 110.504992, -6.899962 ], [ 110.504878, -6.899949 ], [ 110.504817, -6.900027 ], [ 110.504723, -6.899986 ], [ 110.504632, -6.900069 ], [ 110.504431, -6.900316 ], [ 110.504337, -6.900432 ], [ 110.504318, -6.900455 ], [ 110.504163, -6.900599 ], [ 110.503911, -6.90079 ], [ 110.50361, -6.900897 ], [ 110.50331, -6.90095 ], [ 110.503034, -6.900923 ], [ 110.50262, -6.901011 ], [ 110.502595, -6.900886 ], [ 110.502539, -6.90079 ], [ 110.502446, -6.900675 ], [ 110.502355, -6.900581 ], [ 110.502238, -6.900504 ], [ 110.502044, -6.900451 ], [ 110.501936, -6.900277 ], [ 110.501836, -6.900135 ], [ 110.501781, -6.900054 ], [ 110.501702, -6.899992 ], [ 110.501623, -6.89996 ], [ 110.501537, -6.899958 ], [ 110.501523, -6.899934 ], [ 110.501483, -6.899856 ], [ 110.501442, -6.899816 ], [ 110.501384, -6.899771 ], [ 110.501149, -6.89978 ], [ 110.501083, -6.899742 ], [ 110.501038, -6.899744 ], [ 110.500961, -6.899756 ], [ 110.500927, -6.899757 ], [ 110.500901, -6.899771 ], [ 110.500886, -6.899796 ], [ 110.500818, -6.899842 ], [ 110.500707, -6.899801 ], [ 110.500659, -6.900083 ], [ 110.50077, -6.900335 ], [ 110.500834, -6.90058 ], [ 110.500912, -6.900777 ], [ 110.50085, -6.900923 ], [ 110.500735, -6.900958 ], [ 110.500462, -6.900931 ], [ 110.50036, -6.901011 ], [ 110.500559, -6.901259 ], [ 110.500626, -6.901363 ], [ 110.500679, -6.901885 ], [ 110.500641, -6.902239 ], [ 110.500368, -6.902544 ], [ 110.499933, -6.903032 ], [ 110.499542, -6.903508 ], [ 110.499271, -6.903975 ], [ 110.499123, -6.904097 ], [ 110.499069, -6.904301 ], [ 110.498684, -6.904635 ], [ 110.498524, -6.904658 ], [ 110.498329, -6.904611 ], [ 110.497919, -6.904389 ], [ 110.49768, -6.904265 ], [ 110.497414, -6.904183 ], [ 110.49718, -6.904128 ], [ 110.496921, -6.904007 ], [ 110.496872, -6.903996 ], [ 110.496642, -6.903943 ], [ 110.496395, -6.903954 ] ] } },
{ "type": "Feature", "properties": { "wilayah": "SEM" }, "geometry": { "type": "LineString", "coordinates": [ [ 110.732164, -6.44526 ], [ 110.732074, -6.445278 ], [ 110.731958, -6.445292 ], [ 110.731887, -6.445293 ], [ 110.731802, -6.445281 ], [ 110.731445, -6.445204 ], [ 110.731068, -6.445078 ], [ 110.730832, -6.445005 ], [ 110.730658, -6.444959 ], [ 110.730582, -6.444951 ], [ 110.730524, -6.44496 ], [ 110.730478, -6.444989 ], [ 110.730443, -6.445021 ], [ 110.730295, -6.44519 ], [ 110.730134, -6.445348 ], [ 110.730032, -6.445436 ], [ 110.729822, -6.445534 ], [ 110.729675, -6.445563 ], [ 110.729015, -6.445641 ], [ 110.728624, -6.44571 ], [ 110.728425, -6.445769 ], [ 110.728245, -6.445851 ], [ 110.728044, -6.445958 ], [ 110.727253, -6.446294 ], [ 110.726556, -6.446624 ], [ 110.726006, -6.446867 ], [ 110.725271, -6.447181 ], [ 110.724882, -6.447312 ], [ 110.724431, -6.447421 ], [ 110.724182, -6.447488 ], [ 110.724053, -6.447541 ], [ 110.723444, -6.44793 ], [ 110.723071, -6.448197 ], [ 110.722766, -6.448455 ], [ 110.722074, -6.449116 ], [ 110.721701, -6.449503 ], [ 110.721559, -6.449671 ], [ 110.721376, -6.449921 ], [ 110.721269, -6.450033 ], [ 110.721178, -6.450116 ], [ 110.721054, -6.450204 ], [ 110.720778, -6.450342 ], [ 110.720657, -6.45042 ], [ 110.720561, -6.450497 ], [ 110.720282, -6.450745 ], [ 110.719322, -6.451536 ], [ 110.719061, -6.451776 ], [ 110.718917, -6.451875 ], [ 110.718793, -6.451944 ], [ 110.718356, -6.452077 ], [ 110.71823, -6.452144 ], [ 110.71801, -6.452336 ], [ 110.717761, -6.452594 ], [ 110.717356, -6.453122 ], [ 110.717251, -6.453293 ], [ 110.717144, -6.453562 ], [ 110.71709, -6.453716 ], [ 110.716957, -6.454169 ], [ 110.716943, -6.454291 ], [ 110.716955, -6.454345 ], [ 110.716972, -6.454388 ], [ 110.71701, -6.45444 ], [ 110.717032, -6.454529 ], [ 110.717035, -6.454595 ], [ 110.717026, -6.454647 ], [ 110.716943, -6.454775 ], [ 110.716859, -6.454873 ], [ 110.716763, -6.454942 ], [ 110.716382, -6.455086 ], [ 110.716146, -6.455217 ], [ 110.716047, -6.455278 ], [ 110.71598, -6.455358 ], [ 110.715741, -6.455675 ], [ 110.715636, -6.455801 ], [ 110.715443, -6.456003 ], [ 110.71539, -6.456099 ], [ 110.715349, -6.45624 ], [ 110.715293, -6.456363 ], [ 110.715073, -6.456651 ], [ 110.714759, -6.45708 ], [ 110.71466, -6.457205 ], [ 110.714565, -6.457293 ], [ 110.713976, -6.457589 ], [ 110.713912, -6.457642 ], [ 110.713874, -6.457692 ], [ 110.713865, -6.457732 ], [ 110.713854, -6.457794 ], [ 110.713845, -6.457908 ], [ 110.713829, -6.458031 ], [ 110.713662, -6.458527 ], [ 110.713533, -6.458975 ], [ 110.71339, -6.459337 ], [ 110.713556, -6.459419 ], [ 110.713528, -6.459596 ], [ 110.713515, -6.459788 ], [ 110.713512, -6.459996 ], [ 110.713544, -6.460241 ], [ 110.713542, -6.460419 ], [ 110.713474, -6.461203 ], [ 110.713373, -6.462034 ], [ 110.713341, -6.462323 ], [ 110.713265, -6.462663 ], [ 110.713255, -6.462922 ], [ 110.713271, -6.463034 ], [ 110.713308, -6.463175 ], [ 110.713313, -6.463292 ], [ 110.713289, -6.463482 ], [ 110.713228, -6.463639 ], [ 110.713155, -6.463796 ], [ 110.713096, -6.463977 ], [ 110.713061, -6.464228 ], [ 110.713032, -6.464319 ], [ 110.713013, -6.464359 ], [ 110.712925, -6.464478 ], [ 110.712841, -6.464582 ], [ 110.712782, -6.464684 ], [ 110.71271, -6.465017 ], [ 110.712675, -6.465331 ], [ 110.712664, -6.465478 ], [ 110.712686, -6.465648 ], [ 110.712745, -6.465742 ], [ 110.71279, -6.465794 ], [ 110.712978, -6.46592 ], [ 110.713281, -6.466153 ], [ 110.713324, -6.466123 ], [ 110.713516, -6.466305 ], [ 110.71361, -6.466441 ], [ 110.713869, -6.46685 ], [ 110.713898, -6.467013 ], [ 110.713901, -6.467096 ], [ 110.713887, -6.467298 ], [ 110.713853, -6.467511 ], [ 110.713745, -6.468055 ], [ 110.713673, -6.468314 ], [ 110.713552, -6.468657 ], [ 110.713373, -6.468996 ], [ 110.713252, -6.469201 ], [ 110.712981, -6.46962 ], [ 110.712938, -6.469673 ], [ 110.712828, -6.469835 ], [ 110.712733, -6.469999 ], [ 110.712512, -6.470352 ], [ 110.712418, -6.470496 ], [ 110.71231, -6.470624 ], [ 110.712225, -6.470739 ], [ 110.712031, -6.471037 ], [ 110.711632, -6.471621 ], [ 110.711275, -6.472069 ], [ 110.711138, -6.472229 ], [ 110.71098, -6.472447 ], [ 110.710763, -6.472762 ], [ 110.71054, -6.473012 ], [ 110.710138, -6.473449 ], [ 110.710041, -6.473537 ], [ 110.709695, -6.473897 ], [ 110.709237, -6.474393 ], [ 110.708901, -6.474722 ], [ 110.708609, -6.474974 ], [ 110.708247, -6.475216 ], [ 110.708003, -6.475363 ], [ 110.707574, -6.475517 ], [ 110.707489, -6.475537 ], [ 110.707425, -6.475545 ], [ 110.707356, -6.475541 ], [ 110.707127, -6.475544 ], [ 110.70688, -6.475538 ], [ 110.706719, -6.475583 ], [ 110.706593, -6.475615 ], [ 110.706514, -6.475617 ], [ 110.706313, -6.475611 ], [ 110.706171, -6.475597 ], [ 110.706027, -6.475551 ], [ 110.705775, -6.47544 ], [ 110.705641, -6.475391 ], [ 110.705571, -6.475356 ], [ 110.705523, -6.475324 ], [ 110.705448, -6.475236 ], [ 110.705402, -6.475134 ], [ 110.705377, -6.475042 ], [ 110.705335, -6.474944 ], [ 110.705228, -6.474771 ], [ 110.705198, -6.474748 ], [ 110.705117, -6.474714 ], [ 110.705015, -6.47465 ], [ 110.704961, -6.474601 ], [ 110.704902, -6.474506 ], [ 110.704863, -6.474427 ], [ 110.704831, -6.47439 ], [ 110.704788, -6.474363 ], [ 110.704714, -6.474351 ], [ 110.704655, -6.474353 ], [ 110.704489, -6.47441 ], [ 110.704359, -6.474442 ], [ 110.704289, -6.474453 ], [ 110.704147, -6.47445 ], [ 110.703992, -6.474418 ], [ 110.703782, -6.474365 ], [ 110.703697, -6.474363 ], [ 110.70364, -6.474379 ], [ 110.703577, -6.47441 ], [ 110.703507, -6.474466 ], [ 110.703302, -6.474594 ], [ 110.702802, -6.47487 ], [ 110.702614, -6.475016 ], [ 110.702544, -6.475128 ], [ 110.702485, -6.475307 ], [ 110.702445, -6.475552 ], [ 110.702402, -6.475669 ], [ 110.702276, -6.475891 ], [ 110.70204, -6.476322 ], [ 110.701911, -6.476506 ], [ 110.701651, -6.476805 ], [ 110.701472, -6.476951 ], [ 110.701356, -6.477036 ], [ 110.701252, -6.47714 ], [ 110.70112, -6.477346 ], [ 110.700919, -6.477673 ], [ 110.700471, -6.478206 ], [ 110.700367, -6.478361 ], [ 110.700316, -6.478473 ], [ 110.700273, -6.47863 ], [ 110.700214, -6.479051 ], [ 110.700179, -6.479216 ], [ 110.700141, -6.479342 ], [ 110.700072, -6.479451 ], [ 110.699967, -6.479571 ], [ 110.699873, -6.479651 ], [ 110.699758, -6.479715 ], [ 110.699607, -6.479742 ], [ 110.699363, -6.479771 ], [ 110.698988, -6.479853 ], [ 110.698838, -6.479894 ], [ 110.69876, -6.479931 ], [ 110.698671, -6.479997 ], [ 110.698355, -6.48033 ], [ 110.697191, -6.481636 ], [ 110.696952, -6.481946 ], [ 110.696703, -6.482329 ], [ 110.696515, -6.48259 ], [ 110.696139, -6.48306 ], [ 110.695876, -6.483361 ], [ 110.695581, -6.483747 ], [ 110.695504, -6.48392 ], [ 110.695469, -6.484051 ], [ 110.695439, -6.484299 ], [ 110.695369, -6.484757 ], [ 110.695324, -6.48501 ], [ 110.695268, -6.48521 ], [ 110.695128, -6.485431 ], [ 110.69504, -6.485549 ], [ 110.694758, -6.485794 ], [ 110.6946, -6.485868 ], [ 110.694301, -6.485958 ], [ 110.694236, -6.485964 ], [ 110.694164, -6.485959 ], [ 110.694067, -6.485943 ], [ 110.693963, -6.485918 ], [ 110.6939, -6.485915 ], [ 110.69386, -6.485926 ], [ 110.693818, -6.485961 ], [ 110.693793, -6.486014 ], [ 110.693786, -6.48604 ], [ 110.693785, -6.486055 ], [ 110.69379, -6.48607 ], [ 110.693809, -6.486083 ], [ 110.694012, -6.486136 ], [ 110.694114, -6.486156 ], [ 110.694147, -6.486175 ], [ 110.69416, -6.486192 ], [ 110.694169, -6.486223 ], [ 110.694174, -6.486262 ], [ 110.694169, -6.486293 ], [ 110.694128, -6.486374 ], [ 110.694115, -6.486389 ], [ 110.694098, -6.486401 ], [ 110.694083, -6.486403 ], [ 110.69406, -6.4864 ], [ 110.693995, -6.486376 ], [ 110.69385, -6.486356 ], [ 110.69376, -6.486338 ], [ 110.693496, -6.486268 ], [ 110.692333, -6.48618 ], [ 110.69221, -6.486202 ], [ 110.692089, -6.486252 ], [ 110.691944, -6.486375 ], [ 110.691767, -6.486559 ], [ 110.691333, -6.487014 ], [ 110.69096, -6.487318 ], [ 110.690796, -6.487412 ], [ 110.690582, -6.487486 ], [ 110.690327, -6.487542 ], [ 110.690182, -6.487588 ], [ 110.690064, -6.487675 ], [ 110.689968, -6.487777 ], [ 110.689887, -6.487899 ], [ 110.689804, -6.488139 ], [ 110.68963, -6.488478 ], [ 110.689603, -6.488576 ], [ 110.689597, -6.488771 ], [ 110.689605, -6.488917 ], [ 110.689638, -6.489064 ], [ 110.689764, -6.489394 ], [ 110.689788, -6.48953 ], [ 110.68974, -6.490476 ], [ 110.689744, -6.491187 ], [ 110.689758, -6.491305 ], [ 110.689779, -6.49134 ], [ 110.68982, -6.491381 ], [ 110.690091, -6.491612 ], [ 110.690252, -6.491741 ], [ 110.690437, -6.491875 ], [ 110.690524, -6.491987 ], [ 110.690544, -6.492047 ], [ 110.690554, -6.492121 ], [ 110.690547, -6.492213 ], [ 110.690523, -6.492344 ], [ 110.690472, -6.492731 ], [ 110.690469, -6.492802 ], [ 110.690477, -6.492856 ], [ 110.690563, -6.493039 ], [ 110.690633, -6.493295 ], [ 110.690656, -6.493347 ], [ 110.690684, -6.493391 ], [ 110.690772, -6.49345 ], [ 110.690928, -6.493537 ], [ 110.69103, -6.493601 ], [ 110.691074, -6.49364 ], [ 110.691116, -6.49369 ], [ 110.691362, -6.494037 ], [ 110.691446, -6.494146 ], [ 110.691531, -6.494294 ], [ 110.691577, -6.49441 ], [ 110.691598, -6.494503 ], [ 110.691614, -6.494666 ], [ 110.691604, -6.49502 ], [ 110.691604, -6.495455 ], [ 110.691582, -6.49582 ], [ 110.691545, -6.496166 ], [ 110.691435, -6.496655 ], [ 110.691428, -6.496754 ], [ 110.691433, -6.496835 ], [ 110.691472, -6.496948 ], [ 110.691515, -6.497023 ], [ 110.691532, -6.497044 ], [ 110.691541, -6.497082 ], [ 110.691541, -6.49712 ], [ 110.691535, -6.497165 ], [ 110.691513, -6.497249 ], [ 110.691338, -6.497621 ], [ 110.691166, -6.497928 ], [ 110.691022, -6.498088 ], [ 110.69067, -6.498389 ], [ 110.690332, -6.498647 ], [ 110.689909, -6.498948 ], [ 110.689117, -6.499417 ], [ 110.68853, -6.499665 ], [ 110.688227, -6.499772 ], [ 110.687929, -6.499822 ], [ 110.687658, -6.499849 ], [ 110.687253, -6.499808 ], [ 110.687091, -6.499765 ], [ 110.686973, -6.499712 ], [ 110.686911, -6.499672 ], [ 110.686823, -6.499595 ], [ 110.686509, -6.499176 ], [ 110.686443, -6.499119 ], [ 110.68606, -6.498886 ], [ 110.685991, -6.498814 ], [ 110.685924, -6.498707 ], [ 110.685731, -6.498338 ], [ 110.685636, -6.498213 ], [ 110.685263, -6.497816 ], [ 110.685191, -6.497723 ], [ 110.685013, -6.497371 ], [ 110.684949, -6.497285 ], [ 110.684831, -6.4972 ], [ 110.684499, -6.497072 ], [ 110.684, -6.496912 ], [ 110.682707, -6.496635 ], [ 110.681804, -6.496484 ], [ 110.681065, -6.496294 ], [ 110.680566, -6.496209 ], [ 110.68018, -6.496161 ], [ 110.679933, -6.496139 ], [ 110.679467, -6.496166 ], [ 110.67893, -6.496235 ], [ 110.678485, -6.496235 ], [ 110.677798, -6.496278 ], [ 110.677149, -6.496267 ], [ 110.67687, -6.496267 ], [ 110.676532, -6.496315 ], [ 110.676355, -6.496379 ], [ 110.676114, -6.496449 ], [ 110.67573, -6.496611 ], [ 110.675207, -6.496848 ], [ 110.674877, -6.496992 ], [ 110.674762, -6.497064 ], [ 110.674682, -6.497107 ], [ 110.674513, -6.497198 ], [ 110.674226, -6.497424 ], [ 110.673939, -6.497592 ], [ 110.673509, -6.497832 ], [ 110.67271, -6.498218 ], [ 110.672201, -6.498434 ], [ 110.67202, -6.498467 ], [ 110.671971, -6.498489 ], [ 110.671954, -6.498519 ], [ 110.671944, -6.498559 ], [ 110.67195, -6.49861 ], [ 110.671967, -6.498646 ], [ 110.672024, -6.498685 ], [ 110.67212, -6.498733 ], [ 110.67267, -6.499052 ], [ 110.673046, -6.499452 ], [ 110.673155, -6.499647 ], [ 110.673236, -6.499844 ], [ 110.673284, -6.499985 ], [ 110.673298, -6.500057 ], [ 110.673319, -6.50043 ], [ 110.673314, -6.500662 ], [ 110.673289, -6.500916 ], [ 110.673308, -6.501435 ], [ 110.673303, -6.501989 ], [ 110.67329, -6.502128 ], [ 110.673263, -6.502256 ], [ 110.673215, -6.502402 ], [ 110.673126, -6.502538 ], [ 110.673003, -6.502658 ], [ 110.672817, -6.502813 ], [ 110.67253, -6.50301 ], [ 110.672303, -6.503138 ], [ 110.672104, -6.503234 ], [ 110.671924, -6.50329 ], [ 110.671643, -6.503346 ], [ 110.671367, -6.503367 ], [ 110.671101, -6.503368 ], [ 110.670968, -6.503344 ], [ 110.670876, -6.503318 ], [ 110.670835, -6.503292 ], [ 110.670805, -6.503252 ], [ 110.670779, -6.503186 ], [ 110.670758, -6.503148 ], [ 110.670727, -6.503115 ], [ 110.670684, -6.503098 ], [ 110.670092, -6.503012 ], [ 110.669645, -6.502962 ], [ 110.669465, -6.502922 ], [ 110.669301, -6.502877 ], [ 110.669151, -6.502802 ], [ 110.669003, -6.502717 ], [ 110.668797, -6.502586 ], [ 110.668416, -6.502388 ], [ 110.668358, -6.502374 ], [ 110.668121, -6.502374 ], [ 110.668011, -6.502338 ], [ 110.667657, -6.502181 ], [ 110.667981, -6.501656 ], [ 110.668008, -6.501557 ], [ 110.668006, -6.50148 ], [ 110.667987, -6.501384 ], [ 110.667936, -6.501302 ], [ 110.667842, -6.501222 ], [ 110.66774, -6.501182 ], [ 110.667662, -6.501187 ], [ 110.667525, -6.501227 ], [ 110.667244, -6.50136 ], [ 110.667056, -6.501483 ], [ 110.666574, -6.501819 ], [ 110.66583, -6.502253 ], [ 110.665647, -6.502346 ], [ 110.665439, -6.502408 ], [ 110.665299, -6.502432 ], [ 110.665157, -6.502418 ], [ 110.665007, -6.502394 ], [ 110.664784, -6.502336 ], [ 110.664602, -6.502264 ], [ 110.664513, -6.502234 ], [ 110.664479, -6.502213 ], [ 110.66447, -6.502176 ], [ 110.664476, -6.502117 ], [ 110.664519, -6.502048 ], [ 110.664623, -6.501925 ], [ 110.664824, -6.501728 ], [ 110.6649, -6.501675 ], [ 110.665057, -6.501609 ], [ 110.665159, -6.501545 ], [ 110.665187, -6.501507 ], [ 110.665199, -6.501475 ], [ 110.665199, -6.501448 ], [ 110.66518, -6.501424 ], [ 110.665125, -6.501408 ], [ 110.665024, -6.501408 ], [ 110.664933, -6.501424 ], [ 110.664845, -6.501461 ], [ 110.66469, -6.501629 ], [ 110.664143, -6.502293 ], [ 110.664057, -6.502445 ], [ 110.663982, -6.502679 ], [ 110.663945, -6.502911 ], [ 110.663886, -6.503159 ], [ 110.663845, -6.503433 ], [ 110.663864, -6.503527 ], [ 110.66391, -6.503673 ], [ 110.663974, -6.503812 ], [ 110.664014, -6.503852 ], [ 110.664052, -6.503868 ], [ 110.664194, -6.503879 ], [ 110.66447, -6.503844 ], [ 110.664645, -6.503857 ], [ 110.664822, -6.503913 ], [ 110.664916, -6.503977 ], [ 110.664993, -6.504068 ], [ 110.665042, -6.504172 ], [ 110.665071, -6.504241 ], [ 110.665098, -6.504356 ], [ 110.665104, -6.504457 ], [ 110.665044, -6.504809 ], [ 110.665044, -6.504926 ], [ 110.665061, -6.50504 ], [ 110.665168, -6.505331 ], [ 110.665224, -6.505528 ], [ 110.665299, -6.505827 ], [ 110.665366, -6.506245 ], [ 110.665396, -6.506647 ], [ 110.665417, -6.506845 ], [ 110.66546, -6.507047 ], [ 110.665659, -6.507629 ], [ 110.666249, -6.50912 ], [ 110.666348, -6.50927 ], [ 110.666439, -6.509363 ], [ 110.666788, -6.509611 ], [ 110.667193, -6.509869 ], [ 110.667467, -6.510064 ], [ 110.667619, -6.510197 ], [ 110.668067, -6.510671 ], [ 110.668544, -6.511109 ], [ 110.668743, -6.511311 ], [ 110.668794, -6.511352 ], [ 110.66883, -6.511363 ], [ 110.668884, -6.511356 ], [ 110.669021, -6.511286 ], [ 110.669119, -6.511191 ], [ 110.669285, -6.510983 ], [ 110.669384, -6.510909 ], [ 110.669497, -6.510863 ], [ 110.669682, -6.510845 ], [ 110.66977, -6.510863 ], [ 110.669854, -6.510925 ], [ 110.669964, -6.511074 ], [ 110.670025, -6.51113 ], [ 110.670098, -6.511186 ], [ 110.670876, -6.51157 ], [ 110.671254, -6.511764 ], [ 110.671755, -6.511937 ], [ 110.671887, -6.512009 ], [ 110.672085, -6.512268 ], [ 110.672155, -6.512324 ], [ 110.672281, -6.512385 ], [ 110.672482, -6.512412 ], [ 110.673008, -6.512433 ], [ 110.673131, -6.512478 ], [ 110.673257, -6.512566 ], [ 110.673442, -6.512723 ], [ 110.673676, -6.512793 ], [ 110.673998, -6.512846 ], [ 110.67418, -6.51283 ], [ 110.674285, -6.51279 ], [ 110.674459, -6.512646 ], [ 110.674553, -6.5125 ], [ 110.674623, -6.512313 ], [ 110.674682, -6.512126 ], [ 110.674757, -6.512025 ], [ 110.674872, -6.511953 ], [ 110.675004, -6.511932 ], [ 110.675154, -6.511959 ], [ 110.675384, -6.512033 ], [ 110.675776, -6.512177 ], [ 110.67606, -6.512374 ], [ 110.676302, -6.51255 ], [ 110.676396, -6.512625 ], [ 110.676527, -6.512673 ], [ 110.67664, -6.512678 ], [ 110.676806, -6.512662 ], [ 110.677015, -6.512577 ], [ 110.677208, -6.512478 ], [ 110.677707, -6.512172 ], [ 110.677847, -6.512094 ], [ 110.677973, -6.512012 ], [ 110.678179, -6.511847 ], [ 110.678305, -6.511791 ], [ 110.678426, -6.511764 ], [ 110.678705, -6.511772 ], [ 110.678874, -6.511812 ], [ 110.679086, -6.511905 ], [ 110.679697, -6.512209 ], [ 110.679936, -6.512305 ], [ 110.68022, -6.512406 ], [ 110.68044, -6.512508 ], [ 110.680566, -6.512575 ], [ 110.680749, -6.51271 ], [ 110.680993, -6.512985 ], [ 110.681237, -6.513246 ], [ 110.681312, -6.513296 ], [ 110.68147, -6.513358 ], [ 110.681816, -6.513446 ], [ 110.682004, -6.513515 ], [ 110.682122, -6.51359 ], [ 110.682264, -6.513717 ], [ 110.682396, -6.513872 ], [ 110.682481, -6.514013 ], [ 110.682562, -6.514266 ], [ 110.682712, -6.514781 ], [ 110.68286, -6.51545 ], [ 110.682972, -6.515788 ], [ 110.683018, -6.515983 ], [ 110.68305, -6.516174 ], [ 110.683074, -6.516667 ], [ 110.683085, -6.516769 ], [ 110.683128, -6.516958 ], [ 110.683171, -6.517254 ], [ 110.683179, -6.517539 ], [ 110.6832, -6.517947 ], [ 110.683233, -6.518253 ], [ 110.683243, -6.518552 ], [ 110.683216, -6.519143 ], [ 110.6832, -6.519777 ], [ 110.683034, -6.521419 ], [ 110.68297, -6.521824 ], [ 110.682889, -6.522282 ], [ 110.682599, -6.523604 ], [ 110.682476, -6.524126 ], [ 110.68235, -6.524569 ], [ 110.68222, -6.524984 ], [ 110.681567, -6.526695 ], [ 110.681462, -6.52698 ], [ 110.681419, -6.527114 ], [ 110.681406, -6.527256 ], [ 110.681358, -6.527435 ], [ 110.681277, -6.527651 ], [ 110.681145, -6.528111 ], [ 110.6811, -6.528288 ], [ 110.680997, -6.528582 ], [ 110.68057, -6.529425 ], [ 110.679666, -6.530896 ], [ 110.678439, -6.532614 ], [ 110.677244, -6.533857 ], [ 110.675982, -6.534785 ], [ 110.6754, -6.535148 ], [ 110.675054, -6.535375 ], [ 110.674377, -6.535703 ], [ 110.673555, -6.535953 ], [ 110.672938, -6.536118 ], [ 110.672278, -6.536198 ], [ 110.671806, -6.536206 ], [ 110.671374, -6.536187 ], [ 110.67116, -6.536161 ], [ 110.670999, -6.536123 ], [ 110.670264, -6.535886 ], [ 110.669993, -6.535782 ], [ 110.66987, -6.535716 ], [ 110.669821, -6.535646 ], [ 110.669797, -6.535569 ], [ 110.669797, -6.535489 ], [ 110.669859, -6.535303 ], [ 110.669398, -6.534999 ], [ 110.669046, -6.534836 ], [ 110.66892, -6.534764 ], [ 110.668826, -6.53465 ], [ 110.668765, -6.534562 ], [ 110.668539, -6.533805 ], [ 110.668507, -6.533733 ], [ 110.668486, -6.533645 ], [ 110.668504, -6.533464 ], [ 110.668509, -6.533356 ], [ 110.668486, -6.533312 ], [ 110.668442, -6.533279 ], [ 110.668405, -6.53326 ], [ 110.668293, -6.533232 ], [ 110.668024, -6.533192 ], [ 110.667802, -6.533165 ], [ 110.667064, -6.533099 ], [ 110.666887, -6.533075 ], [ 110.666758, -6.53303 ], [ 110.666485, -6.532899 ], [ 110.666053, -6.53271 ], [ 110.665718, -6.532604 ], [ 110.665407, -6.532485 ], [ 110.665284, -6.532791 ], [ 110.6652, -6.53293 ], [ 110.665089, -6.533099 ], [ 110.665031, -6.533209 ], [ 110.664992, -6.533305 ], [ 110.664975, -6.533404 ], [ 110.664969, -6.533505 ], [ 110.664972, -6.533629 ], [ 110.665023, -6.533986 ], [ 110.665128, -6.534355 ], [ 110.665203, -6.534664 ], [ 110.66523, -6.53475 ], [ 110.665248, -6.5348 ], [ 110.665274, -6.534847 ], [ 110.665463, -6.535007 ], [ 110.665502, -6.535052 ], [ 110.665517, -6.535091 ], [ 110.665529, -6.535173 ], [ 110.665533, -6.535267 ], [ 110.665502, -6.536102 ], [ 110.665472, -6.536126 ], [ 110.665476, -6.536241 ], [ 110.665504, -6.536242 ], [ 110.66551, -6.536475 ], [ 110.66548, -6.536479 ], [ 110.66549, -6.536959 ], [ 110.665478, -6.537187 ], [ 110.665488, -6.537268 ], [ 110.66553, -6.537474 ], [ 110.665546, -6.537688 ], [ 110.665546, -6.537858 ], [ 110.665541, -6.538045 ], [ 110.665522, -6.53833 ], [ 110.6655, -6.539707 ], [ 110.665436, -6.54044 ], [ 110.66564, -6.54056 ], [ 110.665695, -6.540603 ], [ 110.665762, -6.54068 ], [ 110.665794, -6.540727 ], [ 110.66572, -6.540829 ], [ 110.665668, -6.540903 ], [ 110.665588, -6.540963 ], [ 110.665498, -6.541059 ], [ 110.665388, -6.541218 ], [ 110.665176, -6.541613 ], [ 110.6648, -6.542092 ], [ 110.664269, -6.542711 ], [ 110.663757, -6.543246 ], [ 110.663285, -6.543694 ], [ 110.662282, -6.544483 ], [ 110.661796, -6.544837 ], [ 110.661268, -6.545162 ], [ 110.661027, -6.545266 ], [ 110.660772, -6.545357 ], [ 110.659889, -6.545583 ], [ 110.65928, -6.54569 ], [ 110.659052, -6.545711 ], [ 110.658846, -6.545708 ], [ 110.658594, -6.545685 ], [ 110.658328, -6.545636 ], [ 110.658001, -6.545533 ], [ 110.657553, -6.54545 ], [ 110.657403, -6.545397 ], [ 110.657312, -6.545351 ], [ 110.656955, -6.544997 ], [ 110.656837, -6.544853 ], [ 110.656746, -6.544712 ], [ 110.656679, -6.544557 ], [ 110.656638, -6.544413 ], [ 110.656598, -6.544341 ], [ 110.656547, -6.544291 ], [ 110.656456, -6.54423 ], [ 110.656376, -6.544195 ], [ 110.656274, -6.544195 ], [ 110.656134, -6.544214 ], [ 110.656011, -6.544267 ], [ 110.655877, -6.544355 ], [ 110.655761, -6.544483 ], [ 110.655705, -6.544579 ], [ 110.655587, -6.544941 ], [ 110.655566, -6.545088 ], [ 110.655566, -6.545223 ], [ 110.655579, -6.545535 ], [ 110.65571, -6.546391 ], [ 110.655729, -6.547265 ], [ 110.655724, -6.547472 ], [ 110.65571, -6.547595 ], [ 110.655686, -6.547704 ], [ 110.655627, -6.547896 ], [ 110.655525, -6.548083 ], [ 110.65492, -6.549087 ], [ 110.654528, -6.549812 ], [ 110.654259, -6.550211 ], [ 110.654215, -6.550301 ], [ 110.654202, -6.550341 ], [ 110.654192, -6.550397 ], [ 110.65419, -6.550489 ], [ 110.65419, -6.550961 ], [ 110.654176, -6.551267 ], [ 110.65408, -6.552003 ], [ 110.654018, -6.552528 ], [ 110.653972, -6.55277 ], [ 110.653921, -6.552924 ], [ 110.653841, -6.553106 ], [ 110.653675, -6.553348 ], [ 110.653385, -6.553668 ], [ 110.653138, -6.553881 ], [ 110.652918, -6.554036 ], [ 110.652599, -6.55422 ], [ 110.652256, -6.554366 ], [ 110.651859, -6.554481 ], [ 110.651462, -6.554582 ], [ 110.651215, -6.554614 ], [ 110.650845, -6.554622 ], [ 110.650524, -6.554569 ], [ 110.650496, -6.554455 ], [ 110.650475, -6.554407 ], [ 110.650418, -6.554333 ], [ 110.650367, -6.554282 ], [ 110.650312, -6.554254 ], [ 110.650263, -6.554244 ], [ 110.650177, -6.554246 ], [ 110.650085, -6.554285 ], [ 110.649992, -6.554331 ], [ 110.649705, -6.554273 ], [ 110.649072, -6.554235 ], [ 110.648742, -6.554233 ], [ 110.648568, -6.554212 ], [ 110.648286, -6.554142 ], [ 110.648058, -6.55407 ], [ 110.647873, -6.553998 ], [ 110.647696, -6.553897 ], [ 110.647546, -6.553793 ], [ 110.647237, -6.553564 ], [ 110.647103, -6.553455 ], [ 110.647001, -6.553412 ], [ 110.646899, -6.553388 ], [ 110.646776, -6.553388 ], [ 110.646644, -6.553404 ], [ 110.646489, -6.553463 ], [ 110.646363, -6.553532 ], [ 110.646191, -6.55366 ], [ 110.646068, -6.553796 ], [ 110.645915, -6.554009 ], [ 110.6456, -6.554579 ], [ 110.645546, -6.554638 ], [ 110.645391, -6.554753 ], [ 110.645326, -6.55481 ], [ 110.645261, -6.554898 ], [ 110.645073, -6.555208 ], [ 110.64497, -6.555422 ], [ 110.644912, -6.555506 ], [ 110.644826, -6.555586 ], [ 110.644764, -6.555714 ], [ 110.644721, -6.555844 ], [ 110.644697, -6.555953 ], [ 110.644698, -6.556 ], [ 110.644731, -6.556046 ], [ 110.644788, -6.556069 ], [ 110.644833, -6.55608 ], [ 110.644806, -6.556172 ], [ 110.644762, -6.556249 ], [ 110.644665, -6.556327 ], [ 110.644567, -6.556387 ], [ 110.644438, -6.55649 ], [ 110.644336, -6.556594 ], [ 110.644293, -6.556675 ], [ 110.644275, -6.556755 ], [ 110.644279, -6.556863 ], [ 110.644293, -6.556985 ], [ 110.644319, -6.557102 ], [ 110.644338, -6.557228 ], [ 110.644365, -6.557404 ], [ 110.644374, -6.557534 ], [ 110.644375, -6.55762 ], [ 110.644382, -6.557678 ], [ 110.644411, -6.557731 ], [ 110.644464, -6.557766 ], [ 110.644533, -6.55779 ], [ 110.644614, -6.557793 ], [ 110.644865, -6.557738 ], [ 110.644983, -6.55773 ], [ 110.644999, -6.557721 ], [ 110.645006, -6.557706 ], [ 110.645012, -6.557685 ], [ 110.645019, -6.557666 ], [ 110.645032, -6.557658 ], [ 110.645053, -6.557656 ], [ 110.645143, -6.557651 ], [ 110.645216, -6.557652 ], [ 110.645302, -6.557658 ], [ 110.645396, -6.557718 ], [ 110.645749, -6.558035 ], [ 110.645619, -6.558293 ], [ 110.645481, -6.558589 ], [ 110.645952, -6.559003 ], [ 110.646305, -6.558431 ], [ 110.646584, -6.558656 ], [ 110.646738, -6.55878 ], [ 110.6468, -6.558825 ], [ 110.646842, -6.558865 ], [ 110.646923, -6.558947 ], [ 110.646964, -6.559032 ], [ 110.647004, -6.559101 ], [ 110.647071, -6.559168 ], [ 110.647143, -6.559224 ], [ 110.647465, -6.559413 ], [ 110.647777, -6.559606 ], [ 110.647811, -6.559617 ], [ 110.647834, -6.559616 ], [ 110.647861, -6.559603 ], [ 110.647884, -6.559574 ], [ 110.647897, -6.559547 ], [ 110.647912, -6.559488 ], [ 110.648025, -6.559166 ], [ 110.648039, -6.559083 ], [ 110.648049, -6.558897 ], [ 110.648081, -6.558774 ], [ 110.648222, -6.558781 ], [ 110.648356, -6.558809 ], [ 110.648494, -6.558859 ], [ 110.648611, -6.558893 ], [ 110.648955, -6.558981 ], [ 110.649022, -6.559008 ], [ 110.64921, -6.559156 ], [ 110.64926, -6.559163 ], [ 110.649299, -6.559157 ], [ 110.649368, -6.559119 ], [ 110.649434, -6.55909 ], [ 110.649508, -6.559081 ], [ 110.649596, -6.559088 ], [ 110.649729, -6.559132 ], [ 110.649812, -6.559172 ], [ 110.649914, -6.559244 ], [ 110.650215, -6.559522 ], [ 110.650402, -6.559669 ], [ 110.650523, -6.559781 ], [ 110.650577, -6.559922 ], [ 110.650604, -6.559978 ], [ 110.650649, -6.560042 ], [ 110.651448, -6.560828 ], [ 110.651463, -6.560865 ], [ 110.651463, -6.560904 ], [ 110.65145, -6.560948 ], [ 110.651395, -6.561048 ], [ 110.651057, -6.561345 ], [ 110.650958, -6.561438 ], [ 110.650916, -6.561495 ], [ 110.650885, -6.561551 ], [ 110.650886, -6.561597 ], [ 110.650897, -6.56163 ], [ 110.650923, -6.561658 ], [ 110.650963, -6.561682 ], [ 110.651269, -6.561838 ], [ 110.65136, -6.561859 ], [ 110.651454, -6.561875 ], [ 110.651521, -6.561904 ], [ 110.651615, -6.561974 ], [ 110.651663, -6.562035 ], [ 110.651727, -6.562144 ], [ 110.65181, -6.562264 ], [ 110.651918, -6.56236 ], [ 110.65213, -6.562505 ], [ 110.652589, -6.56277 ], [ 110.652738, -6.56284 ], [ 110.652866, -6.562906 ], [ 110.652932, -6.56295 ], [ 110.652991, -6.563001 ], [ 110.653134, -6.563269 ], [ 110.653181, -6.563335 ], [ 110.653228, -6.56337 ], [ 110.6533, -6.563402 ], [ 110.653468, -6.563454 ], [ 110.653604, -6.563511 ], [ 110.653687, -6.563562 ], [ 110.653802, -6.563654 ], [ 110.654112, -6.563986 ], [ 110.654145, -6.564047 ], [ 110.654163, -6.564096 ], [ 110.654183, -6.564193 ], [ 110.654389, -6.563988 ], [ 110.65431, -6.563876 ], [ 110.654501, -6.563586 ], [ 110.654686, -6.563634 ], [ 110.654939, -6.563713 ], [ 110.655017, -6.56384 ], [ 110.654872, -6.563981 ], [ 110.65477, -6.564067 ], [ 110.654844, -6.564173 ], [ 110.654988, -6.56436 ], [ 110.655037, -6.56449 ], [ 110.655075, -6.564626 ], [ 110.655158, -6.564881 ], [ 110.65526, -6.565139 ], [ 110.655354, -6.565314 ], [ 110.655608, -6.565685 ], [ 110.656212, -6.566629 ], [ 110.65626, -6.566687 ], [ 110.656338, -6.566722 ], [ 110.656459, -6.566762 ], [ 110.656641, -6.566842 ], [ 110.656738, -6.566909 ], [ 110.656799, -6.56698 ], [ 110.656947, -6.567239 ], [ 110.65707, -6.567423 ], [ 110.657193, -6.567543 ], [ 110.65722, -6.56756 ], [ 110.657296, -6.567565 ], [ 110.65736, -6.567559 ], [ 110.657447, -6.567565 ], [ 110.657521, -6.567585 ], [ 110.657603, -6.567615 ], [ 110.657764, -6.567695 ], [ 110.658073, -6.567893 ], [ 110.658124, -6.567912 ], [ 110.658321, -6.567942 ], [ 110.658597, -6.567953 ], [ 110.658717, -6.567938 ], [ 110.658823, -6.567933 ], [ 110.658873, -6.567949 ], [ 110.658906, -6.567962 ], [ 110.658938, -6.567992 ], [ 110.65898, -6.568057 ], [ 110.659078, -6.568306 ], [ 110.65911, -6.568364 ], [ 110.65914, -6.568391 ], [ 110.659236, -6.568427 ], [ 110.659266, -6.568433 ], [ 110.659296, -6.568433 ], [ 110.65935, -6.568423 ], [ 110.659416, -6.568405 ], [ 110.659468, -6.568403 ], [ 110.659514, -6.568425 ], [ 110.659557, -6.568465 ], [ 110.659594, -6.568537 ], [ 110.659833, -6.569104 ], [ 110.659972, -6.569419 ], [ 110.660104, -6.569451 ], [ 110.660208, -6.56968 ], [ 110.660442, -6.570341 ], [ 110.660466, -6.570426 ], [ 110.660498, -6.57049 ], [ 110.66056, -6.570588 ], [ 110.660605, -6.570708 ], [ 110.66063, -6.570786 ], [ 110.660962, -6.572137 ], [ 110.661016, -6.572142 ], [ 110.661112, -6.57259 ], [ 110.661201, -6.572571 ], [ 110.661279, -6.57284 ], [ 110.661392, -6.573114 ], [ 110.661436, -6.573161 ], [ 110.66146, -6.573177 ], [ 110.661519, -6.573284 ], [ 110.661594, -6.573434 ], [ 110.661697, -6.573599 ], [ 110.661705, -6.573645 ], [ 110.661708, -6.573714 ], [ 110.661689, -6.573773 ], [ 110.661544, -6.573917 ], [ 110.66145, -6.574036 ], [ 110.661297, -6.574572 ], [ 110.660951, -6.575862 ], [ 110.660455, -6.577322 ], [ 110.660045, -6.578413 ], [ 110.659978, -6.578536 ], [ 110.66001, -6.578597 ], [ 110.659921, -6.578745 ], [ 110.65983, -6.578864 ], [ 110.659412, -6.579629 ], [ 110.659216, -6.579941 ], [ 110.658586, -6.580839 ], [ 110.658254, -6.581289 ], [ 110.658217, -6.581283 ], [ 110.65788, -6.581636 ], [ 110.65758, -6.581494 ], [ 110.657035, -6.582203 ], [ 110.656849, -6.582459 ], [ 110.656735, -6.582635 ], [ 110.656793, -6.5828 ], [ 110.656536, -6.583178 ], [ 110.656315, -6.583441 ], [ 110.656193, -6.583372 ], [ 110.656093, -6.583302 ], [ 110.655761, -6.583032 ], [ 110.65574, -6.58306 ], [ 110.655708, -6.58309 ], [ 110.655984, -6.58337 ], [ 110.655966, -6.583404 ], [ 110.65592, -6.583489 ], [ 110.655845, -6.583602 ], [ 110.655764, -6.583709 ], [ 110.655651, -6.583847 ], [ 110.655507, -6.583994 ], [ 110.654994, -6.584396 ], [ 110.654648, -6.584617 ], [ 110.654447, -6.584737 ], [ 110.653911, -6.584964 ], [ 110.65364, -6.58507 ], [ 110.653229, -6.585169 ], [ 110.652781, -6.585337 ], [ 110.652331, -6.585515 ], [ 110.651518, -6.58572 ], [ 110.651287, -6.585744 ], [ 110.651076, -6.585752 ], [ 110.65092, -6.585766 ], [ 110.650671, -6.585779 ], [ 110.649257, -6.585795 ], [ 110.64877, -6.585782 ], [ 110.648574, -6.585772 ], [ 110.64816, -6.585746 ], [ 110.647979, -6.585718 ], [ 110.647743, -6.585668 ], [ 110.647687, -6.585651 ], [ 110.647648, -6.585627 ], [ 110.64757, -6.585505 ], [ 110.647638, -6.585317 ], [ 110.64744, -6.585206 ], [ 110.647385, -6.585147 ], [ 110.647304, -6.585036 ], [ 110.646762, -6.584132 ], [ 110.646548, -6.58389 ], [ 110.646419, -6.583791 ], [ 110.646207, -6.583658 ], [ 110.645979, -6.583549 ], [ 110.645749, -6.583465 ], [ 110.645649, -6.583442 ], [ 110.645565, -6.58341 ], [ 110.645388, -6.58332 ], [ 110.645194, -6.58325 ], [ 110.645062, -6.583221 ], [ 110.644963, -6.583218 ], [ 110.644837, -6.583234 ], [ 110.644644, -6.583333 ], [ 110.644298, -6.583578 ], [ 110.644113, -6.583794 ], [ 110.644027, -6.583927 ], [ 110.643944, -6.584103 ], [ 110.64386, -6.584311 ], [ 110.643826, -6.584423 ], [ 110.643772, -6.584636 ], [ 110.643686, -6.585017 ], [ 110.64363, -6.585387 ], [ 110.643603, -6.585779 ], [ 110.643606, -6.585968 ], [ 110.643673, -6.586733 ], [ 110.643689, -6.586967 ], [ 110.64371, -6.587125 ], [ 110.643764, -6.587271 ], [ 110.64407, -6.587807 ], [ 110.644185, -6.587993 ], [ 110.644273, -6.588108 ], [ 110.644346, -6.588177 ], [ 110.645206, -6.58886 ], [ 110.645951, -6.589391 ], [ 110.64628, -6.589642 ], [ 110.646291, -6.589652 ], [ 110.646308, -6.589665 ], [ 110.646614, -6.589884 ], [ 110.647114, -6.590261 ], [ 110.647184, -6.590337 ], [ 110.647215, -6.590391 ], [ 110.647243, -6.590472 ], [ 110.647252, -6.590583 ], [ 110.647241, -6.590716 ], [ 110.647221, -6.590808 ], [ 110.647194, -6.590892 ], [ 110.647131, -6.59102 ], [ 110.646933, -6.591329 ], [ 110.646914, -6.591398 ], [ 110.646909, -6.59147 ], [ 110.646912, -6.591555 ], [ 110.646927, -6.591649 ], [ 110.647132, -6.592083 ], [ 110.647181, -6.592056 ], [ 110.647214, -6.592037 ], [ 110.647232, -6.592027 ], [ 110.647238, -6.592023 ], [ 110.647155, -6.591876 ], [ 110.647144, -6.591808 ], [ 110.647035, -6.591616 ], [ 110.64703, -6.591587 ], [ 110.647019, -6.591504 ], [ 110.647045, -6.591386 ], [ 110.647121, -6.591272 ], [ 110.64758, -6.590688 ], [ 110.64779, -6.590807 ], [ 110.648125, -6.591009 ], [ 110.648207, -6.590932 ], [ 110.648707, -6.591248 ], [ 110.648938, -6.591358 ], [ 110.649013, -6.59137 ], [ 110.649347, -6.59138 ], [ 110.649622, -6.591368 ], [ 110.64984, -6.591337 ], [ 110.649903, -6.591335 ], [ 110.649962, -6.591349 ], [ 110.649999, -6.59137 ], [ 110.650107, -6.591488 ], [ 110.650142, -6.59152 ], [ 110.650177, -6.591537 ], [ 110.650233, -6.591546 ], [ 110.650418, -6.591541 ], [ 110.650542, -6.591892 ], [ 110.650763, -6.591879 ], [ 110.650773, -6.591749 ], [ 110.650864, -6.591628 ], [ 110.650947, -6.591626 ], [ 110.651074, -6.591645 ], [ 110.651188, -6.591674 ], [ 110.651109, -6.592042 ], [ 110.651228, -6.592058 ], [ 110.651293, -6.591793 ], [ 110.651533, -6.591782 ], [ 110.651545, -6.591666 ], [ 110.651963, -6.591769 ], [ 110.65193, -6.591867 ], [ 110.652182, -6.591942 ], [ 110.652144, -6.592033 ], [ 110.652629, -6.592154 ], [ 110.652788, -6.592215 ], [ 110.653058, -6.592339 ], [ 110.653172, -6.592227 ], [ 110.653343, -6.592327 ], [ 110.653428, -6.592234 ], [ 110.653511, -6.592258 ], [ 110.653687, -6.592326 ], [ 110.653967, -6.592496 ], [ 110.65407, -6.592605 ], [ 110.654184, -6.592705 ], [ 110.654242, -6.592653 ], [ 110.654293, -6.592707 ], [ 110.654351, -6.592791 ], [ 110.654613, -6.593222 ], [ 110.65486, -6.593795 ], [ 110.654958, -6.594106 ], [ 110.65502, -6.594343 ], [ 110.655083, -6.594605 ], [ 110.655112, -6.594814 ], [ 110.655139, -6.595199 ], [ 110.655179, -6.59609 ], [ 110.655199, -6.59641 ], [ 110.65524, -6.596675 ], [ 110.655378, -6.596634 ], [ 110.65544, -6.596733 ], [ 110.65562, -6.596942 ], [ 110.655553, -6.597066 ], [ 110.655469, -6.597182 ], [ 110.655321, -6.597139 ], [ 110.655127, -6.597162 ], [ 110.655014, -6.597135 ], [ 110.654933, -6.597126 ], [ 110.654916, -6.597431 ], [ 110.654906, -6.597559 ], [ 110.654859, -6.597972 ], [ 110.654829, -6.598129 ], [ 110.654743, -6.598298 ], [ 110.654584, -6.598727 ], [ 110.654549, -6.598791 ], [ 110.654462, -6.598903 ], [ 110.654395, -6.599052 ], [ 110.654379, -6.599155 ], [ 110.654381, -6.599225 ], [ 110.654399, -6.599361 ], [ 110.65442, -6.59947 ], [ 110.654422, -6.599526 ], [ 110.654415, -6.599588 ], [ 110.654357, -6.599589 ], [ 110.654345, -6.599725 ], [ 110.654381, -6.599738 ], [ 110.654348, -6.600073 ], [ 110.654322, -6.600078 ], [ 110.654314, -6.60025 ], [ 110.654356, -6.60026 ], [ 110.654347, -6.600505 ], [ 110.65432, -6.600508 ], [ 110.654275, -6.600848 ], [ 110.65444, -6.60086 ], [ 110.654764, -6.600894 ], [ 110.654766, -6.601009 ], [ 110.654836, -6.602197 ], [ 110.65478, -6.603042 ], [ 110.654726, -6.603631 ], [ 110.654482, -6.605294 ], [ 110.654393, -6.605738 ], [ 110.654203, -6.606426 ], [ 110.654055, -6.606988 ], [ 110.653959, -6.607281 ], [ 110.653731, -6.607929 ], [ 110.653457, -6.608651 ], [ 110.653288, -6.609074 ], [ 110.6532, -6.609279 ], [ 110.653085, -6.609498 ], [ 110.65287, -6.609826 ], [ 110.652511, -6.610308 ], [ 110.652199, -6.61071 ], [ 110.651926, -6.611046 ], [ 110.65162, -6.611406 ], [ 110.65144, -6.611603 ], [ 110.651178, -6.611861 ], [ 110.650633, -6.612511 ], [ 110.65042, -6.612755 ], [ 110.650196, -6.612984 ], [ 110.649991, -6.613203 ], [ 110.649612, -6.613586 ], [ 110.649501, -6.613692 ], [ 110.649451, -6.613732 ], [ 110.649206, -6.61387 ], [ 110.649119, -6.613925 ], [ 110.649047, -6.613978 ], [ 110.649034, -6.613985 ], [ 110.649026, -6.613993 ], [ 110.648944, -6.614102 ], [ 110.648853, -6.614291 ], [ 110.648809, -6.614362 ], [ 110.648734, -6.614459 ], [ 110.648104, -6.615381 ], [ 110.647691, -6.616052 ], [ 110.647304, -6.616694 ], [ 110.647103, -6.617059 ], [ 110.646921, -6.617288 ], [ 110.646661, -6.617552 ], [ 110.646307, -6.617877 ], [ 110.646006, -6.618067 ], [ 110.645717, -6.618208 ], [ 110.645486, -6.618301 ], [ 110.645212, -6.618378 ], [ 110.644649, -6.618498 ], [ 110.644239, -6.618549 ], [ 110.643868, -6.618559 ], [ 110.643608, -6.618543 ], [ 110.643359, -6.618503 ], [ 110.643016, -6.618434 ], [ 110.642782, -6.618394 ], [ 110.642439, -6.618354 ], [ 110.64167, -6.618346 ], [ 110.64155, -6.618338 ], [ 110.641421, -6.618302 ], [ 110.64133, -6.618272 ], [ 110.641182, -6.61818 ], [ 110.641075, -6.618152 ], [ 110.640754, -6.618098 ], [ 110.639842, -6.617331 ], [ 110.639534, -6.617363 ], [ 110.639443, -6.617392 ], [ 110.63937, -6.61743 ], [ 110.639247, -6.617526 ], [ 110.638625, -6.618152 ], [ 110.638472, -6.618322 ], [ 110.638375, -6.618434 ], [ 110.638316, -6.618581 ], [ 110.638289, -6.618722 ], [ 110.638268, -6.619407 ], [ 110.638322, -6.619918 ], [ 110.638338, -6.620853 ], [ 110.638359, -6.621048 ], [ 110.638526, -6.621829 ], [ 110.638633, -6.622604 ], [ 110.638702, -6.623382 ], [ 110.638737, -6.623837 ], [ 110.638724, -6.623995 ], [ 110.638662, -6.624434 ], [ 110.638472, -6.625156 ], [ 110.638354, -6.625623 ], [ 110.638289, -6.625854 ], [ 110.638201, -6.626099 ], [ 110.638024, -6.626654 ], [ 110.637906, -6.627098 ], [ 110.63789, -6.627234 ], [ 110.637876, -6.627541 ], [ 110.637831, -6.628018 ], [ 110.637799, -6.628202 ], [ 110.637769, -6.628463 ], [ 110.637753, -6.628828 ], [ 110.637761, -6.628998 ], [ 110.637761, -6.62915 ], [ 110.637748, -6.629272 ], [ 110.637683, -6.629699 ], [ 110.63764, -6.630184 ], [ 110.637648, -6.630272 ], [ 110.637635, -6.630429 ], [ 110.637635, -6.630594 ], [ 110.637614, -6.630789 ], [ 110.637624, -6.630922 ], [ 110.637656, -6.631036 ], [ 110.637715, -6.631164 ], [ 110.637882, -6.631388 ], [ 110.637959, -6.631468 ], [ 110.638076, -6.63157 ], [ 110.638259, -6.63154 ], [ 110.638729, -6.63178 ], [ 110.638802, -6.631826 ], [ 110.638868, -6.631886 ], [ 110.638912, -6.631938 ], [ 110.639038, -6.632139 ], [ 110.639201, -6.632362 ], [ 110.639262, -6.632459 ], [ 110.639464, -6.632821 ], [ 110.639566, -6.633114 ], [ 110.639631, -6.633405 ], [ 110.639663, -6.633738 ], [ 110.64005, -6.633835 ], [ 110.640046, -6.634156 ], [ 110.640061, -6.634377 ], [ 110.640139, -6.63438 ], [ 110.64014, -6.634971 ], [ 110.640151, -6.635363 ], [ 110.640143, -6.635479 ], [ 110.640121, -6.635643 ], [ 110.640081, -6.635801 ], [ 110.640286, -6.635868 ], [ 110.640344, -6.635893 ], [ 110.640398, -6.635927 ], [ 110.640438, -6.635984 ], [ 110.640455, -6.63604 ], [ 110.640524, -6.636566 ], [ 110.640535, -6.636818 ], [ 110.640524, -6.636892 ], [ 110.640457, -6.637128 ], [ 110.640411, -6.637352 ], [ 110.640396, -6.637467 ], [ 110.64039, -6.637606 ], [ 110.640398, -6.637796 ], [ 110.640435, -6.637942 ], [ 110.640542, -6.638219 ], [ 110.640618, -6.638311 ], [ 110.640663, -6.63835 ], [ 110.640711, -6.638374 ], [ 110.640797, -6.638398 ], [ 110.64086, -6.638423 ], [ 110.640911, -6.638468 ], [ 110.640988, -6.638632 ], [ 110.641047, -6.638807 ], [ 110.641107, -6.639017 ], [ 110.641159, -6.639157 ], [ 110.64118, -6.6392 ], [ 110.641307, -6.639061 ], [ 110.641418, -6.639129 ], [ 110.641571, -6.639016 ], [ 110.641979, -6.639398 ], [ 110.642089, -6.639578 ], [ 110.642167, -6.63973 ], [ 110.64222, -6.639811 ], [ 110.642259, -6.639854 ], [ 110.642338, -6.639919 ], [ 110.642482, -6.640008 ], [ 110.642695, -6.640155 ], [ 110.642767, -6.640188 ], [ 110.642841, -6.640203 ], [ 110.642914, -6.640204 ], [ 110.642997, -6.640203 ], [ 110.643076, -6.640189 ], [ 110.643148, -6.640188 ], [ 110.643262, -6.640217 ], [ 110.643378, -6.640292 ], [ 110.643469, -6.640385 ], [ 110.643597, -6.640569 ], [ 110.643901, -6.641064 ], [ 110.644075, -6.641421 ], [ 110.644121, -6.641552 ], [ 110.64415, -6.641699 ], [ 110.64415, -6.641811 ], [ 110.644115, -6.641944 ], [ 110.644113, -6.642032 ], [ 110.644137, -6.642093 ], [ 110.644188, -6.642165 ], [ 110.644402, -6.642333 ], [ 110.644442, -6.642405 ], [ 110.644475, -6.642522 ], [ 110.644512, -6.642719 ], [ 110.644531, -6.642983 ], [ 110.644531, -6.643441 ], [ 110.644732, -6.644445 ], [ 110.645462, -6.644314 ], [ 110.645806, -6.644292 ], [ 110.646044, -6.644331 ], [ 110.646119, -6.644365 ], [ 110.646199, -6.644437 ], [ 110.646258, -6.644512 ], [ 110.646317, -6.64461 ], [ 110.646363, -6.645026 ], [ 110.646556, -6.64525 ], [ 110.646696, -6.64561 ], [ 110.646848, -6.646025 ], [ 110.647042, -6.646441 ], [ 110.647125, -6.647056 ], [ 110.6472, -6.647701 ], [ 110.646765, -6.648932 ], [ 110.64661, -6.64976 ], [ 110.646336, -6.650568 ], [ 110.646113, -6.65142 ], [ 110.645861, -6.652158 ], [ 110.645625, -6.652798 ], [ 110.645483, -6.65336 ], [ 110.64507, -6.654724 ], [ 110.644764, -6.655731 ], [ 110.644394, -6.656541 ], [ 110.644212, -6.65702 ], [ 110.643879, -6.657883 ], [ 110.644043, -6.657958 ], [ 110.643885, -6.65835 ], [ 110.6436, -6.658392 ], [ 110.643423, -6.658829 ], [ 110.643627, -6.659077 ], [ 110.643423, -6.659562 ], [ 110.643241, -6.659985 ], [ 110.643211, -6.66031 ], [ 110.643174, -6.660556 ], [ 110.643037, -6.660723 ], [ 110.642704, -6.66157 ], [ 110.642506, -6.662055 ], [ 110.642283, -6.662727 ], [ 110.642163, -6.662988 ], [ 110.642128, -6.663124 ], [ 110.64209, -6.66335 ], [ 110.642023, -6.663619 ], [ 110.641672, -6.664461 ], [ 110.641397, -6.664958 ], [ 110.64134, -6.665037 ], [ 110.641291, -6.665079 ], [ 110.641245, -6.665099 ], [ 110.641197, -6.665106 ], [ 110.641109, -6.665103 ], [ 110.641052, -6.66511 ], [ 110.641009, -6.665135 ], [ 110.640974, -6.665171 ], [ 110.640816, -6.66542 ], [ 110.640414, -6.666165 ], [ 110.64037, -6.666286 ], [ 110.640335, -6.666434 ], [ 110.640317, -6.666463 ], [ 110.640242, -6.666528 ], [ 110.64023, -6.666562 ], [ 110.640235, -6.666595 ], [ 110.640264, -6.666659 ], [ 110.640315, -6.666837 ], [ 110.640312, -6.666939 ], [ 110.640304, -6.667013 ], [ 110.640253, -6.667173 ], [ 110.640124, -6.667434 ], [ 110.63991, -6.66782 ], [ 110.639456, -6.668545 ], [ 110.638896, -6.669387 ], [ 110.63833, -6.670215 ], [ 110.63774, -6.671145 ], [ 110.637058, -6.672198 ], [ 110.636216, -6.673543 ], [ 110.635706, -6.674371 ], [ 110.635181, -6.675168 ], [ 110.634363, -6.676551 ], [ 110.634135, -6.676924 ], [ 110.633865, -6.67732 ], [ 110.633707, -6.677512 ], [ 110.634045, -6.677801 ], [ 110.634155, -6.677888 ], [ 110.634152, -6.678125 ], [ 110.634141, -6.678266 ], [ 110.634145, -6.678357 ], [ 110.634132, -6.678494 ], [ 110.634107, -6.678577 ], [ 110.634078, -6.678644 ], [ 110.633971, -6.678852 ], [ 110.633783, -6.679241 ], [ 110.633714, -6.679414 ], [ 110.632533, -6.681266 ], [ 110.631997, -6.682161 ], [ 110.630854, -6.683978 ], [ 110.630406, -6.684646 ], [ 110.630044, -6.685176 ], [ 110.629975, -6.685307 ], [ 110.629921, -6.68544 ], [ 110.629886, -6.685672 ], [ 110.629838, -6.685755 ], [ 110.629795, -6.685856 ], [ 110.629578, -6.686287 ], [ 110.629116, -6.687055 ], [ 110.628599, -6.687798 ], [ 110.628451, -6.688 ], [ 110.628363, -6.688152 ], [ 110.628322, -6.688256 ], [ 110.628312, -6.688397 ], [ 110.628295, -6.688517 ], [ 110.628277, -6.688605 ], [ 110.628218, -6.688712 ], [ 110.62806, -6.688935 ], [ 110.627287, -6.689958 ], [ 110.626783, -6.690712 ], [ 110.626651, -6.690899 ], [ 110.626576, -6.690981 ], [ 110.626477, -6.691048 ], [ 110.626364, -6.691109 ], [ 110.626195, -6.691234 ], [ 110.625876, -6.691557 ], [ 110.625254, -6.692303 ], [ 110.624846, -6.692819 ], [ 110.623671, -6.694407 ], [ 110.622974, -6.695409 ], [ 110.622569, -6.696021 ], [ 110.622497, -6.696173 ], [ 110.622451, -6.696307 ], [ 110.622429, -6.696472 ], [ 110.622435, -6.696581 ], [ 110.622475, -6.696765 ], [ 110.622483, -6.696924 ], [ 110.622464, -6.697034 ], [ 110.622419, -6.697116 ], [ 110.622325, -6.697215 ], [ 110.622116, -6.697367 ], [ 110.621904, -6.697537 ], [ 110.621539, -6.697841 ], [ 110.621214, -6.698121 ], [ 110.621054, -6.698286 ], [ 110.620683, -6.698733 ], [ 110.620206, -6.699394 ], [ 110.619493, -6.700454 ], [ 110.619132, -6.700906 ], [ 110.619047, -6.700988 ], [ 110.618973, -6.701043 ], [ 110.618929, -6.701063 ], [ 110.618872, -6.701066 ], [ 110.618825, -6.701049 ], [ 110.618695, -6.700979 ], [ 110.618302, -6.701416 ], [ 110.618049, -6.701709 ], [ 110.617588, -6.702188 ], [ 110.617205, -6.702559 ], [ 110.61684, -6.702881 ], [ 110.616547, -6.703174 ], [ 110.616204, -6.703435 ], [ 110.616014, -6.703566 ], [ 110.615959, -6.703648 ], [ 110.615937, -6.703705 ], [ 110.615937, -6.703737 ], [ 110.615953, -6.703768 ], [ 110.615998, -6.703805 ], [ 110.616141, -6.703868 ], [ 110.616224, -6.703913 ], [ 110.61629, -6.70396 ], [ 110.616362, -6.704069 ], [ 110.616389, -6.704218 ], [ 110.616387, -6.704399 ], [ 110.616338, -6.704668 ], [ 110.615909, -6.706181 ], [ 110.615496, -6.706842 ], [ 110.61538, -6.707063 ], [ 110.615169, -6.707465 ], [ 110.615016, -6.70762 ], [ 110.614887, -6.707719 ], [ 110.614573, -6.707921 ], [ 110.614423, -6.708028 ], [ 110.614155, -6.708275 ], [ 110.613989, -6.708536 ], [ 110.613924, -6.708723 ], [ 110.613924, -6.708899 ], [ 110.614048, -6.709146 ], [ 110.614174, -6.70932 ], [ 110.6142, -6.709453 ], [ 110.614179, -6.709562 ], [ 110.614144, -6.709618 ], [ 110.613871, -6.709922 ], [ 110.613523, -6.710224 ], [ 110.613345, -6.710364 ], [ 110.612953, -6.710651 ], [ 110.612621, -6.710913 ], [ 110.612047, -6.71168 ], [ 110.611939, -6.711765 ], [ 110.611757, -6.711845 ], [ 110.611548, -6.711882 ], [ 110.611301, -6.711871 ], [ 110.611172, -6.711914 ], [ 110.611049, -6.711994 ], [ 110.610947, -6.712111 ], [ 110.610813, -6.712335 ], [ 110.610684, -6.712527 ], [ 110.610512, -6.712681 ], [ 110.610298, -6.712761 ], [ 110.609981, -6.712868 ], [ 110.609762, -6.71291 ], [ 110.609445, -6.712953 ], [ 110.6093, -6.713006 ], [ 110.609225, -6.713059 ], [ 110.609195, -6.713115 ], [ 110.609182, -6.713187 ], [ 110.60922, -6.713339 ], [ 110.609401, -6.713792 ], [ 110.609445, -6.713949 ], [ 110.609456, -6.714045 ], [ 110.609434, -6.71413 ], [ 110.609386, -6.714189 ], [ 110.609311, -6.714226 ], [ 110.609182, -6.714237 ], [ 110.60893, -6.714226 ], [ 110.608522, -6.714264 ], [ 110.608259, -6.714333 ], [ 110.607959, -6.714445 ], [ 110.60776, -6.714583 ], [ 110.607492, -6.714871 ], [ 110.607052, -6.715393 ], [ 110.606698, -6.715713 ], [ 110.60628, -6.716016 ], [ 110.605929, -6.716205 ], [ 110.605813, -6.716267 ], [ 110.605561, -6.716421 ], [ 110.605363, -6.716576 ], [ 110.605218, -6.716762 ], [ 110.605035, -6.717023 ], [ 110.604866, -6.717324 ], [ 110.604698, -6.717564 ], [ 110.604587, -6.717692 ], [ 110.604453, -6.717806 ], [ 110.604303, -6.717918 ], [ 110.604161, -6.717972 ], [ 110.603971, -6.718054 ], [ 110.60371, -6.71819 ], [ 110.603539, -6.718312 ], [ 110.60326, -6.718542 ], [ 110.603088, -6.718691 ], [ 110.6029, -6.718888 ], [ 110.602739, -6.719096 ], [ 110.602477, -6.719325 ], [ 110.602251, -6.71957 ], [ 110.60209, -6.719719 ], [ 110.601903, -6.719847 ], [ 110.60172, -6.719938 ], [ 110.601484, -6.720007 ], [ 110.601195, -6.720071 ], [ 110.60094, -6.720188 ], [ 110.600637, -6.720454 ], [ 110.600462, -6.720587 ], [ 110.600205, -6.720737 ], [ 110.599864, -6.720955 ], [ 110.599435, -6.721333 ], [ 110.599306, -6.721436 ], [ 110.599199, -6.721502 ], [ 110.599059, -6.721565 ], [ 110.59892, -6.721581 ], [ 110.598601, -6.721592 ], [ 110.598394, -6.72165 ], [ 110.598322, -6.721706 ], [ 110.598271, -6.721802 ], [ 110.598215, -6.721951 ], [ 110.598145, -6.722108 ], [ 110.598086, -6.722191 ], [ 110.598003, -6.722255 ], [ 110.597895, -6.72229 ], [ 110.597718, -6.722329 ], [ 110.597598, -6.72237 ], [ 110.597496, -6.722428 ], [ 110.597397, -6.722503 ], [ 110.597284, -6.722609 ], [ 110.597152, -6.722702 ], [ 110.597048, -6.722756 ], [ 110.596812, -6.722812 ], [ 110.596753, -6.722862 ], [ 110.596712, -6.722939 ], [ 110.596694, -6.723062 ], [ 110.59667, -6.723166 ], [ 110.596637, -6.723222 ], [ 110.596527, -6.723363 ], [ 110.596227, -6.723608 ], [ 110.595999, -6.723757 ], [ 110.595685, -6.723904 ], [ 110.595516, -6.723976 ], [ 110.595012, -6.72409 ], [ 110.594854, -6.72412 ], [ 110.594746, -6.724157 ], [ 110.594548, -6.724253 ], [ 110.594333, -6.724386 ], [ 110.594065, -6.724562 ], [ 110.593639, -6.724783 ] ] } },
{ "type": "Feature", "properties": { "wilayah": "SEM" }, "geometry": { "type": "LineString", "coordinates": [ [ 110.309987, -6.936152 ], [ 110.309915, -6.936031 ], [ 110.309888, -6.935834 ], [ 110.309883, -6.934878 ], [ 110.309885, -6.93467 ], [ 110.309915, -6.934457 ], [ 110.309947, -6.934357 ], [ 110.309955, -6.9343 ], [ 110.309941, -6.934263 ], [ 110.309903, -6.934234 ], [ 110.309648, -6.934136 ], [ 110.309157, -6.933961 ], [ 110.308742, -6.933774 ], [ 110.308492, -6.933638 ], [ 110.30822, -6.933467 ], [ 110.307835, -6.933195 ], [ 110.307307, -6.932806 ], [ 110.30687, -6.93245 ], [ 110.306605, -6.932149 ], [ 110.306066, -6.931395 ], [ 110.305907, -6.931182 ], [ 110.305701, -6.930905 ], [ 110.305594, -6.930747 ], [ 110.30558, -6.930676 ], [ 110.305598, -6.930638 ], [ 110.305669, -6.930576 ], [ 110.305858, -6.930466 ], [ 110.30624, -6.930202 ], [ 110.306626, -6.929894 ], [ 110.306704, -6.929804 ], [ 110.306712, -6.929763 ], [ 110.306699, -6.929721 ], [ 110.306638, -6.929655 ], [ 110.306974, -6.929392 ], [ 110.307003, -6.929382 ], [ 110.307034, -6.929392 ], [ 110.307152, -6.929441 ], [ 110.307189, -6.929436 ], [ 110.307208, -6.929423 ], [ 110.307245, -6.929388 ], [ 110.307264, -6.929356 ], [ 110.307276, -6.929304 ], [ 110.307291, -6.929245 ], [ 110.307313, -6.929217 ], [ 110.30734, -6.929203 ], [ 110.307472, -6.929191 ], [ 110.30753, -6.929207 ], [ 110.307566, -6.929229 ], [ 110.307594, -6.929251 ], [ 110.307627, -6.929265 ], [ 110.307697, -6.929268 ], [ 110.307751, -6.929243 ], [ 110.307883, -6.929123 ], [ 110.307961, -6.929056 ], [ 110.308026, -6.929027 ], [ 110.308085, -6.929012 ], [ 110.308111, -6.92898 ], [ 110.308111, -6.928944 ], [ 110.308084, -6.928883 ], [ 110.30802, -6.928809 ], [ 110.307926, -6.928751 ], [ 110.307714, -6.928653 ], [ 110.307544, -6.928548 ], [ 110.307353, -6.92836 ], [ 110.30697, -6.927984 ], [ 110.306334, -6.927417 ], [ 110.306106, -6.927287 ], [ 110.305966, -6.927252 ], [ 110.305779, -6.927236 ], [ 110.305524, -6.927266 ], [ 110.305363, -6.927252 ], [ 110.305165, -6.927194 ], [ 110.304821, -6.9271 ], [ 110.304652, -6.927071 ], [ 110.304502, -6.927079 ], [ 110.30429, -6.927156 ], [ 110.304, -6.927263 ], [ 110.303585, -6.927391 ], [ 110.303255, -6.927513 ], [ 110.303125, -6.927533 ], [ 110.303048, -6.927524 ], [ 110.302946, -6.9275 ], [ 110.302584, -6.92736 ], [ 110.302225, -6.927262 ], [ 110.301828, -6.927175 ], [ 110.30146, -6.927091 ], [ 110.30098, -6.926982 ], [ 110.300492, -6.926846 ], [ 110.3002, -6.926748 ], [ 110.300106, -6.92673 ], [ 110.300055, -6.926729 ], [ 110.300006, -6.92675 ], [ 110.299948, -6.926764 ], [ 110.299894, -6.926762 ], [ 110.299815, -6.926744 ], [ 110.299392, -6.926641 ], [ 110.2991, -6.92658 ], [ 110.298798, -6.926515 ], [ 110.298525, -6.926442 ], [ 110.298105, -6.926346 ], [ 110.297811, -6.92627 ], [ 110.297543, -6.926192 ], [ 110.297307, -6.926118 ], [ 110.29709, -6.926033 ], [ 110.29693, -6.925975 ], [ 110.296844, -6.925954 ], [ 110.296741, -6.925953 ], [ 110.296655, -6.925937 ], [ 110.296413, -6.925887 ], [ 110.296166, -6.92582 ], [ 110.295841, -6.925733 ], [ 110.29546, -6.925648 ], [ 110.295006, -6.925535 ], [ 110.294609, -6.925426 ], [ 110.294206, -6.925287 ], [ 110.29377, -6.925126 ], [ 110.293249, -6.924916 ], [ 110.29282, -6.924704 ], [ 110.292348, -6.924471 ], [ 110.292253, -6.924422 ], [ 110.291847, -6.92421 ], [ 110.29145, -6.924008 ], [ 110.291421, -6.923969 ], [ 110.291002, -6.923724 ], [ 110.290648, -6.923471 ], [ 110.290133, -6.923067 ], [ 110.289659, -6.922739 ], [ 110.289195, -6.922326 ], [ 110.288878, -6.921842 ], [ 110.288513, -6.921022 ], [ 110.288492, -6.920516 ], [ 110.28854, -6.920249 ], [ 110.288714, -6.919909 ], [ 110.28893, -6.919517 ], [ 110.288938, -6.919477 ], [ 110.28892, -6.919459 ], [ 110.28882, -6.919448 ], [ 110.288478, -6.919397 ], [ 110.288288, -6.919353 ], [ 110.28798, -6.919224 ], [ 110.287656, -6.91905 ], [ 110.287944, -6.918429 ], [ 110.287956, -6.918403 ], [ 110.288144, -6.917997 ], [ 110.287928, -6.917896 ], [ 110.287892, -6.917971 ], [ 110.287986, -6.918014 ], [ 110.287973, -6.918041 ], [ 110.287186, -6.917665 ], [ 110.286766, -6.91854 ], [ 110.285968, -6.918471 ], [ 110.285582, -6.918399 ], [ 110.284992, -6.918199 ], [ 110.284025, -6.91783 ], [ 110.283667, -6.917689 ], [ 110.282898, -6.917312 ], [ 110.282856, -6.917286 ], [ 110.282814, -6.91726 ], [ 110.281991, -6.916868 ], [ 110.281904, -6.917006 ], [ 110.281837, -6.916974 ], [ 110.281566, -6.916819 ], [ 110.281269, -6.916627 ], [ 110.280821, -6.916282 ], [ 110.280504, -6.916027 ], [ 110.280247, -6.915771 ], [ 110.279984, -6.915515 ], [ 110.27986, -6.915331 ], [ 110.279796, -6.915214 ], [ 110.279765, -6.915189 ], [ 110.279751, -6.915189 ], [ 110.279558, -6.915583 ], [ 110.279426, -6.915866 ], [ 110.279328, -6.916088 ], [ 110.279327, -6.916111 ], [ 110.27934, -6.91614 ], [ 110.279437, -6.91623 ], [ 110.279528, -6.916325 ], [ 110.279608, -6.916434 ], [ 110.279622, -6.916591 ], [ 110.279567, -6.916807 ], [ 110.279413, -6.91698 ], [ 110.279221, -6.917134 ], [ 110.278983, -6.917281 ], [ 110.278778, -6.917378 ], [ 110.278071, -6.917405 ], [ 110.277356, -6.917255 ], [ 110.275676, -6.916819 ], [ 110.275232, -6.916594 ], [ 110.274483, -6.915858 ], [ 110.271906, -6.915236 ], [ 110.270645, -6.915042 ], [ 110.268851, -6.91458 ], [ 110.267789, -6.914195 ], [ 110.267273, -6.913444 ], [ 110.265496, -6.913582 ], [ 110.265, -6.914009 ], [ 110.264555, -6.914161 ], [ 110.264046, -6.91395 ], [ 110.26358, -6.91289 ], [ 110.263303, -6.912911 ], [ 110.263111, -6.91293 ], [ 110.262659, -6.912103 ], [ 110.262181, -6.911578 ], [ 110.26202, -6.911576 ], [ 110.261581, -6.911843 ], [ 110.261422, -6.911746 ], [ 110.259947, -6.911946 ], [ 110.259417, -6.911788 ], [ 110.258493, -6.911305 ], [ 110.257354, -6.9104 ], [ 110.256654, -6.909987 ], [ 110.256083, -6.90966 ], [ 110.255399, -6.909335 ], [ 110.254819, -6.909093 ], [ 110.254412, -6.908912 ], [ 110.253977, -6.908656 ], [ 110.253215, -6.907959 ], [ 110.252432, -6.907144 ], [ 110.251021, -6.905929 ], [ 110.250353, -6.905375 ], [ 110.250303, -6.905333 ], [ 110.249664, -6.904726 ], [ 110.248334, -6.903363 ], [ 110.247636, -6.902553 ], [ 110.247449, -6.902292 ], [ 110.246762, -6.901355 ], [ 110.246204, -6.900737 ], [ 110.245678, -6.900045 ], [ 110.244659, -6.898255 ], [ 110.243863, -6.896804 ], [ 110.243683, -6.896477 ], [ 110.243146, -6.895369 ], [ 110.242245, -6.893739 ], [ 110.241569, -6.892568 ], [ 110.240931, -6.891347 ], [ 110.240636, -6.890703 ], [ 110.240336, -6.890123 ], [ 110.240008, -6.88979 ], [ 110.239724, -6.889615 ], [ 110.238831, -6.889151 ], [ 110.238171, -6.888834 ], [ 110.237626, -6.888563 ], [ 110.236763, -6.888259 ], [ 110.235588, -6.887889 ], [ 110.23528, -6.887753 ], [ 110.234759, -6.887431 ], [ 110.234301, -6.887234 ], [ 110.234153, -6.887407 ], [ 110.234062, -6.887487 ], [ 110.233957, -6.887474 ], [ 110.233423, -6.887173 ], [ 110.23337, -6.887106 ], [ 110.233364, -6.886968 ], [ 110.233456, -6.886622 ], [ 110.233431, -6.88647 ], [ 110.233195, -6.886289 ], [ 110.232825, -6.886118 ], [ 110.232267, -6.886038 ], [ 110.231506, -6.886193 ], [ 110.231109, -6.886353 ], [ 110.23083, -6.886496 ], [ 110.23047, -6.886534 ], [ 110.229886, -6.886321 ], [ 110.229548, -6.886107 ], [ 110.229263, -6.885676 ], [ 110.229124, -6.885319 ], [ 110.228738, -6.88435 ], [ 110.22826, -6.883242 ], [ 110.227574, -6.881863 ], [ 110.227021, -6.88084 ], [ 110.226715, -6.88042 ], [ 110.226404, -6.880207 ], [ 110.226104, -6.880127 ], [ 110.225921, -6.880026 ], [ 110.225723, -6.879812 ], [ 110.225535, -6.879456 ], [ 110.225428, -6.879014 ], [ 110.225514, -6.878606 ], [ 110.225565, -6.878484 ], [ 110.225548, -6.878292 ], [ 110.225396, -6.877853 ], [ 110.225133, -6.87699 ], [ 110.224806, -6.876074 ], [ 110.224366, -6.874673 ], [ 110.224097, -6.873901 ], [ 110.224092, -6.873889 ], [ 110.223864, -6.873346 ], [ 110.223593, -6.872702 ], [ 110.222965, -6.871133 ], [ 110.222686, -6.870332 ], [ 110.2224, -6.869199 ], [ 110.222383, -6.869122 ], [ 110.222225, -6.868399 ], [ 110.222027, -6.867797 ], [ 110.221791, -6.867393 ], [ 110.221581, -6.867217 ], [ 110.221356, -6.867137 ], [ 110.221072, -6.867148 ], [ 110.220723, -6.867196 ], [ 110.220535, -6.867132 ], [ 110.220466, -6.867041 ], [ 110.220332, -6.866865 ], [ 110.220165, -6.866343 ], [ 110.219886, -6.865246 ], [ 110.219414, -6.863904 ], [ 110.219033, -6.862802 ], [ 110.219033, -6.862498 ], [ 110.2192, -6.86204 ], [ 110.219189, -6.86188 ], [ 110.219122, -6.861779 ], [ 110.218846, -6.861622 ], [ 110.218508, -6.86147 ], [ 110.218108, -6.861316 ], [ 110.217708, -6.861169 ], [ 110.217349, -6.861023 ], [ 110.216952, -6.860916 ], [ 110.216566, -6.86082 ], [ 110.216204, -6.860736 ], [ 110.21582, -6.860666 ], [ 110.215442, -6.860607 ], [ 110.215144, -6.860591 ], [ 110.214742, -6.860645 ], [ 110.214565, -6.860613 ], [ 110.214361, -6.860527 ], [ 110.213926, -6.860219 ], [ 110.213749, -6.860096 ], [ 110.213694, -6.860069 ], [ 110.21332, -6.859883 ], [ 110.212762, -6.859712 ], [ 110.212033, -6.859377 ], [ 110.211271, -6.859015 ], [ 110.210643, -6.858786 ], [ 110.210252, -6.858743 ], [ 110.210016, -6.85878 ], [ 110.209694, -6.858855 ], [ 110.209351, -6.858823 ], [ 110.208868, -6.858743 ], [ 110.208219, -6.858509 ], [ 110.207221, -6.858189 ], [ 110.206422, -6.857918 ], [ 110.205585, -6.857673 ], [ 110.204405, -6.857385 ], [ 110.203267, -6.857108 ], [ 110.202227, -6.856874 ], [ 110.201309, -6.856773 ], [ 110.201057, -6.856746 ], [ 110.199619, -6.856426 ], [ 110.198096, -6.855819 ], [ 110.197205, -6.855244 ], [ 110.196508, -6.854765 ], [ 110.195881, -6.854211 ], [ 110.195323, -6.853838 ], [ 110.194733, -6.853465 ], [ 110.194405, -6.853209 ], [ 110.193976, -6.852879 ], [ 110.193574, -6.85249 ], [ 110.193214, -6.852261 ], [ 110.19285, -6.852171 ], [ 110.191895, -6.852048 ], [ 110.19065, -6.851819 ], [ 110.189304, -6.851537 ], [ 110.188301, -6.851217 ], [ 110.187442, -6.850861 ], [ 110.186514, -6.850493 ], [ 110.18579, -6.850275 ], [ 110.184755, -6.850008 ], [ 110.184057, -6.849822 ], [ 110.183473, -6.849726 ], [ 110.182534, -6.849593 ], [ 110.181541, -6.849279 ], [ 110.180458, -6.848693 ], [ 110.179814, -6.848277 ], [ 110.179801, -6.848262 ], [ 110.179299, -6.847681 ], [ 110.178484, -6.846371 ], [ 110.177797, -6.845167 ], [ 110.177041, -6.843601 ], [ 110.17666, -6.842983 ], [ 110.176365, -6.842451 ], [ 110.176193, -6.841827 ], [ 110.176134, -6.841407 ], [ 110.176145, -6.841055 ], [ 110.176338, -6.840608 ], [ 110.176443, -6.840379 ], [ 110.17648, -6.839974 ], [ 110.176475, -6.839665 ], [ 110.176392, -6.839148 ], [ 110.176284, -6.838741 ], [ 110.176196, -6.838488 ], [ 110.176094, -6.838299 ], [ 110.175911, -6.838008 ], [ 110.175611, -6.837473 ], [ 110.17537, -6.837154 ], [ 110.175049, -6.836645 ], [ 110.174881, -6.83642 ], [ 110.174625, -6.836159 ], [ 110.174525, -6.836103 ], [ 110.174447, -6.836106 ], [ 110.174388, -6.83612 ], [ 110.174302, -6.836184 ], [ 110.17425, -6.836297 ], [ 110.174224, -6.836441 ], [ 110.173656, -6.836354 ], [ 110.172957, -6.836247 ], [ 110.172838, -6.83604 ], [ 110.172767, -6.835945 ], [ 110.172657, -6.835858 ], [ 110.172561, -6.835807 ], [ 110.172485, -6.835806 ], [ 110.172438, -6.835827 ], [ 110.172362, -6.836015 ], [ 110.172359, -6.83618 ], [ 110.172394, -6.836288 ], [ 110.172464, -6.836363 ], [ 110.172551, -6.836413 ], [ 110.172618, -6.836459 ], [ 110.172671, -6.836528 ], [ 110.172705, -6.83661 ], [ 110.172738, -6.836801 ], [ 110.172776, -6.837047 ], [ 110.172827, -6.837447 ], [ 110.172897, -6.837969 ], [ 110.17291, -6.838363 ], [ 110.172894, -6.838871 ], [ 110.172872, -6.839226 ], [ 110.172805, -6.839689 ], [ 110.172712, -6.840088 ], [ 110.172636, -6.840477 ], [ 110.172596, -6.840754 ], [ 110.172564, -6.841007 ], [ 110.172462, -6.841436 ], [ 110.172364, -6.841778 ], [ 110.172366, -6.841851 ], [ 110.172382, -6.841915 ], [ 110.172424, -6.842006 ], [ 110.172466, -6.842075 ], [ 110.172479, -6.842134 ], [ 110.172466, -6.842214 ], [ 110.172411, -6.842413 ], [ 110.172278, -6.842877 ], [ 110.172193, -6.843175 ], [ 110.172142, -6.84342 ], [ 110.172103, -6.843558 ], [ 110.172045, -6.843705 ], [ 110.172022, -6.843795 ], [ 110.172012, -6.843878 ], [ 110.17199, -6.843961 ], [ 110.171958, -6.844041 ], [ 110.171958, -6.844166 ], [ 110.171743, -6.8455 ], [ 110.171743, -6.845628 ], [ 110.17169, -6.845878 ], [ 110.171679, -6.846091 ], [ 110.171674, -6.846264 ], [ 110.171625, -6.846387 ], [ 110.171572, -6.846528 ], [ 110.171574, -6.846661 ], [ 110.171631, -6.846805 ], [ 110.171765, -6.846997 ], [ 110.171923, -6.847244 ], [ 110.172111, -6.84767 ], [ 110.172191, -6.848048 ], [ 110.172207, -6.848389 ], [ 110.17217, -6.848648 ], [ 110.172108, -6.848797 ], [ 110.17213, -6.84889 ], [ 110.172213, -6.848965 ], [ 110.172307, -6.848988 ], [ 110.172744, -6.848919 ], [ 110.173012, -6.848943 ], [ 110.173323, -6.849119 ], [ 110.173452, -6.849311 ], [ 110.173481, -6.849457 ], [ 110.173412, -6.849606 ], [ 110.173304, -6.849734 ], [ 110.173189, -6.849881 ], [ 110.173168, -6.850078 ], [ 110.17321, -6.850323 ], [ 110.17329, -6.850582 ], [ 110.173442, -6.850741 ], [ 110.173633, -6.850847 ], [ 110.173511, -6.851074 ], [ 110.173123, -6.850987 ], [ 110.172744, -6.851026 ], [ 110.171918, -6.850962 ], [ 110.170995, -6.850767 ], [ 110.170461, -6.850663 ], [ 110.170257, -6.850624 ], [ 110.170107, -6.850682 ], [ 110.169949, -6.850805 ], [ 110.169689, -6.851095 ], [ 110.169434, -6.851372 ], [ 110.169178, -6.851681 ], [ 110.169096, -6.85179 ], [ 110.169005, -6.851837 ], [ 110.168902, -6.851851 ], [ 110.168747, -6.851858 ], [ 110.168649, -6.851901 ], [ 110.168603, -6.851945 ], [ 110.168466, -6.852147 ], [ 110.168305, -6.852376 ], [ 110.168161, -6.852542 ], [ 110.167999, -6.852689 ], [ 110.167858, -6.852838 ], [ 110.167673, -6.85309 ], [ 110.167539, -6.853269 ], [ 110.167424, -6.853369 ], [ 110.167292, -6.853469 ], [ 110.167168, -6.853566 ], [ 110.167083, -6.853656 ], [ 110.167039, -6.853718 ], [ 110.167004, -6.853855 ], [ 110.166957, -6.85401 ], [ 110.166895, -6.854133 ], [ 110.166799, -6.85428 ], [ 110.166634, -6.854466 ], [ 110.166438, -6.854666 ], [ 110.166274, -6.854846 ], [ 110.166135, -6.855023 ], [ 110.166023, -6.855161 ], [ 110.165889, -6.855277 ], [ 110.16574, -6.855374 ], [ 110.165576, -6.855476 ], [ 110.165529, -6.855526 ], [ 110.165476, -6.855657 ], [ 110.165442, -6.855773 ], [ 110.165365, -6.855861 ], [ 110.165035, -6.856187 ], [ 110.16491, -6.856282 ], [ 110.164858, -6.856356 ], [ 110.16478, -6.856469 ], [ 110.164633, -6.856615 ], [ 110.164551, -6.856695 ], [ 110.164493, -6.856819 ], [ 110.164442, -6.856951 ], [ 110.164284, -6.857164 ], [ 110.164029, -6.857428 ], [ 110.163796, -6.857603 ], [ 110.163329, -6.858019 ], [ 110.163099, -6.858216 ], [ 110.162967, -6.858365 ], [ 110.162836, -6.858605 ], [ 110.16275, -6.858794 ], [ 110.1626, -6.858999 ], [ 110.162275, -6.859268 ], [ 110.161924, -6.85959 ], [ 110.161318, -6.860256 ], [ 110.161017, -6.860719 ], [ 110.160658, -6.861326 ], [ 110.160218, -6.861875 ], [ 110.159574, -6.862418 ], [ 110.158796, -6.86318 ], [ 110.157926, -6.864173 ], [ 110.157504, -6.864655 ], [ 110.156978, -6.865337 ], [ 110.156586, -6.865784 ], [ 110.15612, -6.8662 ], [ 110.155792, -6.866551 ], [ 110.155288, -6.866823 ], [ 110.15481, -6.86711 ], [ 110.153775, -6.867864 ], [ 110.153588, -6.86797 ], [ 110.15341, -6.86801 ], [ 110.153271, -6.868021 ], [ 110.153123, -6.868077 ], [ 110.152989, -6.868207 ], [ 110.15278, -6.868426 ], [ 110.152469, -6.868684 ], [ 110.151933, -6.869009 ], [ 110.151525, -6.869262 ], [ 110.151109, -6.869491 ], [ 110.150632, -6.869755 ], [ 110.150379, -6.869904 ], [ 110.150076, -6.87009 ], [ 110.149537, -6.870455 ], [ 110.149036, -6.870753 ], [ 110.148408, -6.871131 ], [ 110.148033, -6.871344 ], [ 110.14756, -6.871672 ], [ 110.147019, -6.872037 ], [ 110.146466, -6.872346 ], [ 110.146024, -6.872585 ], [ 110.146005, -6.872594 ], [ 110.145326, -6.872905 ], [ 110.144913, -6.87315 ], [ 110.144618, -6.873328 ], [ 110.144253, -6.873565 ], [ 110.143771, -6.873848 ], [ 110.143325, -6.874119 ], [ 110.14277, -6.874457 ], [ 110.142159, -6.874782 ], [ 110.141748, -6.87504 ], [ 110.141306, -6.875248 ], [ 110.140889, -6.875428 ], [ 110.140756, -6.875491 ], [ 110.140665, -6.875556 ], [ 110.140567, -6.875677 ], [ 110.140469, -6.875783 ], [ 110.140332, -6.87587 ], [ 110.140187, -6.875958 ], [ 110.140041, -6.876038 ], [ 110.139749, -6.876147 ], [ 110.139493, -6.876241 ], [ 110.139382, -6.876287 ], [ 110.139236, -6.876371 ], [ 110.139034, -6.876487 ], [ 110.138393, -6.876793 ], [ 110.138039, -6.876944 ], [ 110.137489, -6.87723 ], [ 110.136722, -6.877632 ], [ 110.136078, -6.877964 ], [ 110.135909, -6.878066 ], [ 110.135721, -6.878179 ], [ 110.135572, -6.878272 ], [ 110.135433, -6.87832 ], [ 110.135135, -6.878404 ], [ 110.134871, -6.878465 ], [ 110.134568, -6.878581 ], [ 110.134249, -6.878715 ], [ 110.13399, -6.878831 ], [ 110.133692, -6.878975 ], [ 110.133451, -6.879099 ], [ 110.133223, -6.879243 ], [ 110.132908, -6.879426 ], [ 110.132484, -6.879647 ], [ 110.132039, -6.879884 ], [ 110.131784, -6.879988 ], [ 110.131569, -6.88006 ], [ 110.131371, -6.880117 ], [ 110.13106, -6.880236 ], [ 110.130943, -6.88028 ], [ 110.130888, -6.880316 ], [ 110.130803, -6.880405 ], [ 110.13073, -6.88045 ], [ 110.130621, -6.880474 ], [ 110.130323, -6.880493 ], [ 110.12998, -6.880514 ], [ 110.129891, -6.880537 ], [ 110.129851, -6.880569 ], [ 110.129829, -6.880649 ], [ 110.129812, -6.880758 ], [ 110.129761, -6.880846 ], [ 110.129646, -6.880899 ], [ 110.1295, -6.880927 ], [ 110.129296, -6.880958 ], [ 110.128921, -6.881011 ], [ 110.128866, -6.88104 ], [ 110.128825, -6.881093 ], [ 110.128776, -6.88114 ], [ 110.128664, -6.881176 ], [ 110.128526, -6.881195 ], [ 110.128375, -6.88118 ], [ 110.128274, -6.881141 ], [ 110.128136, -6.880967 ], [ 110.128081, -6.880922 ], [ 110.128014, -6.880914 ], [ 110.127844, -6.880923 ], [ 110.127453, -6.88094 ], [ 110.12711, -6.880944 ], [ 110.126669, -6.880926 ], [ 110.126293, -6.88092 ], [ 110.126079, -6.881005 ], [ 110.125902, -6.881165 ], [ 110.125658, -6.881301 ], [ 110.125341, -6.881437 ], [ 110.125043, -6.881559 ], [ 110.124807, -6.881663 ], [ 110.124613, -6.881766 ], [ 110.124158, -6.881996 ], [ 110.123667, -6.882273 ], [ 110.123403, -6.882447 ], [ 110.123057, -6.882647 ], [ 110.122727, -6.882829 ], [ 110.122373, -6.882989 ], [ 110.121945, -6.88313 ], [ 110.121841, -6.883157 ], [ 110.121778, -6.883204 ], [ 110.121728, -6.883305 ], [ 110.121689, -6.883367 ], [ 110.121624, -6.883414 ], [ 110.12146, -6.883471 ], [ 110.121176, -6.883586 ], [ 110.120864, -6.883724 ], [ 110.120553, -6.883881 ], [ 110.120068, -6.88406 ], [ 110.119593, -6.884254 ], [ 110.119215, -6.884459 ], [ 110.118783, -6.884688 ], [ 110.118585, -6.884808 ], [ 110.1184, -6.884928 ], [ 110.118107, -6.885077 ], [ 110.11751, -6.88536 ], [ 110.116734, -6.885697 ], [ 110.115312, -6.886342 ], [ 110.114341, -6.886768 ], [ 110.113188, -6.887189 ], [ 110.112324, -6.887561 ], [ 110.111423, -6.88803 ], [ 110.110763, -6.888376 ], [ 110.110619, -6.888463 ], [ 110.109948, -6.888866 ], [ 110.108736, -6.889314 ], [ 110.107028, -6.889883 ], [ 110.105646, -6.890266 ], [ 110.10312, -6.890953 ], [ 110.101276, -6.891183 ], [ 110.100844, -6.891266 ], [ 110.100466, -6.891375 ], [ 110.100161, -6.891441 ], [ 110.099675, -6.891521 ], [ 110.09934, -6.891598 ], [ 110.09894, -6.891737 ], [ 110.098498, -6.891934 ], [ 110.097854, -6.892174 ] ] } },
{ "type": "Feature", "properties": { "wilayah": "SEM" }, "geometry": { "type": "LineString", "coordinates": [ [ 110.423616, -6.935887 ], [ 110.423514, -6.939868 ], [ 110.423474, -6.940738 ], [ 110.42349, -6.941577 ], [ 110.423461, -6.944492 ], [ 110.423412, -6.946772 ] ] } },
{ "type": "Feature", "properties": { "wilayah": "SEM" }, "geometry": { "type": "LineString", "coordinates": [ [ 110.423412, -6.946772 ], [ 110.42364, -6.947015 ], [ 110.424023, -6.947455 ], [ 110.424304, -6.947759 ], [ 110.424456, -6.947931 ], [ 110.424815, -6.94834 ], [ 110.425866, -6.949537 ], [ 110.42627, -6.949982 ], [ 110.426355, -6.950091 ], [ 110.42639, -6.95009 ], [ 110.426512, -6.94999 ], [ 110.426534, -6.949972 ], [ 110.426603, -6.950049 ], [ 110.42641, -6.950233 ], [ 110.426601, -6.950449 ], [ 110.426643, -6.950419 ], [ 110.426852, -6.950661 ], [ 110.427071, -6.950483 ], [ 110.427155, -6.950564 ], [ 110.426991, -6.950859 ], [ 110.426876, -6.951073 ], [ 110.426893, -6.951099 ], [ 110.426844, -6.951197 ], [ 110.426807, -6.951211 ], [ 110.426777, -6.951247 ], [ 110.426695, -6.951211 ], [ 110.426663, -6.951257 ], [ 110.426649, -6.951254 ], [ 110.426638, -6.951243 ], [ 110.426628, -6.951228 ], [ 110.426624, -6.951201 ], [ 110.42662, -6.951171 ], [ 110.426621, -6.951146 ], [ 110.426653, -6.951095 ], [ 110.426659, -6.951097 ], [ 110.426677, -6.951068 ], [ 110.42665, -6.951052 ], [ 110.426632, -6.951083 ], [ 110.42664, -6.951089 ], [ 110.426601, -6.951154 ], [ 110.426501, -6.951316 ], [ 110.426508, -6.951324 ], [ 110.426485, -6.951364 ], [ 110.426478, -6.95136 ], [ 110.426457, -6.951391 ], [ 110.426466, -6.951398 ], [ 110.42644, -6.951444 ], [ 110.426433, -6.951441 ], [ 110.426415, -6.951471 ], [ 110.426442, -6.951485 ], [ 110.426458, -6.951453 ], [ 110.426451, -6.951448 ], [ 110.426476, -6.951401 ], [ 110.426483, -6.951407 ], [ 110.426504, -6.951376 ], [ 110.426496, -6.951371 ], [ 110.426521, -6.951329 ], [ 110.426548, -6.951342 ], [ 110.426589, -6.951294 ], [ 110.426599, -6.951287 ], [ 110.426614, -6.951286 ], [ 110.426624, -6.951295 ], [ 110.426626, -6.951304 ], [ 110.426626, -6.95132 ], [ 110.426617, -6.95135 ], [ 110.426559, -6.951462 ], [ 110.426463, -6.951629 ], [ 110.426248, -6.951939 ], [ 110.426239, -6.951949 ], [ 110.426216, -6.951959 ], [ 110.426196, -6.951959 ], [ 110.425776, -6.951738 ], [ 110.4255, -6.951567 ], [ 110.425111, -6.95135 ], [ 110.425202, -6.951194 ], [ 110.424567, -6.950847 ], [ 110.423781, -6.950409 ], [ 110.423704, -6.950549 ], [ 110.423136, -6.950244 ], [ 110.423145, -6.950231 ], [ 110.423162, -6.950241 ], [ 110.423196, -6.950198 ], [ 110.42315, -6.950164 ], [ 110.423113, -6.950208 ], [ 110.423134, -6.950223 ], [ 110.423122, -6.950236 ], [ 110.42306, -6.950202 ], [ 110.423052, -6.950099 ], [ 110.423041, -6.950086 ], [ 110.422843, -6.949946 ], [ 110.422869, -6.949914 ], [ 110.4229, -6.94993 ], [ 110.422935, -6.94989 ], [ 110.422806, -6.949797 ], [ 110.422772, -6.949838 ], [ 110.422808, -6.949866 ], [ 110.422772, -6.949957 ], [ 110.423007, -6.95014 ], [ 110.423009, -6.950213 ], [ 110.422952, -6.950264 ], [ 110.422398, -6.949917 ], [ 110.421917, -6.949586 ], [ 110.421964, -6.949518 ], [ 110.421661, -6.949206 ], [ 110.421743, -6.949115 ], [ 110.421795, -6.949158 ], [ 110.421862, -6.949085 ], [ 110.421725, -6.948975 ], [ 110.421656, -6.94903 ], [ 110.421678, -6.949068 ], [ 110.421677, -6.949113 ], [ 110.421606, -6.949179 ], [ 110.421307, -6.94893 ], [ 110.421476, -6.948741 ], [ 110.421458, -6.948721 ], [ 110.421272, -6.948899 ], [ 110.420834, -6.948533 ], [ 110.420915, -6.948436 ], [ 110.420678, -6.948219 ], [ 110.420699, -6.948184 ], [ 110.420726, -6.948165 ], [ 110.420749, -6.948136 ], [ 110.42063, -6.948023 ], [ 110.4206, -6.948048 ], [ 110.420576, -6.94807 ], [ 110.42055, -6.948095 ], [ 110.420473, -6.948032 ], [ 110.420428, -6.948079 ], [ 110.420409, -6.94806 ], [ 110.42045, -6.948015 ], [ 110.420211, -6.947802 ], [ 110.420226, -6.947766 ], [ 110.420148, -6.947738 ], [ 110.42014, -6.947757 ], [ 110.420096, -6.947735 ], [ 110.420038, -6.947726 ], [ 110.42001, -6.947719 ], [ 110.419982, -6.947719 ], [ 110.419958, -6.947717 ], [ 110.419943, -6.94772 ], [ 110.419913, -6.947729 ], [ 110.419875, -6.947741 ], [ 110.419816, -6.947768 ], [ 110.419742, -6.947809 ], [ 110.419686, -6.947864 ], [ 110.419657, -6.947932 ], [ 110.419652, -6.948018 ], [ 110.419648, -6.94812 ], [ 110.419622, -6.948343 ], [ 110.419602, -6.948566 ], [ 110.419578, -6.948876 ], [ 110.419567, -6.949164 ], [ 110.419574, -6.949256 ], [ 110.419786, -6.949567 ], [ 110.419912, -6.949772 ], [ 110.420011, -6.94994 ], [ 110.420078, -6.950049 ], [ 110.420132, -6.950124 ], [ 110.420192, -6.95021 ], [ 110.420265, -6.950354 ], [ 110.420296, -6.950545 ], [ 110.420325, -6.950592 ], [ 110.420348, -6.95062 ], [ 110.420389, -6.950651 ], [ 110.42091, -6.949953 ], [ 110.421133, -6.950108 ], [ 110.420604, -6.950819 ], [ 110.42065, -6.950858 ], [ 110.421166, -6.950201 ], [ 110.421296, -6.950215 ], [ 110.42137, -6.950356 ], [ 110.420905, -6.950964 ], [ 110.420888, -6.951002 ], [ 110.420895, -6.95103 ], [ 110.42092, -6.951045 ], [ 110.420961, -6.951079 ], [ 110.420991, -6.951125 ], [ 110.420985, -6.951168 ], [ 110.420945, -6.951223 ], [ 110.420928, -6.951213 ], [ 110.420904, -6.95125 ], [ 110.420979, -6.951294 ], [ 110.421003, -6.951256 ], [ 110.420986, -6.951246 ], [ 110.420997, -6.951231 ], [ 110.421023, -6.951236 ], [ 110.421055, -6.95125 ], [ 110.421068, -6.951259 ], [ 110.421082, -6.951272 ], [ 110.421088, -6.951281 ], [ 110.421094, -6.951299 ], [ 110.421096, -6.951319 ], [ 110.421078, -6.95131 ], [ 110.421057, -6.951343 ], [ 110.421131, -6.951394 ], [ 110.421155, -6.951358 ], [ 110.421136, -6.951341 ], [ 110.421205, -6.951232 ], [ 110.421303, -6.951088 ], [ 110.421322, -6.951065 ], [ 110.421363, -6.951009 ], [ 110.421525, -6.951129 ], [ 110.421344, -6.951426 ], [ 110.421985, -6.951834 ], [ 110.422117, -6.951931 ], [ 110.422173, -6.951936 ], [ 110.422413, -6.952089 ], [ 110.422402, -6.95216 ], [ 110.422423, -6.952171 ], [ 110.422456, -6.952114 ], [ 110.422484, -6.952107 ], [ 110.422644, -6.952209 ], [ 110.422715, -6.952246 ], [ 110.422701, -6.952269 ], [ 110.422756, -6.952305 ], [ 110.422649, -6.952487 ], [ 110.42409, -6.953299 ], [ 110.42433, -6.953438 ], [ 110.424924, -6.953782 ], [ 110.424993, -6.953657 ], [ 110.4252, -6.953777 ], [ 110.425427, -6.953909 ], [ 110.4264, -6.954476 ], [ 110.426117, -6.954956 ], [ 110.426073, -6.954971 ], [ 110.425266, -6.954487 ], [ 110.425044, -6.954352 ], [ 110.425007, -6.95433 ], [ 110.424235, -6.955636 ], [ 110.424161, -6.955747 ], [ 110.422181, -6.954567 ], [ 110.422195, -6.95453 ], [ 110.422008, -6.954414 ], [ 110.421991, -6.95445 ], [ 110.421969, -6.954442 ], [ 110.421511, -6.955252 ], [ 110.421442, -6.955216 ], [ 110.421177, -6.955059 ], [ 110.421139, -6.955035 ], [ 110.421108, -6.954995 ], [ 110.421263, -6.954729 ], [ 110.421276, -6.954707 ], [ 110.42136, -6.954563 ], [ 110.421373, -6.954542 ], [ 110.421425, -6.954452 ], [ 110.421436, -6.954432 ], [ 110.421487, -6.954346 ], [ 110.421498, -6.954326 ], [ 110.421545, -6.954245 ], [ 110.421555, -6.954228 ], [ 110.421581, -6.954186 ], [ 110.421577, -6.954165 ], [ 110.421574, -6.954144 ], [ 110.421552, -6.954147 ], [ 110.421521, -6.953971 ], [ 110.421496, -6.953975 ], [ 110.421475, -6.953944 ], [ 110.421297, -6.953979 ], [ 110.421292, -6.953969 ], [ 110.421118, -6.954008 ], [ 110.421111, -6.953984 ], [ 110.421087, -6.953976 ], [ 110.421072, -6.953949 ], [ 110.421099, -6.953918 ], [ 110.421094, -6.9539 ], [ 110.421128, -6.953892 ], [ 110.421122, -6.953882 ], [ 110.421235, -6.953855 ], [ 110.421089, -6.953321 ], [ 110.421257, -6.953278 ], [ 110.421214, -6.953137 ], [ 110.421205, -6.953111 ], [ 110.420915, -6.953136 ], [ 110.420668, -6.953194 ], [ 110.420638, -6.953098 ], [ 110.420998, -6.952993 ], [ 110.42099, -6.952867 ], [ 110.420975, -6.952817 ], [ 110.420959, -6.95277 ], [ 110.420938, -6.952705 ], [ 110.420902, -6.952585 ], [ 110.420829, -6.952444 ], [ 110.420772, -6.952368 ], [ 110.420674, -6.95231 ], [ 110.420588, -6.952284 ], [ 110.420506, -6.952298 ], [ 110.420465, -6.95231 ], [ 110.420445, -6.952348 ], [ 110.420449, -6.952409 ], [ 110.420423, -6.952477 ], [ 110.420399, -6.952507 ], [ 110.420371, -6.952528 ], [ 110.420347, -6.952535 ], [ 110.420317, -6.952523 ], [ 110.420294, -6.952495 ], [ 110.420269, -6.952497 ], [ 110.420361, -6.95289 ], [ 110.420348, -6.952903 ], [ 110.420412, -6.953146 ], [ 110.4203, -6.953172 ], [ 110.420315, -6.953273 ], [ 110.420288, -6.953282 ], [ 110.420296, -6.953315 ], [ 110.42027, -6.953325 ], [ 110.420141, -6.953363 ], [ 110.420082, -6.95338 ], [ 110.4199, -6.952714 ], [ 110.419791, -6.952419 ], [ 110.419639, -6.952042 ], [ 110.419625, -6.952009 ], [ 110.419691, -6.951974 ], [ 110.419707, -6.95201 ], [ 110.419759, -6.951989 ], [ 110.419713, -6.951885 ], [ 110.419664, -6.951905 ], [ 110.419677, -6.951941 ], [ 110.419634, -6.951958 ], [ 110.419555, -6.951749 ], [ 110.419518, -6.951651 ], [ 110.419563, -6.951635 ], [ 110.419579, -6.951675 ], [ 110.419636, -6.951651 ], [ 110.419591, -6.951542 ], [ 110.419536, -6.951566 ], [ 110.419551, -6.951605 ], [ 110.419508, -6.951624 ], [ 110.419493, -6.951589 ], [ 110.419289, -6.951242 ], [ 110.419267, -6.951223 ], [ 110.419225, -6.951222 ], [ 110.419188, -6.951233 ], [ 110.419156, -6.951271 ], [ 110.419115, -6.952452 ], [ 110.418807, -6.952533 ], [ 110.418587, -6.951835 ], [ 110.418612, -6.951828 ], [ 110.418693, -6.952101 ], [ 110.418748, -6.952082 ], [ 110.418596, -6.951576 ], [ 110.418544, -6.951592 ], [ 110.418587, -6.951731 ], [ 110.418557, -6.951742 ], [ 110.418535, -6.951668 ], [ 110.418529, -6.951531 ], [ 110.418601, -6.948806 ], [ 110.418623, -6.948806 ], [ 110.418621, -6.948972 ], [ 110.41868, -6.948974 ], [ 110.418685, -6.948614 ], [ 110.418628, -6.948615 ], [ 110.418625, -6.948736 ], [ 110.418605, -6.948735 ], [ 110.418617, -6.948235 ], [ 110.418583, -6.948237 ], [ 110.418563, -6.948071 ], [ 110.418556, -6.947884 ], [ 110.41858, -6.946752 ], [ 110.418236, -6.946744 ], [ 110.418234, -6.94636 ], [ 110.418548, -6.946365 ], [ 110.418551, -6.94628 ], [ 110.418469, -6.946279 ], [ 110.418476, -6.946078 ], [ 110.41848, -6.946029 ], [ 110.418602, -6.94591 ], [ 110.418607, -6.945842 ], [ 110.418678, -6.94586 ], [ 110.418684, -6.945801 ], [ 110.418595, -6.945762 ], [ 110.418604, -6.9455 ], [ 110.418677, -6.945466 ], [ 110.418678, -6.945328 ] ] } },
{ "type": "Feature", "properties": { "wilayah": "SEM" }, "geometry": { "type": "LineString", "coordinates": [ [ 110.418678, -6.945328 ], [ 110.417007, -6.945291 ], [ 110.416999, -6.945236 ], [ 110.417026, -6.944409 ], [ 110.418709, -6.944446 ] ] } },
{ "type": "Feature", "properties": { "wilayah": "SEM" }, "geometry": { "type": "LineString", "coordinates": [ [ 110.418709, -6.944446 ], [ 110.418718, -6.944288 ], [ 110.418635, -6.944288 ], [ 110.41847, -6.944282 ], [ 110.418393, -6.94416 ], [ 110.418305, -6.943977 ], [ 110.418249, -6.94381 ], [ 110.418211, -6.943667 ], [ 110.418185, -6.943523 ], [ 110.418193, -6.943398 ], [ 110.418213, -6.943337 ], [ 110.418281, -6.943232 ], [ 110.418335, -6.943162 ], [ 110.418411, -6.94312 ], [ 110.418494, -6.943092 ], [ 110.418527, -6.943075 ], [ 110.418544, -6.943045 ], [ 110.418553, -6.943001 ], [ 110.41854, -6.942995 ], [ 110.418524, -6.942986 ], [ 110.418455, -6.942997 ], [ 110.418327, -6.943043 ], [ 110.418225, -6.943073 ], [ 110.418048, -6.943095 ], [ 110.417884, -6.9431 ], [ 110.417667, -6.943084 ], [ 110.417364, -6.94306 ], [ 110.417338, -6.943058 ], [ 110.417329, -6.94323 ], [ 110.41731, -6.943582 ], [ 110.417278, -6.943712 ], [ 110.417232, -6.943816 ], [ 110.417149, -6.943883 ], [ 110.417018, -6.943917 ], [ 110.416851, -6.943929 ], [ 110.416683, -6.943933 ], [ 110.41657, -6.943976 ], [ 110.41655, -6.944004 ], [ 110.416526, -6.944057 ], [ 110.416491, -6.944399 ], [ 110.416495, -6.944582 ], [ 110.41648, -6.944856 ], [ 110.41646, -6.944997 ], [ 110.416445, -6.945134 ], [ 110.416435, -6.945214 ], [ 110.416445, -6.945275 ], [ 110.416471, -6.945322 ], [ 110.41648, -6.945359 ], [ 110.416482, -6.945414 ], [ 110.416465, -6.945649 ], [ 110.416453, -6.945769 ], [ 110.416437, -6.945818 ], [ 110.416405, -6.945868 ], [ 110.416248, -6.945914 ], [ 110.416023, -6.945946 ], [ 110.415443, -6.946021 ], [ 110.415063, -6.946066 ], [ 110.414591, -6.946141 ], [ 110.414078, -6.946228 ], [ 110.413507, -6.946263 ], [ 110.413351, -6.946266 ], [ 110.413126, -6.946218 ], [ 110.412882, -6.946178 ], [ 110.412734, -6.946146 ], [ 110.412651, -6.946114 ], [ 110.412614, -6.946061 ], [ 110.41259, -6.945941 ], [ 110.412568, -6.945691 ], [ 110.412549, -6.945353 ], [ 110.412512, -6.944934 ], [ 110.41249, -6.944602 ], [ 110.412461, -6.944144 ], [ 110.412453, -6.94396 ], [ 110.412455, -6.943843 ], [ 110.412474, -6.943787 ], [ 110.412507, -6.943763 ], [ 110.412662, -6.943758 ], [ 110.412852, -6.943768 ], [ 110.412995, -6.943763 ], [ 110.413137, -6.943763 ], [ 110.413279, -6.943787 ], [ 110.413383, -6.9438 ], [ 110.413491, -6.943799 ], [ 110.413591, -6.943782 ], [ 110.413701, -6.94374 ], [ 110.413782, -6.94372 ], [ 110.413861, -6.943696 ], [ 110.413907, -6.943659 ], [ 110.413948, -6.943619 ], [ 110.413986, -6.943569 ], [ 110.414025, -6.943533 ], [ 110.41409, -6.943506 ], [ 110.414151, -6.943497 ], [ 110.414424, -6.943545 ], [ 110.414525, -6.943547 ], [ 110.414569, -6.943538 ], [ 110.414586, -6.943522 ], [ 110.414592, -6.943495 ], [ 110.414582, -6.943467 ], [ 110.414545, -6.943445 ], [ 110.414458, -6.943414 ], [ 110.414352, -6.943405 ], [ 110.414278, -6.943398 ], [ 110.414163, -6.943371 ], [ 110.414051, -6.943333 ], [ 110.413912, -6.943313 ], [ 110.413739, -6.943318 ], [ 110.413503, -6.943333 ], [ 110.413287, -6.943345 ], [ 110.413048, -6.943364 ], [ 110.412948, -6.943346 ], [ 110.41284, -6.943308 ], [ 110.412742, -6.943245 ], [ 110.412654, -6.94314 ], [ 110.412603, -6.94306 ], [ 110.41259, -6.94298 ], [ 110.412584, -6.942788 ], [ 110.412576, -6.942663 ], [ 110.412553, -6.942532 ], [ 110.412513, -6.942428 ], [ 110.412453, -6.942307 ], [ 110.412402, -6.942234 ], [ 110.412364, -6.942171 ], [ 110.412308, -6.942112 ], [ 110.412272, -6.942086 ], [ 110.41224, -6.942064 ], [ 110.412207, -6.942056 ], [ 110.41218, -6.942058 ], [ 110.412143, -6.94207 ], [ 110.412097, -6.942072 ], [ 110.412079, -6.942068 ], [ 110.412068, -6.942054 ], [ 110.412066, -6.942038 ], [ 110.412064, -6.94198 ], [ 110.412056, -6.941884 ], [ 110.412077, -6.941779 ], [ 110.412105, -6.941718 ], [ 110.412151, -6.941649 ], [ 110.412245, -6.941584 ], [ 110.412341, -6.941532 ], [ 110.412425, -6.941496 ], [ 110.412509, -6.941476 ], [ 110.412541, -6.941453 ], [ 110.412553, -6.941434 ], [ 110.412549, -6.941416 ], [ 110.41254, -6.9414 ], [ 110.412524, -6.941396 ], [ 110.412494, -6.9414 ], [ 110.412402, -6.941412 ], [ 110.412286, -6.941424 ], [ 110.41217, -6.941454 ], [ 110.412092, -6.94148 ], [ 110.412036, -6.941529 ], [ 110.411983, -6.941602 ], [ 110.411953, -6.94167 ], [ 110.411941, -6.941735 ], [ 110.411947, -6.941805 ], [ 110.411957, -6.941862 ], [ 110.411973, -6.941935 ], [ 110.411983, -6.941992 ], [ 110.411982, -6.942059 ], [ 110.411982, -6.942133 ], [ 110.411982, -6.942235 ], [ 110.411977, -6.942388 ], [ 110.411955, -6.942619 ], [ 110.411966, -6.942894 ], [ 110.411975, -6.943051 ], [ 110.411974, -6.943204 ], [ 110.411967, -6.943337 ], [ 110.411949, -6.943439 ], [ 110.411911, -6.943541 ], [ 110.411891, -6.94362 ], [ 110.41189, -6.943699 ], [ 110.411903, -6.943896 ], [ 110.411943, -6.944182 ], [ 110.41197, -6.944508 ], [ 110.411981, -6.944777 ], [ 110.411986, -6.944956 ], [ 110.411997, -6.945294 ], [ 110.41201, -6.94547 ], [ 110.412018, -6.945699 ], [ 110.411983, -6.945832 ], [ 110.411951, -6.945901 ], [ 110.411892, -6.94597 ], [ 110.411798, -6.946031 ], [ 110.411621, -6.946135 ], [ 110.411495, -6.946205 ], [ 110.411329, -6.946271 ], [ 110.411106, -6.946383 ], [ 110.41097, -6.946436 ], [ 110.410736, -6.946567 ], [ 110.410455, -6.946708 ], [ 110.410232, -6.946931 ], [ 110.410074, -6.947038 ], [ 110.410042, -6.947112 ], [ 110.409977, -6.947246 ], [ 110.40998, -6.947331 ], [ 110.409974, -6.947472 ], [ 110.409926, -6.947608 ], [ 110.409709, -6.947738 ], [ 110.40965, -6.947847 ], [ 110.409553, -6.947908 ], [ 110.409387, -6.947962 ], [ 110.409274, -6.947986 ], [ 110.40907, -6.948031 ], [ 110.408899, -6.948113 ], [ 110.408827, -6.948196 ], [ 110.408709, -6.948287 ], [ 110.408513, -6.948377 ], [ 110.408228, -6.948497 ], [ 110.407987, -6.948603 ], [ 110.407831, -6.948691 ], [ 110.407668, -6.948819 ], [ 110.407582, -6.948894 ], [ 110.407156, -6.948934 ], [ 110.406702, -6.94895 ], [ 110.406246, -6.948997 ], [ 110.405739, -6.949157 ], [ 110.40553, -6.949103 ], [ 110.405321, -6.949107 ], [ 110.404739, -6.949112 ], [ 110.40444, -6.949166 ], [ 110.403984, -6.949101 ], [ 110.403888, -6.949203 ], [ 110.403481, -6.949176 ], [ 110.403116, -6.949075 ], [ 110.402521, -6.948894 ], [ 110.402306, -6.9488 ], [ 110.402215, -6.948697 ], [ 110.402132, -6.948582 ], [ 110.402016, -6.948396 ], [ 110.402003, -6.948324 ], [ 110.401963, -6.948185 ], [ 110.401928, -6.948034 ], [ 110.401877, -6.947922 ], [ 110.401807, -6.947794 ], [ 110.401751, -6.947719 ], [ 110.401702, -6.947581 ], [ 110.401673, -6.947419 ], [ 110.401692, -6.947128 ], [ 110.401743, -6.946923 ], [ 110.40177, -6.946774 ], [ 110.40177, -6.946676 ], [ 110.401753, -6.946572 ], [ 110.401748, -6.946471 ], [ 110.401753, -6.946402 ], [ 110.40178, -6.946298 ], [ 110.401842, -6.946183 ], [ 110.401882, -6.946066 ], [ 110.401898, -6.945986 ], [ 110.401888, -6.945853 ], [ 110.401813, -6.945076 ], [ 110.401782, -6.944856 ], [ 110.401716, -6.944886 ], [ 110.401619, -6.944927 ], [ 110.401504, -6.944937 ], [ 110.401362, -6.944938 ], [ 110.401275, -6.944916 ], [ 110.401177, -6.944897 ], [ 110.400965, -6.944897 ], [ 110.400457, -6.944942 ], [ 110.400017, -6.944998 ], [ 110.399563, -6.945094 ], [ 110.399368, -6.945112 ], [ 110.399183, -6.945133 ], [ 110.399075, -6.94517 ], [ 110.398991, -6.945203 ], [ 110.398816, -6.945231 ], [ 110.398437, -6.945297 ], [ 110.398165, -6.945327 ], [ 110.398009, -6.945353 ], [ 110.397891, -6.945351 ], [ 110.397709, -6.945321 ], [ 110.397541, -6.945321 ], [ 110.397381, -6.945345 ], [ 110.397131, -6.94541 ], [ 110.397022, -6.945438 ], [ 110.396868, -6.94544 ], [ 110.396711, -6.945404 ], [ 110.396578, -6.94538 ], [ 110.396475, -6.945359 ], [ 110.396303, -6.94535 ], [ 110.396187, -6.945343 ], [ 110.396091, -6.945345 ], [ 110.395948, -6.945319 ], [ 110.395894, -6.945314 ], [ 110.39583, -6.945326 ], [ 110.395649, -6.945408 ], [ 110.395531, -6.945444 ], [ 110.395411, -6.945434 ], [ 110.395348, -6.945402 ], [ 110.395269, -6.94533 ], [ 110.395216, -6.945226 ], [ 110.395165, -6.945104 ], [ 110.395116, -6.94506 ], [ 110.395045, -6.945041 ], [ 110.395002, -6.945042 ], [ 110.394945, -6.945049 ], [ 110.394862, -6.94507 ], [ 110.39362, -6.945542 ], [ 110.392919, -6.945893 ], [ 110.392537, -6.946061 ], [ 110.390636, -6.947179 ], [ 110.389288, -6.948241 ], [ 110.38919, -6.94833 ], [ 110.389098, -6.948389 ], [ 110.389008, -6.948461 ], [ 110.388975, -6.948489 ], [ 110.388958, -6.948501 ], [ 110.38893, -6.948526 ], [ 110.388882, -6.948569 ], [ 110.38892, -6.948641 ], [ 110.388976, -6.948674 ], [ 110.38975, -6.949853 ], [ 110.389647, -6.949925 ], [ 110.389611, -6.949882 ], [ 110.389591, -6.949893 ], [ 110.389671, -6.950001 ], [ 110.389687, -6.949993 ], [ 110.389651, -6.949943 ], [ 110.389762, -6.949866 ], [ 110.389976, -6.950149 ], [ 110.389864, -6.950225 ], [ 110.389834, -6.950189 ], [ 110.389814, -6.950205 ], [ 110.389888, -6.950299 ], [ 110.389906, -6.950287 ], [ 110.389876, -6.950247 ], [ 110.38999, -6.950167 ], [ 110.390202, -6.950465 ], [ 110.390502, -6.950877 ], [ 110.390467, -6.950966 ], [ 110.39018, -6.951173 ], [ 110.389679, -6.951262 ], [ 110.389668, -6.951197 ], [ 110.389501, -6.951227 ], [ 110.389516, -6.951314 ], [ 110.389411, -6.951356 ], [ 110.389319, -6.951394 ], [ 110.389285, -6.951428 ], [ 110.389278, -6.951468 ], [ 110.38928, -6.951517 ], [ 110.3892, -6.951571 ], [ 110.389193, -6.951613 ], [ 110.389181, -6.951638 ], [ 110.389141, -6.951657 ], [ 110.389065, -6.951662 ], [ 110.388967, -6.951661 ], [ 110.388904, -6.951647 ], [ 110.388857, -6.951646 ], [ 110.388857, -6.951558 ], [ 110.388823, -6.951449 ], [ 110.388794, -6.95136 ], [ 110.387471, -6.951548 ], [ 110.386874, -6.951576 ], [ 110.386862, -6.951508 ], [ 110.386756, -6.951446 ], [ 110.386736, -6.951407 ], [ 110.386658, -6.951406 ], [ 110.386382, -6.950001 ], [ 110.386486, -6.949903 ], [ 110.386709, -6.949716 ], [ 110.386905, -6.949506 ], [ 110.387114, -6.949266 ], [ 110.387184, -6.94916 ], [ 110.387176, -6.949131 ], [ 110.387149, -6.949112 ], [ 110.387127, -6.949115 ], [ 110.387066, -6.949165 ], [ 110.386897, -6.94937 ], [ 110.38672, -6.949607 ], [ 110.386564, -6.949727 ], [ 110.386454, -6.949783 ], [ 110.386371, -6.949807 ], [ 110.386315, -6.949828 ], [ 110.386253, -6.949897 ], [ 110.38617, -6.949951 ], [ 110.386092, -6.949975 ], [ 110.38599, -6.949972 ], [ 110.385888, -6.949985 ], [ 110.385738, -6.949964 ], [ 110.385671, -6.949924 ], [ 110.385623, -6.949807 ], [ 110.385529, -6.949597 ], [ 110.38543, -6.949147 ], [ 110.38536, -6.948779 ], [ 110.385304, -6.948505 ], [ 110.385226, -6.948183 ], [ 110.385183, -6.947999 ], [ 110.385153, -6.947874 ], [ 110.385145, -6.947818 ], [ 110.385159, -6.947765 ], [ 110.385234, -6.947717 ], [ 110.385287, -6.947719 ], [ 110.385384, -6.947767 ], [ 110.38548, -6.947791 ], [ 110.385577, -6.947767 ], [ 110.385666, -6.94773 ], [ 110.385816, -6.947645 ], [ 110.38592, -6.947578 ], [ 110.386004, -6.947549 ], [ 110.38613, -6.947525 ], [ 110.386261, -6.94752 ], [ 110.386376, -6.947525 ], [ 110.386508, -6.947557 ], [ 110.386561, -6.947578 ], [ 110.386607, -6.947594 ], [ 110.386635, -6.947596 ], [ 110.386653, -6.947577 ], [ 110.386645, -6.947546 ], [ 110.386614, -6.947508 ], [ 110.386563, -6.947436 ], [ 110.386494, -6.947352 ], [ 110.386415, -6.94729 ], [ 110.386368, -6.947236 ], [ 110.386327, -6.947142 ], [ 110.386304, -6.947052 ], [ 110.386296, -6.946921 ], [ 110.386316, -6.946806 ], [ 110.386324, -6.946741 ], [ 110.386305, -6.946688 ], [ 110.386241, -6.946625 ], [ 110.386139, -6.946584 ], [ 110.385993, -6.946561 ], [ 110.385879, -6.946571 ], [ 110.385703, -6.946624 ], [ 110.385505, -6.946685 ], [ 110.385475, -6.946677 ], [ 110.385458, -6.946656 ], [ 110.385448, -6.946617 ], [ 110.385463, -6.946585 ], [ 110.385514, -6.946545 ], [ 110.385608, -6.946493 ], [ 110.385707, -6.946452 ], [ 110.385798, -6.94644 ], [ 110.385825, -6.946421 ], [ 110.385832, -6.946408 ], [ 110.385823, -6.946387 ], [ 110.385788, -6.946383 ], [ 110.385738, -6.946395 ], [ 110.385617, -6.946424 ], [ 110.385469, -6.946468 ], [ 110.3854, -6.946497 ], [ 110.385313, -6.946544 ], [ 110.385253, -6.946612 ], [ 110.385232, -6.946668 ], [ 110.385193, -6.946725 ], [ 110.385151, -6.946789 ], [ 110.385038, -6.946871 ], [ 110.384951, -6.946922 ], [ 110.384872, -6.946937 ], [ 110.384794, -6.946937 ], [ 110.384713, -6.946927 ], [ 110.384657, -6.946903 ], [ 110.384622, -6.946893 ], [ 110.384595, -6.946897 ], [ 110.384559, -6.946942 ], [ 110.384522, -6.947006 ], [ 110.384472, -6.947042 ], [ 110.38442, -6.947079 ], [ 110.384236, -6.947142 ], [ 110.384141, -6.947156 ], [ 110.384082, -6.947159 ], [ 110.384025, -6.947146 ], [ 110.383985, -6.947136 ], [ 110.383941, -6.9471 ], [ 110.383902, -6.947031 ], [ 110.383894, -6.946982 ], [ 110.38387, -6.94697 ], [ 110.383847, -6.946974 ], [ 110.383836, -6.946985 ], [ 110.383831, -6.947003 ], [ 110.383838, -6.947037 ], [ 110.383846, -6.947134 ], [ 110.383836, -6.947162 ], [ 110.38378, -6.947236 ], [ 110.383674, -6.947309 ], [ 110.383537, -6.947361 ], [ 110.38325, -6.947423 ], [ 110.383009, -6.947464 ], [ 110.382851, -6.947488 ], [ 110.382775, -6.947488 ], [ 110.382725, -6.947477 ], [ 110.382692, -6.94746 ], [ 110.382635, -6.947399 ], [ 110.382601, -6.947373 ], [ 110.38256, -6.947355 ], [ 110.382487, -6.947357 ], [ 110.382438, -6.947385 ], [ 110.382358, -6.947446 ], [ 110.382322, -6.947478 ], [ 110.382279, -6.947512 ], [ 110.382282, -6.947538 ], [ 110.382291, -6.947548 ], [ 110.382306, -6.94755 ], [ 110.382324, -6.947541 ], [ 110.382372, -6.947497 ], [ 110.382428, -6.94746 ], [ 110.38248, -6.947436 ], [ 110.382494, -6.947435 ], [ 110.382507, -6.947444 ], [ 110.382525, -6.947472 ], [ 110.382536, -6.947528 ], [ 110.382336, -6.947718 ], [ 110.382157, -6.947906 ], [ 110.381949, -6.948075 ], [ 110.381831, -6.94816 ], [ 110.381634, -6.948071 ], [ 110.381318, -6.947847 ], [ 110.381162, -6.94773 ], [ 110.380886, -6.947459 ], [ 110.38084, -6.947395 ], [ 110.380754, -6.947363 ], [ 110.380712, -6.947331 ], [ 110.380661, -6.947269 ], [ 110.380618, -6.94716 ], [ 110.380476, -6.94674 ], [ 110.380454, -6.946686 ], [ 110.380403, -6.946638 ], [ 110.380253, -6.946561 ], [ 110.380069, -6.946487 ], [ 110.379773, -6.946396 ], [ 110.379515, -6.946388 ], [ 110.379236, -6.946415 ], [ 110.378061, -6.946602 ], [ 110.374111, -6.946877 ], [ 110.373338, -6.946921 ], [ 110.373319, -6.946865 ], [ 110.373183, -6.946878 ], [ 110.373183, -6.946926 ], [ 110.372442, -6.94699 ], [ 110.371542, -6.947096 ], [ 110.369387, -6.947243 ], [ 110.368795, -6.947304 ], [ 110.368642, -6.947336 ], [ 110.368559, -6.947384 ], [ 110.366573, -6.949009 ], [ 110.363495, -6.951484 ], [ 110.362116, -6.952572 ], [ 110.362026, -6.952624 ], [ 110.361936, -6.95269 ], [ 110.361738, -6.952765 ], [ 110.361566, -6.95283 ], [ 110.361451, -6.952935 ], [ 110.361298, -6.953136 ], [ 110.361213, -6.953288 ], [ 110.361182, -6.95336 ], [ 110.361166, -6.953391 ], [ 110.361164, -6.953614 ], [ 110.361052, -6.953703 ], [ 110.36099, -6.95368 ], [ 110.360951, -6.953681 ], [ 110.360873, -6.953684 ], [ 110.360785, -6.953707 ], [ 110.360728, -6.953731 ], [ 110.36058, -6.953747 ], [ 110.360431, -6.95377 ], [ 110.36037, -6.953779 ], [ 110.360222, -6.953805 ], [ 110.360142, -6.953817 ], [ 110.359961, -6.95385 ], [ 110.359923, -6.953849 ], [ 110.359937, -6.953882 ], [ 110.359955, -6.953927 ], [ 110.35999, -6.954043 ], [ 110.360004, -6.954096 ], [ 110.360005, -6.954212 ], [ 110.359988, -6.954326 ], [ 110.359914, -6.954497 ], [ 110.359845, -6.954631 ], [ 110.359808, -6.95467 ], [ 110.359754, -6.954684 ], [ 110.359671, -6.954669 ], [ 110.359498, -6.954647 ], [ 110.359461, -6.954623 ], [ 110.359452, -6.954601 ], [ 110.359454, -6.954573 ], [ 110.359426, -6.954359 ], [ 110.359421, -6.954345 ], [ 110.359421, -6.954314 ], [ 110.35942, -6.954188 ], [ 110.359353, -6.954187 ], [ 110.35944, -6.954003 ], [ 110.359498, -6.953901 ], [ 110.35951, -6.95388 ], [ 110.359586, -6.953765 ], [ 110.359606, -6.95373 ], [ 110.359587, -6.953721 ], [ 110.359572, -6.953755 ], [ 110.359548, -6.953791 ], [ 110.359501, -6.953856 ], [ 110.359481, -6.953875 ], [ 110.359464, -6.953878 ], [ 110.359447, -6.953875 ], [ 110.3594, -6.953863 ], [ 110.35934, -6.953862 ], [ 110.359268, -6.953864 ], [ 110.358986, -6.953869 ], [ 110.358719, -6.953897 ], [ 110.35823, -6.953901 ], [ 110.357325, -6.953915 ], [ 110.356883, -6.953939 ], [ 110.356674, -6.953941 ], [ 110.356541, -6.954003 ], [ 110.356395, -6.954045 ], [ 110.355803, -6.954003 ], [ 110.355497, -6.954007 ], [ 110.355137, -6.954014 ], [ 110.354759, -6.953988 ], [ 110.354542, -6.953976 ], [ 110.354489, -6.954006 ], [ 110.354445, -6.954111 ], [ 110.354301, -6.954157 ], [ 110.354037, -6.954154 ], [ 110.353923, -6.954153 ], [ 110.353697, -6.95415 ], [ 110.353451, -6.954185 ], [ 110.353281, -6.954248 ], [ 110.353117, -6.954297 ], [ 110.352985, -6.95436 ], [ 110.352871, -6.954458 ], [ 110.352527, -6.95446 ], [ 110.352227, -6.954434 ], [ 110.351949, -6.954466 ], [ 110.351683, -6.954438 ], [ 110.350862, -6.954379 ], [ 110.350418, -6.95434 ], [ 110.350078, -6.954414 ], [ 110.349878, -6.954413 ], [ 110.349802, -6.954522 ], [ 110.349652, -6.954583 ], [ 110.349484, -6.954589 ], [ 110.348971, -6.954591 ], [ 110.348758, -6.95456 ], [ 110.348674, -6.954578 ], [ 110.348543, -6.95468 ], [ 110.348426, -6.954731 ], [ 110.34823, -6.954799 ], [ 110.348143, -6.954839 ], [ 110.348089, -6.954943 ], [ 110.348088, -6.955022 ], [ 110.348131, -6.955089 ], [ 110.34823, -6.955041 ], [ 110.348239, -6.954959 ], [ 110.3484, -6.954919 ], [ 110.348495, -6.954893 ], [ 110.348567, -6.954854 ], [ 110.348593, -6.954774 ], [ 110.348651, -6.9547 ], [ 110.348782, -6.954672 ], [ 110.349153, -6.954687 ], [ 110.349524, -6.954652 ], [ 110.349667, -6.95473 ], [ 110.349757, -6.954699 ], [ 110.349852, -6.95463 ], [ 110.34993, -6.954589 ], [ 110.350033, -6.954604 ], [ 110.350125, -6.954566 ], [ 110.350198, -6.95448 ], [ 110.350269, -6.954473 ], [ 110.350317, -6.95448 ], [ 110.350479, -6.954506 ], [ 110.350631, -6.954517 ], [ 110.350767, -6.954504 ], [ 110.351013, -6.954533 ], [ 110.351151, -6.954552 ], [ 110.351466, -6.954552 ], [ 110.351987, -6.954577 ], [ 110.352337, -6.954581 ], [ 110.352709, -6.954617 ], [ 110.352914, -6.954591 ], [ 110.353094, -6.954554 ], [ 110.353203, -6.954471 ], [ 110.3533, -6.954395 ], [ 110.353547, -6.95432 ], [ 110.353715, -6.954987 ], [ 110.353836, -6.955331 ], [ 110.354173, -6.955438 ], [ 110.353529, -6.95676 ], [ 110.352341, -6.956332 ], [ 110.351747, -6.957395 ], [ 110.351236, -6.957219 ], [ 110.350761, -6.957817 ], [ 110.349969, -6.957342 ], [ 110.34972, -6.957624 ], [ 110.34914, -6.957837 ], [ 110.348818, -6.958363 ], [ 110.346908, -6.957537 ], [ 110.346594, -6.958405 ], [ 110.346615, -6.959118 ], [ 110.346061, -6.960105 ], [ 110.345358, -6.960037 ], [ 110.344771, -6.960217 ], [ 110.338799, -6.958495 ], [ 110.338211, -6.958404 ], [ 110.337556, -6.958743 ], [ 110.336144, -6.958989 ], [ 110.335267, -6.959127 ], [ 110.333696, -6.958653 ], [ 110.332471, -6.958189 ], [ 110.332398, -6.957862 ], [ 110.331384, -6.957151 ] ] } },
{ "type": "Feature", "properties": { "wilayah": "SEM" }, "geometry": { "type": "LineString", "coordinates": [ [ 110.444954, -6.939058 ], [ 110.444862, -6.938426 ], [ 110.444413, -6.938484 ] ] } },
{ "type": "Feature", "properties": { "wilayah": "SEM" }, "geometry": { "type": "LineString", "coordinates": [ [ 110.444413, -6.938484 ], [ 110.444422, -6.938306 ], [ 110.444408, -6.938297 ], [ 110.444393, -6.938305 ], [ 110.444357, -6.938458 ], [ 110.444217, -6.93841 ], [ 110.444156, -6.938375 ], [ 110.444095, -6.938327 ], [ 110.444157, -6.93815 ], [ 110.444216, -6.937985 ], [ 110.444187, -6.937867 ], [ 110.444008, -6.938056 ], [ 110.443871, -6.93829 ], [ 110.443675, -6.938257 ], [ 110.443513, -6.938369 ], [ 110.443376, -6.938475 ], [ 110.443332, -6.93839 ], [ 110.443141, -6.938534 ], [ 110.443198, -6.938958 ], [ 110.443194, -6.939137 ], [ 110.443229, -6.939372 ], [ 110.443371, -6.939514 ], [ 110.443403, -6.93958 ], [ 110.443403, -6.939665 ], [ 110.443354, -6.939782 ], [ 110.443349, -6.939832 ], [ 110.443371, -6.93987 ], [ 110.443395, -6.93991 ], [ 110.443414, -6.939966 ], [ 110.443461, -6.940171 ], [ 110.44262, -6.942629 ], [ 110.442528, -6.942904 ], [ 110.442491, -6.94297 ], [ 110.44175, -6.945229 ], [ 110.441719, -6.945327 ], [ 110.441137, -6.94533 ], [ 110.439359, -6.94536 ], [ 110.438538, -6.942338 ], [ 110.438473, -6.942132 ], [ 110.438293, -6.942185 ], [ 110.43823, -6.942059 ], [ 110.438317, -6.942019 ], [ 110.438269, -6.941913 ], [ 110.438361, -6.941858 ], [ 110.438319, -6.941787 ], [ 110.437328, -6.942303 ], [ 110.438081, -6.944875 ], [ 110.438794, -6.947415 ], [ 110.43884, -6.947587 ], [ 110.438862, -6.947636 ], [ 110.438883, -6.947679 ], [ 110.438909, -6.947736 ], [ 110.438928, -6.947823 ], [ 110.438949, -6.947881 ], [ 110.438959, -6.947911 ], [ 110.438967, -6.94794 ], [ 110.438975, -6.947963 ], [ 110.438988, -6.948002 ], [ 110.439016, -6.948088 ], [ 110.439061, -6.948211 ], [ 110.438755, -6.948319 ], [ 110.436665, -6.942706 ], [ 110.436345, -6.942813 ], [ 110.436365, -6.942869 ], [ 110.436625, -6.942782 ], [ 110.436719, -6.943042 ], [ 110.436383, -6.943153 ], [ 110.433831, -6.943875 ], [ 110.433764, -6.943906 ], [ 110.433708, -6.943959 ], [ 110.433677, -6.944013 ], [ 110.433661, -6.944076 ], [ 110.433981, -6.946895 ], [ 110.434015, -6.947058 ], [ 110.434057, -6.947178 ], [ 110.43411, -6.947283 ], [ 110.434166, -6.947364 ], [ 110.434235, -6.94743 ], [ 110.435171, -6.94806 ], [ 110.435227, -6.948031 ], [ 110.435276, -6.948066 ], [ 110.435298, -6.948043 ], [ 110.43539, -6.948122 ], [ 110.435342, -6.948185 ], [ 110.436437, -6.949077 ], [ 110.436587, -6.949213 ], [ 110.436673, -6.949312 ], [ 110.436762, -6.94945 ], [ 110.436857, -6.949624 ], [ 110.436921, -6.949778 ], [ 110.436951, -6.949909 ], [ 110.436961, -6.950045 ], [ 110.436942, -6.950179 ], [ 110.436909, -6.950279 ], [ 110.436561, -6.950919 ], [ 110.436534, -6.951003 ], [ 110.436463, -6.95135 ], [ 110.436486, -6.951391 ], [ 110.436398, -6.951445 ], [ 110.436378, -6.951413 ], [ 110.436338, -6.951426 ], [ 110.43459, -6.949195 ], [ 110.434601, -6.949165 ], [ 110.434026, -6.948452 ], [ 110.433994, -6.948365 ], [ 110.433977, -6.94832 ], [ 110.433996, -6.94812 ], [ 110.434008, -6.948021 ], [ 110.433999, -6.947876 ], [ 110.433953, -6.947881 ], [ 110.433952, -6.948045 ], [ 110.433926, -6.948287 ], [ 110.433859, -6.948597 ], [ 110.433779, -6.948799 ], [ 110.433732, -6.948719 ], [ 110.433544, -6.948811 ], [ 110.433591, -6.948942 ], [ 110.433465, -6.949147 ], [ 110.433429, -6.949181 ], [ 110.433378, -6.949193 ], [ 110.433333, -6.94918 ], [ 110.433304, -6.949157 ], [ 110.433161, -6.949012 ], [ 110.433111, -6.948938 ], [ 110.433257, -6.948757 ], [ 110.433326, -6.948639 ], [ 110.433379, -6.948456 ], [ 110.433428, -6.948185 ], [ 110.433432, -6.948022 ], [ 110.433417, -6.947842 ], [ 110.433385, -6.94763 ], [ 110.43333, -6.947371 ], [ 110.433215, -6.946934 ], [ 110.433, -6.946165 ], [ 110.432557, -6.94505 ], [ 110.432296, -6.944104 ], [ 110.432192, -6.944146 ], [ 110.432146, -6.943904 ], [ 110.432065, -6.943736 ], [ 110.431939, -6.943451 ], [ 110.431864, -6.943358 ], [ 110.431794, -6.943313 ], [ 110.431727, -6.943294 ], [ 110.431569, -6.943284 ], [ 110.431285, -6.943353 ], [ 110.430831, -6.943515 ], [ 110.430582, -6.943574 ], [ 110.430442, -6.943643 ], [ 110.43037, -6.943707 ], [ 110.430287, -6.943811 ], [ 110.428337, -6.944452 ], [ 110.427492, -6.94198 ], [ 110.42755, -6.941957 ], [ 110.427525, -6.941892 ], [ 110.426678, -6.942169 ], [ 110.426545, -6.942211 ], [ 110.426144, -6.941027 ], [ 110.426115, -6.940856 ], [ 110.426148, -6.938265 ], [ 110.426202, -6.935951 ], [ 110.425467, -6.935938 ], [ 110.425051, -6.935932 ], [ 110.424491, -6.935906 ], [ 110.424212, -6.935898 ], [ 110.42393, -6.935895 ], [ 110.423616, -6.935887 ] ] } },
{ "type": "Feature", "properties": { "wilayah": "SEM" }, "geometry": { "type": "LineString", "coordinates": [ [ 110.565064, -6.787713 ], [ 110.565096, -6.787878 ], [ 110.565075, -6.788075 ], [ 110.56497, -6.788115 ] ] } },
{ "type": "Feature", "properties": { "wilayah": "SEM" }, "geometry": { "type": "LineString", "coordinates": [ [ 110.331384, -6.957151 ], [ 110.33097, -6.956969 ], [ 110.330545, -6.958032 ], [ 110.330325, -6.958879 ], [ 110.329362, -6.958691 ], [ 110.329316, -6.958228 ], [ 110.328803, -6.957408 ], [ 110.327972, -6.957096 ], [ 110.327264, -6.956785 ], [ 110.326664, -6.957244 ], [ 110.326535, -6.957197 ], [ 110.326651, -6.956556 ], [ 110.326863, -6.956113 ], [ 110.32656, -6.95593 ], [ 110.325915, -6.95653 ], [ 110.325471, -6.95656 ], [ 110.32464, -6.955955 ], [ 110.325024, -6.95539 ], [ 110.324798, -6.955275 ], [ 110.324377, -6.955707 ], [ 110.324045, -6.955558 ], [ 110.323785, -6.955834 ], [ 110.324089, -6.956114 ], [ 110.323981, -6.956469 ], [ 110.32344, -6.956447 ], [ 110.32345, -6.956753 ], [ 110.322869, -6.956645 ], [ 110.322916, -6.95631 ], [ 110.322922, -6.95568 ], [ 110.322737, -6.954938 ], [ 110.322506, -6.954634 ], [ 110.322288, -6.954465 ], [ 110.321824, -6.954742 ], [ 110.321662, -6.95515 ], [ 110.32125, -6.954931 ], [ 110.321752, -6.954038 ], [ 110.321826, -6.953781 ], [ 110.321866, -6.953457 ], [ 110.322308, -6.952924 ], [ 110.32251, -6.952888 ], [ 110.32293, -6.952373 ], [ 110.322559, -6.951715 ], [ 110.323599, -6.950931 ], [ 110.324123, -6.950037 ], [ 110.32447, -6.950235 ], [ 110.324948, -6.950321 ], [ 110.32515, -6.95013 ], [ 110.325129, -6.950031 ], [ 110.325548, -6.949823 ], [ 110.325583, -6.949925 ], [ 110.32571, -6.949982 ], [ 110.325844, -6.949921 ], [ 110.327578, -6.947906 ], [ 110.327753, -6.947415 ], [ 110.327842, -6.947003 ], [ 110.327968, -6.94693 ], [ 110.328061, -6.946846 ], [ 110.328346, -6.946972 ], [ 110.328524, -6.947052 ], [ 110.328608, -6.947171 ], [ 110.328765, -6.947201 ], [ 110.328982, -6.947135 ], [ 110.32915, -6.947178 ], [ 110.329345, -6.947327 ], [ 110.329535, -6.947568 ], [ 110.329596, -6.947774 ], [ 110.329499, -6.947865 ], [ 110.329375, -6.94788 ], [ 110.329406, -6.94794 ], [ 110.32954, -6.947971 ], [ 110.329705, -6.947918 ], [ 110.329791, -6.94781 ], [ 110.329778, -6.947744 ], [ 110.32974, -6.947679 ], [ 110.329758, -6.947621 ], [ 110.329806, -6.947613 ], [ 110.32995, -6.947732 ], [ 110.330064, -6.947847 ], [ 110.330211, -6.94794 ], [ 110.330318, -6.948061 ], [ 110.330363, -6.948091 ], [ 110.330423, -6.948069 ], [ 110.330434, -6.948021 ], [ 110.330391, -6.947945 ], [ 110.330168, -6.947744 ], [ 110.329801, -6.947513 ], [ 110.329504, -6.947271 ], [ 110.329244, -6.94712 ], [ 110.328744, -6.946879 ], [ 110.328473, -6.946766 ], [ 110.328065, -6.946554 ], [ 110.327722, -6.946371 ], [ 110.327541, -6.946026 ], [ 110.327441, -6.94598 ], [ 110.327347, -6.945875 ], [ 110.327034, -6.945691 ], [ 110.326875, -6.945609 ], [ 110.326837, -6.945673 ], [ 110.326835, -6.94575 ], [ 110.326682, -6.945785 ], [ 110.326574, -6.945783 ], [ 110.326394, -6.945743 ], [ 110.326239, -6.945686 ], [ 110.326288, -6.945447 ], [ 110.32633, -6.945245 ], [ 110.326376, -6.945164 ], [ 110.326387, -6.94508 ], [ 110.326303, -6.945026 ], [ 110.325802, -6.944999 ], [ 110.325687, -6.945031 ], [ 110.325763, -6.944907 ], [ 110.325647, -6.944725 ], [ 110.325161, -6.944286 ], [ 110.325015, -6.944239 ], [ 110.324387, -6.944374 ], [ 110.323999, -6.944501 ], [ 110.32264, -6.944811 ], [ 110.322075, -6.94552 ], [ 110.321207, -6.945901 ], [ 110.320611, -6.946054 ], [ 110.320279, -6.946201 ], [ 110.320153, -6.946224 ], [ 110.319931, -6.946216 ], [ 110.319724, -6.946242 ], [ 110.319556, -6.946363 ], [ 110.319242, -6.946789 ], [ 110.318135, -6.947361 ], [ 110.317854, -6.947599 ], [ 110.316685, -6.94747 ], [ 110.315574, -6.946938 ], [ 110.31488, -6.946636 ], [ 110.315404, -6.945805 ], [ 110.314939, -6.94532 ], [ 110.314862, -6.944925 ], [ 110.314412, -6.944506 ], [ 110.315401, -6.943294 ], [ 110.315835, -6.943006 ], [ 110.316722, -6.942046 ], [ 110.317203, -6.940737 ], [ 110.31814, -6.94075 ], [ 110.318405, -6.940243 ], [ 110.317517, -6.94017 ], [ 110.316418, -6.939677 ], [ 110.315876, -6.939365 ], [ 110.315238, -6.938773 ], [ 110.314461, -6.938121 ], [ 110.31441, -6.938077 ], [ 110.314382, -6.938007 ], [ 110.314386, -6.937941 ], [ 110.314423, -6.937787 ], [ 110.314508, -6.93767 ], [ 110.314508, -6.93765 ], [ 110.314508, -6.937608 ], [ 110.314456, -6.937539 ], [ 110.313895, -6.937258 ], [ 110.313109, -6.937027 ], [ 110.312007, -6.936654 ], [ 110.311713, -6.936575 ], [ 110.311405, -6.936501 ], [ 110.311042, -6.936398 ], [ 110.310844, -6.936353 ], [ 110.310548, -6.93631 ], [ 110.310262, -6.936267 ], [ 110.31011, -6.936198 ], [ 110.309987, -6.936152 ] ] } },
{ "type": "Feature", "properties": { "wilayah": "SEM" }, "geometry": { "type": "LineString", "coordinates": [ [ 110.593639, -6.724783 ], [ 110.59347, -6.725031 ], [ 110.592397, -6.726203 ], [ 110.592118, -6.726517 ], [ 110.591898, -6.726576 ], [ 110.591788, -6.726605 ], [ 110.591662, -6.726602 ], [ 110.590889, -6.726512 ], [ 110.590385, -6.726378 ], [ 110.590117, -6.726325 ], [ 110.589908, -6.726341 ], [ 110.589693, -6.72641 ], [ 110.589462, -6.726538 ], [ 110.589168, -6.726693 ], [ 110.588964, -6.726789 ], [ 110.58869, -6.726858 ], [ 110.588347, -6.726911 ], [ 110.58781, -6.726943 ], [ 110.587526, -6.727018 ], [ 110.587279, -6.727124 ], [ 110.587054, -6.727321 ], [ 110.586861, -6.727556 ], [ 110.586694, -6.727822 ], [ 110.586437, -6.728339 ], [ 110.586088, -6.729037 ], [ 110.585949, -6.729346 ], [ 110.585745, -6.729644 ], [ 110.585627, -6.729916 ], [ 110.585627, -6.730113 ], [ 110.585664, -6.730251 ], [ 110.58574, -6.730449 ], [ 110.586163, -6.731125 ], [ 110.586528, -6.731882 ], [ 110.586625, -6.732244 ], [ 110.586619, -6.732489 ], [ 110.586582, -6.732691 ], [ 110.586437, -6.733043 ], [ 110.586281, -6.733267 ], [ 110.58597, -6.733581 ], [ 110.585799, -6.733757 ], [ 110.5856, -6.733906 ], [ 110.585235, -6.734023 ], [ 110.585015, -6.734061 ], [ 110.584806, -6.734023 ], [ 110.584329, -6.733773 ], [ 110.583642, -6.733336 ], [ 110.583524, -6.733267 ], [ 110.583331, -6.733245 ], [ 110.583143, -6.733315 ], [ 110.582859, -6.733501 ], [ 110.582612, -6.733597 ], [ 110.58221, -6.73373 ], [ 110.581384, -6.733901 ], [ 110.580815, -6.733911 ], [ 110.580386, -6.733986 ], [ 110.580096, -6.734114 ], [ 110.579635, -6.734497 ], [ 110.578766, -6.735339 ], [ 110.578009, -6.735877 ], [ 110.577296, -6.736293 ], [ 110.576899, -6.736442 ], [ 110.576132, -6.736714 ], [ 110.575692, -6.73689 ], [ 110.575386, -6.737023 ], [ 110.57493, -6.737166 ], [ 110.574544, -6.737198 ], [ 110.574195, -6.737124 ], [ 110.574024, -6.737023 ], [ 110.57352, -6.736543 ], [ 110.572919, -6.735941 ], [ 110.572742, -6.735757 ], [ 110.57265, -6.735675 ], [ 110.572602, -6.735598 ], [ 110.572613, -6.735502 ], [ 110.572717, -6.735298 ], [ 110.572884, -6.735142 ], [ 110.573155, -6.734964 ], [ 110.573286, -6.734828 ], [ 110.573372, -6.734705 ], [ 110.57345, -6.734561 ], [ 110.573149, -6.734093 ], [ 110.573423, -6.733618 ], [ 110.573696, -6.733059 ], [ 110.573739, -6.732915 ], [ 110.573723, -6.732761 ], [ 110.573632, -6.73251 ], [ 110.573509, -6.732191 ], [ 110.573428, -6.731727 ], [ 110.573428, -6.731429 ], [ 110.573418, -6.731168 ], [ 110.573326, -6.730971 ], [ 110.573208, -6.730854 ], [ 110.573042, -6.73079 ], [ 110.572629, -6.73079 ], [ 110.572345, -6.730854 ], [ 110.571969, -6.731035 ], [ 110.571186, -6.731807 ], [ 110.570092, -6.730454 ], [ 110.569931, -6.730289 ], [ 110.56977, -6.730204 ], [ 110.569384, -6.73006 ], [ 110.569099, -6.7299 ], [ 110.568901, -6.729698 ], [ 110.568659, -6.729319 ], [ 110.568434, -6.728893 ], [ 110.568262, -6.728488 ], [ 110.568112, -6.728232 ], [ 110.567973, -6.728078 ], [ 110.567758, -6.727907 ], [ 110.566712, -6.727002 ], [ 110.56602, -6.72648 ], [ 110.565902, -6.726341 ], [ 110.565564, -6.725984 ], [ 110.565317, -6.725542 ], [ 110.565081, -6.725047 ], [ 110.564749, -6.724642 ], [ 110.564437, -6.724434 ], [ 110.564277, -6.724354 ], [ 110.564105, -6.72429 ], [ 110.563842, -6.724221 ], [ 110.563531, -6.724205 ], [ 110.5633, -6.724232 ], [ 110.563059, -6.724274 ], [ 110.56285, -6.724359 ], [ 110.562614, -6.724493 ], [ 110.562345, -6.724668 ], [ 110.562131, -6.724892 ], [ 110.561755, -6.725403 ], [ 110.56146, -6.72575 ], [ 110.561267, -6.725958 ], [ 110.561037, -6.726112 ], [ 110.560339, -6.726512 ], [ 110.559712, -6.726996 ], [ 110.559177, -6.727382 ], [ 110.55881, -6.727481 ], [ 110.558617, -6.72754 ], [ 110.558478, -6.727534 ], [ 110.558104, -6.727279 ], [ 110.557453, -6.727172 ], [ 110.557276, -6.727002 ], [ 110.556894, -6.726825 ], [ 110.557056, -6.726725 ], [ 110.556984, -6.726552 ], [ 110.556937, -6.726413 ], [ 110.556848, -6.726296 ], [ 110.556662, -6.726544 ], [ 110.556481, -6.726641 ], [ 110.556258, -6.726461 ], [ 110.555963, -6.726442 ], [ 110.555884, -6.72665 ], [ 110.556085, -6.726765 ], [ 110.55587, -6.727247 ], [ 110.555138, -6.72759 ], [ 110.554335, -6.727973 ], [ 110.554251, -6.72815 ], [ 110.554056, -6.728263 ], [ 110.553789, -6.728408 ], [ 110.552947, -6.729159 ], [ 110.552435, -6.729463 ], [ 110.55144, -6.729913 ], [ 110.550898, -6.730475 ], [ 110.550415, -6.731085 ], [ 110.549924, -6.731866 ], [ 110.549701, -6.73206 ], [ 110.549551, -6.732529 ], [ 110.549237, -6.732737 ], [ 110.549232, -6.733011 ], [ 110.548924, -6.733238 ], [ 110.548725, -6.733448 ], [ 110.548103, -6.73401 ], [ 110.547867, -6.734354 ], [ 110.547379, -6.735051 ], [ 110.546606, -6.735896 ], [ 110.546158, -6.736594 ], [ 110.545863, -6.736921 ], [ 110.545442, -6.737502 ], [ 110.544959, -6.738221 ], [ 110.544777, -6.738607 ], [ 110.544734, -6.739039 ], [ 110.544648, -6.739361 ], [ 110.544439, -6.739772 ], [ 110.544444, -6.740073 ], [ 110.544361, -6.740352 ], [ 110.544452, -6.740523 ], [ 110.544696, -6.740565 ], [ 110.544895, -6.740738 ], [ 110.545067, -6.740909 ], [ 110.54526, -6.740845 ], [ 110.545426, -6.740723 ], [ 110.545533, -6.740504 ], [ 110.545482, -6.740485 ], [ 110.545372, -6.74064 ], [ 110.545139, -6.740568 ], [ 110.545115, -6.74044 ], [ 110.544933, -6.74043 ], [ 110.544804, -6.74011 ], [ 110.544927, -6.739676 ], [ 110.545056, -6.739143 ], [ 110.545244, -6.738866 ], [ 110.545565, -6.738328 ], [ 110.545946, -6.737731 ], [ 110.546129, -6.737444 ], [ 110.547057, -6.737193 ], [ 110.547427, -6.73763 ], [ 110.547652, -6.737635 ], [ 110.547701, -6.737097 ], [ 110.547558, -6.736538 ], [ 110.547663, -6.736002 ], [ 110.547961, -6.735872 ], [ 110.548934, -6.736511 ], [ 110.549331, -6.736756 ], [ 110.54946, -6.73706 ], [ 110.549664, -6.738104 ], [ 110.549857, -6.738669 ], [ 110.550098, -6.739191 ], [ 110.550335, -6.739155 ], [ 110.550544, -6.739164 ], [ 110.550962, -6.739319 ], [ 110.551944, -6.739393 ], [ 110.553258, -6.7382 ], [ 110.553355, -6.737385 ], [ 110.553145, -6.736884 ], [ 110.553451, -6.736788 ], [ 110.553939, -6.73674 ], [ 110.55424, -6.736783 ], [ 110.554428, -6.736852 ], [ 110.554529, -6.736929 ], [ 110.554666, -6.737065 ], [ 110.554749, -6.737156 ], [ 110.554843, -6.737214 ], [ 110.554969, -6.737265 ], [ 110.555259, -6.73739 ], [ 110.555404, -6.737444 ], [ 110.555549, -6.737555 ], [ 110.555634, -6.737694 ], [ 110.555742, -6.737944 ], [ 110.555806, -6.738147 ], [ 110.555903, -6.738275 ], [ 110.556048, -6.738429 ], [ 110.556214, -6.738552 ], [ 110.556458, -6.738674 ], [ 110.556801, -6.738778 ], [ 110.557061, -6.738919 ], [ 110.557158, -6.73901 ], [ 110.557217, -6.739124 ], [ 110.557298, -6.739452 ], [ 110.557351, -6.73966 ], [ 110.557432, -6.739835 ], [ 110.557544, -6.740169 ], [ 110.557574, -6.740307 ], [ 110.557568, -6.740398 ], [ 110.557534, -6.74048 ], [ 110.557416, -6.740581 ], [ 110.557348, -6.740637 ], [ 110.557311, -6.740712 ], [ 110.557287, -6.740813 ], [ 110.557287, -6.740952 ], [ 110.557362, -6.741295 ], [ 110.557367, -6.741399 ], [ 110.55734, -6.741551 ], [ 110.55723, -6.741929 ], [ 110.557187, -6.742201 ], [ 110.557158, -6.74259 ], [ 110.557177, -6.742715 ], [ 110.557212, -6.742808 ], [ 110.557257, -6.742856 ], [ 110.557316, -6.742896 ], [ 110.557397, -6.7429 ], [ 110.557441, -6.742915 ], [ 110.557537, -6.742973 ], [ 110.557952, -6.743212 ], [ 110.558423, -6.74344 ], [ 110.558483, -6.743469 ], [ 110.558585, -6.743533 ], [ 110.559175, -6.743906 ], [ 110.559486, -6.744167 ], [ 110.55969, -6.744428 ], [ 110.559948, -6.744822 ], [ 110.560074, -6.745064 ], [ 110.560146, -6.745197 ], [ 110.560186, -6.745368 ], [ 110.5602, -6.745637 ], [ 110.560178, -6.745887 ], [ 110.560154, -6.745997 ], [ 110.560065, -6.746199 ], [ 110.559998, -6.746311 ], [ 110.559923, -6.746393 ], [ 110.559682, -6.746457 ], [ 110.559534, -6.746543 ], [ 110.559509, -6.746587 ], [ 110.55951, -6.746625 ], [ 110.559532, -6.746652 ], [ 110.559559, -6.746669 ], [ 110.559632, -6.746685 ], [ 110.559871, -6.746717 ], [ 110.559939, -6.746741 ], [ 110.559974, -6.746768 ], [ 110.560004, -6.746825 ], [ 110.560012, -6.746881 ], [ 110.560017, -6.746955 ], [ 110.560007, -6.747105 ], [ 110.560001, -6.747432 ], [ 110.560023, -6.747619 ], [ 110.56013, -6.748013 ], [ 110.560183, -6.748183 ], [ 110.560183, -6.748434 ], [ 110.560125, -6.748748 ], [ 110.560023, -6.749057 ], [ 110.55999, -6.749225 ], [ 110.560007, -6.749342 ], [ 110.560055, -6.749425 ], [ 110.560108, -6.749478 ], [ 110.560299, -6.749566 ], [ 110.56043, -6.749611 ], [ 110.560626, -6.749654 ], [ 110.560854, -6.749723 ], [ 110.560978, -6.749774 ], [ 110.561047, -6.749827 ], [ 110.561095, -6.74988 ], [ 110.561167, -6.749993 ], [ 110.561104, -6.750051 ], [ 110.56105, -6.750154 ], [ 110.560985, -6.750239 ], [ 110.560607, -6.75073 ], [ 110.560924, -6.751065 ], [ 110.560352, -6.751603 ], [ 110.560414, -6.751739 ], [ 110.560178, -6.752022 ], [ 110.559796, -6.752282 ], [ 110.559651, -6.752381 ], [ 110.559588, -6.752424 ], [ 110.558966, -6.751747 ], [ 110.558937, -6.751762 ], [ 110.558555, -6.751965 ], [ 110.557104, -6.752733 ], [ 110.556724, -6.752967 ], [ 110.556321, -6.753351 ], [ 110.555516, -6.75448 ], [ 110.555409, -6.754652 ], [ 110.555162, -6.755045 ], [ 110.554503, -6.753969 ], [ 110.553827, -6.752648 ], [ 110.553972, -6.752594 ], [ 110.553516, -6.751145 ], [ 110.552121, -6.751177 ], [ 110.552019, -6.749116 ], [ 110.551472, -6.749116 ], [ 110.550442, -6.747145 ], [ 110.550238, -6.747037 ], [ 110.5502, -6.747017 ], [ 110.54968, -6.74667 ], [ 110.549318, -6.746338 ], [ 110.549187, -6.74618 ], [ 110.549079, -6.746108 ], [ 110.548918, -6.746076 ], [ 110.548776, -6.746079 ], [ 110.548674, -6.746135 ], [ 110.548596, -6.746234 ], [ 110.548451, -6.746513 ], [ 110.548376, -6.74667 ], [ 110.548317, -6.746758 ], [ 110.548189, -6.74687 ], [ 110.548071, -6.746961 ], [ 110.547974, -6.747089 ], [ 110.547647, -6.747603 ], [ 110.547411, -6.747901 ], [ 110.547347, -6.748061 ], [ 110.547282, -6.748253 ], [ 110.547245, -6.748444 ], [ 110.547207, -6.748604 ], [ 110.547081, -6.748812 ], [ 110.546853, -6.748977 ], [ 110.54651, -6.749281 ], [ 110.546413, -6.749409 ], [ 110.546397, -6.749515 ], [ 110.546392, -6.749731 ], [ 110.546402, -6.749936 ], [ 110.546375, -6.750067 ], [ 110.546287, -6.750186 ], [ 110.546156, -6.750309 ], [ 110.545893, -6.750474 ], [ 110.545625, -6.750623 ], [ 110.545426, -6.750724 ], [ 110.545308, -6.750831 ], [ 110.545141, -6.751012 ], [ 110.545026, -6.751094 ], [ 110.544815, -6.751167 ], [ 110.544589, -6.751135 ], [ 110.544219, -6.751012 ], [ 110.544047, -6.7509 ], [ 110.543913, -6.750746 ], [ 110.543747, -6.750415 ], [ 110.543505, -6.74975 ], [ 110.543394, -6.749205 ], [ 110.543345, -6.748966 ], [ 110.543269, -6.748556 ], [ 110.543114, -6.74813 ], [ 110.542996, -6.747837 ], [ 110.542851, -6.747683 ], [ 110.542722, -6.747581 ], [ 110.542556, -6.747507 ], [ 110.542422, -6.747453 ], [ 110.542382, -6.747426 ], [ 110.542261, -6.747342 ], [ 110.542036, -6.747155 ], [ 110.54166, -6.746612 ], [ 110.541419, -6.746319 ], [ 110.541118, -6.746116 ], [ 110.540786, -6.745935 ], [ 110.540577, -6.745903 ], [ 110.540437, -6.745981 ], [ 110.540292, -6.746196 ], [ 110.540072, -6.746963 ], [ 110.539961, -6.747391 ], [ 110.539911, -6.747581 ], [ 110.539928, -6.747981 ], [ 110.539965, -6.748391 ], [ 110.540008, -6.748679 ], [ 110.539911, -6.749057 ], [ 110.539836, -6.74927 ], [ 110.539761, -6.749366 ], [ 110.539616, -6.749446 ], [ 110.539128, -6.749281 ], [ 110.538814, -6.749158 ], [ 110.538605, -6.74906 ], [ 110.538525, -6.74915 ], [ 110.538463, -6.749363 ], [ 110.538479, -6.751433 ], [ 110.538382, -6.752317 ], [ 110.5385, -6.752909 ], [ 110.538506, -6.754113 ], [ 110.538592, -6.754752 ], [ 110.538678, -6.755133 ], [ 110.538785, -6.755242 ], [ 110.538907, -6.755375 ], [ 110.538946, -6.755434 ], [ 110.539039, -6.755529 ], [ 110.539158, -6.755921 ], [ 110.539182, -6.7568 ], [ 110.539305, -6.757328 ], [ 110.539884, -6.757826 ], [ 110.540512, -6.758161 ], [ 110.541397, -6.758795 ], [ 110.542009, -6.758902 ], [ 110.542481, -6.758782 ], [ 110.542524, -6.758691 ], [ 110.542006, -6.758832 ], [ 110.541403, -6.758598 ], [ 110.541092, -6.758433 ], [ 110.540839, -6.757959 ], [ 110.540721, -6.757623 ], [ 110.541076, -6.756973 ], [ 110.541349, -6.756632 ], [ 110.541832, -6.756851 ], [ 110.542073, -6.757181 ], [ 110.542532, -6.757317 ], [ 110.542811, -6.757445 ], [ 110.543358, -6.757615 ], [ 110.543618, -6.757772 ], [ 110.543747, -6.757844 ], [ 110.543948, -6.757945 ], [ 110.544487, -6.758294 ], [ 110.544455, -6.758523 ], [ 110.544603, -6.758513 ], [ 110.544969, -6.759025 ], [ 110.545285, -6.759737 ], [ 110.545214, -6.760151 ], [ 110.5453, -6.760242 ], [ 110.545532, -6.759999 ], [ 110.545791, -6.760329 ], [ 110.545761, -6.760654 ], [ 110.545657, -6.760652 ], [ 110.545649, -6.761014 ], [ 110.545745, -6.761256 ], [ 110.54593, -6.761406 ], [ 110.546775, -6.761613 ], [ 110.547161, -6.762226 ], [ 110.547354, -6.762689 ], [ 110.547376, -6.762791 ], [ 110.547414, -6.762964 ], [ 110.547392, -6.763065 ], [ 110.547389, -6.763155 ], [ 110.547947, -6.763486 ], [ 110.548014, -6.763555 ], [ 110.548052, -6.763645 ], [ 110.548122, -6.763784 ], [ 110.548151, -6.763824 ], [ 110.548208, -6.763853 ], [ 110.548304, -6.763872 ], [ 110.548505, -6.763837 ], [ 110.548714, -6.763784 ], [ 110.548859, -6.763752 ], [ 110.548983, -6.763747 ], [ 110.549133, -6.763752 ], [ 110.549216, -6.763733 ], [ 110.54927, -6.763701 ], [ 110.549353, -6.76364 ], [ 110.54945, -6.763508 ], [ 110.54957, -6.763414 ], [ 110.54972, -6.763366 ], [ 110.549817, -6.763361 ], [ 110.549905, -6.763384 ], [ 110.550021, -6.763406 ], [ 110.550254, -6.763707 ], [ 110.55042, -6.764066 ], [ 110.550466, -6.764485 ], [ 110.550372, -6.764732 ], [ 110.550233, -6.764919 ], [ 110.55023, -6.765283 ], [ 110.550174, -6.765627 ], [ 110.550074, -6.766048 ], [ 110.550082, -6.766509 ], [ 110.550109, -6.766866 ], [ 110.550082, -6.767409 ], [ 110.549929, -6.768126 ], [ 110.549771, -6.768794 ], [ 110.549934, -6.769057 ], [ 110.550002, -6.769166 ], [ 110.549954, -6.769208 ], [ 110.549862, -6.769287 ], [ 110.549766, -6.76954 ], [ 110.549857, -6.769817 ], [ 110.550404, -6.771021 ], [ 110.550445, -6.771171 ], [ 110.550635, -6.771857 ], [ 110.550999, -6.772495 ], [ 110.551027, -6.772544 ], [ 110.551729, -6.773093 ], [ 110.55203, -6.773823 ], [ 110.552437, -6.774654 ], [ 110.552984, -6.775016 ], [ 110.55321, -6.774931 ], [ 110.553086, -6.774601 ], [ 110.552523, -6.774164 ], [ 110.552491, -6.773716 ], [ 110.552394, -6.773045 ], [ 110.552437, -6.77264 ], [ 110.552609, -6.772374 ], [ 110.552824, -6.77215 ], [ 110.553953, -6.77199 ], [ 110.554175, -6.771958 ], [ 110.554197, -6.771657 ], [ 110.554696, -6.771641 ], [ 110.554969, -6.771631 ], [ 110.55539, -6.771458 ], [ 110.555538, -6.771335 ], [ 110.555654, -6.771399 ], [ 110.555876, -6.771522 ], [ 110.556536, -6.77199 ], [ 110.556717, -6.772158 ], [ 110.556914, -6.772339 ], [ 110.55711, -6.772552 ], [ 110.557182, -6.772616 ], [ 110.557249, -6.772667 ], [ 110.557332, -6.772712 ], [ 110.557429, -6.772744 ], [ 110.557512, -6.772765 ], [ 110.557692, -6.772752 ], [ 110.557885, -6.772749 ], [ 110.55803, -6.772763 ], [ 110.558207, -6.772771 ], [ 110.558402, -6.772787 ], [ 110.558518, -6.772792 ], [ 110.558708, -6.772768 ], [ 110.558885, -6.772739 ], [ 110.559065, -6.772704 ], [ 110.559301, -6.772587 ], [ 110.559435, -6.77248 ], [ 110.559569, -6.772326 ], [ 110.559854, -6.772028 ], [ 110.560111, -6.771801 ], [ 110.560425, -6.771601 ], [ 110.56124, -6.771135 ], [ 110.562292, -6.77044 ], [ 110.562568, -6.770408 ], [ 110.562506, -6.767436 ], [ 110.562168, -6.764415 ], [ 110.562815, -6.764247 ], [ 110.562817, -6.76376 ], [ 110.563241, -6.76352 ], [ 110.56388, -6.763275 ], [ 110.564711, -6.76294 ], [ 110.564856, -6.76294 ], [ 110.565065, -6.762977 ], [ 110.565317, -6.763062 ], [ 110.56565, -6.763105 ], [ 110.565891, -6.763121 ], [ 110.566031, -6.763424 ], [ 110.567093, -6.763361 ], [ 110.567318, -6.763339 ], [ 110.567425, -6.763499 ], [ 110.56757, -6.763744 ], [ 110.5675, -6.763935 ], [ 110.567101, -6.765265 ], [ 110.56701, -6.765808 ], [ 110.567273, -6.765782 ], [ 110.567737, -6.76579 ], [ 110.567836, -6.765957 ], [ 110.568037, -6.765965 ], [ 110.570435, -6.765949 ], [ 110.570011, -6.767702 ], [ 110.571197, -6.767633 ], [ 110.571336, -6.767585 ], [ 110.57154, -6.767478 ], [ 110.571771, -6.767366 ], [ 110.571991, -6.767356 ], [ 110.572216, -6.767377 ], [ 110.572463, -6.767484 ], [ 110.571717, -6.769545 ], [ 110.572511, -6.769572 ], [ 110.573214, -6.769577 ], [ 110.574094, -6.769678 ], [ 110.574222, -6.769465 ], [ 110.574751, -6.769507 ], [ 110.575401, -6.769547 ], [ 110.57538, -6.770065 ], [ 110.575418, -6.77044 ], [ 110.57574, -6.770792 ], [ 110.575542, -6.771436 ], [ 110.575523, -6.771884 ], [ 110.575443, -6.772161 ], [ 110.575365, -6.772451 ], [ 110.57529, -6.772667 ], [ 110.574488, -6.772626 ], [ 110.573173, -6.772496 ], [ 110.572626, -6.772531 ], [ 110.57223, -6.773405 ], [ 110.572137, -6.773592 ], [ 110.572012, -6.773839 ], [ 110.571198, -6.773647 ], [ 110.571119, -6.773643 ], [ 110.570911, -6.773702 ], [ 110.570749, -6.773752 ], [ 110.570641, -6.773771 ], [ 110.570435, -6.773767 ], [ 110.570392, -6.77394 ], [ 110.570322, -6.774137 ], [ 110.57022, -6.77435 ], [ 110.570067, -6.774603 ], [ 110.569979, -6.774704 ], [ 110.569697, -6.774963 ], [ 110.569496, -6.775232 ], [ 110.569075, -6.7752 ], [ 110.568949, -6.77521 ], [ 110.568699, -6.775269 ], [ 110.568415, -6.775362 ], [ 110.568123, -6.77549 ], [ 110.567774, -6.775645 ], [ 110.567619, -6.775735 ], [ 110.567377, -6.775895 ], [ 110.567066, -6.776225 ], [ 110.566717, -6.776566 ], [ 110.566481, -6.776966 ], [ 110.566337, -6.777184 ], [ 110.566224, -6.77745 ], [ 110.566031, -6.777818 ], [ 110.56591, -6.778055 ], [ 110.56583, -6.778228 ], [ 110.565795, -6.778348 ], [ 110.565722, -6.778804 ], [ 110.565639, -6.779357 ], [ 110.565618, -6.779709 ], [ 110.565611, -6.779954 ], [ 110.56561, -6.780013 ], [ 110.565628, -6.78029 ], [ 110.565596, -6.780636 ], [ 110.565591, -6.780822 ], [ 110.565725, -6.781041 ], [ 110.565855, -6.781214 ], [ 110.565855, -6.781296 ], [ 110.565976, -6.781428 ], [ 110.565781, -6.781683 ], [ 110.565604, -6.782102 ], [ 110.565525, -6.782367 ], [ 110.565272, -6.782775 ], [ 110.565274, -6.782919 ], [ 110.565594, -6.783096 ], [ 110.565331, -6.783691 ], [ 110.565402, -6.783819 ], [ 110.565297, -6.783931 ], [ 110.565175, -6.784048 ], [ 110.565241, -6.78415 ], [ 110.565305, -6.784707 ], [ 110.565177, -6.784977 ], [ 110.565156, -6.785133 ], [ 110.565258, -6.785301 ], [ 110.565262, -6.785526 ], [ 110.565553, -6.785692 ], [ 110.565443, -6.786025 ], [ 110.565635, -6.786159 ], [ 110.565606, -6.78627 ], [ 110.565682, -6.786344 ], [ 110.565701, -6.78663 ], [ 110.565696, -6.786812 ], [ 110.565866, -6.786999 ], [ 110.565817, -6.787187 ], [ 110.565663, -6.787482 ], [ 110.565612, -6.787497 ], [ 110.565537, -6.787751 ], [ 110.565434, -6.787738 ], [ 110.565109, -6.787623 ], [ 110.565064, -6.787713 ] ] } },
{ "type": "Feature", "properties": { "wilayah": "SEM" }, "geometry": { "type": "LineString", "coordinates": [ [ 110.504915, -6.89384 ], [ 110.504892, -6.893863 ], [ 110.504883, -6.893886 ], [ 110.504877, -6.893915 ], [ 110.504884, -6.893937 ], [ 110.504921, -6.893974 ], [ 110.504959, -6.893993 ], [ 110.504996, -6.893999 ], [ 110.505029, -6.893984 ], [ 110.505043, -6.893966 ], [ 110.505049, -6.893941 ], [ 110.505037, -6.8939 ], [ 110.50501, -6.893859 ], [ 110.504982, -6.89383 ], [ 110.504947, -6.893826 ], [ 110.504915, -6.89384 ] ] } },
{ "type": "Feature", "properties": { "wilayah": "SEM" }, "geometry": { "type": "LineString", "coordinates": [ [ 110.505202, -6.894451 ], [ 110.505179, -6.894493 ], [ 110.505173, -6.894558 ], [ 110.505196, -6.894643 ], [ 110.505248, -6.894722 ], [ 110.505328, -6.894779 ], [ 110.505395, -6.894815 ], [ 110.505501, -6.894836 ], [ 110.505578, -6.894823 ], [ 110.505638, -6.894774 ], [ 110.50565, -6.894729 ], [ 110.505637, -6.894651 ], [ 110.505583, -6.894583 ], [ 110.505509, -6.894506 ], [ 110.505418, -6.894437 ], [ 110.505344, -6.894385 ], [ 110.505289, -6.894378 ], [ 110.505232, -6.894405 ], [ 110.505202, -6.894451 ] ] } },
{ "type": "Feature", "properties": { "wilayah": "SEM" }, "geometry": { "type": "LineString", "coordinates": [ [ 110.504428, -6.893851 ], [ 110.504402, -6.893871 ], [ 110.504395, -6.893902 ], [ 110.504422, -6.893972 ], [ 110.504489, -6.89404 ], [ 110.504549, -6.894083 ], [ 110.504644, -6.894137 ], [ 110.504717, -6.894161 ], [ 110.50477, -6.894157 ], [ 110.504821, -6.894143 ], [ 110.504847, -6.894117 ], [ 110.50484, -6.894075 ], [ 110.504799, -6.894031 ], [ 110.504736, -6.893983 ], [ 110.504642, -6.893934 ], [ 110.504525, -6.893884 ], [ 110.504428, -6.893851 ] ] } },
{ "type": "Feature", "properties": { "wilayah": "SEM" }, "geometry": { "type": "LineString", "coordinates": [ [ 110.507474, -6.88373 ], [ 110.50743, -6.883794 ], [ 110.507406, -6.883844 ], [ 110.507406, -6.883905 ], [ 110.507427, -6.883955 ], [ 110.507467, -6.883993 ], [ 110.50753, -6.884009 ], [ 110.507623, -6.883998 ], [ 110.507713, -6.883987 ], [ 110.507803, -6.883961 ], [ 110.507872, -6.883924 ], [ 110.507915, -6.883861 ], [ 110.507943, -6.883796 ], [ 110.507957, -6.883702 ], [ 110.507946, -6.883631 ], [ 110.507933, -6.883571 ], [ 110.507885, -6.883514 ], [ 110.507817, -6.883459 ], [ 110.507744, -6.883445 ], [ 110.507683, -6.883454 ], [ 110.507647, -6.883481 ], [ 110.507607, -6.883547 ], [ 110.507568, -6.883631 ], [ 110.507521, -6.883683 ], [ 110.507474, -6.88373 ] ] } },
{ "type": "Feature", "properties": { "wilayah": "SEM" }, "geometry": { "type": "LineString", "coordinates": [ [ 110.497382, -6.914144 ], [ 110.497358, -6.91414 ], [ 110.497346, -6.914144 ], [ 110.497327, -6.914172 ], [ 110.497318, -6.914223 ], [ 110.497325, -6.914266 ], [ 110.497361, -6.91434 ], [ 110.497397, -6.914404 ], [ 110.497484, -6.914511 ], [ 110.497571, -6.914622 ], [ 110.497654, -6.914739 ], [ 110.497722, -6.914827 ], [ 110.497794, -6.914927 ], [ 110.497866, -6.915001 ], [ 110.497938, -6.91506 ], [ 110.498021, -6.915089 ], [ 110.498097, -6.915105 ], [ 110.498183, -6.915112 ], [ 110.498271, -6.915139 ], [ 110.498359, -6.915178 ], [ 110.498419, -6.915218 ], [ 110.49847, -6.915233 ], [ 110.498494, -6.915222 ], [ 110.49851, -6.915206 ], [ 110.498512, -6.915182 ], [ 110.498499, -6.915154 ], [ 110.498442, -6.915099 ], [ 110.498353, -6.915021 ], [ 110.498254, -6.91494 ], [ 110.498172, -6.914879 ], [ 110.498086, -6.914852 ], [ 110.498005, -6.914831 ], [ 110.497946, -6.914796 ], [ 110.497849, -6.914711 ], [ 110.497766, -6.914621 ], [ 110.497676, -6.914521 ], [ 110.497598, -6.914442 ], [ 110.497507, -6.914346 ], [ 110.497435, -6.914255 ], [ 110.497401, -6.914187 ], [ 110.497382, -6.914144 ] ] } },
{ "type": "Feature", "properties": { "wilayah": "SEM" }, "geometry": { "type": "LineString", "coordinates": [ [ 110.493286, -6.910989 ], [ 110.493091, -6.910871 ], [ 110.492983, -6.910898 ], [ 110.492801, -6.911042 ], [ 110.492748, -6.911198 ], [ 110.492577, -6.911347 ], [ 110.492452, -6.911393 ], [ 110.492372, -6.911314 ], [ 110.492206, -6.911031 ], [ 110.492007, -6.910621 ], [ 110.491927, -6.910312 ], [ 110.491868, -6.910211 ], [ 110.491701, -6.910046 ], [ 110.491599, -6.909987 ], [ 110.49153, -6.910078 ], [ 110.491487, -6.910632 ], [ 110.491455, -6.910733 ], [ 110.491385, -6.910824 ], [ 110.491165, -6.910797 ], [ 110.490966, -6.910717 ], [ 110.490859, -6.910728 ], [ 110.490559, -6.910829 ], [ 110.490457, -6.910845 ], [ 110.49014, -6.910786 ], [ 110.490049, -6.910722 ], [ 110.489942, -6.91069 ], [ 110.489851, -6.910744 ], [ 110.489851, -6.910861 ], [ 110.489947, -6.911053 ], [ 110.489899, -6.911148 ], [ 110.489722, -6.911292 ], [ 110.489491, -6.91142 ], [ 110.4894, -6.911495 ], [ 110.488987, -6.912075 ], [ 110.488177, -6.912837 ], [ 110.488123, -6.912943 ], [ 110.488075, -6.913273 ], [ 110.488032, -6.913385 ], [ 110.487903, -6.913577 ], [ 110.487732, -6.913731 ], [ 110.487614, -6.913997 ], [ 110.48763, -6.914333 ], [ 110.487764, -6.91478 ], [ 110.487844, -6.914866 ], [ 110.488048, -6.914977 ], [ 110.488284, -6.914967 ], [ 110.488574, -6.914993 ], [ 110.488794, -6.914945 ], [ 110.488885, -6.914871 ], [ 110.488998, -6.914844 ], [ 110.489116, -6.914887 ], [ 110.489201, -6.914956 ], [ 110.489373, -6.915238 ], [ 110.489647, -6.915414 ], [ 110.489759, -6.915441 ], [ 110.48999, -6.915441 ], [ 110.490097, -6.915462 ], [ 110.490183, -6.915542 ], [ 110.490237, -6.915643 ], [ 110.490291, -6.915751 ], [ 110.49043, -6.915989 ], [ 110.490537, -6.916197 ], [ 110.490634, -6.916282 ], [ 110.490736, -6.916319 ], [ 110.490816, -6.916405 ], [ 110.490902, -6.916729 ], [ 110.490966, -6.916825 ], [ 110.491642, -6.917267 ], [ 110.492061, -6.917688 ], [ 110.492592, -6.917965 ], [ 110.492705, -6.917976 ], [ 110.493037, -6.917864 ], [ 110.493337, -6.917709 ], [ 110.493525, -6.917438 ], [ 110.493638, -6.917134 ], [ 110.493911, -6.916921 ], [ 110.494287, -6.916671 ], [ 110.494593, -6.916341 ], [ 110.494577, -6.916234 ], [ 110.494507, -6.916149 ], [ 110.494298, -6.916154 ], [ 110.494067, -6.916112 ], [ 110.493992, -6.916032 ], [ 110.494142, -6.915734 ], [ 110.494147, -6.915622 ], [ 110.493933, -6.915473 ], [ 110.4937, -6.915368 ], [ 110.493633, -6.915329 ], [ 110.493563, -6.915228 ], [ 110.493557, -6.915105 ], [ 110.493675, -6.914913 ], [ 110.493708, -6.914807 ], [ 110.493686, -6.914701 ], [ 110.493751, -6.91461 ], [ 110.49396, -6.914509 ], [ 110.494072, -6.914519 ], [ 110.494362, -6.914711 ], [ 110.494469, -6.914748 ], [ 110.494689, -6.914711 ], [ 110.494786, -6.914658 ], [ 110.494861, -6.914573 ], [ 110.494899, -6.914429 ], [ 110.495006, -6.91428 ], [ 110.495194, -6.914157 ], [ 110.495194, -6.914051 ], [ 110.495135, -6.913843 ], [ 110.495145, -6.913731 ], [ 110.495226, -6.913651 ], [ 110.495338, -6.913598 ], [ 110.495451, -6.913582 ], [ 110.495569, -6.913603 ], [ 110.495751, -6.913726 ], [ 110.4958, -6.913827 ], [ 110.495811, -6.913944 ], [ 110.495762, -6.914051 ], [ 110.495628, -6.914237 ], [ 110.495558, -6.91444 ], [ 110.495564, -6.914546 ], [ 110.495666, -6.91477 ], [ 110.495934, -6.915132 ], [ 110.496105, -6.915281 ], [ 110.496207, -6.915334 ], [ 110.496433, -6.915393 ], [ 110.496519, -6.9156 ], [ 110.496637, -6.915792 ], [ 110.496776, -6.915979 ], [ 110.496964, -6.916128 ], [ 110.497077, -6.916165 ], [ 110.497189, -6.916144 ], [ 110.497286, -6.916085 ], [ 110.497361, -6.916 ], [ 110.497393, -6.915893 ], [ 110.497329, -6.915691 ], [ 110.497119, -6.915425 ], [ 110.496937, -6.915148 ], [ 110.496814, -6.914839 ], [ 110.496529, -6.914482 ], [ 110.49639, -6.914189 ], [ 110.496234, -6.914019 ], [ 110.496068, -6.91379 ], [ 110.496052, -6.913678 ], [ 110.496089, -6.913252 ], [ 110.49602, -6.91305 ], [ 110.49595, -6.912964 ], [ 110.4958, -6.912815 ], [ 110.49551, -6.912629 ], [ 110.495194, -6.912533 ], [ 110.494614, -6.912277 ], [ 110.49433, -6.912107 ], [ 110.494164, -6.911979 ], [ 110.493831, -6.911665 ], [ 110.493692, -6.911495 ], [ 110.493595, -6.911308 ], [ 110.493286, -6.910989 ] ] } },
{ "type": "Feature", "properties": { "wilayah": "SEM" }, "geometry": { "type": "LineString", "coordinates": [ [ 110.56497, -6.788115 ], [ 110.56502, -6.788228 ], [ 110.565081, -6.788321 ], [ 110.564979, -6.788546 ], [ 110.564841, -6.788834 ], [ 110.564625, -6.789257 ], [ 110.56448, -6.789494 ], [ 110.564261, -6.789793 ], [ 110.564031, -6.790195 ], [ 110.563839, -6.790292 ], [ 110.563783, -6.790464 ], [ 110.563731, -6.790654 ], [ 110.563519, -6.79119 ], [ 110.56328, -6.791725 ], [ 110.563342, -6.79179 ], [ 110.563198, -6.792258 ], [ 110.563005, -6.792561 ], [ 110.562732, -6.793055 ], [ 110.562645, -6.793442 ], [ 110.562516, -6.793648 ], [ 110.562351, -6.793793 ], [ 110.562441, -6.793993 ], [ 110.562293, -6.79437 ], [ 110.56223, -6.794596 ], [ 110.562032, -6.794672 ] ] } },
{ "type": "Feature", "properties": { "wilayah": "SEM" }, "geometry": { "type": "LineString", "coordinates": [ [ 110.562032, -6.794672 ], [ 110.561979, -6.794729 ], [ 110.561852, -6.794867 ], [ 110.561173, -6.795852 ], [ 110.560516, -6.796755 ], [ 110.559712, -6.797879 ], [ 110.55873, -6.79945 ], [ 110.558258, -6.800317 ], [ 110.558075, -6.800654 ], [ 110.557976, -6.801221 ], [ 110.55771, -6.802183 ], [ 110.557568, -6.80285 ], [ 110.557527, -6.803086 ], [ 110.557694, -6.803211 ], [ 110.557886, -6.803356 ], [ 110.558093, -6.803371 ], [ 110.558783, -6.803807 ], [ 110.558918, -6.804004 ], [ 110.55903, -6.804239 ], [ 110.559089, -6.804473 ], [ 110.559143, -6.804638 ], [ 110.559073, -6.80475 ], [ 110.558826, -6.804894 ], [ 110.557963, -6.805443 ], [ 110.557705, -6.805629 ], [ 110.557534, -6.80573 ], [ 110.557324, -6.805794 ], [ 110.557104, -6.805815 ], [ 110.556842, -6.805805 ], [ 110.5566, -6.805768 ], [ 110.556348, -6.805762 ], [ 110.55615, -6.805784 ], [ 110.555972, -6.80581 ], [ 110.555726, -6.80589 ], [ 110.55528, -6.806103 ], [ 110.554433, -6.806492 ], [ 110.554197, -6.80662 ], [ 110.554052, -6.806732 ], [ 110.553789, -6.807073 ], [ 110.553403, -6.807792 ], [ 110.553373, -6.807858 ], [ 110.553357, -6.807946 ], [ 110.55336, -6.808071 ], [ 110.553388, -6.808194 ], [ 110.553403, -6.808299 ], [ 110.5534, -6.808383 ], [ 110.553377, -6.808448 ], [ 110.553332, -6.808496 ], [ 110.553262, -6.808533 ], [ 110.553207, -6.808519 ], [ 110.553113, -6.808127 ], [ 110.553062, -6.807565 ], [ 110.553237, -6.807083 ], [ 110.553918, -6.806236 ], [ 110.554546, -6.80568 ], [ 110.554476, -6.805168 ], [ 110.554213, -6.804958 ], [ 110.553998, -6.804955 ], [ 110.553403, -6.804947 ], [ 110.552351, -6.806593 ], [ 110.551477, -6.807536 ], [ 110.551042, -6.808218 ], [ 110.550694, -6.809571 ], [ 110.550517, -6.810434 ], [ 110.550104, -6.810785 ], [ 110.54983, -6.811025 ], [ 110.549642, -6.811265 ], [ 110.549433, -6.811595 ], [ 110.549235, -6.81193 ], [ 110.549001, -6.812394 ], [ 110.548822, -6.812825 ], [ 110.548725, -6.813017 ], [ 110.548623, -6.81319 ], [ 110.548446, -6.813462 ], [ 110.54839, -6.813579 ], [ 110.548382, -6.813672 ], [ 110.548393, -6.813768 ], [ 110.548419, -6.813837 ], [ 110.548486, -6.813936 ], [ 110.548553, -6.814066 ], [ 110.548575, -6.814186 ], [ 110.548567, -6.814285 ], [ 110.548519, -6.814383 ], [ 110.548449, -6.814469 ], [ 110.548393, -6.81453 ], [ 110.548253, -6.814628 ], [ 110.548079, -6.814708 ], [ 110.548012, -6.814748 ], [ 110.547955, -6.814812 ], [ 110.547942, -6.814884 ], [ 110.547955, -6.814959 ], [ 110.548006, -6.815068 ], [ 110.54806, -6.815196 ], [ 110.548079, -6.815326 ], [ 110.548079, -6.815544 ], [ 110.548057, -6.815628 ], [ 110.548033, -6.81572 ], [ 110.547942, -6.815979 ], [ 110.547782, -6.816378 ], [ 110.547658, -6.816687 ], [ 110.547583, -6.81678 ], [ 110.547515, -6.816844 ], [ 110.547376, -6.816897 ], [ 110.547161, -6.816948 ], [ 110.547025, -6.817004 ], [ 110.546821, -6.817182 ], [ 110.546767, -6.817246 ], [ 110.546756, -6.817286 ], [ 110.54677, -6.817318 ], [ 110.546826, -6.817361 ], [ 110.546882, -6.817374 ], [ 110.546982, -6.817369 ], [ 110.547132, -6.817361 ], [ 110.547226, -6.817387 ], [ 110.547247, -6.817409 ], [ 110.547263, -6.817443 ], [ 110.547274, -6.817499 ], [ 110.547261, -6.817569 ], [ 110.547208, -6.817697 ], [ 110.547113, -6.817931 ], [ 110.54706, -6.818027 ], [ 110.546976, -6.818117 ], [ 110.546904, -6.818147 ], [ 110.546802, -6.818165 ], [ 110.54666, -6.818112 ], [ 110.546504, -6.818032 ], [ 110.546392, -6.817995 ], [ 110.546279, -6.818016 ], [ 110.546105, -6.818093 ], [ 110.545941, -6.818245 ], [ 110.545788, -6.818426 ], [ 110.545748, -6.818525 ], [ 110.545751, -6.818626 ], [ 110.545764, -6.818727 ], [ 110.545823, -6.818876 ], [ 110.545769, -6.819153 ], [ 110.545834, -6.819254 ], [ 110.545393, -6.820113 ], [ 110.544864, -6.82112 ], [ 110.544757, -6.821197 ], [ 110.544452, -6.821635 ], [ 110.544294, -6.821971 ], [ 110.543639, -6.823416 ], [ 110.543265, -6.823218 ], [ 110.542873, -6.823011 ], [ 110.543559, -6.821412 ], [ 110.54339, -6.821326 ], [ 110.543323, -6.821191 ], [ 110.543337, -6.821103 ], [ 110.543355, -6.821057 ], [ 110.543417, -6.82097 ], [ 110.543498, -6.82089 ], [ 110.543581, -6.820836 ], [ 110.543634, -6.820799 ], [ 110.542996, -6.819728 ], [ 110.54284, -6.819808 ], [ 110.542663, -6.819947 ], [ 110.542524, -6.82008 ], [ 110.54232, -6.820549 ], [ 110.542142, -6.821047 ], [ 110.542087, -6.821035 ], [ 110.54199, -6.82112 ], [ 110.541644, -6.821459 ], [ 110.541397, -6.821726 ], [ 110.54121, -6.821838 ], [ 110.54107, -6.821875 ], [ 110.540979, -6.821859 ], [ 110.540845, -6.821806 ], [ 110.540695, -6.821779 ], [ 110.540593, -6.821811 ], [ 110.540475, -6.821896 ], [ 110.540335, -6.822051 ], [ 110.539831, -6.822578 ], [ 110.539348, -6.823079 ], [ 110.538989, -6.823388 ], [ 110.538442, -6.823888 ], [ 110.53797, -6.824331 ], [ 110.537294, -6.825007 ], [ 110.536615, -6.825581 ], [ 110.5367, -6.825729 ], [ 110.535599, -6.826847 ], [ 110.53591, -6.827407 ], [ 110.535836, -6.827457 ], [ 110.535756, -6.827512 ], [ 110.535649, -6.827585 ], [ 110.535094, -6.827864 ], [ 110.534888, -6.828016 ], [ 110.534649, -6.828229 ], [ 110.534424, -6.828445 ], [ 110.534198, -6.82869 ], [ 110.534029, -6.828847 ], [ 110.533683, -6.829095 ], [ 110.533565, -6.829167 ], [ 110.533501, -6.82922 ], [ 110.533436, -6.8293 ], [ 110.533335, -6.829439 ], [ 110.53308, -6.82975 ], [ 110.532965, -6.829851 ], [ 110.532814, -6.829953 ], [ 110.532687, -6.830019 ], [ 110.532605, -6.830083 ], [ 110.532417, -6.830249 ], [ 110.531854, -6.830722 ], [ 110.531377, -6.831148 ], [ 110.530803, -6.831633 ], [ 110.530167, -6.83211 ], [ 110.529963, -6.832302 ], [ 110.529904, -6.832357 ], [ 110.529791, -6.83252 ], [ 110.529757, -6.832602 ], [ 110.529716, -6.832744 ], [ 110.529649, -6.832853 ], [ 110.529558, -6.832935 ], [ 110.529309, -6.833127 ], [ 110.528906, -6.833388 ], [ 110.528643, -6.833582 ], [ 110.52837, -6.833779 ], [ 110.528182, -6.833894 ], [ 110.527908, -6.834096 ], [ 110.527782, -6.834166 ], [ 110.527683, -6.83423 ], [ 110.5273, -6.834347 ], [ 110.527327, -6.834493 ], [ 110.526991, -6.834666 ], [ 110.526774, -6.834749 ], [ 110.526495, -6.834839 ], [ 110.526055, -6.834895 ], [ 110.525953, -6.834586 ], [ 110.52591, -6.834525 ], [ 110.525824, -6.834472 ], [ 110.525728, -6.834456 ], [ 110.525588, -6.834483 ], [ 110.525374, -6.834554 ], [ 110.525178, -6.834642 ], [ 110.524899, -6.834834 ], [ 110.524706, -6.834933 ], [ 110.524572, -6.834991 ] ] } },
{ "type": "Feature", "properties": { "wilayah": "SEM" }, "geometry": { "type": "LineString", "coordinates": [ [ 110.490768, -6.919451 ], [ 110.490382, -6.919704 ], [ 110.490124, -6.919949 ], [ 110.489957, -6.920072 ], [ 110.489881, -6.920164 ], [ 110.489759, -6.920317 ], [ 110.489633, -6.920478 ], [ 110.489538, -6.920617 ], [ 110.489425, -6.920793 ], [ 110.489321, -6.920958 ], [ 110.489167, -6.92115 ], [ 110.489064, -6.921251 ], [ 110.48895, -6.921236 ], [ 110.4883, -6.921214 ], [ 110.48756, -6.921243 ], [ 110.486973, -6.921282 ], [ 110.486484, -6.921353 ], [ 110.486418, -6.92137 ], [ 110.486381, -6.921378 ], [ 110.485506, -6.92159 ], [ 110.485041, -6.921739 ], [ 110.484511, -6.921933 ], [ 110.483895, -6.922202 ], [ 110.483306, -6.922524 ], [ 110.482672, -6.922927 ], [ 110.48204, -6.923365 ], [ 110.480805, -6.924335 ], [ 110.480741, -6.924438 ], [ 110.480688, -6.924637 ], [ 110.480356, -6.924879 ], [ 110.480118, -6.925052 ], [ 110.479971, -6.925159 ], [ 110.479786, -6.925222 ], [ 110.47963, -6.925254 ], [ 110.478905, -6.925764 ], [ 110.477746, -6.926516 ], [ 110.476995, -6.926924 ], [ 110.475987, -6.927399 ], [ 110.475335, -6.927685 ], [ 110.475132, -6.927742 ], [ 110.474604, -6.927769 ], [ 110.474501, -6.927711 ], [ 110.474418, -6.927549 ], [ 110.474122, -6.926601 ], [ 110.473959, -6.926394 ], [ 110.473742, -6.926257 ], [ 110.473462, -6.926195 ], [ 110.471728, -6.926264 ], [ 110.471428, -6.926379 ], [ 110.471241, -6.926535 ], [ 110.470871, -6.927298 ], [ 110.470821, -6.927573 ], [ 110.470663, -6.92785 ], [ 110.470484, -6.928048 ], [ 110.469856, -6.928926 ], [ 110.469699, -6.929 ], [ 110.46924, -6.929033 ], [ 110.468522, -6.929148 ], [ 110.467843, -6.929307 ], [ 110.467053, -6.929539 ], [ 110.466125, -6.929904 ], [ 110.465204, -6.930352 ], [ 110.461585, -6.93234 ], [ 110.461032, -6.932683 ], [ 110.460618, -6.932941 ], [ 110.459389, -6.933585 ], [ 110.458213, -6.9341 ], [ 110.456722, -6.934707 ], [ 110.454796, -6.935408 ], [ 110.453332, -6.935805 ], [ 110.4515, -6.936408 ], [ 110.450563, -6.936784 ], [ 110.449909, -6.937176 ], [ 110.449284, -6.937565 ], [ 110.449014, -6.937782 ], [ 110.448766, -6.937736 ], [ 110.448644, -6.937773 ], [ 110.447808, -6.938668 ], [ 110.447399, -6.939238 ], [ 110.447143, -6.939438 ], [ 110.446892, -6.939473 ], [ 110.446219, -6.939426 ], [ 110.446087, -6.939346 ], [ 110.446074, -6.939177 ], [ 110.445816, -6.939313 ], [ 110.445472, -6.939979 ], [ 110.445022, -6.939306 ], [ 110.445204, -6.939206 ], [ 110.445653, -6.938938 ], [ 110.445735, -6.938948 ], [ 110.445597, -6.93909 ], [ 110.445707, -6.939157 ], [ 110.445927, -6.938779 ], [ 110.445852, -6.938709 ], [ 110.445798, -6.938704 ], [ 110.445739, -6.93874 ], [ 110.445538, -6.938873 ], [ 110.44528, -6.938993 ], [ 110.444954, -6.939058 ] ] } },
{ "type": "Feature", "properties": { "wilayah": "SEM" }, "geometry": { "type": "LineString", "coordinates": [ [ 110.496395, -6.903954 ], [ 110.49628, -6.904034 ], [ 110.496181, -6.904179 ], [ 110.496127, -6.904257 ], [ 110.496017, -6.904444 ], [ 110.496001, -6.904673 ], [ 110.496132, -6.905029 ], [ 110.496315, -6.905535 ], [ 110.496465, -6.906047 ], [ 110.496604, -6.906595 ], [ 110.496653, -6.907213 ], [ 110.49661, -6.907804 ], [ 110.496529, -6.908358 ], [ 110.496374, -6.908699 ], [ 110.496257, -6.908817 ], [ 110.496084, -6.908885 ], [ 110.495915, -6.90893 ], [ 110.495781, -6.909008 ], [ 110.495711, -6.909106 ], [ 110.495738, -6.909202 ], [ 110.495837, -6.909348 ], [ 110.496014, -6.90949 ], [ 110.496162, -6.909572 ], [ 110.496253, -6.909639 ], [ 110.496296, -6.909729 ], [ 110.496312, -6.90986 ], [ 110.496291, -6.909977 ], [ 110.49621, -6.9101 ], [ 110.496191, -6.910129 ], [ 110.496004, -6.910302 ], [ 110.495808, -6.910443 ], [ 110.495682, -6.910507 ], [ 110.495617, -6.910552 ], [ 110.495612, -6.910653 ], [ 110.495655, -6.91077 ], [ 110.49588, -6.911053 ], [ 110.496267, -6.911415 ], [ 110.496556, -6.911766 ], [ 110.496866, -6.912148 ], [ 110.496944, -6.912327 ], [ 110.49698, -6.912494 ], [ 110.496992, -6.912657 ], [ 110.496975, -6.912789 ], [ 110.496905, -6.912959 ], [ 110.496798, -6.913161 ], [ 110.496739, -6.913422 ], [ 110.496841, -6.913678 ], [ 110.497208, -6.91386 ], [ 110.497452, -6.913991 ], [ 110.497624, -6.914221 ], [ 110.498128, -6.914626 ], [ 110.498584, -6.915201 ], [ 110.498611, -6.915393 ], [ 110.498611, -6.915787 ], [ 110.498439, -6.91616 ], [ 110.498031, -6.916554 ], [ 110.497516, -6.916894 ], [ 110.496529, -6.917182 ], [ 110.494748, -6.917736 ], [ 110.4936, -6.918173 ], [ 110.492785, -6.918524 ], [ 110.492045, -6.91887 ], [ 110.491455, -6.919163 ], [ 110.490768, -6.919451 ] ] } },
{ "type": "Feature", "properties": { "wilayah": "CIR" }, "geometry": { "type": "LineString", "coordinates": [ [ 108.729591, -6.807848 ], [ 108.729284, -6.807783 ], [ 108.728971, -6.807715 ], [ 108.729642, -6.804657 ], [ 108.729642, -6.804648 ], [ 108.72964, -6.80464 ], [ 108.729635, -6.804633 ], [ 108.729628, -6.804628 ], [ 108.729619, -6.804625 ], [ 108.729611, -6.804624 ], [ 108.729602, -6.804626 ], [ 108.729595, -6.804631 ], [ 108.72959, -6.804637 ], [ 108.729586, -6.804645 ], [ 108.728894, -6.807699 ], [ 108.728718, -6.80768 ], [ 108.728342, -6.807617 ], [ 108.728085, -6.807573 ], [ 108.727269, -6.807414 ], [ 108.726617, -6.80728 ], [ 108.726175, -6.8072 ], [ 108.725802, -6.807118 ], [ 108.725402, -6.807009 ], [ 108.725051, -6.806995 ], [ 108.724785, -6.807057 ], [ 108.724616, -6.807152 ], [ 108.724517, -6.807272 ], [ 108.724458, -6.807499 ], [ 108.724429, -6.808577 ], [ 108.724418, -6.808745 ], [ 108.724327, -6.808844 ], [ 108.724152, -6.808921 ], [ 108.723589, -6.809086 ], [ 108.723047, -6.809219 ], [ 108.722334, -6.809438 ], [ 108.721567, -6.809635 ], [ 108.720558, -6.809842 ], [ 108.719373, -6.810013 ], [ 108.718893, -6.810121 ], [ 108.718586, -6.81019 ], [ 108.718316, -6.810237 ], [ 108.717793, -6.810279 ], [ 108.717503, -6.810325 ], [ 108.717227, -6.810407 ], [ 108.71683, -6.810482 ], [ 108.716422, -6.81054 ], [ 108.715768, -6.810604 ], [ 108.71448, -6.810567 ], [ 108.713365, -6.810577 ], [ 108.712088, -6.81046 ], [ 108.710007, -6.810205 ], [ 108.708622, -6.810034 ], [ 108.707678, -6.809832 ], [ 108.706681, -6.80948 ], [ 108.705967, -6.809262 ], [ 108.705141, -6.808974 ], [ 108.704041, -6.808553 ], [ 108.703194, -6.80817 ], [ 108.702292, -6.807808 ], [ 108.701423, -6.807525 ], [ 108.700742, -6.807296 ], [ 108.700104, -6.807083 ], [ 108.699304, -6.806598 ], [ 108.698854, -6.806146 ], [ 108.69836, -6.805581 ], [ 108.697411, -6.804574 ], [ 108.697057, -6.804265 ], [ 108.696633, -6.804026 ], [ 108.695753, -6.803658 ], [ 108.695512, -6.803569 ], [ 108.694841, -6.803323 ], [ 108.693093, -6.802614 ], [ 108.691274, -6.801805 ], [ 108.689761, -6.801085 ], [ 108.689139, -6.800771 ], [ 108.68857, -6.800595 ], [ 108.687733, -6.800425 ], [ 108.686307, -6.800095 ], [ 108.685298, -6.799818 ], [ 108.6843, -6.799168 ], [ 108.682787, -6.797836 ], [ 108.681704, -6.796771 ], [ 108.680921, -6.795791 ], [ 108.680137, -6.794661 ], [ 108.678946, -6.792531 ], [ 108.67826, -6.790507 ], [ 108.677552, -6.788163 ], [ 108.677187, -6.785734 ], [ 108.676865, -6.783965 ], [ 108.676532, -6.781462 ], [ 108.676243, -6.779693 ], [ 108.676286, -6.778564 ], [ 108.676447, -6.777978 ], [ 108.676811, -6.777296 ], [ 108.677391, -6.776667 ], [ 108.677943, -6.776326 ], [ 108.678608, -6.775671 ], [ 108.678893, -6.775138 ], [ 108.679006, -6.77475 ], [ 108.678888, -6.774356 ], [ 108.678421, -6.773929 ], [ 108.67745, -6.773248 ], [ 108.677176, -6.772864 ], [ 108.677015, -6.77256 ], [ 108.677058, -6.771862 ], [ 108.677144, -6.771362 ], [ 108.677294, -6.770808 ], [ 108.67753, -6.770264 ], [ 108.677654, -6.769806 ], [ 108.677659, -6.769636 ], [ 108.677525, -6.769465 ], [ 108.677262, -6.769353 ], [ 108.676946, -6.769242 ], [ 108.676425, -6.76889 ], [ 108.676157, -6.768613 ], [ 108.676023, -6.76824 ], [ 108.67606, -6.767766 ], [ 108.676109, -6.76718 ], [ 108.676205, -6.766583 ], [ 108.676168, -6.766173 ], [ 108.675937, -6.765811 ], [ 108.675476, -6.765406 ], [ 108.674966, -6.765182 ], [ 108.674591, -6.765177 ], [ 108.673856, -6.765358 ], [ 108.673351, -6.765545 ], [ 108.67281, -6.765539 ], [ 108.672032, -6.765321 ], [ 108.671291, -6.765017 ], [ 108.670503, -6.76465 ], [ 108.669913, -6.764298 ], [ 108.668947, -6.763744 ], [ 108.667778, -6.763083 ], [ 108.665825, -6.761816 ], [ 108.663282, -6.759994 ], [ 108.661812, -6.758886 ], [ 108.660407, -6.757565 ], [ 108.658111, -6.755349 ], [ 108.657199, -6.754528 ], [ 108.656534, -6.753793 ], [ 108.655901, -6.753175 ], [ 108.655209, -6.752387 ], [ 108.654571, -6.751683 ], [ 108.654163, -6.751204 ], [ 108.653852, -6.750693 ], [ 108.653621, -6.750117 ], [ 108.653508, -6.749398 ], [ 108.653326, -6.748444 ], [ 108.653216, -6.747882 ], [ 108.653152, -6.74728 ], [ 108.653114, -6.747091 ], [ 108.653058, -6.747006 ], [ 108.652945, -6.746924 ], [ 108.652725, -6.746945 ], [ 108.652435, -6.747006 ], [ 108.651743, -6.747256 ], [ 108.650671, -6.747635 ], [ 108.650021, -6.747901 ], [ 108.649657, -6.748125 ], [ 108.649185, -6.748551 ], [ 108.648949, -6.748929 ], [ 108.64882, -6.749318 ], [ 108.648798, -6.749947 ], [ 108.648879, -6.750394 ], [ 108.649013, -6.750613 ], [ 108.649421, -6.750916 ], [ 108.649925, -6.751289 ], [ 108.650349, -6.751694 ], [ 108.650494, -6.752035 ], [ 108.650553, -6.752419 ], [ 108.650563, -6.753186 ], [ 108.650494, -6.75383 ], [ 108.650354, -6.754454 ], [ 108.649946, -6.755412 ], [ 108.649458, -6.756286 ], [ 108.64897, -6.757005 ], [ 108.648638, -6.757437 ], [ 108.647463, -6.75847 ], [ 108.646663, -6.759248 ], [ 108.645918, -6.759893 ], [ 108.645258, -6.760447 ], [ 108.644046, -6.761256 ], [ 108.643112, -6.761938 ], [ 108.642565, -6.762487 ], [ 108.642163, -6.762966 ], [ 108.641728, -6.763584 ], [ 108.640945, -6.764128 ], [ 108.638971, -6.765204 ], [ 108.637007, -6.766328 ], [ 108.635795, -6.766978 ], [ 108.634862, -6.767414 ], [ 108.634379, -6.767622 ], [ 108.633692, -6.767931 ], [ 108.633081, -6.768091 ], [ 108.632153, -6.768091 ], [ 108.631514, -6.768011 ], [ 108.630932, -6.768082 ], [ 108.630633, -6.768048 ], [ 108.630491, -6.76807 ], [ 108.629961, -6.764381 ], [ 108.6293, -6.760126 ], [ 108.629205, -6.759678 ], [ 108.629139, -6.759601 ], [ 108.628847, -6.759396 ], [ 108.628675, -6.759627 ], [ 108.629001, -6.759851 ], [ 108.629056, -6.759914 ], [ 108.629106, -6.75999 ], [ 108.629709, -6.764153 ], [ 108.629609, -6.764247 ], [ 108.629481, -6.764306 ], [ 108.629322, -6.76433 ], [ 108.629399, -6.764896 ], [ 108.62959, -6.764912 ], [ 108.629667, -6.765102 ], [ 108.629861, -6.765137 ], [ 108.630083, -6.766648 ], [ 108.630093, -6.767074 ], [ 108.630005, -6.767148 ], [ 108.629961, -6.767252 ], [ 108.629946, -6.767388 ], [ 108.62997, -6.767476 ], [ 108.630067, -6.767574 ], [ 108.630149, -6.767594 ], [ 108.630228, -6.767634 ], [ 108.630302, -6.768108 ], [ 108.630282, -6.768306 ], [ 108.630157, -6.768528 ], [ 108.629787, -6.768778 ], [ 108.629336, -6.76898 ], [ 108.62873, -6.769124 ], [ 108.628135, -6.769199 ], [ 108.627695, -6.769242 ], [ 108.627427, -6.769295 ], [ 108.627089, -6.769423 ], [ 108.626697, -6.769481 ], [ 108.626187, -6.769396 ], [ 108.625517, -6.769263 ], [ 108.624621, -6.769087 ], [ 108.623779, -6.768869 ], [ 108.622894, -6.768544 ], [ 108.622116, -6.768208 ], [ 108.621365, -6.767761 ], [ 108.620823, -6.767436 ], [ 108.62048, -6.767201 ], [ 108.620099, -6.766908 ], [ 108.619852, -6.766719 ], [ 108.619637, -6.766498 ], [ 108.619439, -6.766237 ], [ 108.619241, -6.765854 ], [ 108.61908, -6.765505 ], [ 108.618945, -6.765166 ], [ 108.61883, -6.764921 ], [ 108.618693, -6.764751 ], [ 108.618468, -6.764575 ], [ 108.618122, -6.764391 ], [ 108.617921, -6.764306 ], [ 108.617722, -6.764247 ], [ 108.617621, -6.764227 ], [ 108.617531, -6.76421 ], [ 108.617438, -6.764191 ], [ 108.617159, -6.764282 ], [ 108.61695, -6.764442 ], [ 108.616778, -6.764735 ], [ 108.616542, -6.765177 ], [ 108.615947, -6.766317 ], [ 108.615662, -6.766791 ], [ 108.615416, -6.76701 ], [ 108.614831, -6.767201 ], [ 108.614166, -6.767404 ], [ 108.613581, -6.767542 ], [ 108.613114, -6.76759 ], [ 108.612648, -6.767713 ], [ 108.612106, -6.767963 ], [ 108.611752, -6.768086 ], [ 108.611124, -6.768022 ], [ 108.61062, -6.767846 ], [ 108.610126, -6.767622 ], [ 108.609746, -6.767319 ], [ 108.609359, -6.767036 ], [ 108.608978, -6.766685 ], [ 108.608656, -6.766466 ], [ 108.608378, -6.766317 ], [ 108.607825, -6.766045 ], [ 108.606806, -6.765576 ], [ 108.605867, -6.765071 ], [ 108.605202, -6.764655 ], [ 108.604478, -6.764154 ], [ 108.603668, -6.763622 ], [ 108.602879, -6.763115 ], [ 108.60172, -6.762226 ], [ 108.600642, -6.761102 ], [ 108.599768, -6.760159 ], [ 108.599451, -6.759749 ], [ 108.598952, -6.758907 ], [ 108.598732, -6.758553 ], [ 108.59863, -6.758364 ], [ 108.598536, -6.758262 ], [ 108.598418, -6.758196 ], [ 108.59829, -6.758161 ], [ 108.598177, -6.758065 ], [ 108.598105, -6.757954 ], [ 108.598056, -6.757674 ], [ 108.597989, -6.757349 ], [ 108.597909, -6.757133 ], [ 108.597756, -6.756907 ], [ 108.597627, -6.756718 ], [ 108.597472, -6.756547 ], [ 108.597394, -6.756433 ], [ 108.597354, -6.756313 ], [ 108.597356, -6.756185 ], [ 108.59738, -6.75598 ], [ 108.597407, -6.755724 ], [ 108.597399, -6.755506 ], [ 108.597356, -6.755269 ], [ 108.597273, -6.755064 ], [ 108.597171, -6.754776 ], [ 108.597123, -6.754283 ], [ 108.597126, -6.753894 ], [ 108.597155, -6.75358 ], [ 108.59722, -6.753351 ], [ 108.597303, -6.753174 ], [ 108.59733, -6.75309 ], [ 108.597319, -6.75305 ], [ 108.597257, -6.753037 ], [ 108.597182, -6.753047 ], [ 108.596989, -6.75309 ], [ 108.596624, -6.753127 ], [ 108.596493, -6.753106 ], [ 108.596419, -6.753028 ], [ 108.596407, -6.753015 ], [ 108.59634, -6.752922 ], [ 108.596292, -6.752751 ], [ 108.596281, -6.752453 ], [ 108.596195, -6.751268 ], [ 108.596141, -6.750876 ], [ 108.595948, -6.75009 ], [ 108.595846, -6.749379 ], [ 108.595782, -6.748865 ], [ 108.595777, -6.748607 ], [ 108.595736, -6.748466 ], [ 108.595624, -6.748303 ], [ 108.5956, -6.748186 ], [ 108.595602, -6.748002 ], [ 108.595634, -6.747755 ], [ 108.595704, -6.747509 ], [ 108.595785, -6.747371 ], [ 108.595938, -6.747145 ], [ 108.596015, -6.747038 ], [ 108.596101, -6.746862 ], [ 108.596174, -6.746607 ], [ 108.596251, -6.746367 ], [ 108.596302, -6.745994 ], [ 108.59627, -6.745783 ], [ 108.596149, -6.745584 ], [ 108.595897, -6.745392 ], [ 108.595669, -6.745307 ], [ 108.595398, -6.745227 ], [ 108.595294, -6.745184 ], [ 108.595195, -6.745096 ], [ 108.595109, -6.744976 ], [ 108.594996, -6.744822 ], [ 108.594744, -6.744619 ], [ 108.59447, -6.744462 ], [ 108.594355, -6.744406 ], [ 108.594178, -6.744374 ], [ 108.59402, -6.74439 ], [ 108.59333, -6.744537 ], [ 108.592998, -6.744518 ], [ 108.592746, -6.74446 ], [ 108.592402, -6.7443 ], [ 108.59208, -6.744129 ], [ 108.591716, -6.7439 ], [ 108.591292, -6.743618 ], [ 108.590989, -6.74336 ] ] } },
{ "type": "Feature", "properties": { "wilayah": "CIR" }, "geometry": { "type": "LineString", "coordinates": [ [ 108.834507, -6.758623 ], [ 108.835376, -6.757343 ], [ 108.836612, -6.757694 ], [ 108.836625, -6.758454 ], [ 108.838821, -6.759412 ], [ 108.8398, -6.759751 ], [ 108.839939, -6.759716 ], [ 108.840204, -6.758469 ], [ 108.84428, -6.759313 ], [ 108.844451, -6.759256 ], [ 108.844242, -6.758102 ], [ 108.845695, -6.75865 ], [ 108.846706, -6.757375 ], [ 108.847073, -6.757022 ], [ 108.847458, -6.756705 ], [ 108.848066, -6.755938 ], [ 108.847102, -6.754418 ], [ 108.847177, -6.754253 ], [ 108.845792, -6.752524 ], [ 108.84578, -6.752086 ], [ 108.847326, -6.751971 ], [ 108.847426, -6.751896 ], [ 108.847697, -6.750316 ], [ 108.847622, -6.750238 ], [ 108.845597, -6.749906 ], [ 108.845753, -6.748585 ], [ 108.845729, -6.748537 ], [ 108.845263, -6.748429 ], [ 108.84528, -6.748297 ], [ 108.845303, -6.748155 ], [ 108.845314, -6.748109 ], [ 108.844313, -6.747831 ], [ 108.843329, -6.747347 ], [ 108.843884, -6.74598 ], [ 108.843779, -6.745822 ], [ 108.842558, -6.745556 ], [ 108.84266, -6.744957 ], [ 108.842219, -6.744546 ], [ 108.842255, -6.744326 ], [ 108.842244, -6.744037 ], [ 108.842019, -6.743661 ], [ 108.841833, -6.742907 ], [ 108.841902, -6.742444 ], [ 108.842088, -6.742029 ], [ 108.84258, -6.741398 ], [ 108.842475, -6.740262 ], [ 108.843254, -6.739147 ], [ 108.843721, -6.738879 ], [ 108.844394, -6.738926 ], [ 108.844693, -6.738946 ], [ 108.84487, -6.738858 ], [ 108.844908, -6.738727 ], [ 108.844837, -6.738637 ], [ 108.844672, -6.738508 ], [ 108.844342, -6.738493 ], [ 108.844192, -6.738284 ], [ 108.844161, -6.738087 ], [ 108.844193, -6.737889 ], [ 108.844342, -6.737796 ], [ 108.844512, -6.737835 ], [ 108.844791, -6.73796 ], [ 108.84493, -6.737923 ], [ 108.844982, -6.737851 ], [ 108.845058, -6.737748 ], [ 108.844918, -6.737065 ], [ 108.844721, -6.736578 ], [ 108.844747, -6.736319 ], [ 108.84487, -6.736001 ], [ 108.844742, -6.735764 ], [ 108.844492, -6.735556 ], [ 108.84438, -6.735582 ], [ 108.843861, -6.735045 ], [ 108.843873, -6.734926 ], [ 108.843874, -6.734807 ], [ 108.843779, -6.734747 ], [ 108.843657, -6.734772 ], [ 108.843549, -6.734817 ], [ 108.843394, -6.734773 ], [ 108.843162, -6.734652 ], [ 108.843041, -6.734493 ], [ 108.843002, -6.734336 ], [ 108.843046, -6.73423 ], [ 108.842967, -6.734129 ], [ 108.842883, -6.734111 ], [ 108.842683, -6.733859 ], [ 108.842555, -6.733747 ], [ 108.842586, -6.733672 ], [ 108.842431, -6.733034 ], [ 108.842269, -6.732925 ], [ 108.842171, -6.732937 ], [ 108.842119, -6.733016 ], [ 108.842096, -6.733242 ], [ 108.842118, -6.73349 ], [ 108.842009, -6.733526 ], [ 108.841889, -6.733566 ], [ 108.841552, -6.733754 ], [ 108.841538, -6.733811 ], [ 108.84106, -6.733973 ], [ 108.840955, -6.733918 ], [ 108.840845, -6.733981 ], [ 108.84061, -6.734386 ], [ 108.840677, -6.734525 ], [ 108.840566, -6.734886 ], [ 108.840174, -6.735424 ], [ 108.839654, -6.735946 ], [ 108.838677, -6.736841 ], [ 108.837444, -6.737459 ], [ 108.835673, -6.738152 ], [ 108.833806, -6.738983 ], [ 108.832423, -6.739409 ], [ 108.831371, -6.739644 ], [ 108.83003, -6.739708 ], [ 108.828388, -6.739431 ], [ 108.827283, -6.739015 ], [ 108.82561, -6.738322 ], [ 108.825052, -6.738397 ], [ 108.824665, -6.738525 ], [ 108.824439, -6.738804 ], [ 108.824172, -6.739132 ], [ 108.824068, -6.73949 ], [ 108.823915, -6.740017 ], [ 108.823882, -6.740539 ], [ 108.82385, -6.741679 ], [ 108.823829, -6.743362 ], [ 108.823807, -6.744865 ], [ 108.823625, -6.745866 ], [ 108.823174, -6.7474 ], [ 108.822595, -6.7487 ], [ 108.821704, -6.749702 ], [ 108.82075, -6.750693 ], [ 108.819762, -6.751588 ], [ 108.818116, -6.752674 ], [ 108.816404, -6.753463 ], [ 108.815031, -6.753958 ], [ 108.813529, -6.754251 ], [ 108.812748, -6.754272 ], [ 108.812639, -6.754294 ], [ 108.812547, -6.754358 ], [ 108.812357, -6.754771 ], [ 108.811555, -6.756233 ], [ 108.811094, -6.75684 ], [ 108.810364, -6.757234 ], [ 108.808583, -6.757629 ], [ 108.806502, -6.758087 ], [ 108.804098, -6.758928 ], [ 108.803605, -6.759291 ], [ 108.80339, -6.759759 ], [ 108.803341, -6.759981 ], [ 108.803251, -6.760388 ], [ 108.803304, -6.761017 ], [ 108.803787, -6.761805 ], [ 108.804586, -6.762791 ], [ 108.805262, -6.763361 ], [ 108.805622, -6.763632 ], [ 108.805863, -6.763978 ], [ 108.806014, -6.76433 ], [ 108.806255, -6.765172 ], [ 108.806711, -6.765848 ], [ 108.807929, -6.767303 ], [ 108.809473, -6.768666 ], [ 108.810246, -6.769614 ], [ 108.810385, -6.770179 ], [ 108.810391, -6.77077 ], [ 108.8103, -6.771351 ], [ 108.810158, -6.772189 ], [ 108.810143, -6.772278 ], [ 108.810089, -6.772341 ], [ 108.810027, -6.772368 ], [ 108.809768, -6.772432 ], [ 108.809746, -6.772453 ], [ 108.809737, -6.77248 ], [ 108.80974, -6.772518 ], [ 108.809763, -6.772676 ], [ 108.809764, -6.772946 ], [ 108.809742, -6.773096 ], [ 108.809758, -6.77318 ], [ 108.809841, -6.773354 ], [ 108.810077, -6.773916 ], [ 108.810053, -6.774087 ], [ 108.809986, -6.774204 ], [ 108.809876, -6.774297 ], [ 108.809664, -6.774374 ], [ 108.809184, -6.774539 ], [ 108.808626, -6.77461 ], [ 108.808576, -6.774639 ], [ 108.80857, -6.77467 ], [ 108.808583, -6.774739 ], [ 108.808677, -6.775088 ], [ 108.80869, -6.775357 ], [ 108.808666, -6.775469 ], [ 108.808567, -6.775589 ], [ 108.808304, -6.775754 ], [ 108.8082, -6.775839 ], [ 108.808116, -6.776023 ], [ 108.808009, -6.776374 ], [ 108.807832, -6.776896 ], [ 108.807494, -6.77752 ], [ 108.806995, -6.778319 ], [ 108.80633, -6.779342 ], [ 108.80574, -6.780295 ], [ 108.805102, -6.781222 ], [ 108.804479, -6.782101 ], [ 108.8039, -6.782831 ], [ 108.802886, -6.783912 ], [ 108.802124, -6.784722 ], [ 108.801271, -6.785462 ], [ 108.800284, -6.786304 ], [ 108.799426, -6.787151 ], [ 108.798471, -6.788136 ], [ 108.797817, -6.788802 ], [ 108.797221, -6.789404 ], [ 108.796352, -6.790246 ], [ 108.795601, -6.790895 ], [ 108.794614, -6.791551 ], [ 108.793761, -6.792025 ], [ 108.793048, -6.792451 ], [ 108.792007, -6.793149 ], [ 108.790805, -6.793996 ], [ 108.789051, -6.795253 ], [ 108.787469, -6.796377 ], [ 108.785967, -6.797362 ], [ 108.784427, -6.798481 ], [ 108.782732, -6.799653 ], [ 108.781294, -6.800638 ], [ 108.779631, -6.80165 ], [ 108.777909, -6.802721 ], [ 108.776203, -6.803749 ], [ 108.77498, -6.804399 ], [ 108.773645, -6.805224 ], [ 108.772529, -6.805954 ], [ 108.771751, -6.806401 ], [ 108.770968, -6.806806 ], [ 108.770136, -6.807131 ], [ 108.769535, -6.807424 ], [ 108.768876, -6.807882 ], [ 108.768173, -6.808356 ], [ 108.767207, -6.808878 ], [ 108.765759, -6.809491 ], [ 108.763951, -6.810237 ], [ 108.762529, -6.810743 ], [ 108.761349, -6.811206 ], [ 108.759949, -6.811749 ], [ 108.758674, -6.812199 ], [ 108.75849, -6.812252 ], [ 108.756512, -6.812779 ], [ 108.755478, -6.813151 ], [ 108.75495, -6.813295 ], [ 108.754274, -6.81348 ], [ 108.7529, -6.813789 ], [ 108.752444, -6.813866 ], [ 108.751726, -6.813987 ], [ 108.750604, -6.814205 ], [ 108.750299, -6.814262 ], [ 108.74995, -6.814327 ], [ 108.74921, -6.814343 ], [ 108.74826, -6.814247 ], [ 108.747423, -6.81413 ], [ 108.746211, -6.814002 ], [ 108.744832, -6.813805 ], [ 108.743904, -6.813662 ], [ 108.743046, -6.813502 ], [ 108.742021, -6.81323 ], [ 108.741233, -6.812985 ], [ 108.741038, -6.812907 ], [ 108.7407, -6.812773 ], [ 108.740417, -6.81266 ], [ 108.739623, -6.812341 ], [ 108.738829, -6.811941 ], [ 108.737757, -6.811334 ], [ 108.735606, -6.810205 ], [ 108.73446, -6.809494 ], [ 108.733851, -6.809163 ], [ 108.733437, -6.808987 ], [ 108.733098, -6.808874 ], [ 108.732951, -6.80882 ], [ 108.732736, -6.808741 ], [ 108.73195, -6.808343 ], [ 108.731872, -6.808298 ], [ 108.73196, -6.807832 ], [ 108.732113, -6.807174 ], [ 108.7324, -6.805853 ], [ 108.732364, -6.805826 ], [ 108.732329, -6.805799 ], [ 108.732314, -6.805645 ], [ 108.732255, -6.805569 ], [ 108.732191, -6.805533 ], [ 108.732087, -6.805549 ], [ 108.731993, -6.805548 ], [ 108.731936, -6.805511 ], [ 108.731891, -6.805465 ], [ 108.731818, -6.805449 ], [ 108.731738, -6.805475 ], [ 108.731672, -6.805477 ], [ 108.731036, -6.805436 ], [ 108.730419, -6.805375 ], [ 108.73015, -6.80542 ], [ 108.730284, -6.804725 ], [ 108.730238, -6.804715 ], [ 108.73009, -6.805444 ], [ 108.729925, -6.805625 ], [ 108.73, -6.805718 ], [ 108.729591, -6.807848 ] ] } },
{ "type": "Feature", "properties": { "wilayah": "CIR" }, "geometry": { "type": "LineString", "coordinates": [ [ 109.102243, -6.839953 ], [ 109.101846, -6.839722 ], [ 109.101986, -6.839559 ], [ 109.101979, -6.839531 ], [ 109.101946, -6.839531 ], [ 109.1018, -6.839684 ], [ 109.100717, -6.839047 ], [ 109.100598, -6.839074 ], [ 109.100505, -6.839075 ], [ 109.100072, -6.838836 ], [ 109.099512, -6.838781 ], [ 109.099316, -6.838497 ], [ 109.098977, -6.838694 ], [ 109.098801, -6.838589 ], [ 109.098516, -6.838299 ], [ 109.098111, -6.837913 ], [ 109.097527, -6.837455 ], [ 109.096505, -6.836626 ], [ 109.096008, -6.83615 ], [ 109.095553, -6.835702 ], [ 109.095102, -6.835332 ], [ 109.094547, -6.834762 ], [ 109.093935, -6.834126 ], [ 109.093383, -6.833569 ], [ 109.093042, -6.833196 ], [ 109.092377, -6.832512 ], [ 109.091704, -6.831835 ], [ 109.091223, -6.831353 ], [ 109.090741, -6.830757 ], [ 109.090231, -6.830173 ], [ 109.089772, -6.829625 ], [ 109.089359, -6.829151 ], [ 109.088978, -6.828655 ], [ 109.088573, -6.828165 ], [ 109.088222, -6.827777 ], [ 109.087906, -6.827324 ], [ 109.087356, -6.826586 ], [ 109.086666, -6.825643 ], [ 109.085891, -6.824504 ], [ 109.085162, -6.8233 ], [ 109.084172, -6.821644 ], [ 109.083662, -6.820768 ], [ 109.083693, -6.820671 ], [ 109.083694, -6.82064 ], [ 109.083678, -6.82062 ], [ 109.083654, -6.820611 ], [ 109.083635, -6.820621 ], [ 109.083626, -6.820638 ], [ 109.083587, -6.82075 ], [ 109.083427, -6.820713 ], [ 109.083279, -6.820678 ], [ 109.083305, -6.820565 ], [ 109.083342, -6.820493 ], [ 109.083347, -6.820469 ], [ 109.083336, -6.820453 ], [ 109.083309, -6.820445 ], [ 109.083287, -6.820451 ], [ 109.083269, -6.820467 ], [ 109.083231, -6.820544 ], [ 109.083205, -6.820661 ], [ 109.083154, -6.82072 ], [ 109.083077, -6.820742 ], [ 109.083014, -6.82072 ], [ 109.082942, -6.820681 ], [ 109.082747, -6.820451 ], [ 109.082088, -6.81942 ], [ 109.08042, -6.81698 ], [ 109.078993, -6.815169 ], [ 109.077512, -6.812953 ], [ 109.0769, -6.81225 ], [ 109.076268, -6.811803 ], [ 109.075602, -6.811483 ], [ 109.074647, -6.811323 ], [ 109.073285, -6.811142 ], [ 109.071493, -6.810982 ], [ 109.070796, -6.810961 ], [ 109.069916, -6.810929 ], [ 109.068478, -6.810769 ], [ 109.067218, -6.810295 ], [ 109.066756, -6.810061 ], [ 109.06652, -6.809834 ], [ 109.066295, -6.809462 ], [ 109.06596, -6.809041 ], [ 109.065734, -6.808873 ], [ 109.065496, -6.808782 ], [ 109.06527, -6.808642 ], [ 109.065261, -6.808599 ], [ 109.065264, -6.808559 ], [ 109.065288, -6.80851 ], [ 109.065366, -6.80836 ], [ 109.065457, -6.808229 ], [ 109.065631, -6.808057 ], [ 109.066016, -6.807738 ], [ 109.066259, -6.8076 ], [ 109.06744, -6.806886 ], [ 109.067891, -6.806593 ], [ 109.068092, -6.806423 ], [ 109.068167, -6.805986 ], [ 109.06791, -6.805134 ], [ 109.067245, -6.803866 ], [ 109.067127, -6.803131 ], [ 109.067245, -6.802289 ], [ 109.067545, -6.801512 ], [ 109.068178, -6.800745 ], [ 109.069251, -6.799988 ], [ 109.070334, -6.799264 ], [ 109.071525, -6.798934 ], [ 109.072341, -6.798774 ], [ 109.073381, -6.798944 ], [ 109.074207, -6.799285 ], [ 109.074776, -6.799551 ], [ 109.07542, -6.80002 ], [ 109.076579, -6.801203 ], [ 109.07734, -6.801693 ], [ 109.077952, -6.801725 ], [ 109.078531, -6.801576 ], [ 109.079186, -6.801064 ], [ 109.08043, -6.799977 ], [ 109.080849, -6.799349 ], [ 109.080999, -6.798656 ], [ 109.080977, -6.798134 ], [ 109.080559, -6.797612 ], [ 109.079647, -6.796995 ], [ 109.077501, -6.796036 ], [ 109.076579, -6.795439 ], [ 109.076171, -6.79496 ], [ 109.075806, -6.793916 ], [ 109.075828, -6.792105 ], [ 109.075978, -6.791103 ], [ 109.076214, -6.790123 ], [ 109.076986, -6.788482 ], [ 109.078188, -6.786373 ], [ 109.07939, -6.784988 ], [ 109.080216, -6.78429 ], [ 109.08065, -6.783976 ], [ 109.081203, -6.783688 ], [ 109.082372, -6.783385 ], [ 109.083391, -6.783235 ], [ 109.083939, -6.783241 ], [ 109.084309, -6.783337 ], [ 109.084985, -6.78364 ], [ 109.085446, -6.783965 ], [ 109.085736, -6.78428 ], [ 109.086057, -6.784567 ], [ 109.08642, -6.784764 ], [ 109.086661, -6.784889 ], [ 109.086758, -6.784935 ], [ 109.086846, -6.784927 ], [ 109.086929, -6.784841 ], [ 109.087329, -6.784181 ], [ 109.087396, -6.783603 ], [ 109.087425, -6.782836 ], [ 109.087543, -6.782447 ], [ 109.087704, -6.782191 ], [ 109.088262, -6.781696 ], [ 109.088713, -6.781488 ], [ 109.088906, -6.781307 ], [ 109.08896, -6.781121 ], [ 109.089013, -6.78087 ], [ 109.088944, -6.780583 ], [ 109.088826, -6.78046 ], [ 109.08823, -6.780055 ], [ 109.087554, -6.779746 ], [ 109.08631, -6.77924 ], [ 109.085553, -6.77874 ], [ 109.084615, -6.777877 ], [ 109.084311, -6.777506 ], [ 109.084118, -6.777131 ], [ 109.084033, -6.776934 ], [ 109.083998, -6.776769 ], [ 109.084073, -6.776582 ], [ 109.084244, -6.776361 ], [ 109.084588, -6.776023 ], [ 109.085084, -6.775669 ], [ 109.085198, -6.775599 ], [ 109.085238, -6.775543 ], [ 109.08525, -6.775485 ], [ 109.085231, -6.775422 ], [ 109.085142, -6.775362 ], [ 109.08494, -6.775302 ], [ 109.084443, -6.775376 ], [ 109.084081, -6.775376 ], [ 109.083975, -6.775346 ], [ 109.083877, -6.775288 ], [ 109.083869, -6.775216 ], [ 109.083888, -6.775157 ], [ 109.084033, -6.774981 ], [ 109.084299, -6.774772 ], [ 109.084641, -6.774491 ], [ 109.084873, -6.774348 ], [ 109.084922, -6.774294 ], [ 109.084927, -6.774256 ], [ 109.084908, -6.774226 ], [ 109.084857, -6.774212 ], [ 109.084727, -6.774216 ], [ 109.08459, -6.77426 ], [ 109.084014, -6.774568 ], [ 109.083383, -6.774859 ], [ 109.082697, -6.775107 ], [ 109.081412, -6.775541 ], [ 109.081055, -6.775669 ], [ 109.080661, -6.775687 ], [ 109.080044, -6.775607 ], [ 109.079508, -6.77548 ], [ 109.079154, -6.775325 ], [ 109.079089, -6.775069 ], [ 109.0791, -6.774718 ], [ 109.079406, -6.774073 ], [ 109.079851, -6.773221 ], [ 109.080103, -6.772486 ], [ 109.080269, -6.771713 ], [ 109.080409, -6.770744 ], [ 109.080312, -6.770408 ], [ 109.080124, -6.770147 ], [ 109.079459, -6.769737 ], [ 109.079068, -6.769646 ], [ 109.078773, -6.769678 ], [ 109.078456, -6.769817 ], [ 109.077673, -6.770872 ], [ 109.076922, -6.771735 ], [ 109.076289, -6.772193 ], [ 109.074744, -6.77296 ], [ 109.073714, -6.773802 ], [ 109.073017, -6.774494 ], [ 109.072523, -6.775421 ], [ 109.071364, -6.777743 ], [ 109.070485, -6.779533 ], [ 109.069712, -6.780311 ], [ 109.069133, -6.780492 ], [ 109.068081, -6.780204 ], [ 109.067105, -6.779405 ], [ 109.066654, -6.778638 ], [ 109.06644, -6.777445 ], [ 109.066354, -6.775943 ], [ 109.066429, -6.774398 ], [ 109.066515, -6.769561 ], [ 109.066579, -6.768208 ], [ 109.067094, -6.76677 ], [ 109.067228, -6.766376 ], [ 109.067448, -6.766136 ], [ 109.067631, -6.766067 ], [ 109.068124, -6.766104 ], [ 109.068468, -6.766131 ], [ 109.069162, -6.766088 ], [ 109.069535, -6.766032 ], [ 109.06968, -6.765965 ], [ 109.069766, -6.765843 ], [ 109.069798, -6.765694 ], [ 109.069701, -6.765379 ], [ 109.069369, -6.764671 ], [ 109.068865, -6.763701 ], [ 109.068382, -6.76253 ], [ 109.068146, -6.761432 ], [ 109.068071, -6.760527 ], [ 109.068039, -6.75895 ], [ 109.067727, -6.755998 ], [ 109.067352, -6.753868 ], [ 109.067094, -6.752973 ], [ 109.066729, -6.752525 ], [ 109.066054, -6.752419 ], [ 109.065667, -6.752434 ], [ 109.06541, -6.75261 ], [ 109.065286, -6.752871 ], [ 109.065303, -6.753505 ], [ 109.065474, -6.754592 ], [ 109.065635, -6.755839 ], [ 109.06571, -6.756744 ], [ 109.065581, -6.757437 ], [ 109.06526, -6.758502 ], [ 109.064584, -6.760313 ], [ 109.064144, -6.761251 ], [ 109.063629, -6.762125 ], [ 109.062513, -6.763147 ], [ 109.062245, -6.763371 ], [ 109.062084, -6.763733 ], [ 109.062116, -6.764074 ], [ 109.062384, -6.764607 ], [ 109.062663, -6.765342 ], [ 109.062663, -6.765981 ], [ 109.062459, -6.766685 ], [ 109.061987, -6.767601 ], [ 109.06085, -6.768943 ], [ 109.058211, -6.77101 ], [ 109.057181, -6.771564 ], [ 109.056301, -6.771756 ], [ 109.055185, -6.771649 ], [ 109.054027, -6.77084 ], [ 109.053276, -6.770371 ], [ 109.052439, -6.770435 ], [ 109.051988, -6.770584 ], [ 109.051559, -6.771394 ], [ 109.050572, -6.773972 ], [ 109.0504, -6.775144 ], [ 109.050443, -6.775655 ], [ 109.051108, -6.776401 ], [ 109.052632, -6.777999 ], [ 109.053039, -6.779384 ], [ 109.053018, -6.780961 ], [ 109.052374, -6.783347 ], [ 109.051237, -6.785521 ], [ 109.05055, -6.786266 ], [ 109.04952, -6.786607 ], [ 109.042332, -6.785819 ], [ 109.0398, -6.785776 ], [ 109.038234, -6.786032 ], [ 109.037139, -6.786543 ], [ 109.034843, -6.788887 ], [ 109.033255, -6.790592 ], [ 109.031539, -6.791785 ], [ 109.029822, -6.791913 ], [ 109.024458, -6.790251 ], [ 109.020338, -6.789228 ], [ 109.017034, -6.789036 ], [ 109.015489, -6.78959 ], [ 109.013772, -6.791188 ], [ 109.012957, -6.792446 ], [ 109.011283, -6.797772 ], [ 109.009438, -6.801757 ], [ 109.008086, -6.802971 ], [ 109.006369, -6.803653 ], [ 109.004438, -6.803227 ], [ 109.001412, -6.801352 ], [ 108.998827, -6.79969 ], [ 108.998097, -6.798987 ], [ 108.997507, -6.798443 ], [ 108.996895, -6.798156 ], [ 108.99652, -6.798166 ], [ 108.995898, -6.798486 ], [ 108.995383, -6.799115 ], [ 108.994878, -6.799924 ], [ 108.994128, -6.800702 ], [ 108.992958, -6.801288 ], [ 108.990769, -6.802204 ], [ 108.987422, -6.803504 ], [ 108.984783, -6.804782 ], [ 108.982894, -6.805613 ], [ 108.980684, -6.80638 ], [ 108.978429, -6.806596 ], [ 108.975773, -6.806103 ], [ 108.974108, -6.805741 ], [ 108.971887, -6.805325 ], [ 108.970631, -6.805283 ], [ 108.969998, -6.805347 ], [ 108.969537, -6.805496 ], [ 108.969312, -6.805656 ], [ 108.969129, -6.806199 ], [ 108.969033, -6.807105 ], [ 108.96885, -6.807957 ], [ 108.968636, -6.808926 ], [ 108.968249, -6.809949 ], [ 108.967745, -6.811089 ], [ 108.967198, -6.812154 ], [ 108.966179, -6.813539 ], [ 108.964999, -6.814711 ], [ 108.96296, -6.81617 ], [ 108.961351, -6.817246 ], [ 108.960782, -6.817534 ], [ 108.960385, -6.817704 ], [ 108.959795, -6.817917 ], [ 108.958969, -6.818173 ], [ 108.958154, -6.818525 ], [ 108.956909, -6.819196 ], [ 108.956201, -6.819601 ], [ 108.954989, -6.820048 ], [ 108.950289, -6.821465 ], [ 108.948627, -6.822104 ], [ 108.947822, -6.822605 ], [ 108.947167, -6.823233 ], [ 108.946207, -6.823792 ], [ 108.945456, -6.824053 ], [ 108.94448, -6.824235 ], [ 108.942908, -6.82448 ], [ 108.941524, -6.824671 ], [ 108.940827, -6.824714 ], [ 108.939394, -6.824762 ], [ 108.937463, -6.824821 ], [ 108.936009, -6.824831 ], [ 108.934711, -6.824703 ], [ 108.93374, -6.824645 ], [ 108.932796, -6.824522 ], [ 108.932056, -6.824336 ], [ 108.931321, -6.824096 ], [ 108.930766, -6.823947 ], [ 108.930591, -6.823976 ], [ 108.930355, -6.824083 ], [ 108.930184, -6.824245 ], [ 108.93006, -6.824453 ], [ 108.929907, -6.824655 ], [ 108.929733, -6.824783 ], [ 108.929293, -6.824765 ], [ 108.928958, -6.824618 ], [ 108.928762, -6.824445 ], [ 108.928582, -6.824117 ], [ 108.92844, -6.823436 ], [ 108.928336, -6.823068 ], [ 108.928151, -6.822847 ], [ 108.927914, -6.822653 ], [ 108.927051, -6.822328 ], [ 108.925549, -6.821625 ], [ 108.922641, -6.820357 ], [ 108.919594, -6.818929 ], [ 108.917159, -6.817523 ], [ 108.915785, -6.81666 ], [ 108.915206, -6.816319 ], [ 108.91438, -6.815851 ], [ 108.913994, -6.815691 ], [ 108.913586, -6.815584 ], [ 108.912342, -6.815584 ], [ 108.907964, -6.816138 ], [ 108.904874, -6.816447 ], [ 108.903801, -6.816213 ], [ 108.902053, -6.815616 ], [ 108.900304, -6.815137 ], [ 108.898877, -6.814775 ], [ 108.896602, -6.814072 ], [ 108.895272, -6.813731 ], [ 108.89304, -6.813092 ], [ 108.892193, -6.812953 ], [ 108.891689, -6.812974 ], [ 108.889983, -6.813273 ], [ 108.888845, -6.81356 ], [ 108.887837, -6.813646 ], [ 108.887193, -6.813646 ], [ 108.886346, -6.813411 ], [ 108.885047, -6.812825 ], [ 108.88376, -6.812218 ], [ 108.880906, -6.811185 ], [ 108.879468, -6.810577 ], [ 108.878546, -6.810119 ], [ 108.877419, -6.809533 ], [ 108.876175, -6.809107 ], [ 108.873728, -6.808553 ], [ 108.872634, -6.808308 ], [ 108.870719, -6.807962 ], [ 108.868879, -6.807712 ], [ 108.867463, -6.807509 ], [ 108.866444, -6.807307 ], [ 108.865113, -6.8067 ], [ 108.862849, -6.804878 ], [ 108.861122, -6.803749 ], [ 108.859384, -6.802769 ], [ 108.855629, -6.80084 ], [ 108.851573, -6.798965 ], [ 108.847368, -6.79741 ], [ 108.844793, -6.796494 ], [ 108.841274, -6.794981 ], [ 108.838763, -6.793234 ], [ 108.83739, -6.791572 ], [ 108.836467, -6.789143 ], [ 108.836789, -6.787311 ], [ 108.837798, -6.784647 ], [ 108.837884, -6.783283 ], [ 108.837583, -6.78111 ], [ 108.836424, -6.778383 ], [ 108.834836, -6.775101 ], [ 108.833506, -6.772054 ], [ 108.832776, -6.76954 ], [ 108.83254, -6.767303 ], [ 108.833013, -6.763552 ], [ 108.833855, -6.759722 ], [ 108.834099, -6.759157 ], [ 108.834507, -6.758623 ] ] } },
{ "type": "Feature", "properties": { "wilayah": "CIR" }, "geometry": { "type": "LineString", "coordinates": [ [ 108.539378, -6.516084 ], [ 108.538935, -6.514677 ], [ 108.538721, -6.513781 ], [ 108.538377, -6.51231 ], [ 108.538039, -6.510488 ], [ 108.537621, -6.508393 ], [ 108.537283, -6.506122 ], [ 108.537188, -6.50503 ], [ 108.537127, -6.503849 ], [ 108.536988, -6.502221 ], [ 108.536963, -6.501771 ], [ 108.536932, -6.501214 ], [ 108.536899, -6.500742 ], [ 108.536873, -6.499836 ], [ 108.536877, -6.499012 ], [ 108.53687, -6.498129 ], [ 108.536838, -6.497333 ], [ 108.536899, -6.49655 ], [ 108.536969, -6.495839 ], [ 108.537012, -6.495527 ], [ 108.537087, -6.495127 ], [ 108.537146, -6.494828 ], [ 108.537229, -6.494317 ], [ 108.537334, -6.49388 ], [ 108.53742, -6.493592 ], [ 108.537535, -6.493091 ], [ 108.53761, -6.49271 ], [ 108.537755, -6.492265 ], [ 108.5379, -6.491705 ], [ 108.538045, -6.490903 ], [ 108.538168, -6.489866 ], [ 108.538324, -6.488837 ], [ 108.538688, -6.487116 ], [ 108.538804, -6.486543 ], [ 108.538825, -6.486523 ], [ 108.538899, -6.486514 ], [ 108.539838, -6.486525 ], [ 108.539963, -6.486522 ], [ 108.540015, -6.486504 ], [ 108.540039, -6.486468 ], [ 108.540058, -6.486278 ], [ 108.540087, -6.485986 ], [ 108.54022, -6.485783 ], [ 108.540435, -6.485637 ], [ 108.54077, -6.485485 ], [ 108.541135, -6.485378 ], [ 108.541703, -6.485346 ], [ 108.542556, -6.48541 ], [ 108.543119, -6.485487 ], [ 108.543573, -6.485562 ], [ 108.543672, -6.485567 ], [ 108.543726, -6.485554 ], [ 108.543761, -6.485485 ], [ 108.543758, -6.485402 ], [ 108.543677, -6.485285 ], [ 108.54353, -6.485192 ], [ 108.542977, -6.484904 ], [ 108.542234, -6.484445 ], [ 108.541781, -6.48415 ], [ 108.541405, -6.483896 ], [ 108.541121, -6.483678 ], [ 108.540357, -6.483227 ], [ 108.539794, -6.482878 ], [ 108.539429, -6.48263 ], [ 108.538977, -6.482413 ], [ 108.538729, -6.482277 ], [ 108.538497, -6.482157 ], [ 108.538349, -6.482101 ], [ 108.538215, -6.482067 ], [ 108.538092, -6.482035 ], [ 108.538027, -6.481998 ], [ 108.537955, -6.481915 ], [ 108.537909, -6.481842 ], [ 108.537845, -6.481811 ], [ 108.537797, -6.481808 ], [ 108.537547, -6.481973 ], [ 108.537475, -6.481987 ], [ 108.537363, -6.48198 ], [ 108.536999, -6.481871 ], [ 108.536299, -6.481634 ], [ 108.535126, -6.481215 ], [ 108.533984, -6.480768 ], [ 108.533357, -6.480568 ], [ 108.533185, -6.480522 ], [ 108.533103, -6.480512 ], [ 108.532944, -6.480532 ], [ 108.532816, -6.480538 ], [ 108.532664, -6.480514 ], [ 108.532375, -6.480424 ], [ 108.532026, -6.480296 ], [ 108.531328, -6.480112 ], [ 108.530062, -6.479819 ], [ 108.529032, -6.479579 ], [ 108.528327, -6.47939 ], [ 108.527766, -6.47923 ], [ 108.52712, -6.479057 ], [ 108.526442, -6.47891 ], [ 108.526031, -6.478817 ], [ 108.525578, -6.478732 ], [ 108.52524, -6.47867 ], [ 108.524768, -6.47855 ], [ 108.524135, -6.47835 ], [ 108.523555, -6.478153 ], [ 108.522705, -6.477857 ], [ 108.521946, -6.477604 ], [ 108.521445, -6.47742 ], [ 108.521053, -6.477271 ], [ 108.520763, -6.477191 ], [ 108.520417, -6.47713 ], [ 108.520071, -6.477068 ], [ 108.519663, -6.476957 ], [ 108.519103, -6.476791 ], [ 108.518317, -6.476514 ], [ 108.517622, -6.476258 ], [ 108.517306, -6.476141 ], [ 108.51692, -6.476026 ], [ 108.516222, -6.475861 ], [ 108.515726, -6.475728 ], [ 108.515128, -6.475539 ], [ 108.514355, -6.475243 ], [ 108.513811, -6.475038 ], [ 108.513175, -6.474758 ], [ 108.512582, -6.474486 ], [ 108.511976, -6.47422 ], [ 108.511381, -6.473921 ], [ 108.510565, -6.473508 ], [ 108.509801, -6.473087 ], [ 108.509173, -6.47277 ], [ 108.508704, -6.472575 ], [ 108.508447, -6.472514 ], [ 108.508318, -6.472471 ], [ 108.508231, -6.472429 ], [ 108.508083, -6.472297 ], [ 108.507945, -6.472191 ], [ 108.507886, -6.472163 ], [ 108.507734, -6.472117 ], [ 108.507587, -6.472071 ], [ 108.507273, -6.471942 ], [ 108.507171, -6.471906 ], [ 108.507101, -6.471908 ], [ 108.507045, -6.471927 ], [ 108.506978, -6.471935 ], [ 108.506818, -6.471906 ], [ 108.506502, -6.471781 ], [ 108.505767, -6.471413 ], [ 108.505281, -6.471091 ], [ 108.505131, -6.470931 ], [ 108.505099, -6.470814 ], [ 108.505098, -6.470648 ], [ 108.505098, -6.4706 ], [ 108.505077, -6.470564 ], [ 108.505052, -6.47055 ], [ 108.505012, -6.470553 ], [ 108.504852, -6.470607 ], [ 108.504736, -6.470607 ], [ 108.504675, -6.470592 ], [ 108.504521, -6.470523 ], [ 108.504324, -6.470395 ], [ 108.504244, -6.470379 ], [ 108.504183, -6.47039 ], [ 108.504089, -6.47046 ], [ 108.503959, -6.470542 ], [ 108.503845, -6.470571 ], [ 108.50368, -6.470548 ], [ 108.503519, -6.470515 ], [ 108.503354, -6.47045 ], [ 108.503023, -6.470252 ], [ 108.502705, -6.470065 ], [ 108.502399, -6.469882 ], [ 108.502197, -6.469735 ], [ 108.502104, -6.469702 ], [ 108.502036, -6.469703 ], [ 108.501929, -6.469705 ], [ 108.501797, -6.469674 ], [ 108.501593, -6.469597 ], [ 108.501316, -6.469465 ], [ 108.501225, -6.469392 ], [ 108.501154, -6.469305 ], [ 108.501082, -6.469189 ], [ 108.501045, -6.469137 ], [ 108.500973, -6.469056 ], [ 108.500767, -6.468941 ], [ 108.500605, -6.46886 ], [ 108.500394, -6.468751 ], [ 108.500289, -6.46868 ], [ 108.50015, -6.468517 ], [ 108.499999, -6.468243 ], [ 108.499951, -6.468159 ], [ 108.499876, -6.468103 ], [ 108.499686, -6.468 ], [ 108.499582, -6.467932 ], [ 108.499499, -6.467865 ], [ 108.499453, -6.467785 ], [ 108.499338, -6.467523 ], [ 108.49928, -6.467422 ], [ 108.499226, -6.467333 ], [ 108.499107, -6.467245 ], [ 108.499009, -6.4672 ], [ 108.498729, -6.467056 ], [ 108.498406, -6.46689 ], [ 108.498263, -6.466829 ], [ 108.498204, -6.466836 ], [ 108.498112, -6.466861 ], [ 108.497946, -6.466889 ], [ 108.497804, -6.466878 ], [ 108.497641, -6.466834 ], [ 108.497354, -6.466681 ], [ 108.497242, -6.466628 ], [ 108.497137, -6.466615 ], [ 108.497019, -6.466624 ], [ 108.496873, -6.466617 ], [ 108.496767, -6.466595 ], [ 108.49665, -6.466544 ], [ 108.496347, -6.466359 ], [ 108.496026, -6.46615 ], [ 108.495942, -6.4661 ], [ 108.49578, -6.466055 ], [ 108.495658, -6.466026 ], [ 108.495552, -6.465998 ], [ 108.495377, -6.465914 ], [ 108.495091, -6.465751 ], [ 108.494873, -6.465627 ], [ 108.494645, -6.465523 ], [ 108.494356, -6.465393 ], [ 108.494249, -6.465331 ], [ 108.494186, -6.465278 ], [ 108.494099, -6.465185 ], [ 108.494058, -6.465147 ], [ 108.494028, -6.465135 ], [ 108.494011, -6.465139 ], [ 108.49399, -6.465148 ], [ 108.493971, -6.465169 ], [ 108.493936, -6.465215 ], [ 108.493897, -6.465253 ], [ 108.493803, -6.465319 ], [ 108.493639, -6.465403 ], [ 108.493469, -6.465439 ], [ 108.493328, -6.46545 ], [ 108.493094, -6.465429 ], [ 108.49284, -6.465394 ], [ 108.492647, -6.465343 ], [ 108.492443, -6.465258 ], [ 108.492377, -6.465247 ], [ 108.492283, -6.46525 ], [ 108.492176, -6.465251 ], [ 108.492093, -6.46523 ], [ 108.491955, -6.465174 ], [ 108.491785, -6.465091 ], [ 108.491093, -6.46463 ], [ 108.490669, -6.464351 ], [ 108.490269, -6.464065 ], [ 108.489631, -6.463604 ], [ 108.489018, -6.463086 ], [ 108.488672, -6.462807 ], [ 108.488436, -6.462602 ], [ 108.48809, -6.462346 ], [ 108.487822, -6.462202 ], [ 108.487557, -6.462084 ], [ 108.487334, -6.462 ], [ 108.487159, -6.461897 ], [ 108.48699, -6.461792 ], [ 108.486868, -6.461692 ], [ 108.486734, -6.461561 ], [ 108.486525, -6.461359 ], [ 108.486484, -6.461341 ], [ 108.486466, -6.461341 ], [ 108.486438, -6.461367 ], [ 108.486202, -6.461231 ], [ 108.486183, -6.461268 ], [ 108.485979, -6.461276 ], [ 108.485661, -6.461172 ], [ 108.485491, -6.461116 ], [ 108.485393, -6.46111 ], [ 108.485295, -6.461114 ], [ 108.485201, -6.461114 ], [ 108.485086, -6.4611 ], [ 108.484958, -6.461047 ], [ 108.484792, -6.460956 ], [ 108.484527, -6.460811 ], [ 108.484165, -6.460593 ], [ 108.483939, -6.460451 ], [ 108.483615, -6.460206 ], [ 108.483167, -6.459838 ], [ 108.482644, -6.459449 ], [ 108.481968, -6.45894 ], [ 108.481461, -6.45853 ], [ 108.480951, -6.458098 ], [ 108.480391, -6.457605 ], [ 108.479913, -6.457216 ], [ 108.479417, -6.456804 ], [ 108.478992, -6.45644 ], [ 108.47874, -6.456228 ], [ 108.478596, -6.456116 ], [ 108.478391, -6.455966 ], [ 108.478154, -6.45581 ], [ 108.477967, -6.455671 ], [ 108.477724, -6.455483 ], [ 108.477451, -6.455236 ], [ 108.477108, -6.454922 ], [ 108.4767, -6.454583 ], [ 108.476308, -6.454236 ], [ 108.476006, -6.453999 ], [ 108.475694, -6.453747 ], [ 108.475505, -6.453571 ], [ 108.47519, -6.453274 ], [ 108.474962, -6.453066 ], [ 108.474664, -6.452778 ], [ 108.474404, -6.452534 ], [ 108.474138, -6.452291 ], [ 108.473929, -6.4521 ], [ 108.473839, -6.452031 ], [ 108.473701, -6.451957 ], [ 108.473543, -6.451877 ], [ 108.473369, -6.451773 ], [ 108.472797, -6.451274 ], [ 108.472583, -6.451082 ], [ 108.472364, -6.450883 ], [ 108.47205, -6.450671 ], [ 108.47196, -6.450608 ], [ 108.471891, -6.450539 ], [ 108.471849, -6.450471 ], [ 108.471795, -6.45036 ], [ 108.471771, -6.450314 ], [ 108.471733, -6.450274 ], [ 108.471633, -6.450219 ], [ 108.471567, -6.450199 ], [ 108.471545, -6.4502 ], [ 108.471504, -6.45022 ], [ 108.471453, -6.450256 ], [ 108.471416, -6.450272 ], [ 108.471354, -6.450262 ], [ 108.471266, -6.450225 ], [ 108.470823, -6.449892 ], [ 108.470418, -6.449555 ], [ 108.470011, -6.449159 ], [ 108.469761, -6.448906 ], [ 108.469565, -6.448709 ], [ 108.469396, -6.448559 ], [ 108.4692, -6.448373 ], [ 108.468771, -6.447901 ], [ 108.46831, -6.447387 ], [ 108.467968, -6.446971 ], [ 108.467731, -6.44669 ], [ 108.467551, -6.44647 ], [ 108.467374, -6.446244 ], [ 108.467201, -6.446021 ], [ 108.46709, -6.445833 ], [ 108.467009, -6.445677 ], [ 108.466887, -6.445514 ], [ 108.466788, -6.445406 ], [ 108.466627, -6.445264 ], [ 108.466337, -6.445001 ], [ 108.465852, -6.444623 ], [ 108.465536, -6.444343 ], [ 108.465178, -6.444018 ], [ 108.464752, -6.443654 ], [ 108.464456, -6.443422 ], [ 108.464189, -6.443222 ], [ 108.463758, -6.44291 ], [ 108.463469, -6.44269 ], [ 108.463156, -6.442464 ], [ 108.462857, -6.442208 ], [ 108.462361, -6.441755 ], [ 108.462138, -6.441552 ], [ 108.462086, -6.441478 ], [ 108.462051, -6.441391 ], [ 108.462029, -6.441308 ], [ 108.462004, -6.441248 ], [ 108.461733, -6.440971 ], [ 108.461313, -6.440555 ], [ 108.461237, -6.440507 ], [ 108.46115, -6.440482 ], [ 108.461063, -6.440469 ], [ 108.460966, -6.44043 ], [ 108.460523, -6.440062 ], [ 108.460167, -6.439657 ], [ 108.459799, -6.43917 ], [ 108.459587, -6.438778 ], [ 108.459539, -6.438509 ], [ 108.459569, -6.438226 ], [ 108.459633, -6.437949 ], [ 108.459743, -6.437714 ], [ 108.459913, -6.43739 ], [ 108.45999, -6.437242 ], [ 108.459601, -6.43692 ], [ 108.459548, -6.436976 ], [ 108.459303, -6.437352 ], [ 108.459121, -6.43756 ], [ 108.458863, -6.437744 ], [ 108.458651, -6.437807 ], [ 108.458244, -6.437824 ], [ 108.457814, -6.437773 ], [ 108.457396, -6.437648 ], [ 108.456929, -6.437405 ], [ 108.456666, -6.437237 ], [ 108.456436, -6.437067 ], [ 108.456253, -6.436912 ], [ 108.456127, -6.436709 ], [ 108.455999, -6.436499 ], [ 108.455725, -6.436166 ], [ 108.455293, -6.435742 ], [ 108.455065, -6.435577 ], [ 108.45488, -6.435505 ], [ 108.454631, -6.435475 ], [ 108.454393, -6.435446 ], [ 108.454269, -6.435434 ], [ 108.454206, -6.435439 ], [ 108.454126, -6.435461 ], [ 108.454066, -6.435469 ], [ 108.453893, -6.435451 ], [ 108.45378, -6.435433 ], [ 108.453735, -6.435447 ], [ 108.453684, -6.435497 ], [ 108.453614, -6.435575 ], [ 108.453542, -6.435611 ], [ 108.453465, -6.435607 ], [ 108.453303, -6.435539 ], [ 108.453104, -6.435379 ], [ 108.452598, -6.434934 ], [ 108.452013, -6.434396 ], [ 108.451388, -6.433836 ], [ 108.450645, -6.433165 ], [ 108.449907, -6.432426 ], [ 108.449408, -6.431968 ], [ 108.44877, -6.431342 ], [ 108.448099, -6.430675 ], [ 108.447711, -6.43027 ], [ 108.447417, -6.429989 ], [ 108.447238, -6.429764 ], [ 108.447029, -6.42947 ], [ 108.446905, -6.429272 ], [ 108.446836, -6.429163 ], [ 108.446752, -6.429076 ], [ 108.446609, -6.42898 ], [ 108.446365, -6.428808 ], [ 108.44623, -6.428707 ], [ 108.446187, -6.428649 ], [ 108.446162, -6.42857 ], [ 108.446158, -6.428427 ], [ 108.44616, -6.428206 ], [ 108.446138, -6.428135 ], [ 108.446083, -6.428054 ], [ 108.445951, -6.427909 ], [ 108.445272, -6.427237 ], [ 108.444524, -6.426437 ], [ 108.443526, -6.425414 ], [ 108.442716, -6.424573 ], [ 108.442376, -6.42423 ], [ 108.442122, -6.423963 ], [ 108.441778, -6.423563 ], [ 108.441515, -6.423299 ], [ 108.441394, -6.4232 ], [ 108.44126, -6.423139 ], [ 108.441123, -6.423124 ], [ 108.440946, -6.423118 ], [ 108.440789, -6.423075 ], [ 108.440549, -6.42297 ], [ 108.440275, -6.422847 ], [ 108.44007, -6.422695 ], [ 108.439779, -6.422446 ], [ 108.439551, -6.422274 ], [ 108.439412, -6.422186 ], [ 108.439284, -6.422086 ], [ 108.439136, -6.421901 ], [ 108.438985, -6.421608 ], [ 108.4389, -6.421334 ], [ 108.438865, -6.421044 ], [ 108.438831, -6.420888 ], [ 108.438779, -6.420789 ], [ 108.438657, -6.42068 ], [ 108.438507, -6.420583 ], [ 108.438358, -6.420495 ], [ 108.438301, -6.420444 ], [ 108.438237, -6.420374 ], [ 108.438119, -6.420146 ], [ 108.438051, -6.419983 ], [ 108.437989, -6.419846 ], [ 108.437878, -6.419689 ], [ 108.437766, -6.41959 ], [ 108.437648, -6.419533 ], [ 108.437541, -6.419506 ], [ 108.437396, -6.419463 ], [ 108.437275, -6.419419 ], [ 108.43716, -6.419345 ], [ 108.437065, -6.419253 ], [ 108.436711, -6.418822 ], [ 108.43633, -6.418374 ], [ 108.435925, -6.417863 ], [ 108.435576, -6.417404 ], [ 108.435201, -6.416826 ], [ 108.434804, -6.416237 ], [ 108.43434, -6.415531 ], [ 108.434031, -6.415085 ], [ 108.433819, -6.414719 ], [ 108.433662, -6.414419 ], [ 108.433614, -6.41424 ], [ 108.433595, -6.414085 ], [ 108.433597, -6.414034 ], [ 108.433597, -6.413999 ], [ 108.433579, -6.413955 ], [ 108.433486, -6.413774 ], [ 108.433469, -6.413741 ], [ 108.433453, -6.41371 ], [ 108.432921, -6.414063 ], [ 108.432524, -6.414276 ], [ 108.432378, -6.414135 ], [ 108.432256, -6.41404 ], [ 108.431994, -6.413893 ], [ 108.431888, -6.413841 ], [ 108.431802, -6.413827 ], [ 108.431631, -6.413862 ], [ 108.431537, -6.413875 ], [ 108.431424, -6.41385 ], [ 108.431328, -6.413782 ], [ 108.431097, -6.413539 ], [ 108.430703, -6.413148 ], [ 108.430056, -6.412465 ], [ 108.429418, -6.411722 ], [ 108.428769, -6.410906 ], [ 108.428265, -6.410208 ], [ 108.427964, -6.409744 ], [ 108.427819, -6.409568 ], [ 108.427697, -6.409447 ], [ 108.427565, -6.409351 ], [ 108.427471, -6.409287 ], [ 108.427347, -6.409173 ], [ 108.427138, -6.408923 ], [ 108.426854, -6.408488 ], [ 108.426616, -6.408178 ], [ 108.42643, -6.407966 ], [ 108.426363, -6.407878 ], [ 108.426268, -6.407725 ], [ 108.426185, -6.407585 ], [ 108.426124, -6.40751 ], [ 108.426058, -6.407469 ], [ 108.425934, -6.407409 ], [ 108.425863, -6.407353 ], [ 108.425783, -6.407257 ], [ 108.425652, -6.407073 ], [ 108.425376, -6.406631 ], [ 108.425183, -6.406353 ], [ 108.424944, -6.406079 ], [ 108.42474, -6.405932 ], [ 108.424579, -6.405855 ], [ 108.424239, -6.405802 ], [ 108.423817, -6.405711 ], [ 108.423458, -6.405527 ], [ 108.423217, -6.405346 ], [ 108.42308, -6.405202 ], [ 108.422838, -6.404807 ], [ 108.422482, -6.4042 ], [ 108.422278, -6.403749 ], [ 108.4222, -6.403523 ], [ 108.422066, -6.403267 ], [ 108.421677, -6.40276 ], [ 108.421192, -6.402187 ], [ 108.420725, -6.40155 ], [ 108.42018, -6.400739 ], [ 108.420135, -6.400631 ], [ 108.420128, -6.400551 ], [ 108.420179, -6.400328 ], [ 108.420201, -6.400119 ], [ 108.42019, -6.399963 ], [ 108.420123, -6.399864 ], [ 108.420037, -6.399794 ], [ 108.419922, -6.399768 ], [ 108.41975, -6.399723 ], [ 108.41966, -6.399671 ], [ 108.419602, -6.399598 ], [ 108.419527, -6.399508 ], [ 108.419412, -6.399569 ], [ 108.419341, -6.399471 ], [ 108.41924, -6.399356 ], [ 108.419047, -6.399054 ], [ 108.418942, -6.398898 ], [ 108.418858, -6.398791 ], [ 108.418701, -6.398583 ], [ 108.418542, -6.39837 ], [ 108.418438, -6.398252 ], [ 108.418328, -6.398138 ], [ 108.418141, -6.39797 ], [ 108.417923, -6.397753 ], [ 108.417595, -6.397361 ], [ 108.417373, -6.397083 ], [ 108.417293, -6.396987 ], [ 108.41721, -6.396854 ], [ 108.41694, -6.396447 ], [ 108.416833, -6.396276 ], [ 108.416765, -6.39619 ], [ 108.416632, -6.396078 ], [ 108.416164, -6.395625 ], [ 108.415905, -6.395348 ], [ 108.415835, -6.395282 ], [ 108.41578, -6.39522 ], [ 108.415744, -6.395153 ], [ 108.415647, -6.394982 ], [ 108.415474, -6.394682 ], [ 108.415411, -6.394505 ], [ 108.415383, -6.394433 ], [ 108.415355, -6.394389 ], [ 108.415304, -6.394328 ], [ 108.414847, -6.393787 ], [ 108.414445, -6.393311 ], [ 108.414107, -6.39291 ], [ 108.413693, -6.392466 ], [ 108.413381, -6.392154 ], [ 108.41302, -6.391797 ], [ 108.412626, -6.39136 ], [ 108.412217, -6.390899 ], [ 108.411766, -6.390391 ], [ 108.411438, -6.390059 ], [ 108.411165, -6.389805 ], [ 108.410826, -6.38947 ], [ 108.410495, -6.389118 ], [ 108.410185, -6.388782 ], [ 108.410016, -6.388591 ], [ 108.409816, -6.388364 ], [ 108.409666, -6.388217 ], [ 108.409564, -6.388044 ], [ 108.40946, -6.387751 ], [ 108.409358, -6.387444 ], [ 108.4091, -6.38673 ], [ 108.408478, -6.38545 ], [ 108.408215, -6.384901 ], [ 108.408068, -6.384584 ], [ 108.407958, -6.384416 ], [ 108.407708, -6.384174 ], [ 108.407456, -6.38393 ], [ 108.407368, -6.383812 ], [ 108.407286, -6.383718 ], [ 108.407192, -6.383591 ], [ 108.40702, -6.383266 ], [ 108.40692, -6.38299 ], [ 108.406843, -6.382864 ], [ 108.406772, -6.382789 ], [ 108.406717, -6.382718 ], [ 108.406666, -6.382665 ], [ 108.40659, -6.382644 ], [ 108.406374, -6.38254 ], [ 108.406221, -6.382412 ], [ 108.405983, -6.3822 ], [ 108.405755, -6.382009 ], [ 108.405507, -6.381792 ], [ 108.405352, -6.381656 ], [ 108.405206, -6.38156 ], [ 108.404945, -6.381395 ], [ 108.404776, -6.381276 ], [ 108.404669, -6.381194 ], [ 108.404594, -6.381092 ], [ 108.404387, -6.380784 ], [ 108.404147, -6.380433 ], [ 108.403846, -6.379979 ], [ 108.40348, -6.37943 ], [ 108.403241, -6.379061 ], [ 108.403032, -6.378737 ], [ 108.402888, -6.378495 ], [ 108.402784, -6.378312 ], [ 108.402688, -6.378175 ], [ 108.402519, -6.377931 ], [ 108.402165, -6.377447 ], [ 108.402079, -6.377315 ], [ 108.40198, -6.377097 ], [ 108.401882, -6.376865 ], [ 108.401794, -6.376705 ], [ 108.401609, -6.376422 ], [ 108.40126, -6.375902 ], [ 108.400848, -6.375317 ], [ 108.400535, -6.374863 ], [ 108.400305, -6.37449 ], [ 108.400099, -6.374214 ], [ 108.399943, -6.373982 ], [ 108.39983, -6.373802 ], [ 108.399527, -6.373314 ], [ 108.399267, -6.372877 ], [ 108.399063, -6.372589 ], [ 108.398656, -6.372026 ], [ 108.398182, -6.371316 ], [ 108.397803, -6.370756 ], [ 108.397455, -6.370228 ], [ 108.39717, -6.369725 ], [ 108.396977, -6.369385 ], [ 108.396938, -6.369319 ], [ 108.396883, -6.369256 ], [ 108.396795, -6.369181 ], [ 108.396719, -6.369109 ], [ 108.396585, -6.368926 ], [ 108.39611, -6.368079 ], [ 108.395811, -6.367483 ], [ 108.395562, -6.367107 ], [ 108.395411, -6.366859 ], [ 108.395059, -6.366269 ], [ 108.394976, -6.366047 ], [ 108.39498, -6.365994 ], [ 108.394996, -6.365942 ], [ 108.39504, -6.365856 ], [ 108.395115, -6.365776 ], [ 108.395133, -6.365737 ], [ 108.395137, -6.365698 ], [ 108.395121, -6.365672 ], [ 108.395094, -6.365665 ], [ 108.395066, -6.365669 ], [ 108.394997, -6.365684 ], [ 108.394953, -6.365678 ], [ 108.394912, -6.365661 ], [ 108.394879, -6.365642 ], [ 108.394766, -6.365492 ], [ 108.394548, -6.365106 ], [ 108.394276, -6.364649 ], [ 108.394105, -6.364339 ], [ 108.394089, -6.364227 ], [ 108.394094, -6.364182 ], [ 108.394114, -6.364127 ], [ 108.394154, -6.364079 ], [ 108.394186, -6.36404 ], [ 108.394212, -6.363989 ], [ 108.394223, -6.363957 ], [ 108.394236, -6.363925 ], [ 108.394252, -6.363896 ], [ 108.394252, -6.363889 ], [ 108.394248, -6.363886 ], [ 108.394238, -6.363886 ], [ 108.394211, -6.363887 ], [ 108.394194, -6.363887 ], [ 108.394181, -6.363881 ], [ 108.394167, -6.36387 ], [ 108.394122, -6.363818 ], [ 108.394112, -6.363808 ], [ 108.394104, -6.36381 ], [ 108.3941, -6.363813 ], [ 108.3941, -6.363824 ], [ 108.394107, -6.363874 ], [ 108.394103, -6.363897 ], [ 108.394092, -6.36391 ], [ 108.394074, -6.363914 ], [ 108.39405, -6.363913 ], [ 108.393975, -6.363884 ], [ 108.39392, -6.363855 ], [ 108.39384, -6.363774 ], [ 108.393761, -6.363671 ], [ 108.393672, -6.363535 ], [ 108.39349, -6.363176 ], [ 108.393401, -6.362965 ], [ 108.393371, -6.362846 ], [ 108.393378, -6.362794 ], [ 108.393403, -6.362751 ], [ 108.393488, -6.362673 ], [ 108.393497, -6.362649 ], [ 108.393503, -6.362613 ], [ 108.393496, -6.362574 ], [ 108.39348, -6.362553 ], [ 108.393456, -6.362547 ], [ 108.393421, -6.36255 ], [ 108.393328, -6.362574 ], [ 108.393252, -6.362588 ], [ 108.393181, -6.362573 ], [ 108.393113, -6.362526 ], [ 108.393034, -6.362431 ], [ 108.392957, -6.362309 ], [ 108.39285, -6.36211 ], [ 108.392747, -6.361894 ], [ 108.392543, -6.361402 ], [ 108.392457, -6.361168 ], [ 108.392338, -6.360843 ], [ 108.392296, -6.360664 ], [ 108.392258, -6.360398 ], [ 108.392245, -6.360299 ], [ 108.392239, -6.360267 ], [ 108.392217, -6.360234 ], [ 108.392159, -6.360272 ], [ 108.392075, -6.360326 ], [ 108.391257, -6.360859 ], [ 108.391141, -6.360675 ], [ 108.391011, -6.360468 ], [ 108.390895, -6.360303 ], [ 108.390796, -6.360133 ], [ 108.390699, -6.359986 ], [ 108.39052, -6.359714 ], [ 108.390405, -6.359525 ], [ 108.39038, -6.359485 ], [ 108.390362, -6.359464 ], [ 108.390279, -6.359486 ], [ 108.390165, -6.359495 ], [ 108.390062, -6.359495 ], [ 108.389979, -6.359484 ], [ 108.389843, -6.359453 ], [ 108.389807, -6.359461 ], [ 108.389784, -6.359475 ], [ 108.389768, -6.359507 ], [ 108.389746, -6.359584 ], [ 108.389739, -6.359606 ], [ 108.389727, -6.359623 ], [ 108.389564, -6.359729 ], [ 108.389548, -6.359736 ], [ 108.389535, -6.359736 ], [ 108.3895, -6.359723 ], [ 108.389472, -6.359712 ], [ 108.389448, -6.359709 ], [ 108.389407, -6.359711 ], [ 108.38933, -6.359719 ], [ 108.389191, -6.359724 ], [ 108.389094, -6.359709 ], [ 108.389021, -6.359688 ], [ 108.38897, -6.359658 ], [ 108.388777, -6.359474 ], [ 108.388487, -6.359178 ], [ 108.388112, -6.358749 ], [ 108.387929, -6.358477 ], [ 108.387811, -6.358165 ], [ 108.387806, -6.357898 ], [ 108.387849, -6.357472 ], [ 108.38794, -6.357261 ], [ 108.388018, -6.357091 ], [ 108.388145, -6.356891 ], [ 108.388231, -6.356813 ], [ 108.388289, -6.356747 ], [ 108.388347, -6.356656 ], [ 108.388333, -6.356625 ], [ 108.38827, -6.356568 ], [ 108.388195, -6.356552 ], [ 108.38807, -6.356527 ], [ 108.387992, -6.356516 ], [ 108.387922, -6.356507 ], [ 108.387787, -6.356483 ], [ 108.387722, -6.356496 ], [ 108.387267, -6.356808 ], [ 108.386325, -6.357413 ], [ 108.385655, -6.357833 ], [ 108.38554, -6.357866 ], [ 108.385448, -6.357844 ], [ 108.385345, -6.357792 ], [ 108.3852, -6.357653 ], [ 108.384987, -6.357426 ], [ 108.384889, -6.357297 ], [ 108.384779, -6.357121 ], [ 108.384716, -6.356931 ], [ 108.384702, -6.356771 ], [ 108.384697, -6.356559 ], [ 108.384716, -6.356382 ], [ 108.384743, -6.356258 ], [ 108.384796, -6.356162 ], [ 108.385081, -6.35584 ], [ 108.385107, -6.355791 ], [ 108.38511, -6.355746 ], [ 108.385103, -6.355719 ], [ 108.385056, -6.355675 ], [ 108.384983, -6.355623 ], [ 108.384907, -6.355596 ], [ 108.384818, -6.355599 ], [ 108.384722, -6.355627 ], [ 108.3844, -6.355821 ], [ 108.384317, -6.355862 ], [ 108.384277, -6.355866 ], [ 108.384235, -6.35587 ], [ 108.384174, -6.355856 ], [ 108.384082, -6.355802 ], [ 108.383976, -6.355702 ], [ 108.38367, -6.355257 ], [ 108.38346, -6.354894 ], [ 108.383336, -6.354673 ], [ 108.383285, -6.354496 ], [ 108.383233, -6.354184 ], [ 108.383207, -6.354069 ], [ 108.38317, -6.354009 ], [ 108.383165, -6.354001 ], [ 108.383084, -6.353938 ], [ 108.382982, -6.353883 ], [ 108.382902, -6.35382 ], [ 108.382847, -6.353739 ], [ 108.382722, -6.353512 ], [ 108.382426, -6.352881 ], [ 108.382215, -6.352436 ], [ 108.382182, -6.352342 ], [ 108.382117, -6.35217 ], [ 108.382077, -6.351994 ], [ 108.382023, -6.351835 ], [ 108.382011, -6.351816 ], [ 108.381976, -6.351761 ], [ 108.381869, -6.351657 ], [ 108.381642, -6.351406 ], [ 108.381519, -6.351191 ], [ 108.381314, -6.350676 ], [ 108.381212, -6.350378 ], [ 108.381146, -6.35016 ], [ 108.381103, -6.35001 ], [ 108.381095, -6.349984 ], [ 108.380985, -6.349757 ], [ 108.38051, -6.348723 ], [ 108.380466, -6.34867 ], [ 108.380428, -6.348662 ], [ 108.380409, -6.348658 ], [ 108.380319, -6.348682 ], [ 108.3801, -6.348771 ], [ 108.380024, -6.348778 ], [ 108.379918, -6.348747 ], [ 108.37981, -6.348675 ], [ 108.379762, -6.348523 ], [ 108.3797, -6.348262 ], [ 108.379639, -6.347971 ], [ 108.37951, -6.347523 ], [ 108.379193, -6.346772 ], [ 108.378911, -6.346084 ], [ 108.378841, -6.345815 ], [ 108.378803, -6.345564 ], [ 108.378777, -6.345297 ], [ 108.378744, -6.345112 ], [ 108.378703, -6.344951 ], [ 108.378515, -6.344548 ], [ 108.378169, -6.343719 ], [ 108.377842, -6.342898 ], [ 108.377128, -6.34104 ], [ 108.376458, -6.339313 ], [ 108.375583, -6.336828 ], [ 108.375138, -6.335527 ], [ 108.374183, -6.332755 ], [ 108.373676, -6.331318 ], [ 108.373164, -6.329268 ], [ 108.372436, -6.326716 ], [ 108.371276, -6.322976 ], [ 108.370624, -6.320588 ], [ 108.370557, -6.320342 ], [ 108.369586, -6.316781 ], [ 108.369253, -6.315464 ], [ 108.368988, -6.314496 ], [ 108.368703, -6.313448 ], [ 108.368543, -6.312702 ], [ 108.368414, -6.311955 ], [ 108.368274, -6.31119 ], [ 108.368247, -6.310687 ], [ 108.368239, -6.310161 ], [ 108.368215, -6.309516 ], [ 108.36825, -6.308759 ], [ 108.368261, -6.30813 ], [ 108.368339, -6.307439 ], [ 108.368408, -6.306914 ], [ 108.368607, -6.306352 ], [ 108.368717, -6.306098 ], [ 108.368837, -6.305797 ], [ 108.368931, -6.30565 ], [ 108.369068, -6.30552 ], [ 108.369205, -6.30544 ], [ 108.369361, -6.305389 ], [ 108.370069, -6.305275 ], [ 108.371286, -6.305093 ], [ 108.371661, -6.304977 ], [ 108.371834, -6.304704 ], [ 108.371919, -6.304357 ], [ 108.371828, -6.303723 ], [ 108.371501, -6.302347 ], [ 108.371056, -6.300481 ], [ 108.370546, -6.298593 ], [ 108.370149, -6.297063 ], [ 108.369736, -6.295474 ], [ 108.369318, -6.293784 ], [ 108.369092, -6.29291 ], [ 108.368926, -6.291811 ], [ 108.368765, -6.291049 ], [ 108.368508, -6.289945 ], [ 108.36839, -6.289374 ], [ 108.368111, -6.28834 ], [ 108.367719, -6.285685 ], [ 108.367547, -6.284906 ], [ 108.367048, -6.283013 ], [ 108.366609, -6.281483 ], [ 108.366362, -6.280555 ], [ 108.36596, -6.279547 ], [ 108.365369, -6.277681 ], [ 108.364624, -6.275591 ], [ 108.364409, -6.274999 ], [ 108.364184, -6.274273 ], [ 108.36413, -6.273634 ], [ 108.364087, -6.272935 ], [ 108.363959, -6.27157 ], [ 108.363771, -6.270605 ], [ 108.363492, -6.269613 ], [ 108.363202, -6.268312 ], [ 108.362939, -6.26699 ], [ 108.362741, -6.266195 ], [ 108.362548, -6.265331 ], [ 108.362247, -6.264046 ], [ 108.361968, -6.262745 ], [ 108.361695, -6.261689 ], [ 108.361373, -6.260361 ], [ 108.361115, -6.25937 ], [ 108.360885, -6.258463 ], [ 108.360659, -6.257573 ], [ 108.360429, -6.25665 ], [ 108.359967, -6.255082 ], [ 108.359581, -6.253733 ], [ 108.359211, -6.252587 ], [ 108.358825, -6.251638 ], [ 108.358374, -6.250768 ], [ 108.358194, -6.250307 ], [ 108.358095, -6.249958 ], [ 108.358023, -6.249752 ], [ 108.357881, -6.249566 ], [ 108.357698, -6.249446 ], [ 108.357495, -6.249441 ], [ 108.357344, -6.249502 ], [ 108.357197, -6.249587 ], [ 108.357073, -6.249848 ], [ 108.357057, -6.250126 ], [ 108.357087, -6.250299 ], [ 108.357291, -6.250688 ], [ 108.357623, -6.251206 ], [ 108.357811, -6.251606 ], [ 108.357922, -6.252023 ], [ 108.358004, -6.252373 ], [ 108.358106, -6.252768 ], [ 108.358272, -6.253152 ], [ 108.358637, -6.253888 ], [ 108.358886, -6.254517 ], [ 108.359192, -6.25533 ], [ 108.359302, -6.255597 ], [ 108.359359, -6.255877 ], [ 108.359377, -6.256151 ], [ 108.359364, -6.25649 ], [ 108.359399, -6.256626 ], [ 108.359509, -6.256821 ], [ 108.359726, -6.256994 ], [ 108.36012, -6.257317 ], [ 108.360311, -6.257503 ], [ 108.360348, -6.257674 ], [ 108.36033, -6.257831 ], [ 108.360252, -6.258028 ], [ 108.360158, -6.258223 ], [ 108.360094, -6.258514 ], [ 108.360053, -6.258844 ], [ 108.36001, -6.259127 ], [ 108.359919, -6.259434 ], [ 108.359699, -6.260143 ], [ 108.359571, -6.260569 ], [ 108.359458, -6.260807 ], [ 108.359265, -6.26106 ], [ 108.35893, -6.261375 ], [ 108.358516, -6.261591 ], [ 108.357843, -6.261965 ], [ 108.357481, -6.262117 ], [ 108.357268, -6.262173 ], [ 108.356979, -6.262214 ], [ 108.356766, -6.262214 ], [ 108.356596, -6.262181 ], [ 108.356514, -6.262144 ], [ 108.356383, -6.262096 ], [ 108.35624, -6.262067 ], [ 108.356051, -6.262065 ], [ 108.35592, -6.262089 ], [ 108.35572, -6.262135 ], [ 108.355528, -6.262182 ], [ 108.355373, -6.262226 ], [ 108.35529, -6.262214 ], [ 108.355257, -6.262179 ], [ 108.355256, -6.26213 ], [ 108.3553, -6.262025 ], [ 108.355449, -6.261885 ], [ 108.355885, -6.261647 ], [ 108.355942, -6.261533 ], [ 108.355953, -6.261472 ], [ 108.35592, -6.261417 ], [ 108.355856, -6.261363 ], [ 108.355502, -6.261276 ], [ 108.355172, -6.261143 ], [ 108.355011, -6.261065 ], [ 108.354839, -6.2609 ], [ 108.354592, -6.260591 ], [ 108.354252, -6.260218 ], [ 108.353983, -6.259906 ], [ 108.353745, -6.259612 ], [ 108.353554, -6.259431 ], [ 108.35323, -6.259154 ], [ 108.353042, -6.259004 ], [ 108.352945, -6.258843 ], [ 108.35284, -6.258518 ], [ 108.352783, -6.258316 ], [ 108.352751, -6.258268 ], [ 108.352656, -6.258214 ], [ 108.352566, -6.258194 ], [ 108.352467, -6.258195 ], [ 108.352328, -6.258183 ], [ 108.35207, -6.25811 ], [ 108.351911, -6.258028 ], [ 108.351851, -6.257951 ], [ 108.351815, -6.257887 ], [ 108.351801, -6.257777 ], [ 108.35181, -6.257669 ], [ 108.351826, -6.25751 ], [ 108.351835, -6.257299 ], [ 108.351824, -6.25709 ], [ 108.351728, -6.256613 ], [ 108.351607, -6.25633 ], [ 108.351462, -6.256119 ], [ 108.351288, -6.255933 ], [ 108.351103, -6.255733 ], [ 108.350966, -6.255584 ], [ 108.350824, -6.255354 ], [ 108.350655, -6.254869 ], [ 108.350585, -6.254621 ], [ 108.350486, -6.254306 ], [ 108.350438, -6.25404 ], [ 108.350357, -6.253875 ], [ 108.350263, -6.253773 ], [ 108.349952, -6.253554 ], [ 108.349762, -6.253365 ], [ 108.349571, -6.253115 ], [ 108.349394, -6.252675 ], [ 108.34922, -6.252285 ], [ 108.349164, -6.251915 ], [ 108.349177, -6.251704 ], [ 108.349172, -6.2514 ], [ 108.349206, -6.251166 ], [ 108.349287, -6.250899 ], [ 108.349357, -6.250648 ], [ 108.349354, -6.250459 ], [ 108.349316, -6.250342 ], [ 108.34915, -6.250118 ], [ 108.349067, -6.249936 ], [ 108.349027, -6.249696 ], [ 108.34904, -6.249462 ], [ 108.349059, -6.249136 ], [ 108.349051, -6.248883 ], [ 108.348928, -6.248081 ], [ 108.348783, -6.247446 ], [ 108.348665, -6.247238 ], [ 108.348498, -6.247179 ], [ 108.348257, -6.247179 ], [ 108.347946, -6.247251 ], [ 108.347594, -6.247441 ], [ 108.347313, -6.247561 ], [ 108.34679, -6.247849 ], [ 108.345977, -6.248203 ], [ 108.345584, -6.248364 ], [ 108.345513, -6.248393 ], [ 108.345221, -6.248563 ], [ 108.344998, -6.248755 ], [ 108.34488, -6.248907 ], [ 108.34481, -6.249174 ], [ 108.34481, -6.249598 ], [ 108.344786, -6.24983 ], [ 108.344733, -6.249979 ], [ 108.344652, -6.250118 ], [ 108.344478, -6.250311 ], [ 108.344303, -6.250467 ], [ 108.344079, -6.250632 ], [ 108.343823, -6.250743 ], [ 108.343713, -6.250762 ], [ 108.343563, -6.250742 ], [ 108.343437, -6.250703 ], [ 108.343359, -6.25066 ], [ 108.343246, -6.250549 ], [ 108.343177, -6.250502 ], [ 108.343118, -6.250487 ], [ 108.343059, -6.2505 ], [ 108.343028, -6.250527 ], [ 108.343021, -6.250574 ], [ 108.343027, -6.250632 ], [ 108.34307, -6.250742 ], [ 108.343096, -6.250846 ], [ 108.3431, -6.251012 ], [ 108.343044, -6.251501 ], [ 108.34302, -6.251571 ], [ 108.342985, -6.251615 ], [ 108.342738, -6.251803 ], [ 108.342627, -6.251851 ], [ 108.342521, -6.251864 ], [ 108.342459, -6.251849 ], [ 108.34239, -6.251823 ], [ 108.342265, -6.251711 ], [ 108.342203, -6.251675 ], [ 108.342141, -6.251683 ], [ 108.342101, -6.2517 ], [ 108.342073, -6.251746 ], [ 108.342055, -6.251949 ], [ 108.342048, -6.252034 ], [ 108.342022, -6.252094 ], [ 108.342001, -6.252109 ], [ 108.341922, -6.252135 ], [ 108.341685, -6.252197 ], [ 108.341527, -6.252283 ], [ 108.341331, -6.252504 ], [ 108.341125, -6.252739 ], [ 108.340961, -6.252843 ], [ 108.340615, -6.25296 ], [ 108.340165, -6.253027 ], [ 108.340036, -6.253077 ], [ 108.33998, -6.253189 ], [ 108.340023, -6.253461 ], [ 108.340361, -6.254213 ], [ 108.340741, -6.254912 ], [ 108.340865, -6.255296 ], [ 108.340881, -6.255754 ], [ 108.340822, -6.256367 ], [ 108.340741, -6.257589 ], [ 108.340747, -6.258495 ], [ 108.3408, -6.25914 ], [ 108.340897, -6.259572 ], [ 108.34087, -6.259913 ], [ 108.340774, -6.260281 ], [ 108.340484, -6.260623 ], [ 108.34013, -6.261177 ], [ 108.339583, -6.262169 ], [ 108.339057, -6.263438 ], [ 108.338671, -6.264387 ], [ 108.338374, -6.265491 ], [ 108.338113, -6.266958 ], [ 108.338014, -6.26878 ], [ 108.338016, -6.270765 ], [ 108.337909, -6.272226 ], [ 108.337598, -6.272727 ], [ 108.336697, -6.273356 ], [ 108.336074, -6.273548 ], [ 108.335463, -6.273378 ], [ 108.333607, -6.27197 ], [ 108.332237, -6.270443 ], [ 108.331236, -6.269277 ], [ 108.330688, -6.268691 ], [ 108.3302, -6.268061 ], [ 108.329878, -6.267533 ], [ 108.329605, -6.266952 ], [ 108.329455, -6.266312 ], [ 108.329267, -6.265689 ], [ 108.329084, -6.265342 ], [ 108.328604, -6.26483 ], [ 108.328186, -6.264377 ], [ 108.328014, -6.264214 ], [ 108.327786, -6.264078 ], [ 108.327548, -6.264011 ], [ 108.327309, -6.26394 ], [ 108.326515, -6.263609 ], [ 108.325834, -6.2633 ], [ 108.325292, -6.262953 ], [ 108.324831, -6.26266 ], [ 108.323881, -6.262126 ], [ 108.323076, -6.261625 ], [ 108.321832, -6.260697 ], [ 108.321317, -6.260217 ], [ 108.321065, -6.259839 ], [ 108.320936, -6.259498 ], [ 108.320823, -6.258116 ], [ 108.320711, -6.257157 ], [ 108.320657, -6.256389 ], [ 108.320491, -6.255722 ], [ 108.320367, -6.255264 ], [ 108.32041, -6.254928 ], [ 108.32056, -6.254768 ], [ 108.32144, -6.254597 ], [ 108.322443, -6.254421 ], [ 108.322931, -6.254325 ], [ 108.32387, -6.254368 ], [ 108.324922, -6.254418 ], [ 108.325576, -6.254405 ], [ 108.325721, -6.254384 ], [ 108.325748, -6.254306 ], [ 108.325724, -6.254237 ], [ 108.325549, -6.254154 ], [ 108.32449, -6.254021 ], [ 108.323565, -6.253978 ], [ 108.321955, -6.254128 ], [ 108.320652, -6.254272 ], [ 108.319788, -6.254346 ], [ 108.318785, -6.254325 ], [ 108.318109, -6.254362 ], [ 108.317082, -6.25445 ], [ 108.316105, -6.254461 ], [ 108.315231, -6.254416 ], [ 108.314646, -6.25436 ], [ 108.313745, -6.254328 ], [ 108.312549, -6.254181 ], [ 108.311521, -6.25401 ], [ 108.3108, -6.253872 ], [ 108.310049, -6.253677 ], [ 108.309199, -6.253412 ], [ 108.308753, -6.253265 ], [ 108.308627, -6.253243 ], [ 108.308346, -6.253232 ], [ 108.308204, -6.253205 ], [ 108.30797, -6.253136 ], [ 108.307343, -6.252912 ], [ 108.306476, -6.252628 ], [ 108.305971, -6.252328 ], [ 108.305827, -6.252281 ], [ 108.305761, -6.252291 ], [ 108.305678, -6.252321 ], [ 108.305607, -6.25232 ], [ 108.305481, -6.252281 ], [ 108.305146, -6.252091 ], [ 108.304848, -6.251952 ], [ 108.304628, -6.251883 ], [ 108.303901, -6.251715 ], [ 108.303308, -6.251557 ], [ 108.302555, -6.251373 ], [ 108.301589, -6.25107 ], [ 108.300691, -6.250739 ], [ 108.300303, -6.250598 ], [ 108.300224, -6.2506 ], [ 108.300145, -6.25063 ], [ 108.300059, -6.250658 ], [ 108.299991, -6.250656 ], [ 108.2998, -6.250598 ], [ 108.299425, -6.250443 ], [ 108.298996, -6.250283 ], [ 108.298676, -6.250152 ], [ 108.298446, -6.250046 ], [ 108.298295, -6.250022 ], [ 108.298067, -6.250035 ], [ 108.29781, -6.250024 ], [ 108.297523, -6.249968 ], [ 108.297282, -6.24991 ], [ 108.296871, -6.24983 ], [ 108.296533, -6.249758 ], [ 108.296104, -6.24963 ], [ 108.295562, -6.249475 ], [ 108.294969, -6.249299 ], [ 108.29457, -6.249225 ], [ 108.294267, -6.249139 ], [ 108.294025, -6.249073 ], [ 108.293825, -6.249013 ], [ 108.293422, -6.248895 ], [ 108.293309, -6.248893 ], [ 108.293225, -6.248922 ], [ 108.293162, -6.248971 ], [ 108.293097, -6.249057 ], [ 108.293045, -6.249086 ], [ 108.292981, -6.249086 ], [ 108.29283, -6.249067 ], [ 108.292624, -6.249054 ], [ 108.292405, -6.249053 ], [ 108.292235, -6.249094 ], [ 108.292089, -6.249139 ], [ 108.291845, -6.249212 ], [ 108.291678, -6.249249 ], [ 108.291535, -6.249264 ], [ 108.291428, -6.249261 ], [ 108.291291, -6.249239 ], [ 108.29097, -6.249136 ], [ 108.290254, -6.24893 ], [ 108.289915, -6.248845 ], [ 108.28962, -6.248803 ], [ 108.28944, -6.248786 ], [ 108.28927, -6.248779 ], [ 108.288904, -6.248777 ], [ 108.288782, -6.248766 ], [ 108.288598, -6.248723 ], [ 108.288386, -6.248673 ], [ 108.288288, -6.24867 ], [ 108.288126, -6.248694 ], [ 108.287907, -6.248754 ], [ 108.287701, -6.248783 ], [ 108.287429, -6.248785 ], [ 108.287162, -6.24877 ], [ 108.287024, -6.24875 ], [ 108.286801, -6.248701 ], [ 108.286406, -6.248571 ], [ 108.286251, -6.248551 ], [ 108.28617, -6.248577 ], [ 108.286094, -6.248642 ], [ 108.285839, -6.248893 ], [ 108.285743, -6.248962 ], [ 108.285635, -6.248989 ], [ 108.285436, -6.248983 ], [ 108.284976, -6.248937 ], [ 108.284616, -6.248915 ], [ 108.284147, -6.248878 ], [ 108.283846, -6.248833 ], [ 108.283463, -6.248771 ], [ 108.283264, -6.248745 ], [ 108.282902, -6.248758 ], [ 108.282615, -6.248819 ], [ 108.282436, -6.248881 ], [ 108.282218, -6.248926 ], [ 108.281913, -6.248953 ], [ 108.281371, -6.24895 ], [ 108.281076, -6.248939 ], [ 108.280612, -6.248985 ], [ 108.279933, -6.249025 ], [ 108.278927, -6.249086 ], [ 108.278112, -6.249102 ], [ 108.277495, -6.249131 ], [ 108.276736, -6.249142 ], [ 108.275971, -6.249121 ], [ 108.275373, -6.24915 ], [ 108.274684, -6.249249 ], [ 108.273764, -6.249334 ], [ 108.272994, -6.249414 ], [ 108.272375, -6.249435 ], [ 108.271736, -6.249486 ], [ 108.271189, -6.249515 ], [ 108.270154, -6.249486 ], [ 108.269049, -6.249459 ], [ 108.268003, -6.249451 ], [ 108.267015, -6.249467 ], [ 108.266592, -6.249443 ], [ 108.26624, -6.249384 ], [ 108.265752, -6.249334 ], [ 108.265143, -6.249278 ], [ 108.264229, -6.249208 ], [ 108.263502, -6.249168 ], [ 108.263217, -6.249163 ], [ 108.262896, -6.249185 ], [ 108.262558, -6.249227 ], [ 108.262008, -6.249251 ], [ 108.261533, -6.249238 ], [ 108.260959, -6.249203 ], [ 108.26049, -6.249136 ], [ 108.259948, -6.249057 ], [ 108.259572, -6.248993 ], [ 108.25913, -6.248913 ], [ 108.258681, -6.248873 ], [ 108.258392, -6.248863 ], [ 108.258172, -6.248871 ], [ 108.257959, -6.248901 ], [ 108.257877, -6.248906 ], [ 108.257719, -6.248883 ], [ 108.257373, -6.248801 ], [ 108.256879, -6.248718 ], [ 108.256327, -6.248627 ], [ 108.255659, -6.24851 ], [ 108.254892, -6.248387 ], [ 108.25428, -6.248281 ], [ 108.253964, -6.248211 ], [ 108.253674, -6.248129 ], [ 108.253368, -6.248073 ], [ 108.25255, -6.24795 ], [ 108.251775, -6.247798 ], [ 108.251247, -6.247681 ], [ 108.250686, -6.247563 ], [ 108.25023, -6.247449 ], [ 108.249675, -6.247299 ], [ 108.249101, -6.247126 ], [ 108.247958, -6.246828 ], [ 108.247299, -6.246705 ], [ 108.245984, -6.246524 ], [ 108.244729, -6.246236 ], [ 108.242739, -6.245724 ], [ 108.241918, -6.245548 ], [ 108.241409, -6.245409 ], [ 108.240706, -6.245089 ], [ 108.240218, -6.244908 ], [ 108.239504, -6.244796 ], [ 108.238935, -6.244892 ], [ 108.238238, -6.245063 ], [ 108.237401, -6.245063 ], [ 108.236543, -6.244854 ], [ 108.235824, -6.244577 ], [ 108.235234, -6.2443 ], [ 108.234435, -6.243996 ], [ 108.233812, -6.243788 ], [ 108.233147, -6.2435 ], [ 108.232568, -6.243212 ], [ 108.232074, -6.243036 ], [ 108.231259, -6.24294 ], [ 108.230873, -6.242916 ], [ 108.230202, -6.242913 ], [ 108.229899, -6.242892 ], [ 108.229575, -6.242817 ], [ 108.229255, -6.242713 ], [ 108.228944, -6.242567 ], [ 108.228494, -6.242375 ], [ 108.227855, -6.242097 ], [ 108.227209, -6.24189 ], [ 108.226664, -6.24178 ], [ 108.225943, -6.241671 ], [ 108.225133, -6.241554 ], [ 108.224022, -6.241282 ], [ 108.22303, -6.24094 ], [ 108.222467, -6.240679 ], [ 108.22171, -6.240271 ], [ 108.221324, -6.240151 ], [ 108.220895, -6.24009 ], [ 108.220466, -6.240066 ], [ 108.220147, -6.240005 ], [ 108.219913, -6.239916 ], [ 108.219302, -6.239618 ], [ 108.21825, -6.239101 ], [ 108.215815, -6.237917 ], [ 108.214388, -6.237127 ], [ 108.213326, -6.236504 ], [ 108.211942, -6.23564 ], [ 108.210939, -6.234883 ], [ 108.209855, -6.234056 ], [ 108.208948, -6.233299 ], [ 108.207827, -6.232179 ], [ 108.207028, -6.231315 ], [ 108.205859, -6.230088 ], [ 108.205193, -6.22932 ], [ 108.203911, -6.227737 ], [ 108.20308, -6.226521 ], [ 108.202479, -6.225662 ], [ 108.201942, -6.224926 ], [ 108.201562, -6.224249 ], [ 108.201363, -6.223732 ], [ 108.201202, -6.223161 ], [ 108.2011, -6.222841 ], [ 108.201041, -6.222639 ], [ 108.2008, -6.222233 ], [ 108.200285, -6.221695 ], [ 108.199754, -6.221183 ], [ 108.199089, -6.220697 ], [ 108.198364, -6.220329 ], [ 108.19741, -6.219833 ], [ 108.197056, -6.219721 ], [ 108.196852, -6.219748 ], [ 108.196535, -6.219881 ], [ 108.195913, -6.220196 ], [ 108.195409, -6.220468 ], [ 108.195103, -6.220649 ], [ 108.194749, -6.220916 ], [ 108.194153, -6.221407 ], [ 108.193628, -6.221801 ], [ 108.193134, -6.222292 ], [ 108.192501, -6.222958 ], [ 108.191879, -6.223476 ], [ 108.191058, -6.224046 ], [ 108.190082, -6.224622 ], [ 108.189138, -6.225028 ], [ 108.188381, -6.2253 ], [ 108.187373, -6.225657 ], [ 108.186649, -6.225854 ], [ 108.186171, -6.225892 ], [ 108.185785, -6.225902 ], [ 108.185189, -6.225854 ], [ 108.184551, -6.225742 ], [ 108.183993, -6.225673 ], [ 108.182775, -6.225662 ], [ 108.182142, -6.225678 ], [ 108.181939, -6.225689 ], [ 108.181676, -6.225694 ], [ 108.180892, -6.225641 ], [ 108.180367, -6.225598 ], [ 108.179659, -6.22547 ], [ 108.178425, -6.225204 ], [ 108.17717, -6.224884 ], [ 108.176193, -6.224617 ], [ 108.175077, -6.224446 ], [ 108.174509, -6.224478 ], [ 108.173726, -6.224649 ], [ 108.172942, -6.225044 ], [ 108.17261, -6.225396 ], [ 108.172395, -6.226014 ], [ 108.172245, -6.226707 ], [ 108.171912, -6.227337 ], [ 108.171279, -6.228019 ], [ 108.170668, -6.22836 ], [ 108.169724, -6.228681 ], [ 108.168715, -6.229086 ], [ 108.167771, -6.229651 ], [ 108.167433, -6.230003 ] ] } },
{ "type": "Feature", "properties": { "wilayah": "CIR" }, "geometry": { "type": "LineString", "coordinates": [ [ 108.590989, -6.74336 ], [ 108.590401, -6.742861 ], [ 108.589833, -6.742169 ], [ 108.589243, -6.74138 ], [ 108.588341, -6.740315 ], [ 108.587591, -6.739217 ], [ 108.587038, -6.738285 ], [ 108.586625, -6.737523 ], [ 108.586378, -6.737113 ], [ 108.586212, -6.736666 ], [ 108.586142, -6.736383 ], [ 108.586094, -6.736074 ], [ 108.586099, -6.735899 ], [ 108.586145, -6.735827 ], [ 108.586708, -6.73547 ], [ 108.586764, -6.73539 ], [ 108.58677, -6.735249 ], [ 108.586689, -6.735073 ], [ 108.586174, -6.734135 ], [ 108.585948, -6.733741 ], [ 108.585811, -6.733453 ], [ 108.585697, -6.733182 ], [ 108.585669, -6.733048 ], [ 108.585655, -6.732902 ], [ 108.58565, -6.732816 ], [ 108.585664, -6.73277 ], [ 108.585695, -6.732743 ], [ 108.58577, -6.732699 ], [ 108.585818, -6.732647 ], [ 108.585841, -6.732583 ], [ 108.585836, -6.732457 ], [ 108.585776, -6.732321 ], [ 108.585658, -6.732089 ], [ 108.585628, -6.731966 ], [ 108.585622, -6.731863 ], [ 108.585655, -6.731766 ], [ 108.585734, -6.731675 ], [ 108.585852, -6.731569 ], [ 108.589941, -6.728863 ], [ 108.590051, -6.728709 ], [ 108.590152, -6.728536 ], [ 108.59022, -6.728362 ], [ 108.590268, -6.728167 ], [ 108.590296, -6.72698 ], [ 108.590222, -6.726978 ], [ 108.590194, -6.728151 ], [ 108.590136, -6.728336 ], [ 108.590071, -6.728507 ], [ 108.58998, -6.728663 ], [ 108.58988, -6.728803 ], [ 108.585821, -6.731508 ], [ 108.585619, -6.73165 ], [ 108.585235, -6.731967 ], [ 108.585184, -6.732028 ], [ 108.585136, -6.732111 ], [ 108.584672, -6.733726 ], [ 108.584649, -6.733782 ], [ 108.584609, -6.733849 ], [ 108.583311, -6.734599 ], [ 108.582131, -6.732903 ], [ 108.582788, -6.732489 ], [ 108.583182, -6.732353 ], [ 108.58322, -6.732304 ], [ 108.583044, -6.732115 ], [ 108.583493, -6.731712 ], [ 108.583742, -6.732004 ], [ 108.5838, -6.731963 ], [ 108.583742, -6.731872 ], [ 108.583833, -6.731797 ], [ 108.583892, -6.731867 ], [ 108.583963, -6.731809 ], [ 108.583968, -6.73176 ], [ 108.583855, -6.731641 ], [ 108.584137, -6.731443 ], [ 108.58422, -6.73153 ], [ 108.584258, -6.731504 ], [ 108.584123, -6.731279 ], [ 108.584248, -6.731187 ], [ 108.584379, -6.731392 ], [ 108.58445, -6.731354 ], [ 108.584324, -6.731136 ], [ 108.584489, -6.731045 ], [ 108.58461, -6.73124 ], [ 108.585842, -6.730431 ], [ 108.588917, -6.728394 ], [ 108.588991, -6.728309 ], [ 108.589058, -6.728204 ], [ 108.589096, -6.728112 ], [ 108.589109, -6.727986 ], [ 108.589117, -6.727746 ], [ 108.589185, -6.72671 ], [ 108.589131, -6.726705 ], [ 108.589061, -6.727686 ], [ 108.58905, -6.727921 ], [ 108.589031, -6.728071 ], [ 108.589, -6.728186 ], [ 108.588946, -6.728275 ], [ 108.588871, -6.728351 ], [ 108.585828, -6.730388 ], [ 108.585752, -6.730411 ], [ 108.585671, -6.730405 ], [ 108.585552, -6.730363 ], [ 108.585036, -6.729985 ], [ 108.584877, -6.729843 ], [ 108.584648, -6.729598 ], [ 108.584619, -6.729598 ], [ 108.584578, -6.729612 ], [ 108.584409, -6.729678 ], [ 108.584266, -6.729704 ], [ 108.584078, -6.729708 ], [ 108.58398, -6.729688 ], [ 108.583843, -6.729596 ], [ 108.583597, -6.729317 ], [ 108.583444, -6.728976 ], [ 108.583331, -6.728704 ], [ 108.583237, -6.728429 ], [ 108.5831, -6.728214 ], [ 108.58299, -6.728017 ], [ 108.582922, -6.727872 ], [ 108.582899, -6.727726 ], [ 108.582905, -6.727543 ], [ 108.582906, -6.727283 ], [ 108.58289, -6.727187 ], [ 108.582834, -6.727138 ], [ 108.582772, -6.727091 ], [ 108.582502, -6.726954 ], [ 108.582493, -6.726947 ] ] } },
{ "type": "Feature", "properties": { "wilayah": "CIR" }, "geometry": { "type": "LineString", "coordinates": [ [ 108.582493, -6.726947 ], [ 108.582363, -6.726858 ], [ 108.582119, -6.726725 ], [ 108.58206, -6.72671 ], [ 108.582031, -6.726709 ], [ 108.581973, -6.726731 ], [ 108.581918, -6.726779 ], [ 108.58185, -6.7268 ], [ 108.581776, -6.726797 ], [ 108.581687, -6.726782 ], [ 108.581579, -6.726749 ], [ 108.5814, -6.726685 ], [ 108.581043, -6.726509 ], [ 108.580877, -6.726436 ], [ 108.580748, -6.726421 ], [ 108.580594, -6.72642 ], [ 108.580465, -6.726432 ], [ 108.580188, -6.726401 ], [ 108.579931, -6.726288 ], [ 108.579754, -6.726091 ], [ 108.579655, -6.725975 ], [ 108.579571, -6.725847 ], [ 108.579498, -6.725878 ], [ 108.579359, -6.725932 ], [ 108.579257, -6.725769 ], [ 108.579153, -6.725617 ], [ 108.579062, -6.725563 ], [ 108.579005, -6.725532 ], [ 108.578953, -6.725488 ], [ 108.578932, -6.725436 ], [ 108.578926, -6.725392 ], [ 108.578935, -6.725348 ], [ 108.578967, -6.725303 ], [ 108.579036, -6.725226 ], [ 108.578835, -6.724867 ], [ 108.578765, -6.724824 ], [ 108.578692, -6.724781 ], [ 108.578619, -6.724767 ], [ 108.578573, -6.724764 ], [ 108.578497, -6.724739 ], [ 108.578471, -6.724706 ], [ 108.578453, -6.724672 ], [ 108.57842, -6.724586 ], [ 108.578388, -6.724507 ], [ 108.57835, -6.724436 ], [ 108.578313, -6.724331 ], [ 108.578271, -6.724142 ], [ 108.578256, -6.724116 ], [ 108.578232, -6.724099 ], [ 108.578213, -6.724095 ], [ 108.578114, -6.724153 ], [ 108.577974, -6.723944 ], [ 108.577862, -6.723783 ], [ 108.577807, -6.723642 ], [ 108.577865, -6.723611 ], [ 108.577976, -6.723539 ], [ 108.577897, -6.723372 ], [ 108.577839, -6.723381 ], [ 108.577787, -6.723381 ], [ 108.577744, -6.723364 ], [ 108.577697, -6.7233 ], [ 108.577602, -6.723173 ], [ 108.577595, -6.723154 ] ] } },
{ "type": "Feature", "properties": { "wilayah": "CIR" }, "geometry": { "type": "LineString", "coordinates": [ [ 108.577595, -6.723154 ], [ 108.577547, -6.723035 ], [ 108.577511, -6.722926 ], [ 108.577489, -6.722821 ], [ 108.577468, -6.722724 ], [ 108.577454, -6.722616 ], [ 108.577454, -6.722495 ], [ 108.577446, -6.722363 ], [ 108.577386, -6.722323 ], [ 108.577356, -6.722267 ], [ 108.577342, -6.722208 ], [ 108.577334, -6.722124 ], [ 108.577343, -6.722006 ], [ 108.577353, -6.721949 ], [ 108.578274, -6.721458 ], [ 108.578267, -6.72144 ], [ 108.577248, -6.721978 ], [ 108.577142, -6.721926 ], [ 108.577044, -6.721853 ], [ 108.576898, -6.721666 ], [ 108.576852, -6.721549 ], [ 108.576791, -6.721488 ], [ 108.576731, -6.721467 ], [ 108.576675, -6.721463 ], [ 108.576608, -6.72144 ], [ 108.576545, -6.721376 ], [ 108.576457, -6.721249 ], [ 108.576296, -6.72099 ], [ 108.576178, -6.720745 ], [ 108.576117, -6.720566 ], [ 108.576087, -6.720381 ], [ 108.576075, -6.720314 ], [ 108.576225, -6.720246 ], [ 108.57621, -6.720213 ], [ 108.576198, -6.720185 ], [ 108.576459, -6.72007 ], [ 108.576461, -6.719981 ], [ 108.576454, -6.719956 ], [ 108.576375, -6.719867 ], [ 108.576002, -6.720046 ], [ 108.576034, -6.720123 ], [ 108.575961, -6.72016 ], [ 108.575931, -6.720152 ], [ 108.57582, -6.720096 ], [ 108.575714, -6.71996 ], [ 108.57564, -6.719791 ], [ 108.575397, -6.71933 ], [ 108.574949, -6.718251 ], [ 108.574905, -6.718167 ], [ 108.574749, -6.718215 ], [ 108.574598, -6.718245 ], [ 108.57457, -6.718049 ], [ 108.574536, -6.717846 ], [ 108.574495, -6.717837 ], [ 108.574438, -6.717396 ], [ 108.574395, -6.717186 ] ] } },
{ "type": "Feature", "properties": { "wilayah": "CIR" }, "geometry": { "type": "LineString", "coordinates": [ [ 108.574395, -6.717186 ], [ 108.57435, -6.716966 ], [ 108.574481, -6.716941 ], [ 108.574529, -6.716927 ], [ 108.574606, -6.716906 ], [ 108.57467, -6.716877 ], [ 108.574753, -6.716855 ], [ 108.574804, -6.716827 ], [ 108.574818, -6.71679 ], [ 108.574815, -6.716745 ], [ 108.574732, -6.716613 ], [ 108.574625, -6.716424 ], [ 108.574434, -6.716027 ], [ 108.574252, -6.715577 ], [ 108.574158, -6.715151 ], [ 108.574067, -6.71475 ], [ 108.574029, -6.714545 ], [ 108.573946, -6.71424 ], [ 108.573835, -6.713824 ], [ 108.573647, -6.713161 ], [ 108.573474, -6.712543 ], [ 108.573304, -6.711921 ], [ 108.573258, -6.711586 ], [ 108.573254, -6.711452 ], [ 108.573286, -6.711355 ], [ 108.573494, -6.710776 ], [ 108.573622, -6.710623 ], [ 108.57364, -6.710556 ], [ 108.573693, -6.710484 ], [ 108.573686, -6.710477 ], [ 108.573674, -6.710464 ], [ 108.573576, -6.71053 ], [ 108.573513, -6.710566 ], [ 108.573487, -6.710608 ], [ 108.573415, -6.710854 ], [ 108.573085, -6.711674 ], [ 108.573091, -6.711745 ], [ 108.57314, -6.711951 ], [ 108.573411, -6.71295 ], [ 108.573409, -6.712966 ], [ 108.573393, -6.713001 ], [ 108.573385, -6.713029 ], [ 108.573133, -6.713146 ], [ 108.573011, -6.713202 ], [ 108.572822, -6.713289 ], [ 108.572689, -6.713347 ], [ 108.572361, -6.71345 ], [ 108.572343, -6.713455 ], [ 108.572325, -6.713492 ], [ 108.572283, -6.713712 ], [ 108.572197, -6.713963 ], [ 108.572156, -6.714112 ], [ 108.572098, -6.714309 ], [ 108.572089, -6.714427 ], [ 108.572066, -6.714695 ], [ 108.572069, -6.714982 ], [ 108.572054, -6.715144 ], [ 108.572022, -6.715255 ], [ 108.571995, -6.715377 ], [ 108.572217, -6.71557 ], [ 108.572348, -6.715501 ], [ 108.572421, -6.715472 ], [ 108.572665, -6.715402 ], [ 108.573249, -6.71519 ], [ 108.573285, -6.715183 ], [ 108.573321, -6.715194 ], [ 108.573356, -6.715225 ], [ 108.573576, -6.7158 ], [ 108.573607, -6.715916 ], [ 108.573316, -6.716006 ], [ 108.572459, -6.716288 ], [ 108.572284, -6.716307 ], [ 108.572232, -6.71632 ], [ 108.572149, -6.716389 ], [ 108.571674, -6.716893 ], [ 108.571423, -6.71725 ], [ 108.571389, -6.71727 ], [ 108.571335, -6.717262 ], [ 108.571301, -6.717241 ], [ 108.571271, -6.717216 ], [ 108.571267, -6.717196 ], [ 108.571273, -6.717177 ], [ 108.571716, -6.716645 ], [ 108.572059, -6.71622 ], [ 108.572091, -6.716114 ], [ 108.572115, -6.716008 ], [ 108.572121, -6.715946 ], [ 108.572126, -6.715913 ], [ 108.572024, -6.715836 ], [ 108.571866, -6.71571 ], [ 108.571372, -6.716306 ], [ 108.571187, -6.71615 ], [ 108.571633, -6.715635 ], [ 108.571364, -6.715426 ], [ 108.570983, -6.715877 ], [ 108.57102, -6.715921 ], [ 108.570977, -6.715966 ], [ 108.569628, -6.714551 ], [ 108.569476, -6.714333 ], [ 108.569524, -6.714281 ], [ 108.569418, -6.714158 ], [ 108.569469, -6.714066 ], [ 108.569416, -6.714 ], [ 108.569384, -6.713958 ], [ 108.56938, -6.71393 ], [ 108.569386, -6.713891 ], [ 108.569412, -6.713869 ], [ 108.569452, -6.713859 ], [ 108.569524, -6.713877 ], [ 108.569629, -6.713861 ], [ 108.569712, -6.713855 ], [ 108.569767, -6.713865 ], [ 108.569846, -6.713881 ], [ 108.570015, -6.713911 ], [ 108.57073, -6.714037 ], [ 108.571643, -6.714233 ], [ 108.571802, -6.713788 ], [ 108.572055, -6.713115 ], [ 108.571838, -6.713049 ], [ 108.571814, -6.713004 ], [ 108.571846, -6.712902 ], [ 108.571558, -6.712832 ], [ 108.571521, -6.712956 ], [ 108.571013, -6.712842 ], [ 108.571025, -6.712737 ], [ 108.570684, -6.712672 ], [ 108.570671, -6.712775 ], [ 108.570166, -6.712671 ], [ 108.570179, -6.712559 ], [ 108.569925, -6.712516 ], [ 108.569896, -6.712617 ], [ 108.569282, -6.712488 ], [ 108.56931, -6.712314 ], [ 108.568956, -6.712248 ], [ 108.568992, -6.712026 ], [ 108.569028, -6.711828 ], [ 108.56909, -6.711538 ], [ 108.569196, -6.711115 ], [ 108.569519, -6.711182 ], [ 108.569872, -6.711243 ], [ 108.570597, -6.711399 ], [ 108.571393, -6.71154 ], [ 108.571457, -6.711543 ], [ 108.571495, -6.711526 ], [ 108.571519, -6.711488 ], [ 108.571671, -6.710747 ], [ 108.571824, -6.709799 ], [ 108.572119, -6.708394 ], [ 108.571981, -6.708373 ], [ 108.571957, -6.708479 ], [ 108.571874, -6.708466 ], [ 108.571897, -6.708294 ], [ 108.571609, -6.708228 ], [ 108.571658, -6.707992 ], [ 108.571669, -6.707948 ], [ 108.571673, -6.707929 ], [ 108.57087, -6.707753 ], [ 108.570939, -6.707488 ], [ 108.571828, -6.707671 ], [ 108.571829, -6.707664 ], [ 108.571841, -6.707607 ], [ 108.571843, -6.707592 ], [ 108.571844, -6.707583 ], [ 108.570966, -6.707401 ], [ 108.571033, -6.707124 ], [ 108.571891, -6.707301 ], [ 108.572048, -6.707315 ], [ 108.572164, -6.707322 ], [ 108.572204, -6.707318 ], [ 108.572228, -6.707303 ], [ 108.572233, -6.70728 ], [ 108.572221, -6.70725 ], [ 108.572206, -6.707223 ], [ 108.571991, -6.707111 ], [ 108.571499, -6.706843 ], [ 108.571488, -6.706825 ], [ 108.571486, -6.706806 ], [ 108.571535, -6.706736 ], [ 108.571293, -6.7064 ], [ 108.570978, -6.705922 ], [ 108.571097, -6.705826 ], [ 108.571049, -6.705747 ], [ 108.571027, -6.705701 ], [ 108.571029, -6.705683 ], [ 108.571307, -6.705509 ], [ 108.571396, -6.705606 ], [ 108.571463, -6.70556 ], [ 108.571414, -6.705452 ], [ 108.571688, -6.705268 ], [ 108.571777, -6.705366 ], [ 108.571843, -6.705313 ], [ 108.571787, -6.705207 ], [ 108.572075, -6.705025 ], [ 108.572156, -6.705125 ], [ 108.57238, -6.704977 ], [ 108.572438, -6.705138 ], [ 108.572488, -6.705249 ], [ 108.572541, -6.705344 ], [ 108.573386, -6.706682 ], [ 108.572804, -6.706946 ], [ 108.57286, -6.707377 ], [ 108.573972, -6.707549 ], [ 108.574029, -6.707543 ], [ 108.574346, -6.707363 ], [ 108.574323, -6.707326 ], [ 108.574208, -6.707203 ], [ 108.574201, -6.707162 ], [ 108.574248, -6.707103 ], [ 108.574118, -6.70693 ], [ 108.574106, -6.706779 ], [ 108.574161, -6.706634 ], [ 108.574725, -6.706236 ], [ 108.574877, -6.70606 ], [ 108.575229, -6.70582 ], [ 108.575311, -6.705723 ], [ 108.575396, -6.705547 ], [ 108.575343, -6.705358 ], [ 108.573326, -6.70262 ], [ 108.57319, -6.702601 ], [ 108.571582, -6.703455 ], [ 108.570709, -6.704086 ], [ 108.570249, -6.704416 ], [ 108.570207, -6.704469 ], [ 108.569992, -6.704711 ], [ 108.569934, -6.704834 ], [ 108.569877, -6.704972 ], [ 108.569625, -6.705297 ], [ 108.569475, -6.705505 ], [ 108.569231, -6.70583 ], [ 108.569067, -6.706012 ], [ 108.569004, -6.70606 ], [ 108.568933, -6.70608 ], [ 108.568681, -6.706056 ], [ 108.568521, -6.706024 ], [ 108.568458, -6.705991 ], [ 108.568431, -6.705946 ], [ 108.568436, -6.705875 ], [ 108.568466, -6.705717 ], [ 108.5685, -6.705532 ], [ 108.568563, -6.705312 ], [ 108.568706, -6.704967 ], [ 108.568802, -6.704767 ], [ 108.568812, -6.704721 ], [ 108.568803, -6.704688 ], [ 108.568686, -6.704615 ], [ 108.568596, -6.704593 ], [ 108.568544, -6.704614 ], [ 108.568527, -6.704638 ], [ 108.568397, -6.705015 ], [ 108.568333, -6.705127 ], [ 108.56831, -6.705136 ] ] } },
{ "type": "Feature", "properties": { "wilayah": "CIR" }, "geometry": { "type": "LineString", "coordinates": [ [ 108.56831, -6.705136 ], [ 108.568203, -6.70518 ], [ 108.56813, -6.705189 ], [ 108.568091, -6.705195 ], [ 108.568, -6.705183 ], [ 108.567878, -6.705128 ], [ 108.567814, -6.70508 ], [ 108.56775, -6.704979 ], [ 108.56766, -6.704735 ], [ 108.567583, -6.7045 ], [ 108.567525, -6.704382 ], [ 108.567364, -6.704069 ], [ 108.566937, -6.703219 ], [ 108.566417, -6.702258 ], [ 108.566189, -6.701791 ], [ 108.566101, -6.701613 ] ] } },
{ "type": "Feature", "properties": { "wilayah": "CIR" }, "geometry": { "type": "LineString", "coordinates": [ [ 108.562677, -6.690998 ], [ 108.5627, -6.690971 ], [ 108.562815, -6.690847 ], [ 108.562907, -6.690749 ], [ 108.562958, -6.690644 ], [ 108.562968, -6.690511 ], [ 108.562928, -6.690374 ], [ 108.562847, -6.690265 ], [ 108.562724, -6.690185 ], [ 108.562512, -6.690094 ], [ 108.562346, -6.690044 ], [ 108.562206, -6.689964 ], [ 108.562034, -6.689721 ], [ 108.5619, -6.689404 ], [ 108.561723, -6.688776 ], [ 108.56145, -6.68796 ], [ 108.560763, -6.685595 ], [ 108.560248, -6.683197 ], [ 108.559824, -6.68154 ], [ 108.559266, -6.679207 ], [ 108.559009, -6.677363 ], [ 108.558751, -6.675855 ], [ 108.558612, -6.675205 ], [ 108.558585, -6.674667 ], [ 108.55866, -6.673974 ], [ 108.558698, -6.673383 ], [ 108.558623, -6.672706 ], [ 108.558615, -6.672227 ], [ 108.55858, -6.671795 ], [ 108.558497, -6.671308 ], [ 108.558397, -6.670841 ], [ 108.558301, -6.670445 ], [ 108.558086, -6.669744 ], [ 108.557652, -6.668396 ], [ 108.557448, -6.667224 ], [ 108.557308, -6.666115 ], [ 108.557121, -6.664666 ], [ 108.556938, -6.663318 ], [ 108.556708, -6.662194 ], [ 108.556568, -6.66157 ], [ 108.556514, -6.660952 ], [ 108.556557, -6.660638 ], [ 108.55667, -6.660153 ], [ 108.556756, -6.659509 ], [ 108.556826, -6.658901 ], [ 108.556788, -6.657788 ], [ 108.55674, -6.656514 ], [ 108.556799, -6.655454 ], [ 108.556884, -6.654452 ], [ 108.556911, -6.653115 ], [ 108.55697, -6.651926 ], [ 108.557142, -6.650786 ], [ 108.55734, -6.649987 ], [ 108.557684, -6.648799 ], [ 108.557984, -6.648031 ], [ 108.558134, -6.647531 ], [ 108.558301, -6.646694 ], [ 108.558322, -6.646332 ], [ 108.558328, -6.645927 ], [ 108.558354, -6.64574 ], [ 108.558478, -6.645522 ], [ 108.560495, -6.643998 ], [ 108.560634, -6.643779 ], [ 108.560715, -6.643566 ], [ 108.560693, -6.643417 ], [ 108.560564, -6.64326 ], [ 108.560291, -6.643057 ], [ 108.559797, -6.642676 ], [ 108.559419, -6.642346 ], [ 108.55917, -6.642058 ], [ 108.558821, -6.641552 ], [ 108.558526, -6.640891 ], [ 108.558022, -6.639842 ], [ 108.557276, -6.638419 ], [ 108.556579, -6.637161 ], [ 108.555946, -6.635947 ], [ 108.55512, -6.633756 ], [ 108.554476, -6.632169 ], [ 108.553929, -6.630741 ], [ 108.553419, -6.629488 ], [ 108.552845, -6.627527 ], [ 108.552577, -6.626707 ], [ 108.552099, -6.625583 ], [ 108.551799, -6.624932 ], [ 108.551611, -6.624565 ], [ 108.551563, -6.624266 ], [ 108.551611, -6.623984 ], [ 108.551901, -6.623675 ], [ 108.552282, -6.623398 ], [ 108.552496, -6.623169 ], [ 108.552636, -6.622812 ], [ 108.552636, -6.622359 ], [ 108.55255, -6.621799 ], [ 108.55233, -6.620829 ], [ 108.551906, -6.619412 ], [ 108.551327, -6.617973 ], [ 108.550587, -6.616098 ], [ 108.549535, -6.612922 ], [ 108.548441, -6.608957 ], [ 108.54762, -6.60576 ], [ 108.546853, -6.602584 ], [ 108.54593, -6.597916 ], [ 108.545297, -6.594548 ], [ 108.544729, -6.591574 ], [ 108.544611, -6.590466 ], [ 108.544493, -6.589709 ], [ 108.544149, -6.587727 ], [ 108.543634, -6.584721 ], [ 108.543194, -6.580799 ], [ 108.543162, -6.579563 ], [ 108.543109, -6.577559 ], [ 108.543098, -6.57595 ], [ 108.543109, -6.57483 ], [ 108.543098, -6.573967 ], [ 108.54306, -6.573296 ], [ 108.543055, -6.572304 ], [ 108.543028, -6.571553 ], [ 108.543117, -6.570762 ], [ 108.543184, -6.570053 ], [ 108.543307, -6.569237 ], [ 108.543396, -6.568297 ], [ 108.543562, -6.567274 ], [ 108.543613, -6.566687 ], [ 108.543629, -6.566045 ], [ 108.543632, -6.565603 ], [ 108.54365, -6.56524 ], [ 108.54372, -6.564772 ], [ 108.543844, -6.564087 ], [ 108.543903, -6.563658 ], [ 108.543982, -6.56327 ], [ 108.544088, -6.5629 ], [ 108.544176, -6.562622 ], [ 108.544282, -6.562369 ], [ 108.544376, -6.562172 ], [ 108.544471, -6.562031 ], [ 108.544541, -6.561968 ], [ 108.544639, -6.56192 ], [ 108.54474, -6.561886 ], [ 108.544789, -6.561848 ], [ 108.544882, -6.561713 ], [ 108.545, -6.561499 ], [ 108.545145, -6.56118 ], [ 108.545289, -6.56102 ], [ 108.545383, -6.560932 ], [ 108.54548, -6.56078 ], [ 108.545643, -6.560447 ], [ 108.545775, -6.559967 ], [ 108.54593, -6.55921 ], [ 108.546, -6.558432 ], [ 108.545936, -6.557345 ], [ 108.545748, -6.556311 ], [ 108.545464, -6.555075 ], [ 108.545115, -6.553945 ], [ 108.544718, -6.552671 ], [ 108.544493, -6.551648 ], [ 108.54423, -6.550156 ], [ 108.543951, -6.548658 ], [ 108.543696, -6.547289 ], [ 108.543554, -6.545988 ], [ 108.543404, -6.544198 ], [ 108.543431, -6.543004 ], [ 108.543382, -6.542151 ], [ 108.54331, -6.541789 ], [ 108.543119, -6.541365 ], [ 108.54298, -6.540947 ], [ 108.542881, -6.540528 ], [ 108.542873, -6.540259 ], [ 108.54291, -6.539953 ], [ 108.542983, -6.539742 ], [ 108.543082, -6.539585 ], [ 108.543203, -6.539465 ], [ 108.543447, -6.539369 ], [ 108.543688, -6.539255 ], [ 108.543841, -6.539135 ], [ 108.54407, -6.538896 ], [ 108.544132, -6.538758 ], [ 108.544169, -6.538666 ], [ 108.54418, -6.538631 ], [ 108.544178, -6.538563 ], [ 108.544153, -6.538289 ], [ 108.544116, -6.537975 ], [ 108.544074, -6.537664 ], [ 108.544034, -6.53728 ], [ 108.54401, -6.53672 ], [ 108.543999, -6.536374 ], [ 108.543956, -6.535495 ], [ 108.543881, -6.534663 ], [ 108.543726, -6.53357 ], [ 108.543565, -6.532686 ], [ 108.543414, -6.531604 ], [ 108.543312, -6.530831 ], [ 108.543125, -6.529824 ], [ 108.54291, -6.528966 ], [ 108.542712, -6.528305 ], [ 108.542304, -6.527223 ], [ 108.541977, -6.52613 ], [ 108.541644, -6.525144 ], [ 108.541397, -6.524148 ], [ 108.541065, -6.523045 ], [ 108.540716, -6.521664 ], [ 108.54048, -6.520667 ], [ 108.540062, -6.519095 ], [ 108.539568, -6.517219 ], [ 108.539413, -6.516222 ], [ 108.539378, -6.516084 ] ] } },
{ "type": "Feature", "properties": { "wilayah": "CIR" }, "geometry": { "type": "LineString", "coordinates": [ [ 108.566101, -6.701613 ], [ 108.566015, -6.701277 ], [ 108.565937, -6.700888 ], [ 108.565897, -6.700749 ], [ 108.565792, -6.700388 ], [ 108.565677, -6.700017 ], [ 108.565183, -6.698859 ], [ 108.56481, -6.697937 ], [ 108.564585, -6.6973 ], [ 108.56429, -6.696563 ], [ 108.564287, -6.696555 ], [ 108.564284, -6.696547 ], [ 108.564253, -6.696469 ], [ 108.563751, -6.695262 ], [ 108.563346, -6.694341 ], [ 108.562949, -6.693331 ], [ 108.562662, -6.692524 ], [ 108.562466, -6.692028 ], [ 108.562346, -6.691623 ], [ 108.562348, -6.691485 ], [ 108.562437, -6.691293 ], [ 108.562677, -6.690998 ] ] } },
{ "type": "Feature", "properties": { "wilayah": "SBY" }, "geometry": { "type": "Polygon", "coordinates": [ [ [ 112.679544, -7.192111 ], [ 112.679453, -7.192098 ], [ 112.678195, -7.190972 ], [ 112.677653, -7.190451 ], [ 112.677466, -7.190238 ], [ 112.677353, -7.190131 ], [ 112.677297, -7.190099 ], [ 112.677195, -7.190083 ], [ 112.677098, -7.190102 ], [ 112.677018, -7.190153 ], [ 112.67694, -7.190243 ], [ 112.67686, -7.190347 ], [ 112.676763, -7.190432 ], [ 112.676567, -7.190552 ], [ 112.676468, -7.1906 ], [ 112.67635, -7.190679 ], [ 112.676245, -7.190757 ], [ 112.676175, -7.190823 ], [ 112.676076, -7.190946 ], [ 112.676017, -7.190996 ], [ 112.675891, -7.191073 ], [ 112.675846, -7.191116 ], [ 112.675813, -7.191185 ], [ 112.675787, -7.191289 ], [ 112.675752, -7.191382 ], [ 112.675695, -7.191454 ], [ 112.675623, -7.191528 ], [ 112.675459, -7.191643 ], [ 112.675314, -7.191725 ], [ 112.675229, -7.191832 ], [ 112.675167, -7.191943 ], [ 112.675132, -7.192087 ], [ 112.675111, -7.192239 ], [ 112.675068, -7.192473 ], [ 112.675033, -7.192593 ], [ 112.674982, -7.192721 ], [ 112.674904, -7.192835 ], [ 112.674869, -7.192896 ], [ 112.674864, -7.192963 ], [ 112.674896, -7.193085 ], [ 112.674963, -7.193215 ], [ 112.675011, -7.193335 ], [ 112.675027, -7.193474 ], [ 112.675057, -7.193663 ], [ 112.676356, -7.195318 ], [ 112.675205, -7.196518 ], [ 112.674459, -7.197298 ], [ 112.674338, -7.197417 ], [ 112.674199, -7.197529 ], [ 112.673968, -7.197699 ], [ 112.673829, -7.197817 ], [ 112.673716, -7.197934 ], [ 112.673587, -7.19812 ], [ 112.673512, -7.198234 ], [ 112.67315, -7.198633 ], [ 112.673005, -7.198788 ], [ 112.672903, -7.19891 ], [ 112.672705, -7.199187 ], [ 112.672466, -7.199496 ], [ 112.672018, -7.199988 ], [ 112.671252, -7.200778 ], [ 112.671205, -7.20081 ], [ 112.671164, -7.200825 ], [ 112.671113, -7.200821 ], [ 112.671036, -7.200766 ], [ 112.670256, -7.200005 ], [ 112.67023, -7.199991 ], [ 112.67021, -7.199988 ], [ 112.670181, -7.200007 ], [ 112.669263, -7.200973 ], [ 112.66778, -7.202489 ], [ 112.667653, -7.202591 ], [ 112.667556, -7.202632 ], [ 112.667429, -7.202689 ], [ 112.667372, -7.202731 ], [ 112.667348, -7.202773 ], [ 112.667338, -7.202853 ], [ 112.66734, -7.203072 ], [ 112.667324, -7.203695 ], [ 112.66734, -7.204065 ], [ 112.66741, -7.204286 ], [ 112.667517, -7.20448 ], [ 112.667631, -7.204608 ], [ 112.667715, -7.204671 ], [ 112.667924, -7.204815 ], [ 112.668009, -7.204848 ], [ 112.668063, -7.204846 ], [ 112.668118, -7.20483 ], [ 112.668193, -7.204804 ], [ 112.668243, -7.204809 ], [ 112.668279, -7.204824 ], [ 112.669065, -7.205599 ], [ 112.669112, -7.205633 ], [ 112.669157, -7.205635 ], [ 112.66919, -7.205617 ], [ 112.669231, -7.205579 ], [ 112.670041, -7.204757 ], [ 112.670061, -7.204722 ], [ 112.670066, -7.204701 ], [ 112.670061, -7.204674 ], [ 112.67002, -7.204626 ], [ 112.6692, -7.203848 ], [ 112.669179, -7.203799 ], [ 112.669178, -7.203749 ], [ 112.669192, -7.203685 ], [ 112.669245, -7.203606 ], [ 112.669324, -7.203507 ], [ 112.672292, -7.200446 ], [ 112.672661, -7.200061 ], [ 112.672792, -7.199939 ], [ 112.672921, -7.199834 ], [ 112.673143, -7.199645 ], [ 112.673324, -7.199497 ], [ 112.673503, -7.199345 ], [ 112.673662, -7.199196 ], [ 112.673794, -7.199063 ], [ 112.673908, -7.198945 ], [ 112.674034, -7.198833 ], [ 112.674118, -7.198773 ], [ 112.67422, -7.198701 ], [ 112.674322, -7.198631 ], [ 112.674416, -7.198542 ], [ 112.67453, -7.198429 ], [ 112.674593, -7.198343 ], [ 112.674659, -7.198242 ], [ 112.674824, -7.197997 ], [ 112.674936, -7.19787 ], [ 112.675178, -7.197601 ], [ 112.675453, -7.197347 ], [ 112.675509, -7.197306 ], [ 112.675544, -7.19729 ], [ 112.675587, -7.197286 ], [ 112.675635, -7.197307 ], [ 112.675678, -7.197362 ], [ 112.675705, -7.197444 ], [ 112.675701, -7.197485 ], [ 112.675687, -7.197514 ], [ 112.675659, -7.197548 ], [ 112.67518, -7.197997 ], [ 112.675049, -7.198115 ], [ 112.674966, -7.198208 ], [ 112.674818, -7.198418 ], [ 112.674671, -7.198586 ], [ 112.674423, -7.198801 ], [ 112.674321, -7.198877 ], [ 112.674259, -7.198944 ], [ 112.67423, -7.199013 ], [ 112.674222, -7.199054 ], [ 112.674226, -7.199144 ], [ 112.674258, -7.199325 ], [ 112.674295, -7.19941 ], [ 112.674331, -7.199469 ], [ 112.674379, -7.199514 ], [ 112.674511, -7.199615 ], [ 112.674577, -7.199659 ], [ 112.674686, -7.199711 ], [ 112.674793, -7.199742 ], [ 112.674926, -7.199749 ], [ 112.674985, -7.199743 ], [ 112.675083, -7.199695 ], [ 112.675154, -7.199627 ], [ 112.675238, -7.199529 ], [ 112.675459, -7.199277 ], [ 112.676594, -7.19814 ], [ 112.676682, -7.198044 ], [ 112.676736, -7.198003 ], [ 112.676787, -7.197985 ], [ 112.676826, -7.197993 ], [ 112.676865, -7.198015 ], [ 112.676905, -7.198048 ], [ 112.680837, -7.201893 ], [ 112.681771, -7.202819 ], [ 112.684744, -7.205737 ], [ 112.684781, -7.205776 ], [ 112.684803, -7.205786 ], [ 112.684826, -7.205788 ], [ 112.684849, -7.205778 ], [ 112.684873, -7.20576 ], [ 112.688876, -7.201622 ], [ 112.688905, -7.201581 ], [ 112.688935, -7.201539 ], [ 112.68894, -7.201505 ], [ 112.688928, -7.201474 ], [ 112.688897, -7.201433 ], [ 112.685113, -7.197811 ], [ 112.684547, -7.197266 ], [ 112.684065, -7.196779 ], [ 112.683861, -7.196546 ], [ 112.683733, -7.196378 ], [ 112.683703, -7.196332 ], [ 112.683656, -7.196228 ], [ 112.683624, -7.19614 ], [ 112.683596, -7.196073 ], [ 112.683573, -7.196039 ], [ 112.683536, -7.195995 ], [ 112.68334, -7.195863 ], [ 112.683132, -7.195688 ], [ 112.683045, -7.195631 ], [ 112.68299, -7.195584 ], [ 112.682951, -7.195521 ], [ 112.682928, -7.195456 ], [ 112.6829, -7.195379 ], [ 112.682862, -7.195298 ], [ 112.68279, -7.195211 ], [ 112.682673, -7.195126 ], [ 112.682551, -7.195056 ], [ 112.682448, -7.19498 ], [ 112.682146, -7.194716 ], [ 112.682012, -7.194559 ], [ 112.68194, -7.194464 ], [ 112.681889, -7.19436 ], [ 112.681854, -7.194264 ], [ 112.6818, -7.194118 ], [ 112.681717, -7.193974 ], [ 112.681486, -7.193687 ], [ 112.681392, -7.193588 ], [ 112.681277, -7.193482 ], [ 112.681122, -7.193394 ], [ 112.680987, -7.193317 ], [ 112.680802, -7.193248 ], [ 112.680603, -7.1932 ], [ 112.680523, -7.193172 ], [ 112.680409, -7.193085 ], [ 112.680094, -7.19275 ], [ 112.680059, -7.192701 ], [ 112.680047, -7.192668 ], [ 112.680042, -7.192642 ], [ 112.680045, -7.192623 ], [ 112.680064, -7.192596 ], [ 112.680132, -7.192527 ], [ 112.680168, -7.192487 ], [ 112.680179, -7.192467 ], [ 112.680181, -7.192452 ], [ 112.680179, -7.192435 ], [ 112.680171, -7.19242 ], [ 112.67992, -7.192138 ], [ 112.679813, -7.192069 ], [ 112.679735, -7.192055 ], [ 112.679627, -7.192087 ], [ 112.679544, -7.192111 ] ] ] } },
{ "type": "Feature", "properties": { "wilayah": "SBY" }, "geometry": { "type": "Polygon", "coordinates": [ [ [ 112.648486, -7.090646 ], [ 112.639417, -7.097983 ], [ 112.648094, -7.097888 ], [ 112.648486, -7.090646 ] ] ] } },
{ "type": "Feature", "properties": { "wilayah": "SBY" }, "geometry": { "type": "LineString", "coordinates": [ [ 113.483378, -6.896888 ], [ 113.483336, -6.896883 ], [ 113.483144, -6.896859 ], [ 113.483125, -6.896591 ], [ 113.483185, -6.896468 ], [ 113.483003, -6.896304 ], [ 113.482385, -6.895935 ], [ 113.482068, -6.895669 ], [ 113.48167, -6.895615 ], [ 113.481525, -6.895461 ], [ 113.480829, -6.895187 ], [ 113.480134, -6.895023 ], [ 113.479745, -6.894954 ], [ 113.479177, -6.894937 ], [ 113.479149, -6.894979 ], [ 113.478828, -6.894834 ], [ 113.478154, -6.894859 ], [ 113.478064, -6.894832 ], [ 113.477962, -6.894768 ], [ 113.477881, -6.894664 ], [ 113.477761, -6.894361 ], [ 113.47774, -6.894376 ], [ 113.477838, -6.894633 ], [ 113.477781, -6.894672 ], [ 113.477666, -6.894715 ], [ 113.477524, -6.894709 ], [ 113.477387, -6.894644 ], [ 113.477295, -6.894569 ], [ 113.477413, -6.894412 ], [ 113.477477, -6.894389 ], [ 113.477536, -6.894359 ], [ 113.477524, -6.894341 ], [ 113.477472, -6.894369 ], [ 113.477402, -6.894395 ], [ 113.477262, -6.894565 ], [ 113.476962, -6.894445 ], [ 113.476797, -6.894406 ], [ 113.476338, -6.894378 ], [ 113.475341, -6.894101 ], [ 113.474906, -6.894094 ], [ 113.47451, -6.894192 ], [ 113.474335, -6.894247 ], [ 113.474331, -6.894288 ], [ 113.474285, -6.894307 ], [ 113.474135, -6.8943 ], [ 113.47412, -6.894346 ], [ 113.474011, -6.894338 ], [ 113.473908, -6.894277 ], [ 113.473909, -6.894217 ], [ 113.473895, -6.8941 ], [ 113.473663, -6.893936 ], [ 113.473388, -6.893882 ], [ 113.473172, -6.893892 ], [ 113.473026, -6.893906 ], [ 113.472954, -6.893863 ], [ 113.472826, -6.893827 ], [ 113.472678, -6.893658 ], [ 113.471454, -6.893457 ], [ 113.471304, -6.893492 ], [ 113.46932, -6.893036 ], [ 113.468379, -6.892871 ], [ 113.46709, -6.892482 ], [ 113.466243, -6.892279 ], [ 113.466008, -6.892291 ], [ 113.465715, -6.892354 ], [ 113.465498, -6.892309 ], [ 113.465222, -6.892131 ], [ 113.465008, -6.891993 ], [ 113.464806, -6.891971 ], [ 113.464621, -6.892017 ], [ 113.464399, -6.892119 ], [ 113.464031, -6.892093 ], [ 113.46292, -6.891516 ], [ 113.462777, -6.891604 ], [ 113.462781, -6.891667 ], [ 113.462543, -6.891797 ], [ 113.462187, -6.891865 ], [ 113.461692, -6.891842 ], [ 113.461315, -6.891766 ], [ 113.460787, -6.891554 ], [ 113.460229, -6.891428 ], [ 113.460021, -6.891359 ], [ 113.459737, -6.891126 ], [ 113.459488, -6.891117 ], [ 113.457783, -6.891182 ], [ 113.457103, -6.89101 ], [ 113.456486, -6.890538 ], [ 113.454934, -6.890999 ], [ 113.453995, -6.891273 ], [ 113.453142, -6.891184 ], [ 113.452489, -6.891038 ], [ 113.452197, -6.890971 ], [ 113.452084, -6.890728 ], [ 113.452025, -6.89048 ], [ 113.451909, -6.890355 ], [ 113.451717, -6.89026 ], [ 113.451353, -6.890213 ], [ 113.451068, -6.889954 ], [ 113.450879, -6.889632 ], [ 113.45076, -6.88959 ], [ 113.450617, -6.889606 ], [ 113.45048, -6.889638 ], [ 113.450416, -6.889574 ], [ 113.450303, -6.88954 ], [ 113.45018, -6.889566 ], [ 113.450018, -6.889494 ], [ 113.449965, -6.889374 ], [ 113.449796, -6.889321 ], [ 113.44921, -6.889192 ], [ 113.448965, -6.888972 ], [ 113.448229, -6.888862 ], [ 113.447976, -6.888902 ], [ 113.447816, -6.889053 ], [ 113.447517, -6.8892 ], [ 113.447132, -6.889279 ], [ 113.446869, -6.889294 ], [ 113.443273, -6.888639 ], [ 113.442724, -6.888242 ], [ 113.441261, -6.888085 ], [ 113.440444, -6.887764 ], [ 113.440209, -6.887708 ], [ 113.439851, -6.887784 ], [ 113.439657, -6.887748 ], [ 113.439499, -6.887795 ], [ 113.439171, -6.887682 ], [ 113.438973, -6.887709 ], [ 113.438716, -6.887607 ], [ 113.4384, -6.88758 ], [ 113.437846, -6.887768 ], [ 113.437528, -6.887685 ], [ 113.437061, -6.887763 ], [ 113.435966, -6.887563 ], [ 113.435833, -6.887597 ], [ 113.435761, -6.88776 ], [ 113.435638, -6.887827 ], [ 113.435496, -6.887847 ], [ 113.435381, -6.887827 ], [ 113.435271, -6.887772 ], [ 113.435045, -6.887831 ], [ 113.434867, -6.887796 ], [ 113.434705, -6.887729 ], [ 113.434496, -6.887804 ], [ 113.434239, -6.887835 ], [ 113.43408, -6.887945 ], [ 113.43393, -6.887976 ], [ 113.433601, -6.887905 ], [ 113.433436, -6.887826 ], [ 113.433248, -6.887827 ], [ 113.433078, -6.887922 ], [ 113.432878, -6.887979 ], [ 113.432304, -6.88792 ], [ 113.431512, -6.887938 ], [ 113.431361, -6.887974 ], [ 113.431236, -6.88806 ], [ 113.431054, -6.888197 ], [ 113.43104, -6.888148 ], [ 113.431006, -6.888158 ], [ 113.431067, -6.888353 ], [ 113.43093, -6.888448 ], [ 113.430964, -6.888517 ], [ 113.430869, -6.888598 ], [ 113.430679, -6.888714 ], [ 113.430572, -6.888798 ], [ 113.4305, -6.888964 ], [ 113.430345, -6.888914 ], [ 113.430201, -6.888867 ], [ 113.430374, -6.888506 ], [ 113.430361, -6.888436 ], [ 113.429978, -6.888307 ], [ 113.429598, -6.888263 ], [ 113.429603, -6.888382 ], [ 113.429504, -6.888409 ], [ 113.429036, -6.888354 ], [ 113.428755, -6.888339 ], [ 113.428541, -6.888279 ], [ 113.428213, -6.888183 ], [ 113.428038, -6.88821 ], [ 113.427618, -6.888129 ], [ 113.427078, -6.888115 ], [ 113.426941, -6.888177 ], [ 113.426934, -6.887999 ], [ 113.42656, -6.88801 ], [ 113.426501, -6.888049 ], [ 113.426327, -6.888049 ], [ 113.426297, -6.888157 ], [ 113.426224, -6.888149 ], [ 113.426163, -6.888215 ], [ 113.425958, -6.888193 ], [ 113.425698, -6.888126 ], [ 113.425665, -6.888051 ], [ 113.425466, -6.887963 ], [ 113.425279, -6.887893 ], [ 113.425198, -6.887749 ], [ 113.425125, -6.887896 ], [ 113.424915, -6.887874 ], [ 113.424576, -6.887758 ], [ 113.423769, -6.887766 ], [ 113.422844, -6.887395 ], [ 113.421403, -6.887383 ], [ 113.420863, -6.887274 ], [ 113.42063, -6.887249 ], [ 113.420513, -6.887261 ], [ 113.420495, -6.887395 ], [ 113.419992, -6.887194 ], [ 113.419839, -6.886859 ], [ 113.419649, -6.88678 ], [ 113.419434, -6.886933 ], [ 113.418299, -6.886884 ], [ 113.417973, -6.886576 ], [ 113.417741, -6.886716 ], [ 113.417706, -6.886819 ], [ 113.417821, -6.886827 ], [ 113.417836, -6.886929 ], [ 113.417828, -6.887045 ], [ 113.417749, -6.887062 ], [ 113.41768, -6.886961 ], [ 113.417528, -6.886948 ], [ 113.417402, -6.886836 ], [ 113.417298, -6.886763 ], [ 113.417025, -6.886694 ], [ 113.416925, -6.886763 ], [ 113.416886, -6.88669 ], [ 113.416726, -6.886673 ], [ 113.416618, -6.886776 ], [ 113.416765, -6.887202 ], [ 113.416704, -6.887486 ], [ 113.416496, -6.887616 ], [ 113.416175, -6.88771 ], [ 113.415937, -6.88771 ], [ 113.41575, -6.887616 ], [ 113.415498, -6.887202 ], [ 113.415264, -6.887159 ], [ 113.415204, -6.887478 ], [ 113.414995, -6.887822 ], [ 113.41464, -6.887908 ], [ 113.414232, -6.88771 ], [ 113.413668, -6.888132 ], [ 113.413642, -6.888425 ], [ 113.413241, -6.888739 ], [ 113.410138, -6.887882 ], [ 113.40973, -6.887908 ], [ 113.409097, -6.888149 ], [ 113.408342, -6.888055 ], [ 113.407891, -6.887796 ], [ 113.407787, -6.887555 ], [ 113.407769, -6.887237 ], [ 113.407136, -6.886735 ], [ 113.399122, -6.887737 ], [ 113.398537, -6.887941 ], [ 113.397811, -6.888 ], [ 113.39747, -6.888085 ], [ 113.396968, -6.888266 ], [ 113.39662, -6.888444 ], [ 113.396331, -6.888454 ], [ 113.39595, -6.888421 ], [ 113.395771, -6.888474 ], [ 113.395557, -6.888687 ], [ 113.395482, -6.888728 ], [ 113.395408, -6.888788 ], [ 113.395329, -6.888756 ], [ 113.395214, -6.888731 ], [ 113.394975, -6.888681 ], [ 113.394516, -6.888727 ], [ 113.394315, -6.888708 ], [ 113.393925, -6.888641 ], [ 113.393674, -6.888564 ], [ 113.393296, -6.888494 ], [ 113.393009, -6.888542 ], [ 113.392665, -6.888493 ], [ 113.392082, -6.888368 ], [ 113.391766, -6.888354 ], [ 113.391633, -6.888319 ], [ 113.391234, -6.888109 ], [ 113.390698, -6.887922 ], [ 113.390308, -6.887836 ], [ 113.390105, -6.88783 ], [ 113.389814, -6.887622 ], [ 113.389614, -6.887494 ], [ 113.389407, -6.887456 ], [ 113.388972, -6.887406 ], [ 113.388636, -6.887278 ], [ 113.388385, -6.887241 ], [ 113.38811, -6.88716 ], [ 113.387572, -6.886962 ], [ 113.387268, -6.886893 ], [ 113.38717, -6.886915 ], [ 113.387079, -6.886972 ], [ 113.386856, -6.886966 ], [ 113.386696, -6.886937 ], [ 113.386465, -6.886929 ], [ 113.386338, -6.886925 ], [ 113.386124, -6.886874 ], [ 113.38599, -6.886879 ], [ 113.385781, -6.886902 ], [ 113.385642, -6.886934 ], [ 113.385469, -6.886992 ], [ 113.38534, -6.887074 ], [ 113.385234, -6.887188 ], [ 113.385149, -6.887307 ], [ 113.385124, -6.887325 ], [ 113.385097, -6.88734 ], [ 113.385053, -6.887248 ], [ 113.384994, -6.887155 ], [ 113.385005, -6.887138 ], [ 113.384884, -6.886894 ], [ 113.384864, -6.886901 ], [ 113.384924, -6.887038 ], [ 113.384736, -6.887138 ], [ 113.384435, -6.887181 ], [ 113.384162, -6.887263 ], [ 113.383925, -6.887291 ], [ 113.383668, -6.887358 ], [ 113.383514, -6.887507 ], [ 113.383217, -6.887577 ], [ 113.383182, -6.887695 ], [ 113.382794, -6.887813 ], [ 113.382541, -6.887903 ], [ 113.382363, -6.887884 ], [ 113.382256, -6.887895 ], [ 113.382134, -6.88797 ], [ 113.381699, -6.887927 ], [ 113.381163, -6.888037 ], [ 113.381023, -6.888115 ], [ 113.380951, -6.888198 ], [ 113.380884, -6.888351 ], [ 113.380584, -6.888421 ], [ 113.380564, -6.888531 ], [ 113.380433, -6.888606 ], [ 113.380255, -6.888661 ], [ 113.379997, -6.888654 ], [ 113.379923, -6.888694 ], [ 113.379888, -6.888784 ], [ 113.379894, -6.888874 ], [ 113.380011, -6.889071 ], [ 113.380011, -6.889185 ], [ 113.379958, -6.88934 ], [ 113.379779, -6.889632 ], [ 113.379547, -6.889889 ], [ 113.379504, -6.889935 ], [ 113.379397, -6.889926 ], [ 113.379293, -6.889918 ], [ 113.379234, -6.889878 ], [ 113.378976, -6.889866 ], [ 113.378575, -6.889784 ], [ 113.377592, -6.889646 ], [ 113.377277, -6.889627 ], [ 113.377156, -6.889467 ], [ 113.376963, -6.888929 ], [ 113.376911, -6.888637 ], [ 113.376166, -6.888468 ], [ 113.375897, -6.888329 ], [ 113.375406, -6.888205 ], [ 113.374682, -6.888269 ], [ 113.374342, -6.888473 ], [ 113.373332, -6.88838 ], [ 113.372093, -6.888307 ], [ 113.37162, -6.888359 ], [ 113.370898, -6.888231 ], [ 113.37032, -6.888413 ], [ 113.369667, -6.888254 ], [ 113.368649, -6.888397 ], [ 113.366464, -6.888476 ], [ 113.365086, -6.888486 ], [ 113.36452, -6.888371 ], [ 113.364279, -6.888578 ], [ 113.364268, -6.888747 ], [ 113.364147, -6.888802 ], [ 113.364042, -6.888748 ], [ 113.363901, -6.888759 ], [ 113.363766, -6.88901 ], [ 113.363742, -6.889348 ], [ 113.36359, -6.889355 ], [ 113.363599, -6.889059 ], [ 113.363499, -6.888975 ], [ 113.363571, -6.888787 ], [ 113.363436, -6.888617 ], [ 113.362934, -6.888524 ], [ 113.362604, -6.888655 ], [ 113.362007, -6.888616 ], [ 113.361791, -6.888856 ], [ 113.358926, -6.889562 ], [ 113.357437, -6.889879 ], [ 113.35716, -6.889898 ], [ 113.356658, -6.889962 ], [ 113.356476, -6.890022 ], [ 113.356377, -6.890124 ], [ 113.356244, -6.890147 ], [ 113.356122, -6.890037 ], [ 113.355872, -6.890079 ], [ 113.355499, -6.889996 ], [ 113.355237, -6.890037 ], [ 113.355006, -6.890003 ], [ 113.354751, -6.889879 ], [ 113.354458, -6.88992 ], [ 113.354287, -6.889869 ], [ 113.35401, -6.889999 ], [ 113.353896, -6.890007 ], [ 113.353694, -6.890095 ], [ 113.353159, -6.890124 ], [ 113.352996, -6.890037 ], [ 113.352844, -6.890045 ], [ 113.352772, -6.889958 ], [ 113.35205, -6.889852 ], [ 113.351864, -6.889901 ], [ 113.35162, -6.889822 ], [ 113.351404, -6.889864 ], [ 113.351172, -6.889837 ], [ 113.350918, -6.889705 ], [ 113.350704, -6.889691 ], [ 113.350367, -6.889724 ], [ 113.349907, -6.889747 ], [ 113.349748, -6.88969 ], [ 113.349599, -6.889679 ], [ 113.349458, -6.88974 ], [ 113.349375, -6.88986 ], [ 113.34923, -6.889835 ], [ 113.349136, -6.889818 ], [ 113.349007, -6.889634 ], [ 113.348673, -6.889443 ], [ 113.347953, -6.889315 ], [ 113.347637, -6.889217 ], [ 113.347289, -6.888977 ], [ 113.347119, -6.888926 ], [ 113.346864, -6.888885 ], [ 113.346771, -6.888756 ], [ 113.34689, -6.888587 ], [ 113.346881, -6.88857 ], [ 113.346726, -6.888744 ], [ 113.346682, -6.888823 ], [ 113.346672, -6.888888 ], [ 113.346686, -6.888945 ], [ 113.346561, -6.889009 ], [ 113.346469, -6.889005 ], [ 113.346182, -6.888823 ], [ 113.346132, -6.888858 ], [ 113.346029, -6.888811 ], [ 113.345934, -6.88889 ], [ 113.345843, -6.888939 ], [ 113.345585, -6.888961 ], [ 113.345395, -6.888872 ], [ 113.345078, -6.888927 ], [ 113.344833, -6.888917 ], [ 113.344772, -6.888972 ], [ 113.344411, -6.889012 ], [ 113.343491, -6.889262 ], [ 113.343273, -6.889272 ], [ 113.342943, -6.889206 ], [ 113.342675, -6.889312 ], [ 113.3425, -6.889249 ], [ 113.341905, -6.889194 ], [ 113.341636, -6.889084 ], [ 113.341515, -6.889063 ], [ 113.341237, -6.888894 ], [ 113.340813, -6.888776 ], [ 113.340375, -6.88871 ], [ 113.339989, -6.888792 ], [ 113.339856, -6.888872 ], [ 113.339792, -6.889005 ], [ 113.339638, -6.889028 ], [ 113.339493, -6.889012 ], [ 113.339267, -6.888793 ], [ 113.339009, -6.888761 ], [ 113.338822, -6.888776 ], [ 113.338745, -6.888849 ], [ 113.338448, -6.888901 ], [ 113.338282, -6.889028 ], [ 113.338307, -6.889106 ], [ 113.33831, -6.889291 ], [ 113.338315, -6.889383 ], [ 113.338268, -6.889469 ], [ 113.338223, -6.889485 ], [ 113.338156, -6.889469 ], [ 113.338092, -6.889453 ], [ 113.338053, -6.889353 ], [ 113.338033, -6.889226 ], [ 113.337982, -6.889079 ], [ 113.33802, -6.889002 ], [ 113.337941, -6.888927 ], [ 113.33784, -6.888879 ], [ 113.337636, -6.888884 ], [ 113.336998, -6.888686 ], [ 113.336634, -6.888621 ], [ 113.335725, -6.888533 ], [ 113.33499, -6.888545 ], [ 113.334677, -6.888446 ], [ 113.3341, -6.888462 ], [ 113.333865, -6.888392 ], [ 113.333091, -6.888434 ], [ 113.332763, -6.888493 ], [ 113.332419, -6.888458 ], [ 113.332024, -6.888525 ], [ 113.331351, -6.888427 ], [ 113.331158, -6.88847 ], [ 113.330124, -6.888448 ], [ 113.329948, -6.888411 ], [ 113.329785, -6.888284 ], [ 113.329101, -6.888317 ], [ 113.328919, -6.888219 ], [ 113.328618, -6.888172 ], [ 113.328247, -6.888407 ], [ 113.328027, -6.888568 ], [ 113.327986, -6.888474 ], [ 113.327822, -6.888313 ], [ 113.327516, -6.888207 ], [ 113.327041, -6.888121 ], [ 113.326555, -6.888207 ], [ 113.326316, -6.888215 ], [ 113.32585, -6.888218 ], [ 113.325397, -6.88809 ], [ 113.324508, -6.888124 ], [ 113.323473, -6.887995 ], [ 113.322969, -6.888128 ], [ 113.322666, -6.888354 ], [ 113.32194, -6.888239 ], [ 113.320911, -6.888606 ], [ 113.319826, -6.888672 ], [ 113.317589, -6.889194 ], [ 113.313798, -6.890849 ], [ 113.313361, -6.891337 ], [ 113.313663, -6.891737 ], [ 113.313516, -6.891988 ], [ 113.312773, -6.892399 ], [ 113.312531, -6.892692 ], [ 113.312294, -6.892861 ], [ 113.311872, -6.892819 ], [ 113.310854, -6.893184 ], [ 113.310401, -6.893287 ], [ 113.31008, -6.893093 ], [ 113.309959, -6.892884 ], [ 113.309394, -6.892452 ], [ 113.308891, -6.892201 ], [ 113.308753, -6.892194 ], [ 113.308606, -6.892245 ], [ 113.308409, -6.892335 ], [ 113.30812, -6.892288 ], [ 113.308029, -6.892213 ], [ 113.307871, -6.892233 ], [ 113.307551, -6.892441 ], [ 113.307475, -6.89241 ], [ 113.3074, -6.892304 ], [ 113.307013, -6.892217 ], [ 113.306839, -6.892221 ], [ 113.306685, -6.892264 ], [ 113.306463, -6.892209 ], [ 113.306186, -6.892182 ], [ 113.305767, -6.892205 ], [ 113.305482, -6.89193 ], [ 113.3053, -6.892005 ], [ 113.305028, -6.891962 ], [ 113.304438, -6.892001 ], [ 113.304276, -6.892064 ], [ 113.304114, -6.892029 ], [ 113.303766, -6.891825 ], [ 113.303335, -6.891777 ], [ 113.30288, -6.891781 ], [ 113.302544, -6.891832 ], [ 113.30235, -6.891785 ], [ 113.302006, -6.891616 ], [ 113.301884, -6.891518 ], [ 113.30133, -6.891483 ], [ 113.301223, -6.891342 ], [ 113.30101, -6.891261 ], [ 113.300618, -6.891126 ], [ 113.300207, -6.890812 ], [ 113.299851, -6.890604 ], [ 113.29957, -6.890563 ], [ 113.299214, -6.890386 ], [ 113.299095, -6.890269 ], [ 113.298288, -6.889841 ], [ 113.297301, -6.88941 ], [ 113.296838, -6.88932 ], [ 113.296295, -6.88928 ], [ 113.295431, -6.889109 ], [ 113.294957, -6.889259 ], [ 113.294727, -6.889149 ], [ 113.294316, -6.889172 ], [ 113.29275, -6.889345 ], [ 113.291304, -6.889662 ], [ 113.288483, -6.89038 ], [ 113.28804, -6.890669 ], [ 113.287625, -6.890757 ], [ 113.287254, -6.890742 ], [ 113.286688, -6.89095 ], [ 113.286308, -6.890933 ], [ 113.28499, -6.891617 ], [ 113.284044, -6.891811 ], [ 113.283832, -6.89196 ], [ 113.28325, -6.891936 ], [ 113.282523, -6.8921 ], [ 113.281761, -6.892018 ], [ 113.281058, -6.891895 ], [ 113.280443, -6.891745 ], [ 113.280063, -6.891745 ], [ 113.279641, -6.891609 ], [ 113.27905, -6.891418 ], [ 113.278855, -6.891284 ], [ 113.278816, -6.891101 ], [ 113.279196, -6.890274 ], [ 113.279162, -6.89024 ], [ 113.278659, -6.891256 ], [ 113.278376, -6.891225 ], [ 113.275797, -6.890289 ], [ 113.275113, -6.89024 ], [ 113.274871, -6.89031 ], [ 113.274547, -6.890557 ], [ 113.27402, -6.890741 ], [ 113.272633, -6.890674 ], [ 113.272051, -6.890852 ], [ 113.271615, -6.890818 ], [ 113.270944, -6.890508 ], [ 113.268304, -6.890363 ], [ 113.260454, -6.889662 ], [ 113.258808, -6.889822 ], [ 113.251637, -6.890519 ], [ 113.24583, -6.891962 ], [ 113.243066, -6.89263 ], [ 113.242014, -6.892593 ], [ 113.241518, -6.892874 ], [ 113.240623, -6.892587 ], [ 113.240468, -6.892351 ], [ 113.240223, -6.892341 ], [ 113.239806, -6.892534 ], [ 113.239593, -6.892213 ], [ 113.23888, -6.892253 ], [ 113.237386, -6.891375 ], [ 113.236443, -6.891054 ], [ 113.236154, -6.891209 ], [ 113.235177, -6.891107 ], [ 113.234826, -6.890898 ], [ 113.234378, -6.890699 ], [ 113.234134, -6.890654 ], [ 113.233858, -6.890897 ], [ 113.229906, -6.89182 ], [ 113.229698, -6.891533 ], [ 113.229719, -6.890782 ], [ 113.229213, -6.890552 ], [ 113.227312, -6.89067 ], [ 113.226734, -6.890842 ], [ 113.226336, -6.891141 ], [ 113.226173, -6.891648 ], [ 113.225719, -6.891686 ], [ 113.225242, -6.891815 ], [ 113.224863, -6.892317 ], [ 113.224289, -6.892434 ], [ 113.22367, -6.892434 ], [ 113.223298, -6.892896 ], [ 113.222912, -6.892958 ], [ 113.222415, -6.89262 ], [ 113.222046, -6.893006 ], [ 113.220666, -6.892706 ], [ 113.220023, -6.892934 ], [ 113.21878, -6.892858 ], [ 113.218466, -6.893252 ], [ 113.217838, -6.893417 ], [ 113.217043, -6.893471 ], [ 113.216303, -6.893323 ], [ 113.215034, -6.893648 ], [ 113.214166, -6.893677 ], [ 113.211068, -6.894664 ], [ 113.200335, -6.89698 ], [ 113.199449, -6.897221 ], [ 113.198986, -6.897134 ], [ 113.198473, -6.897233 ], [ 113.196123, -6.896476 ], [ 113.193472, -6.895346 ], [ 113.192547, -6.894656 ], [ 113.192313, -6.894149 ], [ 113.191763, -6.89333 ], [ 113.19251, -6.892637 ], [ 113.192474, -6.8926 ], [ 113.191407, -6.893588 ], [ 113.191073, -6.89345 ], [ 113.190411, -6.893449 ], [ 113.189468, -6.89294 ], [ 113.189116, -6.893282 ], [ 113.188882, -6.893244 ], [ 113.188249, -6.893422 ], [ 113.187775, -6.893416 ], [ 113.187125, -6.892039 ], [ 113.187719, -6.893516 ], [ 113.187416, -6.893839 ], [ 113.186705, -6.893971 ], [ 113.186071, -6.893771 ], [ 113.186695, -6.891994 ], [ 113.185857, -6.893925 ], [ 113.185356, -6.893934 ], [ 113.184873, -6.893706 ], [ 113.185082, -6.892361 ], [ 113.184786, -6.89373 ], [ 113.184735, -6.893989 ], [ 113.184408, -6.894012 ], [ 113.183448, -6.894004 ], [ 113.182507, -6.893826 ], [ 113.182198, -6.894037 ], [ 113.181189, -6.893884 ], [ 113.1784, -6.89307 ], [ 113.173078, -6.891707 ], [ 113.169569, -6.890401 ], [ 113.167734, -6.890109 ], [ 113.166539, -6.890166 ], [ 113.165679, -6.891873 ], [ 113.16469, -6.89215 ], [ 113.163723, -6.893153 ], [ 113.16256, -6.893561 ], [ 113.159425, -6.894092 ], [ 113.157276, -6.894199 ], [ 113.155845, -6.893773 ], [ 113.152871, -6.892291 ], [ 113.151069, -6.892237 ], [ 113.150279, -6.89119 ], [ 113.14918, -6.891029 ], [ 113.148922, -6.891377 ], [ 113.148596, -6.891577 ], [ 113.148167, -6.891705 ], [ 113.147672, -6.89168 ], [ 113.147265, -6.891391 ], [ 113.146852, -6.89114 ], [ 113.146563, -6.891391 ], [ 113.14623, -6.891689 ], [ 113.145264, -6.891614 ], [ 113.144331, -6.89203 ], [ 113.142464, -6.891909 ], [ 113.14101, -6.892371 ], [ 113.140351, -6.892546 ], [ 113.13997, -6.892536 ], [ 113.13821, -6.893384 ], [ 113.137137, -6.893856 ], [ 113.136032, -6.89422 ], [ 113.135362, -6.893569 ], [ 113.1346, -6.893334 ], [ 113.134198, -6.8931 ], [ 113.133903, -6.892908 ], [ 113.133463, -6.892781 ], [ 113.132502, -6.892653 ], [ 113.131151, -6.892056 ], [ 113.131049, -6.891694 ], [ 113.129927, -6.891391 ], [ 113.12971, -6.891343 ], [ 113.129557, -6.891305 ], [ 113.129431, -6.891348 ], [ 113.128846, -6.891781 ], [ 113.127857, -6.892142 ], [ 113.127857, -6.892594 ], [ 113.127779, -6.892666 ], [ 113.127548, -6.892876 ], [ 113.126591, -6.89297 ], [ 113.125786, -6.892903 ], [ 113.12481, -6.892836 ], [ 113.124495, -6.892798 ] ] } },
{ "type": "Feature", "properties": { "wilayah": "SBY" }, "geometry": { "type": "LineString", "coordinates": [ [ 113.211902, -7.313188 ], [ 113.21233, -7.313315 ], [ 113.212489, -7.313385 ], [ 113.212589, -7.313457 ], [ 113.212648, -7.313521 ], [ 113.212678, -7.313584 ], [ 113.212694, -7.313659 ], [ 113.2127, -7.313714 ], [ 113.212725, -7.313754 ], [ 113.212772, -7.313786 ], [ 113.212904, -7.313831 ], [ 113.213052, -7.313911 ], [ 113.213159, -7.313992 ], [ 113.213209, -7.314067 ], [ 113.213246, -7.314146 ], [ 113.213277, -7.314223 ], [ 113.213323, -7.314277 ], [ 113.213386, -7.314321 ], [ 113.213481, -7.314392 ], [ 113.213561, -7.314472 ], [ 113.213641, -7.314553 ], [ 113.213709, -7.314605 ], [ 113.213796, -7.314636 ], [ 113.213887, -7.314646 ], [ 113.213983, -7.314637 ], [ 113.214235, -7.314593 ], [ 113.21453, -7.314561 ], [ 113.214842, -7.314547 ], [ 113.215367, -7.314551 ], [ 113.215911, -7.314563 ], [ 113.216516, -7.314553 ], [ 113.217036, -7.3145 ], [ 113.217905, -7.314404 ], [ 113.219024, -7.31425 ], [ 113.219562, -7.314145 ], [ 113.219904, -7.314067 ], [ 113.220138, -7.313993 ], [ 113.220466, -7.31385 ], [ 113.220934, -7.31363 ], [ 113.221061, -7.313564 ], [ 113.221218, -7.313473 ], [ 113.221911, -7.313134 ], [ 113.222629, -7.312752 ], [ 113.222859, -7.31261 ], [ 113.222969, -7.312494 ], [ 113.223052, -7.312359 ], [ 113.223167, -7.31214 ], [ 113.223263, -7.311967 ], [ 113.223354, -7.311838 ], [ 113.223568, -7.311648 ], [ 113.22392, -7.311395 ], [ 113.224023, -7.311314 ], [ 113.224098, -7.311244 ], [ 113.22418, -7.311167 ], [ 113.224236, -7.311127 ], [ 113.224294, -7.311102 ], [ 113.224378, -7.311098 ], [ 113.224455, -7.311099 ], [ 113.224529, -7.311094 ], [ 113.224602, -7.31107 ], [ 113.22464, -7.311045 ], [ 113.224687, -7.311033 ], [ 113.224729, -7.311035 ], [ 113.224784, -7.311058 ], [ 113.224823, -7.311097 ], [ 113.224841, -7.311134 ], [ 113.224863, -7.311169 ], [ 113.224884, -7.311193 ], [ 113.224914, -7.311201 ], [ 113.224952, -7.311203 ], [ 113.224988, -7.311189 ], [ 113.225015, -7.311161 ], [ 113.225045, -7.31112 ], [ 113.225063, -7.31107 ], [ 113.225065, -7.311015 ], [ 113.225059, -7.310955 ], [ 113.225036, -7.310913 ], [ 113.224994, -7.310889 ], [ 113.224951, -7.310883 ], [ 113.224911, -7.310896 ], [ 113.224873, -7.31092 ], [ 113.224837, -7.310942 ], [ 113.224791, -7.310954 ], [ 113.224733, -7.310958 ], [ 113.224662, -7.310964 ], [ 113.224586, -7.310973 ], [ 113.224482, -7.310963 ], [ 113.224418, -7.310942 ], [ 113.22434, -7.310893 ], [ 113.224261, -7.310821 ], [ 113.224207, -7.310752 ], [ 113.224149, -7.310656 ], [ 113.224088, -7.310463 ], [ 113.224026, -7.310152 ], [ 113.223964, -7.309975 ], [ 113.223903, -7.309859 ], [ 113.223848, -7.309797 ], [ 113.223779, -7.309769 ], [ 113.223706, -7.309763 ], [ 113.223617, -7.309781 ], [ 113.223392, -7.309847 ], [ 113.223252, -7.309882 ], [ 113.223114, -7.309911 ], [ 113.222972, -7.30991 ], [ 113.222846, -7.309867 ], [ 113.222718, -7.309815 ], [ 113.222611, -7.309769 ], [ 113.222466, -7.309715 ], [ 113.222327, -7.309678 ], [ 113.222226, -7.309638 ], [ 113.222122, -7.309577 ], [ 113.222028, -7.309514 ], [ 113.221931, -7.309444 ], [ 113.221862, -7.309388 ], [ 113.22178, -7.309318 ], [ 113.221697, -7.309244 ], [ 113.221649, -7.309205 ], [ 113.221593, -7.30919 ], [ 113.221534, -7.309187 ], [ 113.221474, -7.309189 ], [ 113.22142, -7.309195 ], [ 113.221371, -7.309185 ], [ 113.221321, -7.30916 ], [ 113.221264, -7.309117 ], [ 113.221214, -7.30907 ], [ 113.22117, -7.309028 ], [ 113.221139, -7.308997 ], [ 113.221107, -7.308972 ] ] } },
{ "type": "Feature", "properties": { "wilayah": "SBY" }, "geometry": { "type": "LineString", "coordinates": [ [ 112.727126, -6.927137 ], [ 112.727269, -6.928447 ] ] } },
{ "type": "Feature", "properties": { "wilayah": "SBY" }, "geometry": { "type": "LineString", "coordinates": [ [ 112.730295, -6.929076 ], [ 112.730346, -6.9291 ], [ 112.730397, -6.92913 ], [ 112.730436, -6.929161 ], [ 112.730476, -6.9292 ], [ 112.730519, -6.929241 ], [ 112.730626, -6.929357 ], [ 112.730724, -6.929468 ], [ 112.730741, -6.929483 ], [ 112.730761, -6.929491 ], [ 112.730791, -6.929495 ], [ 112.73083, -6.929495 ], [ 112.730892, -6.929485 ], [ 112.730926, -6.929473 ], [ 112.730991, -6.929423 ], [ 112.731034, -6.929404 ], [ 112.731078, -6.929399 ], [ 112.731123, -6.929404 ] ] } },
{ "type": "Feature", "properties": { "wilayah": "SBY" }, "geometry": { "type": "LineString", "coordinates": [ [ 113.040328, -7.212875 ], [ 113.04032, -7.212923 ], [ 113.0403, -7.21298 ], [ 113.04029, -7.213007 ], [ 113.040287, -7.213027 ], [ 113.040297, -7.213042 ], [ 113.04033, -7.213068 ], [ 113.040359, -7.213109 ], [ 113.040394, -7.213192 ], [ 113.040509, -7.213458 ], [ 113.040648, -7.213741 ], [ 113.040704, -7.214029 ], [ 113.040618, -7.214416 ], [ 113.040745, -7.214701 ], [ 113.040907, -7.214822 ], [ 113.041311, -7.214732 ], [ 113.041483, -7.214526 ], [ 113.041685, -7.214426 ], [ 113.043297, -7.214827 ], [ 113.044217, -7.214907 ], [ 113.044717, -7.215113 ], [ 113.045035, -7.215489 ], [ 113.045961, -7.215752 ], [ 113.046769, -7.2159 ], [ 113.047381, -7.215914 ], [ 113.047413, -7.215751 ], [ 113.047677, -7.215701 ], [ 113.04802, -7.215839 ], [ 113.049498, -7.215899 ], [ 113.050977, -7.216154 ], [ 113.051832, -7.216401 ], [ 113.052637, -7.216562 ], [ 113.054856, -7.216904 ], [ 113.05512, -7.216964 ], [ 113.055235, -7.216967 ], [ 113.055291, -7.216796 ], [ 113.055407, -7.216827 ], [ 113.055391, -7.216933 ], [ 113.055493, -7.216989 ], [ 113.055473, -7.217056 ], [ 113.055563, -7.217103 ], [ 113.05562, -7.217192 ], [ 113.055687, -7.217229 ], [ 113.055752, -7.21727 ], [ 113.055818, -7.217306 ], [ 113.055885, -7.217336 ], [ 113.055987, -7.217392 ], [ 113.056121, -7.21746 ], [ 113.056255, -7.217502 ], [ 113.056367, -7.217534 ], [ 113.056479, -7.217549 ], [ 113.056576, -7.217487 ], [ 113.056623, -7.217422 ], [ 113.05681, -7.217481 ], [ 113.056791, -7.217678 ], [ 113.057045, -7.217778 ], [ 113.057041, -7.217902 ], [ 113.057145, -7.2179 ], [ 113.057163, -7.217839 ], [ 113.057239, -7.217848 ], [ 113.057443, -7.217624 ], [ 113.057681, -7.217667 ], [ 113.057624, -7.217908 ], [ 113.057752, -7.217924 ], [ 113.057763, -7.217881 ], [ 113.057911, -7.21791 ], [ 113.057954, -7.217734 ], [ 113.058085, -7.217766 ], [ 113.058002, -7.218106 ], [ 113.058111, -7.218128 ], [ 113.058199, -7.217846 ], [ 113.058595, -7.217961 ], [ 113.058535, -7.21819 ], [ 113.058703, -7.218222 ], [ 113.058737, -7.218115 ], [ 113.058914, -7.218156 ], [ 113.058922, -7.218106 ], [ 113.059098, -7.218136 ], [ 113.059124, -7.218087 ], [ 113.05921, -7.218094 ], [ 113.059248, -7.218197 ], [ 113.059342, -7.218191 ], [ 113.059383, -7.218259 ], [ 113.059551, -7.21828 ], [ 113.059569, -7.218349 ], [ 113.059723, -7.218376 ], [ 113.059778, -7.218241 ], [ 113.059918, -7.218276 ], [ 113.059914, -7.218394 ], [ 113.060371, -7.2186 ], [ 113.060304, -7.218784 ], [ 113.060941, -7.219037 ], [ 113.060917, -7.219144 ], [ 113.061076, -7.219193 ], [ 113.061148, -7.218986 ], [ 113.061342, -7.219108 ], [ 113.061357, -7.219205 ], [ 113.061496, -7.219234 ], [ 113.061533, -7.219101 ], [ 113.061967, -7.219234 ], [ 113.06206, -7.219342 ], [ 113.062116, -7.219345 ], [ 113.062187, -7.219108 ], [ 113.062322, -7.219125 ], [ 113.062351, -7.218986 ], [ 113.062512, -7.219007 ], [ 113.062473, -7.219156 ], [ 113.063578, -7.219583 ], [ 113.064325, -7.22005 ], [ 113.065076, -7.220903 ], [ 113.066216, -7.221307 ], [ 113.066702, -7.220943 ], [ 113.066889, -7.220528 ], [ 113.067184, -7.220858 ], [ 113.06733, -7.221151 ], [ 113.067693, -7.221377 ], [ 113.068122, -7.221744 ], [ 113.068403, -7.221959 ], [ 113.068611, -7.221984 ], [ 113.068867, -7.221761 ], [ 113.069105, -7.221646 ], [ 113.069374, -7.221599 ], [ 113.069514, -7.221628 ], [ 113.069622, -7.221687 ], [ 113.06957, -7.221884 ], [ 113.06975, -7.221902 ], [ 113.070404, -7.222106 ], [ 113.070759, -7.22264 ], [ 113.070811, -7.22294 ], [ 113.071061, -7.222944 ], [ 113.071245, -7.222966 ], [ 113.071248, -7.222866 ], [ 113.071439, -7.222907 ], [ 113.071476, -7.222581 ], [ 113.071656, -7.22257 ], [ 113.071749, -7.22244 ], [ 113.072164, -7.222677 ], [ 113.072792, -7.222818 ], [ 113.072795, -7.222974 ], [ 113.07287, -7.223089 ], [ 113.073076, -7.222907 ], [ 113.073335, -7.223013 ], [ 113.073397, -7.223467 ], [ 113.073673, -7.223921 ], [ 113.074239, -7.224089 ], [ 113.074826, -7.224194 ], [ 113.075473, -7.223822 ], [ 113.076194, -7.223464 ], [ 113.076552, -7.223238 ], [ 113.076873, -7.223238 ], [ 113.076901, -7.223343 ], [ 113.077048, -7.223349 ], [ 113.077155, -7.223322 ], [ 113.077167, -7.223171 ], [ 113.077258, -7.22316 ], [ 113.077266, -7.223306 ], [ 113.077446, -7.223306 ], [ 113.077485, -7.223161 ], [ 113.077878, -7.223121 ], [ 113.077903, -7.223221 ], [ 113.07812, -7.223217 ], [ 113.07868, -7.223181 ], [ 113.079378, -7.223118 ], [ 113.079848, -7.223138 ], [ 113.080018, -7.22323 ], [ 113.0803, -7.223241 ], [ 113.080313, -7.223345 ], [ 113.080631, -7.223407 ], [ 113.080721, -7.223359 ], [ 113.081112, -7.22339 ], [ 113.081482, -7.22351 ], [ 113.081482, -7.223611 ], [ 113.081524, -7.223634 ], [ 113.081513, -7.223716 ], [ 113.081648, -7.223736 ], [ 113.081685, -7.223623 ], [ 113.081857, -7.223662 ], [ 113.082166, -7.223927 ], [ 113.082375, -7.224016 ], [ 113.082364, -7.224121 ], [ 113.082666, -7.225054 ], [ 113.082732, -7.225134 ], [ 113.082804, -7.225221 ], [ 113.083534, -7.225446 ], [ 113.086851, -7.226432 ], [ 113.08763, -7.226437 ], [ 113.087634, -7.226281 ], [ 113.088026, -7.226247 ], [ 113.088281, -7.226273 ], [ 113.088658, -7.226437 ], [ 113.088673, -7.226607 ], [ 113.08911, -7.226867 ], [ 113.089439, -7.226956 ], [ 113.089784, -7.226977 ], [ 113.089927, -7.226893 ], [ 113.090168, -7.226898 ], [ 113.090688, -7.22703 ], [ 113.090707, -7.227252 ], [ 113.090987, -7.227328 ], [ 113.09124, -7.227515 ], [ 113.091444, -7.227475 ], [ 113.092168, -7.22766 ], [ 113.092997, -7.227693 ], [ 113.093006, -7.227556 ], [ 113.093271, -7.227568 ], [ 113.09329, -7.227708 ], [ 113.093507, -7.227749 ], [ 113.097748, -7.228464 ], [ 113.098133, -7.228461 ], [ 113.098309, -7.228365 ], [ 113.098522, -7.228272 ], [ 113.098627, -7.228272 ], [ 113.098701, -7.228361 ], [ 113.099213, -7.228976 ], [ 113.099782, -7.228928 ], [ 113.100163, -7.229169 ], [ 113.100607, -7.229043 ], [ 113.100776, -7.228561 ], [ 113.10088, -7.228116 ], [ 113.102099, -7.227753 ], [ 113.102554, -7.227723 ], [ 113.102753, -7.227657 ], [ 113.103205, -7.227638 ], [ 113.103201, -7.227753 ], [ 113.103392, -7.227764 ], [ 113.103418, -7.22766 ], [ 113.103646, -7.22772 ], [ 113.103657, -7.227879 ], [ 113.103878, -7.227868 ], [ 113.104363, -7.227823 ], [ 113.104875, -7.227601 ], [ 113.105759, -7.227315 ], [ 113.105803, -7.227207 ], [ 113.105914, -7.227191 ], [ 113.105935, -7.227236 ], [ 113.10597, -7.22735 ], [ 113.106335, -7.227299 ], [ 113.107088, -7.227734 ], [ 113.108149, -7.227997 ], [ 113.108485, -7.227664 ], [ 113.109001, -7.2275 ], [ 113.109046, -7.227271 ], [ 113.111453, -7.226974 ], [ 113.112245, -7.2267 ], [ 113.117378, -7.226134 ], [ 113.11753, -7.226102 ], [ 113.117715, -7.225963 ], [ 113.119047, -7.225662 ], [ 113.1198, -7.225456 ], [ 113.125615, -7.224112 ], [ 113.126893, -7.22347 ], [ 113.127562, -7.223296 ], [ 113.128183, -7.223189 ], [ 113.128945, -7.223303 ], [ 113.130133, -7.223211 ], [ 113.130694, -7.2231 ], [ 113.130817, -7.222988 ], [ 113.131573, -7.222875 ], [ 113.132243, -7.222759 ], [ 113.132269, -7.222612 ], [ 113.132486, -7.222596 ], [ 113.132611, -7.222676 ], [ 113.133254, -7.222635 ], [ 113.133739, -7.222743 ], [ 113.133829, -7.222958 ], [ 113.133953, -7.222976 ], [ 113.133994, -7.222895 ], [ 113.134162, -7.22288 ], [ 113.134296, -7.222973 ], [ 113.134479, -7.223184 ], [ 113.135698, -7.223214 ], [ 113.136105, -7.22341 ], [ 113.1368, -7.223514 ], [ 113.136874, -7.223419 ], [ 113.136919, -7.223399 ], [ 113.137125, -7.223399 ], [ 113.137488, -7.223499 ], [ 113.137536, -7.223611 ], [ 113.137877, -7.223659 ], [ 113.137884, -7.223922 ], [ 113.138168, -7.224254 ], [ 113.138639, -7.224167 ], [ 113.139685, -7.2242 ], [ 113.139715, -7.224393 ], [ 113.140601, -7.224567 ], [ 113.140911, -7.224415 ], [ 113.141464, -7.224452 ], [ 113.143004, -7.224393 ], [ 113.143699, -7.224335 ], [ 113.144674, -7.224276 ], [ 113.144677, -7.224385 ], [ 113.144847, -7.224375 ], [ 113.144909, -7.224312 ], [ 113.144915, -7.224277 ], [ 113.146372, -7.224323 ], [ 113.146739, -7.224218 ], [ 113.14755, -7.224202 ], [ 113.14778, -7.224159 ], [ 113.148679, -7.223961 ], [ 113.149143, -7.223855 ], [ 113.149326, -7.224022 ], [ 113.149599, -7.22416 ], [ 113.149931, -7.224174 ], [ 113.150175, -7.224078 ], [ 113.150436, -7.223878 ], [ 113.150425, -7.223655 ], [ 113.150223, -7.22334 ], [ 113.150059, -7.22337 ], [ 113.149887, -7.223255 ], [ 113.149737, -7.223162 ], [ 113.1497, -7.222882 ], [ 113.149534, -7.222465 ], [ 113.149328, -7.222017 ], [ 113.149333, -7.221776 ], [ 113.149419, -7.221312 ], [ 113.149307, -7.221245 ], [ 113.1493, -7.220908 ], [ 113.149195, -7.220682 ], [ 113.14955, -7.220103 ], [ 113.149633, -7.219451 ], [ 113.149453, -7.217567 ], [ 113.149874, -7.216424 ], [ 113.149089, -7.215922 ], [ 113.147709, -7.215748 ], [ 113.146595, -7.215565 ], [ 113.145456, -7.215434 ], [ 113.143868, -7.215219 ], [ 113.144114, -7.214243 ], [ 113.144386, -7.213363 ], [ 113.145549, -7.211443 ], [ 113.147806, -7.210068 ], [ 113.149836, -7.208977 ], [ 113.151464, -7.207632 ], [ 113.152045, -7.206596 ], [ 113.15213, -7.205694 ], [ 113.151907, -7.205217 ], [ 113.152051, -7.205043 ], [ 113.152283, -7.205002 ], [ 113.152415, -7.204918 ], [ 113.152526, -7.20484 ], [ 113.152648, -7.204735 ], [ 113.15278, -7.20479 ], [ 113.152991, -7.204877 ], [ 113.153041, -7.205276 ], [ 113.153282, -7.20559 ], [ 113.153715, -7.205883 ], [ 113.154385, -7.206004 ], [ 113.154254, -7.20646 ], [ 113.154434, -7.20668 ], [ 113.156252, -7.206292 ], [ 113.159406, -7.206544 ], [ 113.164677, -7.210697 ], [ 113.165322, -7.2142 ], [ 113.165787, -7.214745 ], [ 113.165865, -7.215413 ], [ 113.165681, -7.215857 ], [ 113.165618, -7.216958 ], [ 113.166157, -7.218248 ], [ 113.166749, -7.219003 ], [ 113.166463, -7.219999 ], [ 113.16695, -7.222537 ], [ 113.167928, -7.22442 ], [ 113.168463, -7.226001 ], [ 113.169605, -7.226872 ], [ 113.170854, -7.227735 ], [ 113.180017, -7.226882 ], [ 113.197454, -7.222888 ], [ 113.216065, -7.220821 ], [ 113.220457, -7.220333 ], [ 113.220652, -7.220351 ], [ 113.225936, -7.220816 ], [ 113.243631, -7.222377 ], [ 113.247897, -7.223048 ], [ 113.248798, -7.223312 ], [ 113.249903, -7.223482 ], [ 113.250241, -7.223482 ], [ 113.252113, -7.22379 ], [ 113.252365, -7.223753 ], [ 113.253379, -7.224003 ], [ 113.254591, -7.224136 ], [ 113.256066, -7.224296 ], [ 113.256565, -7.224365 ], [ 113.25663, -7.224466 ], [ 113.257214, -7.224541 ], [ 113.257724, -7.22469 ], [ 113.258191, -7.224621 ], [ 113.259242, -7.224738 ], [ 113.260068, -7.224892 ], [ 113.260878, -7.224929 ], [ 113.261592, -7.224967 ], [ 113.262176, -7.22477 ], [ 113.262767, -7.224903 ], [ 113.263518, -7.224834 ], [ 113.264145, -7.224695 ], [ 113.264354, -7.224514 ], [ 113.26436, -7.22427 ], [ 113.2637, -7.224429 ], [ 113.263448, -7.224413 ], [ 113.263448, -7.224291 ], [ 113.263555, -7.224174 ], [ 113.264006, -7.22394 ], [ 113.264322, -7.223583 ], [ 113.265202, -7.223344 ], [ 113.266039, -7.222944 ], [ 113.266414, -7.222567 ], [ 113.266377, -7.222242 ], [ 113.266752, -7.221848 ], [ 113.266806, -7.221539 ], [ 113.266795, -7.220981 ], [ 113.26701, -7.220844 ], [ 113.267257, -7.220688 ], [ 113.267756, -7.221247 ], [ 113.268989, -7.222167 ], [ 113.269429, -7.22163 ], [ 113.271183, -7.220363 ], [ 113.271993, -7.219969 ], [ 113.272476, -7.219262 ], [ 113.272653, -7.218527 ], [ 113.272782, -7.218368 ], [ 113.273088, -7.218543 ], [ 113.273275, -7.218522 ], [ 113.274193, -7.217809 ], [ 113.274493, -7.217441 ], [ 113.275679, -7.216989 ], [ 113.276945, -7.216675 ], [ 113.278651, -7.216537 ], [ 113.279284, -7.216212 ], [ 113.279804, -7.216042 ], [ 113.280126, -7.216084 ], [ 113.280244, -7.216303 ], [ 113.281059, -7.216345 ], [ 113.28158, -7.216505 ], [ 113.282009, -7.216313 ], [ 113.282636, -7.215946 ], [ 113.283688, -7.215853 ], [ 113.285549, -7.215983 ], [ 113.286231, -7.21605 ], [ 113.286268, -7.215877 ], [ 113.287448, -7.216138 ], [ 113.287395, -7.216372 ], [ 113.287743, -7.216425 ], [ 113.287749, -7.216364 ], [ 113.288038, -7.216414 ], [ 113.288076, -7.216252 ], [ 113.288712, -7.21642 ], [ 113.289599, -7.216667 ], [ 113.289575, -7.216798 ], [ 113.290415, -7.217088 ], [ 113.290463, -7.216899 ], [ 113.291126, -7.21708 ], [ 113.291045, -7.217407 ], [ 113.292641, -7.217883 ], [ 113.294052, -7.217942 ], [ 113.29461, -7.21787 ], [ 113.294658, -7.217726 ], [ 113.294993, -7.217702 ], [ 113.294985, -7.217423 ], [ 113.295559, -7.217388 ], [ 113.295589, -7.21767 ], [ 113.296173, -7.217654 ], [ 113.29616, -7.21734 ], [ 113.296742, -7.217282 ], [ 113.296774, -7.217655 ], [ 113.296973, -7.217642 ], [ 113.296973, -7.217567 ], [ 113.297198, -7.217535 ], [ 113.297205, -7.217524 ], [ 113.297214, -7.217489 ], [ 113.297202, -7.217257 ], [ 113.297242, -7.217213 ], [ 113.297375, -7.217187 ], [ 113.297477, -7.217187 ], [ 113.297521, -7.217199 ], [ 113.297539, -7.217223 ], [ 113.297548, -7.21725 ], [ 113.297555, -7.217291 ], [ 113.297563, -7.217629 ], [ 113.29795, -7.217616 ], [ 113.297965, -7.217654 ], [ 113.297977, -7.217709 ], [ 113.297984, -7.217771 ], [ 113.29805, -7.220221 ], [ 113.297206, -7.220246 ], [ 113.297246, -7.221694 ], [ 113.298095, -7.221679 ], [ 113.29817, -7.224207 ], [ 113.298176, -7.224238 ], [ 113.298185, -7.22426 ], [ 113.298199, -7.224276 ], [ 113.298203, -7.224278 ], [ 113.298216, -7.224282 ], [ 113.298235, -7.224281 ], [ 113.298255, -7.22428 ], [ 113.298263, -7.224276 ], [ 113.298267, -7.224273 ], [ 113.298283, -7.224252 ], [ 113.298292, -7.224226 ], [ 113.298293, -7.224199 ], [ 113.298284, -7.223805 ], [ 113.298326, -7.223759 ], [ 113.298321, -7.223442 ], [ 113.298284, -7.223414 ], [ 113.298201, -7.220347 ], [ 113.298217, -7.220322 ], [ 113.298249, -7.220305 ], [ 113.298299, -7.220298 ], [ 113.299104, -7.220282 ], [ 113.29909, -7.219452 ], [ 113.298196, -7.219462 ], [ 113.298148, -7.21783 ], [ 113.298166, -7.217761 ], [ 113.298209, -7.2177 ], [ 113.298263, -7.217669 ], [ 113.29837, -7.217601 ], [ 113.298629, -7.217594 ], [ 113.298617, -7.217168 ], [ 113.29863, -7.217141 ], [ 113.298671, -7.217098 ], [ 113.298714, -7.217069 ], [ 113.298909, -7.216945 ], [ 113.29906, -7.216872 ], [ 113.299355, -7.216768 ], [ 113.299741, -7.216694 ], [ 113.300028, -7.216678 ], [ 113.300264, -7.216691 ], [ 113.300653, -7.216743 ], [ 113.300886, -7.216766 ], [ 113.300807, -7.217046 ], [ 113.300786, -7.217104 ], [ 113.300781, -7.217206 ], [ 113.300788, -7.217269 ], [ 113.300798, -7.217302 ], [ 113.300838, -7.217344 ], [ 113.301032, -7.21735 ], [ 113.301609, -7.21748 ], [ 113.301705, -7.217072 ], [ 113.302386, -7.217136 ], [ 113.304531, -7.217662 ], [ 113.304457, -7.217888 ], [ 113.30583, -7.218353 ], [ 113.305805, -7.218429 ], [ 113.306224, -7.218487 ], [ 113.306229, -7.218426 ], [ 113.306897, -7.21845 ], [ 113.3069, -7.218407 ], [ 113.307594, -7.218483 ], [ 113.30761, -7.218288 ], [ 113.308482, -7.218091 ], [ 113.309882, -7.217889 ], [ 113.309922, -7.218179 ], [ 113.31046, -7.218191 ], [ 113.310515, -7.217952 ], [ 113.310869, -7.218011 ], [ 113.310854, -7.218535 ], [ 113.312612, -7.218598 ], [ 113.314142, -7.2184 ], [ 113.315349, -7.218442 ], [ 113.315472, -7.219086 ], [ 113.318638, -7.218868 ], [ 113.318556, -7.218676 ], [ 113.321083, -7.217412 ], [ 113.325136, -7.215076 ], [ 113.325739, -7.214775 ], [ 113.32634, -7.214541 ], [ 113.326689, -7.214474 ], [ 113.327121, -7.214533 ], [ 113.327732, -7.21461 ], [ 113.3284, -7.214658 ], [ 113.329159, -7.214653 ], [ 113.329851, -7.214605 ], [ 113.330704, -7.214506 ], [ 113.331766, -7.214421 ], [ 113.333054, -7.214103 ], [ 113.333356, -7.214127 ], [ 113.333387, -7.214035 ], [ 113.333684, -7.214058 ], [ 113.333674, -7.214198 ], [ 113.333934, -7.214244 ], [ 113.333947, -7.214087 ], [ 113.334608, -7.214143 ], [ 113.334627, -7.21419 ], [ 113.334744, -7.214231 ], [ 113.334748, -7.214302 ], [ 113.334972, -7.214435 ], [ 113.33612, -7.214701 ], [ 113.336069, -7.214892 ], [ 113.337293, -7.215253 ], [ 113.337345, -7.215031 ], [ 113.338365, -7.215278 ], [ 113.338324, -7.215502 ], [ 113.338995, -7.215591 ], [ 113.339089, -7.215648 ], [ 113.339049, -7.216071 ], [ 113.339089, -7.21613 ], [ 113.339137, -7.216144 ], [ 113.339174, -7.216147 ], [ 113.339216, -7.216112 ], [ 113.339303, -7.216055 ], [ 113.339424, -7.216032 ], [ 113.33959, -7.216029 ], [ 113.339706, -7.215997 ], [ 113.339802, -7.215906 ], [ 113.339877, -7.215731 ], [ 113.339947, -7.21564 ], [ 113.340038, -7.2156 ], [ 113.340103, -7.215587 ], [ 113.340379, -7.215571 ], [ 113.340516, -7.215488 ], [ 113.340642, -7.21548 ], [ 113.34061, -7.216061 ], [ 113.34132, -7.2161 ], [ 113.34146, -7.216196 ], [ 113.341578, -7.21634 ], [ 113.341514, -7.217732 ], [ 113.34073, -7.217684 ], [ 113.34065, -7.218397 ], [ 113.340571, -7.218536 ], [ 113.34021, -7.218499 ], [ 113.340148, -7.21853 ], [ 113.339885, -7.218961 ], [ 113.339914, -7.219002 ], [ 113.339989, -7.218996 ], [ 113.340227, -7.218656 ], [ 113.340311, -7.218632 ], [ 113.342924, -7.218789 ], [ 113.342989, -7.218628 ], [ 113.342927, -7.218361 ], [ 113.342935, -7.218088 ], [ 113.341957, -7.218005 ], [ 113.342016, -7.216766 ], [ 113.341943, -7.216764 ], [ 113.341983, -7.215949 ], [ 113.342509, -7.215935 ], [ 113.342477, -7.215403 ], [ 113.342683, -7.215411 ], [ 113.342678, -7.215161 ], [ 113.343241, -7.215172 ], [ 113.343311, -7.214852 ], [ 113.346103, -7.214868 ], [ 113.347677, -7.214799 ], [ 113.348822, -7.214918 ], [ 113.348562, -7.218582 ], [ 113.354766, -7.219056 ], [ 113.355029, -7.215587 ], [ 113.356609, -7.215725 ], [ 113.356679, -7.215555 ], [ 113.357349, -7.215587 ], [ 113.357738, -7.215579 ], [ 113.357733, -7.215829 ], [ 113.357998, -7.215832 ], [ 113.357982, -7.216521 ], [ 113.358583, -7.216534 ], [ 113.358599, -7.215595 ], [ 113.358696, -7.215595 ], [ 113.358699, -7.215954 ], [ 113.358932, -7.21597 ], [ 113.358921, -7.216359 ], [ 113.359283, -7.216345 ], [ 113.359393, -7.216239 ], [ 113.359385, -7.215994 ], [ 113.359707, -7.21597 ], [ 113.359726, -7.215896 ], [ 113.360606, -7.216103 ], [ 113.360546, -7.216593 ], [ 113.36167, -7.21668 ], [ 113.361759, -7.215769 ], [ 113.363056, -7.215804 ], [ 113.363092, -7.215824 ], [ 113.363109, -7.215852 ], [ 113.363079, -7.217766 ], [ 113.364002, -7.217792 ], [ 113.364027, -7.217793 ], [ 113.364048, -7.217793 ], [ 113.364892, -7.217817 ], [ 113.364927, -7.217774 ], [ 113.364951, -7.217684 ], [ 113.364959, -7.217548 ], [ 113.365005, -7.216039 ], [ 113.365024, -7.216001 ], [ 113.365058, -7.215979 ], [ 113.365143, -7.21597 ], [ 113.365402, -7.215983 ], [ 113.365415, -7.215808 ], [ 113.365576, -7.215813 ], [ 113.365538, -7.21622 ], [ 113.365959, -7.216249 ], [ 113.366, -7.215821 ], [ 113.366182, -7.215842 ], [ 113.366171, -7.216369 ], [ 113.365938, -7.216353 ], [ 113.365774, -7.217226 ], [ 113.365804, -7.217271 ], [ 113.365863, -7.217263 ], [ 113.365956, -7.216851 ], [ 113.366069, -7.216835 ], [ 113.366217, -7.216582 ], [ 113.366297, -7.21655 ], [ 113.366657, -7.216555 ], [ 113.366692, -7.215861 ], [ 113.367396, -7.215925 ], [ 113.367367, -7.216295 ], [ 113.367574, -7.216313 ], [ 113.367602, -7.21593 ], [ 113.367751, -7.215939 ], [ 113.367747, -7.216151 ], [ 113.367888, -7.216156 ], [ 113.367823, -7.216835 ], [ 113.368239, -7.216848 ], [ 113.368336, -7.215957 ], [ 113.369033, -7.215997 ], [ 113.369034, -7.216171 ], [ 113.369482, -7.216195 ], [ 113.369492, -7.216029 ], [ 113.369822, -7.216055 ], [ 113.369814, -7.216268 ], [ 113.370138, -7.216295 ], [ 113.37015, -7.216163 ], [ 113.370286, -7.216171 ], [ 113.370292, -7.216066 ], [ 113.370866, -7.21608 ], [ 113.370854, -7.216324 ], [ 113.371476, -7.216354 ], [ 113.371486, -7.216197 ], [ 113.371871, -7.216209 ], [ 113.371876, -7.216505 ], [ 113.372075, -7.216497 ], [ 113.372071, -7.216347 ], [ 113.372264, -7.216363 ], [ 113.372292, -7.216202 ], [ 113.3734, -7.216143 ], [ 113.374049, -7.216164 ], [ 113.374035, -7.216353 ], [ 113.374607, -7.216374 ], [ 113.374604, -7.216646 ], [ 113.375315, -7.216686 ], [ 113.375808, -7.216689 ], [ 113.375816, -7.216441 ], [ 113.376432, -7.216484 ], [ 113.376428, -7.216625 ], [ 113.37671, -7.216639 ], [ 113.376715, -7.216253 ], [ 113.376837, -7.216249 ], [ 113.376832, -7.216658 ], [ 113.377046, -7.216662 ], [ 113.37703, -7.216243 ], [ 113.377141, -7.216243 ], [ 113.377128, -7.216582 ], [ 113.377326, -7.216611 ], [ 113.377324, -7.216432 ], [ 113.377455, -7.216434 ], [ 113.377473, -7.216269 ], [ 113.377569, -7.216269 ], [ 113.377558, -7.216429 ], [ 113.377711, -7.216432 ], [ 113.377713, -7.216372 ], [ 113.37822, -7.216402 ], [ 113.378224, -7.216279 ], [ 113.37833, -7.216283 ], [ 113.378304, -7.216731 ], [ 113.378488, -7.216743 ], [ 113.378504, -7.216339 ], [ 113.378979, -7.216357 ], [ 113.378921, -7.216844 ], [ 113.379691, -7.216916 ], [ 113.379736, -7.216388 ], [ 113.380204, -7.216412 ], [ 113.380194, -7.216492 ], [ 113.380278, -7.21649 ], [ 113.380262, -7.216654 ], [ 113.380347, -7.216658 ], [ 113.380376, -7.216425 ], [ 113.380655, -7.216457 ], [ 113.380612, -7.216867 ], [ 113.380915, -7.216899 ], [ 113.380984, -7.2169 ], [ 113.380977, -7.216978 ], [ 113.381381, -7.216998 ], [ 113.381416, -7.216755 ], [ 113.381511, -7.21676 ], [ 113.381504, -7.216832 ], [ 113.381618, -7.216854 ], [ 113.381598, -7.217005 ], [ 113.381692, -7.217021 ], [ 113.38171, -7.21685 ], [ 113.381818, -7.216868 ], [ 113.381823, -7.216812 ], [ 113.381874, -7.216815 ], [ 113.381896, -7.216633 ], [ 113.382062, -7.216654 ], [ 113.382044, -7.216764 ], [ 113.382395, -7.21683 ], [ 113.382389, -7.216917 ], [ 113.382519, -7.216944 ], [ 113.38253, -7.21688 ], [ 113.382841, -7.216933 ], [ 113.382865, -7.216819 ], [ 113.38309, -7.216854 ], [ 113.383069, -7.21701 ], [ 113.383176, -7.217016 ], [ 113.38315, -7.217104 ], [ 113.383292, -7.217128 ], [ 113.383305, -7.217048 ], [ 113.383597, -7.217096 ], [ 113.383597, -7.217181 ], [ 113.383772, -7.217207 ], [ 113.383782, -7.217109 ], [ 113.384332, -7.217191 ], [ 113.384389, -7.216869 ], [ 113.384563, -7.216888 ], [ 113.384539, -7.217058 ], [ 113.384708, -7.217077 ], [ 113.384703, -7.217157 ], [ 113.385, -7.217181 ], [ 113.384968, -7.217473 ], [ 113.385883, -7.217575 ], [ 113.385901, -7.217276 ], [ 113.386041, -7.21729 ], [ 113.386076, -7.216992 ], [ 113.386296, -7.216997 ], [ 113.38645, -7.216994 ], [ 113.386445, -7.21721 ], [ 113.386944, -7.217262 ], [ 113.386925, -7.217402 ], [ 113.387342, -7.217448 ], [ 113.387358, -7.21733 ], [ 113.387698, -7.217359 ], [ 113.388336, -7.217492 ], [ 113.388299, -7.217705 ], [ 113.388407, -7.21772 ], [ 113.388424, -7.217613 ], [ 113.388727, -7.217678 ], [ 113.388712, -7.217771 ], [ 113.389044, -7.217818 ], [ 113.38904, -7.217747 ], [ 113.38926, -7.217771 ], [ 113.389261, -7.217726 ], [ 113.391053, -7.217898 ], [ 113.391192, -7.217883 ], [ 113.391806, -7.217903 ], [ 113.3924, -7.217915 ], [ 113.392815, -7.217881 ], [ 113.393086, -7.217895 ], [ 113.393123, -7.217892 ], [ 113.393126, -7.217823 ], [ 113.393531, -7.21778 ] ] } },
{ "type": "Feature", "properties": { "wilayah": "SBY" }, "geometry": { "type": "LineString", "coordinates": [ [ 112.849028, -7.165415 ], [ 112.849251, -7.165108 ], [ 112.849269, -7.164853 ], [ 112.849423, -7.164717 ], [ 112.849646, -7.164623 ], [ 112.849887, -7.164623 ], [ 112.850024, -7.164555 ], [ 112.85047, -7.164589 ], [ 112.850474, -7.164703 ], [ 112.85105, -7.164872 ], [ 112.851025, -7.164947 ], [ 112.851097, -7.164977 ], [ 112.851044, -7.165128 ], [ 112.851163, -7.165125 ], [ 112.851327, -7.16513 ], [ 112.851329, -7.165158 ], [ 112.851345, -7.165165 ], [ 112.85135, -7.165316 ], [ 112.851809, -7.165202 ], [ 112.852238, -7.165134 ], [ 112.852298, -7.165228 ], [ 112.85253, -7.165338 ], [ 112.852556, -7.165483 ], [ 112.852805, -7.165483 ], [ 112.852839, -7.165696 ], [ 112.852985, -7.165687 ], [ 112.852891, -7.165372 ], [ 112.853088, -7.165313 ], [ 112.853002, -7.165091 ], [ 112.853071, -7.165083 ], [ 112.853174, -7.165313 ], [ 112.853277, -7.16527 ], [ 112.853191, -7.165023 ], [ 112.853328, -7.164947 ], [ 112.853406, -7.165108 ], [ 112.853577, -7.1651 ], [ 112.85356, -7.164964 ], [ 112.853672, -7.165006 ], [ 112.853758, -7.165219 ], [ 112.853861, -7.165177 ], [ 112.853809, -7.164938 ], [ 112.854118, -7.164759 ], [ 112.854118, -7.164724 ], [ 112.854118, -7.164546 ], [ 112.854341, -7.164572 ], [ 112.854461, -7.164657 ], [ 112.854976, -7.164504 ], [ 112.855835, -7.164197 ], [ 112.855835, -7.164027 ], [ 112.858444, -7.163209 ], [ 112.859585, -7.163019 ], [ 112.859663, -7.163463 ], [ 112.859767, -7.163445 ], [ 112.85981, -7.163647 ], [ 112.860087, -7.163583 ], [ 112.860079, -7.163392 ], [ 112.860154, -7.163368 ], [ 112.860119, -7.162905 ], [ 112.860478, -7.16286 ], [ 112.861345, -7.162665 ], [ 112.86164, -7.162673 ], [ 112.861664, -7.162873 ], [ 112.861803, -7.162889 ], [ 112.861953, -7.162849 ], [ 112.861905, -7.162553 ], [ 112.862212, -7.162545 ], [ 112.863328, -7.162673 ], [ 112.865087, -7.162826 ], [ 112.865611, -7.163354 ], [ 112.866958, -7.163848 ], [ 112.868718, -7.164538 ], [ 112.870254, -7.164972 ], [ 112.871628, -7.165423 ], [ 112.87361, -7.166352 ], [ 112.875044, -7.167135 ], [ 112.876314, -7.167782 ], [ 112.878477, -7.1686 ], [ 112.879412, -7.169681 ], [ 112.88046, -7.170635 ], [ 112.880563, -7.170663 ], [ 112.882039, -7.171061 ], [ 112.883404, -7.171725 ], [ 112.884356, -7.172407 ], [ 112.885086, -7.172756 ], [ 112.885566, -7.173105 ], [ 112.885996, -7.17348 ], [ 112.886579, -7.173565 ], [ 112.886871, -7.17388 ], [ 112.887129, -7.174348 ], [ 112.887523, -7.175115 ], [ 112.888124, -7.175157 ], [ 112.888854, -7.175804 ], [ 112.889454, -7.176443 ], [ 112.889978, -7.177261 ], [ 112.890433, -7.177456 ], [ 112.890811, -7.177933 ], [ 112.891695, -7.178223 ], [ 112.89245, -7.178461 ], [ 112.893042, -7.178487 ], [ 112.893901, -7.178615 ], [ 112.894553, -7.178657 ], [ 112.89463, -7.178495 ], [ 112.894338, -7.178248 ], [ 112.894501, -7.178104 ], [ 112.895222, -7.178112 ], [ 112.895257, -7.178657 ], [ 112.895368, -7.178964 ], [ 112.89584, -7.178938 ], [ 112.895909, -7.178632 ], [ 112.89627, -7.178768 ], [ 112.896235, -7.179057 ], [ 112.896484, -7.179398 ], [ 112.896991, -7.179406 ], [ 112.897308, -7.179151 ], [ 112.897265, -7.179313 ], [ 112.897128, -7.179619 ], [ 112.897214, -7.179909 ], [ 112.897514, -7.18002 ], [ 112.898081, -7.17979 ], [ 112.898141, -7.179509 ], [ 112.898347, -7.17939 ], [ 112.898587, -7.179611 ], [ 112.898827, -7.180003 ], [ 112.899437, -7.180335 ], [ 112.899883, -7.180326 ], [ 112.900141, -7.180199 ], [ 112.900939, -7.180326 ], [ 112.901771, -7.180411 ], [ 112.902252, -7.180633 ], [ 112.902835, -7.180718 ], [ 112.903248, -7.18065 ], [ 112.903969, -7.180309 ], [ 112.904913, -7.180479 ], [ 112.905033, -7.180156 ], [ 112.905934, -7.18002 ], [ 112.906595, -7.180411 ], [ 112.90699, -7.180156 ], [ 112.906998, -7.179918 ], [ 112.907573, -7.180054 ], [ 112.907814, -7.180565 ], [ 112.908114, -7.181076 ] ] } },
{ "type": "Feature", "properties": { "wilayah": "SBY" }, "geometry": { "type": "LineString", "coordinates": [ [ 112.72603, -7.172224 ], [ 112.725942, -7.172057 ], [ 112.725964, -7.171964 ], [ 112.726308, -7.171623 ], [ 112.726479, -7.171495 ], [ 112.726608, -7.171223 ], [ 112.727226, -7.170882 ], [ 112.727852, -7.170601 ], [ 112.728239, -7.170482 ], [ 112.728754, -7.170508 ], [ 112.730239, -7.170712 ], [ 112.731578, -7.170746 ], [ 112.732831, -7.170976 ], [ 112.733732, -7.17101 ], [ 112.734933, -7.17106 ], [ 112.736321, -7.171058 ], [ 112.736861, -7.17107 ], [ 112.7375, -7.171146 ], [ 112.738415, -7.171364 ], [ 112.73899, -7.171289 ], [ 112.739491, -7.171163 ], [ 112.740252, -7.171254 ], [ 112.741688, -7.171001 ], [ 112.742604, -7.170627 ], [ 112.74277, -7.170559 ], [ 112.743474, -7.170473 ], [ 112.744538, -7.170524 ], [ 112.746186, -7.170371 ], [ 112.746452, -7.17049 ], [ 112.746555, -7.172381 ], [ 112.746624, -7.172372 ], [ 112.746538, -7.170499 ], [ 112.747319, -7.17032 ], [ 112.749199, -7.170056 ], [ 112.74992, -7.170337 ], [ 112.75046, -7.170593 ], [ 112.751199, -7.170576 ], [ 112.751894, -7.170959 ], [ 112.752494, -7.170039 ], [ 112.753585, -7.169928 ], [ 112.753799, -7.171776 ], [ 112.753705, -7.171904 ], [ 112.752818, -7.172002 ], [ 112.752778, -7.172006 ], [ 112.752795, -7.172117 ], [ 112.754949, -7.171853 ], [ 112.754949, -7.171717 ], [ 112.753919, -7.171836 ], [ 112.753682, -7.169913 ], [ 112.754769, -7.169273 ], [ 112.755421, -7.169051 ], [ 112.755979, -7.169034 ], [ 112.757069, -7.16883 ], [ 112.75779, -7.168932 ], [ 112.758863, -7.168327 ], [ 112.761378, -7.166539 ], [ 112.761773, -7.166539 ], [ 112.762382, -7.166062 ], [ 112.763653, -7.165738 ], [ 112.764082, -7.165875 ], [ 112.765343, -7.164819 ], [ 112.766399, -7.163618 ], [ 112.767, -7.163039 ], [ 112.768639, -7.162698 ], [ 112.768794, -7.162903 ], [ 112.76918, -7.162954 ], [ 112.770565, -7.162026 ], [ 112.770948, -7.16177 ], [ 112.771703, -7.161353 ], [ 112.772304, -7.161233 ], [ 112.77379, -7.160598 ], [ 112.774194, -7.160352 ], [ 112.774399, -7.160229 ], [ 112.775452, -7.15986 ], [ 112.775532, -7.160321 ], [ 112.775602, -7.160722 ], [ 112.775989, -7.160488 ], [ 112.776141, -7.160123 ], [ 112.776321, -7.160062 ], [ 112.776303, -7.159736 ], [ 112.776375, -7.159564 ], [ 112.777233, -7.159466 ], [ 112.777909, -7.159817 ], [ 112.778295, -7.159726 ], [ 112.77881, -7.159641 ], [ 112.779205, -7.159692 ], [ 112.779892, -7.159616 ], [ 112.780123, -7.159701 ], [ 112.780574, -7.160005 ], [ 112.781162, -7.159907 ], [ 112.781613, -7.16006 ], [ 112.781717, -7.159968 ], [ 112.78174, -7.159891 ], [ 112.782157, -7.159871 ], [ 112.782397, -7.159813 ], [ 112.782794, -7.159869 ], [ 112.783128, -7.159965 ], [ 112.783583, -7.160164 ], [ 112.783998, -7.160092 ], [ 112.784346, -7.160033 ], [ 112.784672, -7.160092 ], [ 112.785213, -7.160107 ], [ 112.785713, -7.160019 ], [ 112.786238, -7.160158 ], [ 112.787098, -7.160038 ], [ 112.787986, -7.159914 ], [ 112.78948, -7.159971 ], [ 112.789576, -7.160206 ], [ 112.789721, -7.160448 ], [ 112.790269, -7.160442 ], [ 112.790835, -7.160654 ], [ 112.791007, -7.160952 ], [ 112.790972, -7.161898 ], [ 112.791101, -7.161651 ], [ 112.791075, -7.161123 ], [ 112.791153, -7.160825 ], [ 112.791839, -7.160033 ], [ 112.792363, -7.159513 ], [ 112.792723, -7.159309 ], [ 112.793264, -7.159122 ], [ 112.793522, -7.159241 ], [ 112.793994, -7.159207 ], [ 112.794277, -7.159292 ], [ 112.794637, -7.159224 ], [ 112.795418, -7.158857 ], [ 112.795916, -7.158747 ], [ 112.796672, -7.158542 ], [ 112.797556, -7.158347 ], [ 112.798199, -7.158202 ], [ 112.798173, -7.15788 ], [ 112.798214, -7.157757 ], [ 112.798211, -7.157449 ], [ 112.798295, -7.157466 ], [ 112.798313, -7.157739 ], [ 112.798353, -7.157879 ], [ 112.798415, -7.158104 ], [ 112.798989, -7.157887 ], [ 112.799641, -7.157733 ], [ 112.800603, -7.157682 ], [ 112.801349, -7.157554 ], [ 112.801804, -7.15764 ], [ 112.80189, -7.157861 ], [ 112.80207, -7.157989 ], [ 112.803212, -7.157844 ], [ 112.80395, -7.157997 ], [ 112.804319, -7.158091 ], [ 112.804568, -7.158381 ], [ 112.804929, -7.158798 ], [ 112.80516, -7.158806 ], [ 112.805383, -7.158806 ], [ 112.805864, -7.158551 ], [ 112.806439, -7.158338 ], [ 112.807194, -7.15827 ], [ 112.80825, -7.158125 ], [ 112.808782, -7.158236 ], [ 112.809701, -7.158151 ], [ 112.810516, -7.158236 ], [ 112.81201, -7.158313 ], [ 112.812954, -7.158432 ], [ 112.813211, -7.15867 ], [ 112.813494, -7.158636 ], [ 112.813872, -7.158696 ], [ 112.814009, -7.158857 ], [ 112.814335, -7.158917 ], [ 112.814816, -7.159445 ], [ 112.815039, -7.159437 ], [ 112.815632, -7.159871 ], [ 112.815812, -7.160152 ], [ 112.816069, -7.160058 ], [ 112.816541, -7.160067 ], [ 112.817228, -7.160229 ], [ 112.817649, -7.160212 ], [ 112.818086, -7.15999 ], [ 112.818842, -7.159718 ], [ 112.819691, -7.159437 ], [ 112.820223, -7.159351 ], [ 112.820558, -7.159598 ], [ 112.82055, -7.159939 ], [ 112.820876, -7.159973 ], [ 112.821279, -7.160144 ], [ 112.821708, -7.160109 ], [ 112.822283, -7.160382 ], [ 112.822601, -7.160416 ], [ 112.822661, -7.160595 ], [ 112.822901, -7.160791 ], [ 112.823494, -7.16097 ], [ 112.823519, -7.16108 ], [ 112.823374, -7.161225 ], [ 112.823425, -7.161429 ], [ 112.823683, -7.161404 ], [ 112.824103, -7.161421 ], [ 112.824669, -7.161515 ], [ 112.825039, -7.161378 ], [ 112.825906, -7.161285 ], [ 112.826622, -7.16126 ], [ 112.82721, -7.161455 ], [ 112.827219, -7.161719 ], [ 112.827828, -7.161566 ], [ 112.828377, -7.161446 ], [ 112.828661, -7.161761 ], [ 112.828892, -7.161847 ], [ 112.829259, -7.16183 ], [ 112.829255, -7.161992 ], [ 112.829578, -7.161985 ], [ 112.829578, -7.161885 ], [ 112.829688, -7.161883 ], [ 112.82968, -7.161819 ], [ 112.83, -7.161778 ], [ 112.830042, -7.161814 ], [ 112.830199, -7.161828 ], [ 112.830384, -7.161834 ], [ 112.830382, -7.161697 ], [ 112.830721, -7.161736 ], [ 112.832025, -7.161957 ], [ 112.834017, -7.162298 ], [ 112.835313, -7.16269 ], [ 112.8366, -7.162988 ], [ 112.838128, -7.16315 ], [ 112.838205, -7.163456 ], [ 112.838883, -7.163601 ], [ 112.839184, -7.163993 ], [ 112.839604, -7.164061 ], [ 112.83993, -7.164333 ], [ 112.840703, -7.164061 ], [ 112.841518, -7.164112 ], [ 112.842093, -7.164768 ], [ 112.843097, -7.165159 ], [ 112.843623, -7.165267 ], [ 112.844591, -7.165432 ], [ 112.845157, -7.165722 ], [ 112.845466, -7.165602 ], [ 112.84629, -7.165602 ], [ 112.847149, -7.16567 ], [ 112.847406, -7.165534 ], [ 112.847921, -7.165534 ], [ 112.848204, -7.165585 ], [ 112.849028, -7.165415 ] ] } },
{ "type": "Feature", "properties": { "wilayah": "SBY" }, "geometry": { "type": "LineString", "coordinates": [ [ 112.716986, -7.171359 ], [ 112.718119, -7.171461 ], [ 112.718789, -7.17168 ], [ 112.717463, -7.174114 ], [ 112.717645, -7.17422 ], [ 112.718385, -7.172741 ], [ 112.719104, -7.173124 ], [ 112.718589, -7.174273 ], [ 112.719201, -7.174529 ], [ 112.719684, -7.17339 ], [ 112.720188, -7.173645 ], [ 112.719791, -7.174721 ], [ 112.721282, -7.175381 ], [ 112.721328, -7.175007 ], [ 112.721338, -7.174914 ], [ 112.721585, -7.175006 ], [ 112.721648, -7.175033 ], [ 112.721698, -7.17504 ], [ 112.721722, -7.175044 ], [ 112.72174, -7.175046 ], [ 112.721785, -7.175051 ], [ 112.721866, -7.175067 ], [ 112.721897, -7.175079 ], [ 112.72193, -7.175099 ], [ 112.721936, -7.175248 ], [ 112.721964, -7.175253 ], [ 112.72199, -7.175251 ], [ 112.722013, -7.17525 ], [ 112.722102, -7.175266 ], [ 112.722322, -7.175284 ], [ 112.722419, -7.175299 ], [ 112.722483, -7.175512 ], [ 112.722492, -7.175707 ], [ 112.722541, -7.175725 ], [ 112.722597, -7.175697 ], [ 112.722624, -7.175687 ], [ 112.722657, -7.175675 ], [ 112.722851, -7.175562 ], [ 112.722646, -7.175037 ], [ 112.72284, -7.174638 ], [ 112.723329, -7.174254 ], [ 112.723887, -7.174254 ], [ 112.724127, -7.174161 ], [ 112.724325, -7.173973 ], [ 112.724471, -7.173488 ], [ 112.724565, -7.173224 ], [ 112.725097, -7.17279 ], [ 112.725278, -7.172543 ], [ 112.725975, -7.172297 ], [ 112.726, -7.172259 ], [ 112.72603, -7.172224 ] ] } },
{ "type": "Feature", "properties": { "wilayah": "SBY" }, "geometry": { "type": "LineString", "coordinates": [ [ 112.70503, -7.106267 ], [ 112.704764, -7.107851 ], [ 112.704618, -7.10981 ], [ 112.704009, -7.112732 ], [ 112.703417, -7.115006 ], [ 112.703151, -7.116198 ], [ 112.702721, -7.117816 ], [ 112.70255, -7.11894 ], [ 112.701975, -7.120644 ], [ 112.700945, -7.122713 ], [ 112.700601, -7.124246 ], [ 112.700224, -7.125379 ], [ 112.700327, -7.125763 ], [ 112.6997, -7.126435 ], [ 112.699769, -7.127057 ], [ 112.699468, -7.127747 ], [ 112.699262, -7.129297 ], [ 112.698842, -7.130455 ], [ 112.698121, -7.131954 ], [ 112.697434, -7.133206 ], [ 112.697374, -7.134117 ], [ 112.696945, -7.134799 ], [ 112.697348, -7.135318 ], [ 112.697726, -7.13548 ], [ 112.697683, -7.135914 ], [ 112.697177, -7.136553 ], [ 112.696756, -7.136587 ], [ 112.696327, -7.137388 ], [ 112.696035, -7.137924 ], [ 112.695572, -7.139066 ], [ 112.695057, -7.139951 ], [ 112.694645, -7.141288 ], [ 112.694052, -7.142234 ], [ 112.693786, -7.142242 ], [ 112.6934, -7.1434 ], [ 112.6931, -7.143843 ], [ 112.692782, -7.145649 ], [ 112.692319, -7.146024 ], [ 112.692018, -7.146628 ], [ 112.691855, -7.148578 ], [ 112.692018, -7.149686 ], [ 112.691898, -7.150392 ], [ 112.691589, -7.151218 ], [ 112.691598, -7.151585 ], [ 112.691941, -7.151712 ], [ 112.691649, -7.152802 ], [ 112.691718, -7.153424 ], [ 112.691622, -7.153483 ], [ 112.691522, -7.153657 ], [ 112.691392, -7.153978 ], [ 112.691495, -7.154157 ], [ 112.691675, -7.154157 ], [ 112.691761, -7.154846 ], [ 112.692276, -7.155766 ], [ 112.692885, -7.156277 ], [ 112.69346, -7.156669 ], [ 112.694001, -7.156831 ], [ 112.694499, -7.156993 ], [ 112.694979, -7.156788 ], [ 112.695786, -7.157435 ], [ 112.695906, -7.157801 ], [ 112.698344, -7.160016 ], [ 112.699228, -7.16097 ], [ 112.700584, -7.162341 ], [ 112.701296, -7.163286 ], [ 112.701975, -7.164376 ], [ 112.70309, -7.165168 ], [ 112.703417, -7.165909 ], [ 112.704979, -7.166769 ], [ 112.706017, -7.167467 ], [ 112.706678, -7.167808 ], [ 112.708695, -7.168464 ], [ 112.709948, -7.168447 ], [ 112.710498, -7.168787 ], [ 112.71148, -7.169019 ], [ 112.711579, -7.169043 ], [ 112.712769, -7.169475 ], [ 112.713897, -7.169886 ], [ 112.714154, -7.17009 ], [ 112.715227, -7.170346 ], [ 112.715896, -7.170806 ], [ 112.716849, -7.171053 ], [ 112.716986, -7.171359 ] ] } },
{ "type": "Feature", "properties": { "wilayah": "SBY" }, "geometry": { "type": "LineString", "coordinates": [ [ 112.705816, -7.098893 ], [ 112.70503, -7.106267 ] ] } },
{ "type": "Feature", "properties": { "wilayah": "SBY" }, "geometry": { "type": "LineString", "coordinates": [ [ 112.685117, -7.088594 ], [ 112.685753, -7.089113 ], [ 112.686439, -7.089335 ], [ 112.686585, -7.089251 ], [ 112.686696, -7.089364 ], [ 112.686521, -7.089431 ], [ 112.685781, -7.08949 ], [ 112.685598, -7.089509 ], [ 112.685526, -7.089565 ], [ 112.685491, -7.089647 ], [ 112.685521, -7.090186 ], [ 112.685564, -7.090225 ], [ 112.685869, -7.090263 ], [ 112.685863, -7.090455 ], [ 112.685492, -7.090547 ], [ 112.685461, -7.090859 ], [ 112.685624, -7.091694 ], [ 112.68583, -7.092154 ], [ 112.686491, -7.092163 ], [ 112.686637, -7.092384 ], [ 112.686654, -7.092665 ], [ 112.686705, -7.092912 ], [ 112.686705, -7.093185 ], [ 112.686379, -7.093602 ], [ 112.686422, -7.094011 ], [ 112.685881, -7.094718 ], [ 112.68607, -7.095127 ], [ 112.686104, -7.09557 ], [ 112.687358, -7.096149 ], [ 112.687615, -7.096166 ], [ 112.688087, -7.096387 ], [ 112.68819, -7.096702 ], [ 112.688705, -7.097077 ], [ 112.688937, -7.097324 ], [ 112.689314, -7.097154 ], [ 112.689649, -7.09735 ], [ 112.689993, -7.097205 ], [ 112.690688, -7.097188 ], [ 112.690911, -7.096822 ], [ 112.691332, -7.096847 ], [ 112.69207, -7.096975 ], [ 112.692653, -7.096728 ], [ 112.692962, -7.096319 ], [ 112.692748, -7.096064 ], [ 112.692876, -7.095587 ], [ 112.692696, -7.095357 ], [ 112.692816, -7.095041 ], [ 112.694876, -7.095059 ], [ 112.69534, -7.094837 ], [ 112.695511, -7.094479 ], [ 112.698447, -7.094411 ], [ 112.699657, -7.094275 ], [ 112.700125, -7.094409 ], [ 112.700972, -7.09299 ], [ 112.701039, -7.092987 ], [ 112.701131, -7.092983 ], [ 112.701203, -7.09298 ], [ 112.701623, -7.092963 ], [ 112.701554, -7.093432 ], [ 112.701666, -7.09396 ], [ 112.702447, -7.094258 ], [ 112.703331, -7.094811 ], [ 112.703648, -7.094692 ], [ 112.704206, -7.095033 ], [ 112.70424, -7.095314 ], [ 112.703494, -7.096174 ], [ 112.704249, -7.096813 ], [ 112.705816, -7.098893 ] ] } },
{ "type": "Feature", "properties": { "wilayah": "SBY" }, "geometry": { "type": "LineString", "coordinates": [ [ 112.606988, -6.876665 ], [ 112.606355, -6.876633 ], [ 112.605582, -6.876814 ], [ 112.605132, -6.877059 ], [ 112.604799, -6.877538 ], [ 112.604445, -6.87822 ], [ 112.604091, -6.878763 ], [ 112.602932, -6.879647 ], [ 112.601409, -6.880649 ], [ 112.599521, -6.881416 ], [ 112.597482, -6.881927 ], [ 112.595229, -6.882672 ], [ 112.592483, -6.883461 ], [ 112.590498, -6.884302 ], [ 112.588556, -6.884888 ], [ 112.58655, -6.885271 ], [ 112.585552, -6.885394 ], [ 112.584431, -6.885277 ], [ 112.583808, -6.885245 ], [ 112.583073, -6.885239 ], [ 112.581699, -6.885325 ], [ 112.580966, -6.88539 ], [ 112.580509, -6.885442 ], [ 112.580203, -6.885207 ], [ 112.579544, -6.884473 ], [ 112.578803, -6.883514 ], [ 112.577977, -6.882161 ], [ 112.577151, -6.880457 ], [ 112.5767, -6.879637 ], [ 112.576518, -6.878891 ], [ 112.576443, -6.877858 ], [ 112.576389, -6.876452 ], [ 112.576432, -6.875067 ], [ 112.576711, -6.873065 ], [ 112.576894, -6.871861 ], [ 112.576786, -6.870561 ], [ 112.575896, -6.868612 ], [ 112.575102, -6.867196 ], [ 112.574694, -6.866088 ], [ 112.574565, -6.865065 ], [ 112.574619, -6.864501 ], [ 112.575102, -6.863995 ], [ 112.575767, -6.863542 ], [ 112.576175, -6.863132 ], [ 112.576432, -6.862711 ], [ 112.576486, -6.862349 ], [ 112.576475, -6.862003 ], [ 112.576421, -6.861683 ], [ 112.576346, -6.86131 ], [ 112.576384, -6.860948 ], [ 112.576577, -6.860543 ], [ 112.576802, -6.860229 ], [ 112.576974, -6.859872 ], [ 112.576937, -6.859324 ], [ 112.576706, -6.858477 ], [ 112.576561, -6.857268 ], [ 112.576513, -6.856112 ], [ 112.576507, -6.855659 ], [ 112.576556, -6.85543 ], [ 112.576666, -6.855287 ], [ 112.577073, -6.85502 ], [ 112.577393, -6.854818 ], [ 112.577859, -6.854525 ], [ 112.578245, -6.854115 ], [ 112.578428, -6.853747 ], [ 112.578476, -6.853428 ], [ 112.578465, -6.853002 ], [ 112.578294, -6.852331 ], [ 112.577897, -6.851446 ], [ 112.577409, -6.850839 ], [ 112.57692, -6.850435 ], [ 112.57647, -6.850168 ], [ 112.575805, -6.849843 ], [ 112.575333, -6.849678 ], [ 112.57493, -6.849455 ], [ 112.574276, -6.848869 ], [ 112.57405, -6.848592 ], [ 112.573471, -6.848166 ], [ 112.573058, -6.848027 ], [ 112.572715, -6.848064 ], [ 112.572307, -6.848363 ], [ 112.57177, -6.84897 ], [ 112.571057, -6.85012 ], [ 112.570569, -6.850903 ], [ 112.57007, -6.851558 ], [ 112.569335, -6.852597 ], [ 112.568477, -6.853998 ], [ 112.567908, -6.85477 ], [ 112.567425, -6.855212 ], [ 112.567028, -6.855462 ], [ 112.566535, -6.855505 ], [ 112.566074, -6.855372 ], [ 112.5658, -6.855207 ], [ 112.56528, -6.85469 ], [ 112.564797, -6.854301 ], [ 112.564496, -6.854062 ], [ 112.56425, -6.853747 ], [ 112.564227, -6.853696 ], [ 112.564089, -6.853385 ], [ 112.563981, -6.852885 ], [ 112.563906, -6.85265 ], [ 112.563708, -6.852474 ], [ 112.563155, -6.852144 ], [ 112.562528, -6.851761 ], [ 112.562184, -6.851335 ], [ 112.561905, -6.850871 ], [ 112.561455, -6.850179 ], [ 112.56094, -6.849646 ], [ 112.560527, -6.849204 ], [ 112.560205, -6.848736 ], [ 112.55998, -6.848554 ], [ 112.559636, -6.848437 ], [ 112.558917, -6.84823 ], [ 112.55851, -6.848166 ], [ 112.558215, -6.848208 ], [ 112.557694, -6.848352 ], [ 112.557372, -6.848336 ], [ 112.557238, -6.848251 ], [ 112.557126, -6.848048 ], [ 112.557018, -6.84766 ], [ 112.556895, -6.847404 ], [ 112.556734, -6.847292 ], [ 112.556375, -6.84725 ], [ 112.55587, -6.847372 ], [ 112.555409, -6.847606 ], [ 112.554792, -6.847947 ], [ 112.554084, -6.848549 ], [ 112.553768, -6.848746 ], [ 112.553006, -6.849002 ], [ 112.552641, -6.849002 ], [ 112.552287, -6.848885 ], [ 112.551992, -6.848597 ], [ 112.551654, -6.848139 ], [ 112.551311, -6.847867 ], [ 112.550651, -6.847612 ], [ 112.550308, -6.847628 ], [ 112.550012, -6.84774 ], [ 112.549696, -6.84807 ], [ 112.549428, -6.848464 ], [ 112.549165, -6.849401 ], [ 112.54894, -6.850307 ], [ 112.548902, -6.850823 ], [ 112.548933, -6.85113 ], [ 112.548915, -6.851385 ], [ 112.548859, -6.851622 ], [ 112.548628, -6.851841 ], [ 112.547421, -6.852347 ], [ 112.545093, -6.853369 ], [ 112.543645, -6.854072 ], [ 112.542025, -6.854861 ], [ 112.541435, -6.855212 ], [ 112.539965, -6.856203 ], [ 112.539031, -6.856746 ], [ 112.538517, -6.856916 ], [ 112.538429, -6.856925 ], [ 112.537519, -6.857012 ], [ 112.535706, -6.856959 ], [ 112.534086, -6.857012 ], [ 112.533013, -6.857193 ], [ 112.531875, -6.857598 ], [ 112.53121, -6.85812 ], [ 112.530406, -6.858866 ], [ 112.52989, -6.859569 ], [ 112.529365, -6.860165 ], [ 112.528528, -6.861071 ], [ 112.527401, -6.861912 ], [ 112.526371, -6.862402 ], [ 112.524805, -6.86285 ], [ 112.523625, -6.863425 ], [ 112.522649, -6.86416 ], [ 112.52194, -6.865161 ], [ 112.521501, -6.866482 ], [ 112.521141, -6.868564 ], [ 112.521104, -6.869315 ], [ 112.521093, -6.869901 ], [ 112.521286, -6.87086 ], [ 112.52164, -6.871414 ], [ 112.522155, -6.871765 ], [ 112.522874, -6.872127 ], [ 112.523764, -6.872403 ], [ 112.524515, -6.872573 ], [ 112.526557, -6.873254 ], [ 112.527947, -6.87362 ], [ 112.52935, -6.873999 ], [ 112.533671, -6.874588 ], [ 112.535864, -6.87518 ], [ 112.537165, -6.875685 ], [ 112.538624, -6.87675 ], [ 112.540126, -6.878092 ], [ 112.54092, -6.878806 ], [ 112.541134, -6.8792 ], [ 112.541145, -6.879797 ], [ 112.540866, -6.881469 ], [ 112.54063, -6.882427 ], [ 112.540126, -6.883514 ], [ 112.539858, -6.884025 ], [ 112.539504, -6.884323 ], [ 112.539128, -6.884451 ], [ 112.538313, -6.884781 ], [ 112.537411, -6.885367 ], [ 112.536575, -6.886102 ], [ 112.535555, -6.887391 ], [ 112.534364, -6.889276 ], [ 112.533109, -6.890714 ], [ 112.532433, -6.891609 ], [ 112.53165, -6.892312 ], [ 112.530845, -6.892967 ], [ 112.530229, -6.893713 ], [ 112.529569, -6.894714 ], [ 112.529081, -6.89579 ], [ 112.528716, -6.896381 ], [ 112.528099, -6.897249 ], [ 112.527605, -6.898218 ], [ 112.527133, -6.899187 ], [ 112.526645, -6.900055 ], [ 112.525739, -6.901222 ], [ 112.525175, -6.901813 ], [ 112.524601, -6.902345 ], [ 112.524043, -6.902702 ], [ 112.523609, -6.902937 ], [ 112.523228, -6.903112 ], [ 112.522874, -6.903336 ], [ 112.522235, -6.903927 ], [ 112.521168, -6.905019 ], [ 112.520658, -6.905519 ], [ 112.520379, -6.905743 ], [ 112.519972, -6.905892 ], [ 112.519596, -6.905898 ], [ 112.519306, -6.905828 ], [ 112.519033, -6.905706 ], [ 112.518776, -6.905684 ], [ 112.518448, -6.905732 ], [ 112.517998, -6.905839 ], [ 112.517603, -6.905906 ], [ 112.517048, -6.905927 ], [ 112.516801, -6.905903 ], [ 112.516501, -6.905913 ], [ 112.516241, -6.905961 ], [ 112.515873, -6.906073 ], [ 112.515608, -6.906238 ], [ 112.515238, -6.906553 ], [ 112.514956, -6.906712 ], [ 112.514607, -6.906805 ], [ 112.514111, -6.906877 ], [ 112.513781, -6.906944 ], [ 112.512982, -6.907104 ], [ 112.51258, -6.907216 ], [ 112.512142, -6.907264 ], [ 112.511705, -6.90729 ], [ 112.511281, -6.907333 ], [ 112.510651, -6.907437 ], [ 112.510375, -6.907476 ], [ 112.509967, -6.90745 ], [ 112.50927, -6.907282 ], [ 112.508623, -6.90713 ], [ 112.507896, -6.906963 ], [ 112.50699, -6.906816 ], [ 112.506628, -6.906837 ], [ 112.506606, -6.906965 ], [ 112.506062, -6.907013 ], [ 112.505745, -6.907024 ], [ 112.505582, -6.907 ], [ 112.505297, -6.906876 ], [ 112.505162, -6.906839 ], [ 112.505069, -6.906843 ], [ 112.504965, -6.906861 ], [ 112.504794, -6.906907 ], [ 112.504643, -6.906915 ], [ 112.504458, -6.906899 ], [ 112.504272, -6.906802 ], [ 112.504109, -6.906683 ], [ 112.503913, -6.906507 ], [ 112.503661, -6.906297 ], [ 112.503106, -6.905919 ], [ 112.502714, -6.905706 ], [ 112.502264, -6.905511 ], [ 112.501926, -6.905322 ], [ 112.501507, -6.905048 ], [ 112.501279, -6.904875 ], [ 112.501199, -6.904747 ], [ 112.501172, -6.904643 ], [ 112.501538, -6.903289 ], [ 112.500864, -6.903003 ], [ 112.500731, -6.903381 ], [ 112.500681, -6.903512 ], [ 112.500621, -6.903584 ], [ 112.500582, -6.903602 ], [ 112.50052, -6.903593 ], [ 112.50044, -6.90354 ], [ 112.500381, -6.903493 ], [ 112.500067, -6.904231 ], [ 112.49959, -6.90414 ], [ 112.498962, -6.904031 ], [ 112.497818, -6.903853 ], [ 112.497709, -6.903826 ], [ 112.497677, -6.903807 ], [ 112.497814, -6.903343 ], [ 112.497814, -6.903269 ], [ 112.497798, -6.903219 ], [ 112.497744, -6.903191 ], [ 112.497586, -6.903144 ], [ 112.497518, -6.903145 ], [ 112.497477, -6.903177 ], [ 112.497367, -6.903388 ], [ 112.497304, -6.903485 ], [ 112.497252, -6.90352 ], [ 112.497173, -6.903518 ], [ 112.497052, -6.903476 ], [ 112.496627, -6.903279 ], [ 112.496317, -6.903119 ], [ 112.496246, -6.903088 ], [ 112.496221, -6.903083 ], [ 112.496166, -6.903166 ], [ 112.49614, -6.903168 ], [ 112.496104, -6.903152 ], [ 112.496044, -6.903096 ], [ 112.495958, -6.902939 ], [ 112.49584, -6.902718 ], [ 112.495682, -6.9025 ], [ 112.495585, -6.902316 ], [ 112.49555, -6.902132 ], [ 112.495609, -6.901626 ], [ 112.495574, -6.901515 ], [ 112.495537, -6.901469 ], [ 112.495285, -6.901413 ], [ 112.495169, -6.901419 ], [ 112.495102, -6.901448 ], [ 112.494853, -6.902253 ], [ 112.494826, -6.902315 ], [ 112.494768, -6.90236 ], [ 112.494721, -6.902369 ], [ 112.494638, -6.90236 ], [ 112.494568, -6.902309 ], [ 112.49455, -6.902268 ], [ 112.494601, -6.901571 ], [ 112.494574, -6.901483 ], [ 112.494515, -6.901437 ], [ 112.494378, -6.901424 ], [ 112.49385, -6.901405 ], [ 112.493214, -6.901352 ], [ 112.492884, -6.901368 ], [ 112.492809, -6.901367 ], [ 112.492737, -6.901351 ], [ 112.492707, -6.901319 ], [ 112.492687, -6.901287 ], [ 112.49266, -6.901151 ], [ 112.492619, -6.901007 ], [ 112.492548, -6.900913 ], [ 112.492451, -6.900857 ], [ 112.492366, -6.900833 ], [ 112.492314, -6.900853 ], [ 112.492273, -6.900914 ], [ 112.492255, -6.901059 ], [ 112.492246, -6.901344 ], [ 112.492157, -6.902383 ], [ 112.492171, -6.902553 ], [ 112.49223, -6.902614 ], [ 112.492326, -6.902652 ], [ 112.492578, -6.902654 ], [ 112.492699, -6.902686 ], [ 112.492769, -6.902758 ], [ 112.492833, -6.903275 ], [ 112.49246, -6.903434 ], [ 112.492079, -6.903618 ], [ 112.491902, -6.90369 ], [ 112.49168, -6.903807 ], [ 112.491409, -6.903948 ], [ 112.491157, -6.90409 ], [ 112.491028, -6.904164 ], [ 112.490859, -6.90422 ], [ 112.490615, -6.90418 ], [ 112.49032, -6.904052 ], [ 112.490266, -6.90397 ], [ 112.490258, -6.903887 ], [ 112.490371, -6.903573 ], [ 112.490476, -6.903168 ], [ 112.49054, -6.902923 ], [ 112.49051, -6.902745 ], [ 112.490368, -6.902521 ], [ 112.490264, -6.902439 ], [ 112.490078, -6.902337 ], [ 112.489724, -6.902241 ], [ 112.489451, -6.902143 ], [ 112.489362, -6.902087 ], [ 112.489338, -6.901991 ], [ 112.489408, -6.901746 ], [ 112.488826, -6.901573 ], [ 112.488287, -6.90144 ], [ 112.487994, -6.901333 ], [ 112.487732, -6.901248 ], [ 112.487273, -6.901171 ], [ 112.48716, -6.90111 ], [ 112.48712, -6.901025 ], [ 112.48708, -6.900902 ], [ 112.487155, -6.900417 ], [ 112.487144, -6.900362 ], [ 112.487074, -6.900327 ], [ 112.486723, -6.90026 ], [ 112.486629, -6.900258 ], [ 112.486541, -6.90034 ], [ 112.486433, -6.900596 ], [ 112.48635, -6.900833 ], [ 112.486302, -6.901046 ], [ 112.486254, -6.901437 ], [ 112.486208, -6.901712 ], [ 112.486103, -6.901909 ], [ 112.485977, -6.901981 ], [ 112.485677, -6.902015 ], [ 112.485385, -6.902031 ], [ 112.485181, -6.902012 ], [ 112.484966, -6.901933 ], [ 112.484588, -6.901773 ], [ 112.484263, -6.901664 ], [ 112.484052, -6.901603 ], [ 112.48384, -6.901467 ], [ 112.483722, -6.901336 ], [ 112.483636, -6.901062 ], [ 112.483609, -6.900883 ], [ 112.483582, -6.900601 ], [ 112.483596, -6.900372 ], [ 112.483601, -6.900154 ], [ 112.483472, -6.899856 ], [ 112.483429, -6.89976 ], [ 112.483445, -6.899629 ], [ 112.483783, -6.898916 ], [ 112.482185, -6.898064 ], [ 112.481726, -6.899262 ], [ 112.48158, -6.899613 ], [ 112.481113, -6.899466 ], [ 112.481048, -6.899577 ], [ 112.480874, -6.90005 ], [ 112.480766, -6.900472 ], [ 112.480565, -6.900454 ], [ 112.480227, -6.90037 ], [ 112.479885, -6.900282 ], [ 112.479649, -6.900206 ], [ 112.479481, -6.900146 ], [ 112.479299, -6.900019 ], [ 112.479079, -6.899932 ], [ 112.47902, -6.899924 ], [ 112.479002, -6.899946 ], [ 112.478966, -6.900354 ], [ 112.478627, -6.900268 ], [ 112.478652, -6.900158 ], [ 112.478569, -6.900138 ], [ 112.478435, -6.900098 ], [ 112.478371, -6.900059 ], [ 112.47841, -6.89999 ], [ 112.478355, -6.899955 ], [ 112.4784, -6.899846 ], [ 112.478377, -6.899837 ], [ 112.477992, -6.899623 ], [ 112.477826, -6.899543 ], [ 112.477695, -6.899423 ], [ 112.477629, -6.899309 ], [ 112.477594, -6.899243 ], [ 112.477496, -6.89917 ], [ 112.47715, -6.899018 ], [ 112.476771, -6.898885 ], [ 112.476533, -6.898809 ], [ 112.47635, -6.898788 ], [ 112.476095, -6.898773 ], [ 112.475533, -6.898712 ], [ 112.475296, -6.898699 ], [ 112.474963, -6.898727 ], [ 112.474865, -6.898723 ], [ 112.474695, -6.898668 ], [ 112.474616, -6.898603 ], [ 112.474662, -6.898463 ], [ 112.474605, -6.898427 ], [ 112.474487, -6.898383 ], [ 112.474342, -6.898319 ], [ 112.474114, -6.89817 ], [ 112.47383, -6.897899 ], [ 112.473736, -6.897741 ], [ 112.473682, -6.89759 ], [ 112.474087, -6.897166 ], [ 112.473816, -6.89662 ], [ 112.473556, -6.89608 ], [ 112.473763, -6.895827 ], [ 112.474076, -6.895342 ], [ 112.474203, -6.895108 ], [ 112.473916, -6.894959 ], [ 112.474023, -6.894679 ], [ 112.473824, -6.894541 ], [ 112.473867, -6.894389 ], [ 112.473693, -6.894288 ], [ 112.473877, -6.893827 ], [ 112.473769, -6.893775 ], [ 112.473366, -6.893638 ], [ 112.472865, -6.893464 ], [ 112.47256, -6.893333 ], [ 112.472274, -6.893164 ], [ 112.471826, -6.892862 ], [ 112.471479, -6.892658 ], [ 112.471327, -6.892594 ], [ 112.471146, -6.892537 ], [ 112.471062, -6.892488 ], [ 112.471027, -6.892429 ], [ 112.47104, -6.892329 ], [ 112.470615, -6.892087 ], [ 112.470572, -6.892063 ], [ 112.470532, -6.892066 ], [ 112.470505, -6.892086 ], [ 112.47048, -6.89213 ], [ 112.470456, -6.892142 ], [ 112.470427, -6.892145 ], [ 112.470107, -6.89211 ], [ 112.469734, -6.892067 ], [ 112.46953, -6.892008 ], [ 112.469254, -6.891906 ], [ 112.468629, -6.891653 ], [ 112.468108, -6.893053 ], [ 112.46802, -6.893305 ], [ 112.467957, -6.893461 ], [ 112.467925, -6.893482 ], [ 112.46786, -6.89347 ], [ 112.467749, -6.893421 ], [ 112.467592, -6.893326 ], [ 112.467494, -6.893245 ], [ 112.467439, -6.893144 ], [ 112.467438, -6.893061 ], [ 112.467568, -6.892802 ], [ 112.467662, -6.892599 ], [ 112.467823, -6.892251 ], [ 112.46782, -6.892223 ], [ 112.467801, -6.892201 ], [ 112.467772, -6.892186 ], [ 112.467418, -6.892116 ], [ 112.467378, -6.892103 ], [ 112.467361, -6.892087 ], [ 112.467357, -6.892062 ], [ 112.46735, -6.892048 ], [ 112.467337, -6.892038 ], [ 112.467306, -6.892024 ], [ 112.467213, -6.891999 ], [ 112.46715, -6.891983 ], [ 112.467133, -6.89204 ], [ 112.46712, -6.892069 ], [ 112.467108, -6.892078 ], [ 112.467083, -6.89208 ], [ 112.467011, -6.892068 ], [ 112.466841, -6.892024 ], [ 112.466785, -6.892006 ], [ 112.466696, -6.891965 ], [ 112.466488, -6.891865 ], [ 112.466215, -6.891722 ], [ 112.466016, -6.891629 ], [ 112.4659, -6.891586 ], [ 112.465831, -6.891564 ], [ 112.465798, -6.891555 ], [ 112.465764, -6.891546 ], [ 112.465719, -6.891534 ], [ 112.465662, -6.89152 ], [ 112.465637, -6.89151 ], [ 112.465593, -6.891478 ], [ 112.465523, -6.89142 ], [ 112.465493, -6.891395 ], [ 112.465536, -6.891312 ], [ 112.465448, -6.891223 ], [ 112.465188, -6.89104 ], [ 112.464832, -6.890827 ], [ 112.464423, -6.890501 ], [ 112.464152, -6.89028 ], [ 112.463822, -6.889947 ], [ 112.463584, -6.889684 ], [ 112.463267, -6.889404 ], [ 112.463122, -6.889207 ], [ 112.462878, -6.888965 ], [ 112.462479, -6.888635 ], [ 112.462039, -6.888304 ], [ 112.46147, -6.887945 ], [ 112.461213, -6.887751 ], [ 112.460813, -6.887391 ], [ 112.460617, -6.887207 ], [ 112.459021, -6.886294 ], [ 112.457793, -6.88549 ], [ 112.458077, -6.884567 ], [ 112.457824, -6.884449 ], [ 112.456185, -6.883685 ], [ 112.456368, -6.883292 ], [ 112.456356, -6.883284 ], [ 112.456256, -6.883246 ], [ 112.456107, -6.883212 ], [ 112.455867, -6.88317 ], [ 112.455769, -6.88314 ], [ 112.455634, -6.883028 ], [ 112.455329, -6.882742 ], [ 112.455312, -6.882688 ], [ 112.455306, -6.882623 ], [ 112.455328, -6.882493 ], [ 112.455349, -6.882394 ], [ 112.45534, -6.882334 ], [ 112.455298, -6.882282 ], [ 112.455096, -6.882147 ], [ 112.454671, -6.881895 ], [ 112.454357, -6.881735 ], [ 112.454148, -6.881573 ], [ 112.453992, -6.881402 ], [ 112.453861, -6.881195 ], [ 112.453489, -6.880654 ], [ 112.45346, -6.880541 ], [ 112.453457, -6.88044 ], [ 112.453501, -6.880332 ], [ 112.453842, -6.879826 ], [ 112.453815, -6.879794 ], [ 112.453717, -6.879734 ], [ 112.453348, -6.879541 ], [ 112.452715, -6.879144 ], [ 112.452179, -6.87871 ], [ 112.451747, -6.878335 ], [ 112.451402, -6.877917 ], [ 112.451245, -6.877671 ], [ 112.451146, -6.877461 ], [ 112.451048, -6.87723 ], [ 112.450984, -6.876984 ], [ 112.450953, -6.876811 ], [ 112.450972, -6.87674 ], [ 112.451005, -6.876681 ], [ 112.451215, -6.876477 ], [ 112.451256, -6.876424 ], [ 112.451282, -6.876363 ], [ 112.451268, -6.876309 ], [ 112.451244, -6.876272 ], [ 112.451205, -6.876259 ], [ 112.451156, -6.87627 ], [ 112.451097, -6.876312 ], [ 112.450835, -6.876566 ], [ 112.450639, -6.876769 ], [ 112.450519, -6.876827 ], [ 112.450393, -6.876854 ], [ 112.450275, -6.876841 ], [ 112.450181, -6.87679 ], [ 112.449918, -6.877126 ], [ 112.449792, -6.877304 ], [ 112.44965, -6.877227 ], [ 112.449695, -6.87716 ], [ 112.449684, -6.877107 ], [ 112.449414, -6.876959 ], [ 112.449159, -6.876774 ], [ 112.449043, -6.876689 ], [ 112.448948, -6.876598 ], [ 112.448856, -6.876502 ], [ 112.448306, -6.875895 ], [ 112.447895, -6.875397 ], [ 112.447973, -6.875323 ], [ 112.44781, -6.875134 ], [ 112.4477, -6.875219 ], [ 112.447525, -6.875057 ], [ 112.447614, -6.874979 ], [ 112.447588, -6.874958 ], [ 112.4469, -6.874377 ], [ 112.446839, -6.874311 ], [ 112.446783, -6.874206 ], [ 112.446726, -6.874123 ], [ 112.446703, -6.874115 ], [ 112.446682, -6.874124 ], [ 112.446603, -6.874433 ], [ 112.446353, -6.87436 ], [ 112.446265, -6.874332 ], [ 112.446232, -6.874311 ], [ 112.446226, -6.874161 ], [ 112.446198, -6.874124 ], [ 112.446191, -6.874026 ], [ 112.446153, -6.874018 ], [ 112.446112, -6.874019 ], [ 112.446104, -6.874156 ], [ 112.446102, -6.874244 ], [ 112.446078, -6.874296 ], [ 112.446025, -6.874351 ], [ 112.445986, -6.874379 ], [ 112.445921, -6.87438 ], [ 112.445634, -6.874308 ], [ 112.445382, -6.874234 ], [ 112.445345, -6.874359 ], [ 112.444653, -6.874111 ], [ 112.444682, -6.873981 ], [ 112.44425, -6.873808 ], [ 112.444198, -6.873966 ], [ 112.444142, -6.874097 ], [ 112.444073, -6.874195 ], [ 112.444012, -6.874211 ], [ 112.443928, -6.874191 ], [ 112.443333, -6.87392 ], [ 112.443204, -6.873888 ], [ 112.443046, -6.874094 ], [ 112.442805, -6.874034 ], [ 112.442676, -6.874171 ], [ 112.442311, -6.874577 ], [ 112.442113, -6.874737 ], [ 112.441858, -6.874825 ], [ 112.441614, -6.87486 ], [ 112.441276, -6.874853 ], [ 112.441021, -6.874826 ], [ 112.440762, -6.874753 ], [ 112.440518, -6.87464 ], [ 112.440291, -6.874537 ], [ 112.44011, -6.874424 ] ] } },
{ "type": "Feature", "properties": { "wilayah": "SBY" }, "geometry": { "type": "LineString", "coordinates": [ [ 112.672691, -7.174445 ], [ 112.672693, -7.17411 ], [ 112.672683, -7.174084 ], [ 112.672662, -7.174076 ], [ 112.669787, -7.174191 ], [ 112.669632, -7.174147 ], [ 112.669666, -7.173309 ], [ 112.670666, -7.173206 ], [ 112.670795, -7.172976 ], [ 112.670649, -7.172729 ], [ 112.670452, -7.172048 ], [ 112.670109, -7.17089 ], [ 112.67004, -7.170541 ], [ 112.669843, -7.169876 ], [ 112.666981, -7.170705 ], [ 112.666659, -7.170182 ], [ 112.666433, -7.170098 ], [ 112.66627, -7.169995 ], [ 112.6661, -7.169434 ], [ 112.669843, -7.168982 ], [ 112.670512, -7.168829 ], [ 112.671349, -7.168377 ], [ 112.671492, -7.168427 ], [ 112.671766, -7.16896 ], [ 112.67247, -7.169835 ], [ 112.672589, -7.169739 ], [ 112.67195, -7.168945 ], [ 112.671184, -7.167561 ], [ 112.671052, -7.16763 ], [ 112.671181, -7.167854 ], [ 112.671078, -7.167911 ], [ 112.671198, -7.168111 ], [ 112.671295, -7.168064 ], [ 112.671313, -7.168099 ], [ 112.671274, -7.168245 ], [ 112.67125, -7.168268 ], [ 112.6712, -7.168216 ], [ 112.67029, -7.168497 ], [ 112.670055, -7.168034 ], [ 112.668503, -7.168369 ], [ 112.668529, -7.168854 ], [ 112.668137, -7.168893 ], [ 112.666203, -7.169084 ], [ 112.665783, -7.168257 ], [ 112.668438, -7.167101 ], [ 112.669164, -7.166785 ], [ 112.667826, -7.163898 ], [ 112.664367, -7.165439 ], [ 112.664314, -7.165343 ], [ 112.663972, -7.165525 ], [ 112.662808, -7.163309 ], [ 112.663078, -7.163176 ], [ 112.663989, -7.164971 ], [ 112.664138, -7.1649 ], [ 112.664135, -7.164809 ], [ 112.66757, -7.163142 ], [ 112.668567, -7.162798 ], [ 112.668499, -7.16266 ], [ 112.668888, -7.162465 ], [ 112.669116, -7.162507 ], [ 112.669206, -7.162645 ], [ 112.669319, -7.162566 ], [ 112.669059, -7.162198 ], [ 112.66843, -7.162533 ], [ 112.668351, -7.162531 ], [ 112.668032, -7.162658 ], [ 112.667813, -7.162553 ], [ 112.666218, -7.159422 ] ] } },
{ "type": "Feature", "properties": { "wilayah": "SBY" }, "geometry": { "type": "LineString", "coordinates": [ [ 112.666218, -7.159422 ], [ 112.665785, -7.159621 ], [ 112.665613, -7.159921 ], [ 112.66344, -7.160944 ], [ 112.662543, -7.161693 ], [ 112.662473, -7.161636 ], [ 112.662602, -7.161411 ], [ 112.662006, -7.161658 ], [ 112.661328, -7.162084 ], [ 112.660272, -7.162732 ], [ 112.660182, -7.162682 ], [ 112.660547, -7.162408 ], [ 112.660547, -7.162246 ], [ 112.661577, -7.16113 ], [ 112.663517, -7.160245 ], [ 112.663182, -7.159495 ], [ 112.662822, -7.158661 ], [ 112.663529, -7.158586 ], [ 112.664405, -7.158321 ], [ 112.664057, -7.15746 ], [ 112.662315, -7.158303 ], [ 112.660513, -7.158133 ], [ 112.660744, -7.155765 ], [ 112.662375, -7.15591 ], [ 112.662392, -7.155714 ], [ 112.663036, -7.155646 ], [ 112.662975, -7.155276 ], [ 112.66297, -7.155248 ], [ 112.662966, -7.155221 ], [ 112.662942, -7.155075 ], [ 112.662521, -7.153917 ], [ 112.662633, -7.153815 ], [ 112.662621, -7.153772 ], [ 112.662598, -7.153687 ], [ 112.662381, -7.153707 ], [ 112.662318, -7.153643 ], [ 112.662226, -7.153549 ], [ 112.661862, -7.152671 ], [ 112.661764, -7.152435 ], [ 112.663, -7.151916 ], [ 112.662897, -7.151648 ], [ 112.660502, -7.152576 ], [ 112.658944, -7.147888 ], [ 112.658835, -7.147666 ], [ 112.658734, -7.147614 ], [ 112.65835, -7.147742 ], [ 112.658058, -7.14784 ], [ 112.657984, -7.147867 ], [ 112.657899, -7.147655 ], [ 112.6578, -7.147518 ], [ 112.657673, -7.14746 ], [ 112.657358, -7.147355 ], [ 112.657182, -7.147252 ], [ 112.656989, -7.147006 ], [ 112.656899, -7.146854 ], [ 112.656668, -7.145927 ], [ 112.656608, -7.145722 ], [ 112.656485, -7.145396 ], [ 112.656209, -7.144846 ], [ 112.656214, -7.144744 ], [ 112.656279, -7.144665 ], [ 112.656896, -7.144442 ] ] } },
{ "type": "Feature", "properties": { "wilayah": "SBY" }, "geometry": { "type": "LineString", "coordinates": [ [ 112.622618, -7.111189 ], [ 112.624189, -7.111266 ], [ 112.624189, -7.111343 ], [ 112.624309, -7.111428 ], [ 112.624412, -7.111377 ], [ 112.624421, -7.111266 ], [ 112.625983, -7.111351 ], [ 112.625983, -7.111462 ], [ 112.626215, -7.111496 ], [ 112.626249, -7.111377 ], [ 112.627751, -7.111453 ], [ 112.627751, -7.111624 ], [ 112.627957, -7.111717 ], [ 112.628129, -7.111632 ], [ 112.628704, -7.111658 ], [ 112.628944, -7.111572 ], [ 112.629124, -7.111615 ], [ 112.62921, -7.111751 ], [ 112.629845, -7.111828 ], [ 112.629845, -7.111649 ], [ 112.63139, -7.111734 ], [ 112.63139, -7.111871 ], [ 112.631648, -7.111871 ], [ 112.631656, -7.111743 ], [ 112.633218, -7.111811 ], [ 112.633218, -7.111981 ], [ 112.633425, -7.111998 ], [ 112.633476, -7.111862 ], [ 112.634729, -7.111939 ], [ 112.634772, -7.112152 ], [ 112.63533, -7.112339 ], [ 112.635485, -7.11199 ], [ 112.636789, -7.112041 ], [ 112.636789, -7.11216 ], [ 112.636935, -7.112254 ], [ 112.63709, -7.112194 ], [ 112.637132, -7.112049 ], [ 112.638566, -7.112134 ], [ 112.6386, -7.112296 ], [ 112.638755, -7.11239 ], [ 112.638926, -7.112373 ], [ 112.638943, -7.112211 ], [ 112.640394, -7.112305 ], [ 112.640394, -7.112416 ], [ 112.640523, -7.112501 ], [ 112.640677, -7.112458 ], [ 112.640686, -7.112322 ], [ 112.642162, -7.112407 ], [ 112.642171, -7.112543 ], [ 112.642317, -7.112628 ], [ 112.642488, -7.112595 ], [ 112.642523, -7.11245 ], [ 112.644016, -7.112543 ], [ 112.644016, -7.112688 ], [ 112.644171, -7.11279 ], [ 112.644325, -7.112722 ], [ 112.644359, -7.112569 ], [ 112.645655, -7.112654 ], [ 112.645664, -7.112799 ], [ 112.645819, -7.11291 ], [ 112.646033, -7.112756 ], [ 112.646663, -7.112704 ], [ 112.646756, -7.112573 ], [ 112.64676, -7.112517 ], [ 112.646763, -7.112469 ], [ 112.646766, -7.112451 ], [ 112.646713, -7.112269 ], [ 112.646736, -7.111776 ], [ 112.647012, -7.111694 ], [ 112.64709, -7.111614 ], [ 112.647114, -7.111483 ], [ 112.647105, -7.111449 ], [ 112.647094, -7.111405 ], [ 112.647082, -7.111355 ], [ 112.647003, -7.111247 ], [ 112.646901, -7.111234 ], [ 112.646952, -7.110879 ], [ 112.647007, -7.110626 ], [ 112.647245, -7.109633 ], [ 112.647245, -7.10942 ], [ 112.647189, -7.109372 ], [ 112.647182, -7.10932 ], [ 112.647202, -7.108902 ], [ 112.647374, -7.108722 ], [ 112.647479, -7.108446 ], [ 112.647125, -7.108152 ], [ 112.646445, -7.108076 ], [ 112.646177, -7.107734 ], [ 112.645699, -7.107544 ], [ 112.641563, -7.107192 ], [ 112.640768, -7.107287 ], [ 112.640232, -7.107411 ], [ 112.638806, -7.108209 ], [ 112.638442, -7.108456 ], [ 112.63826, -7.108855 ], [ 112.638174, -7.109111 ], [ 112.636403, -7.109368 ], [ 112.63624, -7.109539 ], [ 112.636135, -7.1099 ], [ 112.636252, -7.110823 ], [ 112.635945, -7.111188 ], [ 112.635816, -7.111763 ], [ 112.625908, -7.111136 ], [ 112.622735, -7.110935 ], [ 112.622447, -7.110917 ], [ 112.622473, -7.110772 ], [ 112.622754, -7.110623 ], [ 112.623076, -7.110027 ], [ 112.623135, -7.10966 ], [ 112.623097, -7.109522 ], [ 112.623188, -7.109186 ], [ 112.623344, -7.109005 ], [ 112.623333, -7.108665 ], [ 112.623435, -7.107536 ], [ 112.623816, -7.106205 ], [ 112.62402, -7.106179 ], [ 112.624186, -7.105343 ], [ 112.624594, -7.104502 ], [ 112.625082, -7.103368 ], [ 112.625452, -7.102915 ], [ 112.625777, -7.102806 ], [ 112.626123, -7.102471 ], [ 112.626278, -7.102492 ], [ 112.626472, -7.10234 ], [ 112.627073, -7.101463 ], [ 112.627459, -7.101531 ], [ 112.627622, -7.101113 ], [ 112.627459, -7.100611 ], [ 112.627142, -7.100185 ], [ 112.626206, -7.099521 ], [ 112.626383, -7.098854 ], [ 112.626524, -7.09832 ] ] } },
{ "type": "Feature", "properties": { "wilayah": "SBY" }, "geometry": { "type": "LineString", "coordinates": [ [ 112.656896, -7.144442 ], [ 112.656902, -7.144127 ], [ 112.65687, -7.144073 ], [ 112.656307, -7.144107 ], [ 112.655829, -7.143865 ], [ 112.651615, -7.141728 ], [ 112.650782, -7.140906 ], [ 112.651118, -7.140677 ], [ 112.652167, -7.140273 ], [ 112.652403, -7.140305 ], [ 112.652671, -7.140193 ], [ 112.65258, -7.139932 ], [ 112.653648, -7.139517 ], [ 112.653583, -7.139346 ], [ 112.65221, -7.139863 ], [ 112.652092, -7.140092 ], [ 112.650534, -7.140621 ], [ 112.650467, -7.140629 ], [ 112.650035, -7.140134 ], [ 112.650126, -7.140111 ], [ 112.650228, -7.140121 ], [ 112.650287, -7.140048 ], [ 112.650332, -7.139921 ], [ 112.650318, -7.139848 ], [ 112.650263, -7.139783 ], [ 112.650184, -7.139743 ], [ 112.650116, -7.139742 ], [ 112.649874, -7.139944 ], [ 112.64971, -7.13983 ], [ 112.649653, -7.139811 ], [ 112.649556, -7.139816 ], [ 112.64954, -7.139763 ], [ 112.649579, -7.1397 ], [ 112.649572, -7.139606 ], [ 112.649564, -7.139511 ], [ 112.650825, -7.139 ], [ 112.649384, -7.135247 ], [ 112.649155, -7.135336 ], [ 112.649031, -7.135018 ], [ 112.648734, -7.134215 ], [ 112.650225, -7.13363 ], [ 112.647822, -7.128147 ], [ 112.644378, -7.129776 ], [ 112.634231, -7.133444 ], [ 112.631124, -7.134977 ], [ 112.630352, -7.134398 ], [ 112.629416, -7.133435 ], [ 112.628386, -7.132072 ], [ 112.626112, -7.129739 ], [ 112.625554, -7.128845 ], [ 112.625374, -7.126741 ], [ 112.625366, -7.126369 ], [ 112.626118, -7.125981 ], [ 112.628885, -7.125937 ], [ 112.629208, -7.125932 ], [ 112.635048, -7.125877 ], [ 112.646736, -7.125982 ], [ 112.646801, -7.125956 ], [ 112.646827, -7.125816 ], [ 112.646724, -7.124826 ], [ 112.646597, -7.123767 ], [ 112.646637, -7.12368 ], [ 112.647589, -7.123673 ], [ 112.647635, -7.123613 ], [ 112.647642, -7.123518 ], [ 112.647593, -7.123435 ], [ 112.646698, -7.123437 ], [ 112.646675, -7.123381 ], [ 112.646758, -7.123292 ], [ 112.646496, -7.122864 ], [ 112.64645, -7.121689 ], [ 112.635092, -7.121204 ], [ 112.635054, -7.121062 ], [ 112.636095, -7.12095 ], [ 112.638595, -7.12094 ], [ 112.641052, -7.120578 ], [ 112.640945, -7.120301 ], [ 112.638724, -7.120578 ], [ 112.636439, -7.120567 ], [ 112.632898, -7.120535 ], [ 112.626439, -7.120354 ], [ 112.626439, -7.119971 ], [ 112.625409, -7.119758 ], [ 112.625286, -7.11954 ], [ 112.625479, -7.119396 ], [ 112.625468, -7.11905 ], [ 112.625758, -7.118347 ], [ 112.625892, -7.118124 ], [ 112.625962, -7.117799 ], [ 112.625887, -7.117357 ], [ 112.625619, -7.116607 ], [ 112.62534, -7.116207 ], [ 112.625168, -7.115803 ], [ 112.624867, -7.115491 ], [ 112.624465, -7.115318 ], [ 112.624278, -7.115324 ], [ 112.624267, -7.115063 ], [ 112.624336, -7.114685 ], [ 112.624149, -7.114201 ], [ 112.623891, -7.113695 ], [ 112.623666, -7.113173 ], [ 112.623438, -7.112992 ], [ 112.62307, -7.112809 ], [ 112.622832, -7.112825 ], [ 112.622976, -7.112257 ], [ 112.62296, -7.111413 ], [ 112.622618, -7.111343 ], [ 112.622618, -7.111189 ] ] } },
{ "type": "Feature", "properties": { "wilayah": "SBY" }, "geometry": { "type": "LineString", "coordinates": [ [ 112.846874, -6.897284 ], [ 112.846561, -6.897253 ], [ 112.846233, -6.897533 ], [ 112.846373, -6.897967 ], [ 112.846545, -6.898138 ], [ 112.846967, -6.898138 ], [ 112.846874, -6.897284 ] ] } },
{ "type": "Feature", "properties": { "wilayah": "SBY" }, "geometry": { "type": "LineString", "coordinates": [ [ 112.84449, -7.304857 ], [ 112.844326, -7.304398 ], [ 112.845093, -7.30342 ], [ 112.845404, -7.302855 ], [ 112.845495, -7.302323 ], [ 112.845541, -7.301871 ], [ 112.845694, -7.301605 ], [ 112.846048, -7.300961 ], [ 112.846225, -7.300307 ], [ 112.846187, -7.299796 ], [ 112.846059, -7.299458 ], [ 112.846023, -7.299365 ], [ 112.845925, -7.299288 ], [ 112.84575, -7.299223 ], [ 112.845615, -7.299201 ], [ 112.845322, -7.299159 ], [ 112.845304, -7.299125 ], [ 112.845277, -7.299075 ], [ 112.84527, -7.298987 ], [ 112.845383, -7.298822 ], [ 112.845782, -7.298559 ], [ 112.846026, -7.298285 ], [ 112.846045, -7.298131 ], [ 112.846, -7.297886 ], [ 112.845914, -7.297449 ], [ 112.846123, -7.295914 ], [ 112.846262, -7.295481 ], [ 112.846305, -7.295002 ], [ 112.84622, -7.294086 ], [ 112.846118, -7.293153 ], [ 112.846045, -7.292865 ], [ 112.846008, -7.292551 ], [ 112.846021, -7.292192 ], [ 112.846072, -7.291685 ], [ 112.846123, -7.291123 ], [ 112.84623, -7.290208 ], [ 112.846375, -7.28925 ], [ 112.846469, -7.288829 ], [ 112.846527, -7.288603 ], [ 112.846544, -7.288492 ], [ 112.846528, -7.288365 ], [ 112.846488, -7.288047 ], [ 112.846507, -7.287919 ], [ 112.84659, -7.287579 ], [ 112.846665, -7.287233 ], [ 112.846676, -7.286924 ], [ 112.846643, -7.28669 ], [ 112.846498, -7.28632 ], [ 112.84623, -7.285924 ], [ 112.846218, -7.285893 ], [ 112.846051, -7.285456 ], [ 112.845876, -7.284775 ], [ 112.84557, -7.283849 ], [ 112.845431, -7.283178 ], [ 112.845297, -7.282593 ], [ 112.845002, -7.281811 ], [ 112.84479, -7.281358 ], [ 112.84461, -7.281021 ], [ 112.844428, -7.280736 ], [ 112.844299, -7.280629 ], [ 112.844162, -7.280587 ], [ 112.843983, -7.28059 ], [ 112.843857, -7.280571 ], [ 112.843741, -7.280488 ], [ 112.843615, -7.280169 ], [ 112.843574, -7.279991 ], [ 112.843543, -7.27988 ], [ 112.843458, -7.279744 ], [ 112.843461, -7.279677 ], [ 112.843498, -7.279591 ], [ 112.843565, -7.279472 ], [ 112.843556, -7.279403 ], [ 112.843493, -7.279335 ], [ 112.843371, -7.279299 ], [ 112.843199, -7.279207 ], [ 112.843193, -7.279141 ], [ 112.843215, -7.27906 ], [ 112.84327, -7.278996 ], [ 112.843596, -7.278762 ], [ 112.843631, -7.278621 ], [ 112.843637, -7.278442 ], [ 112.843564, -7.278192 ], [ 112.843473, -7.278038 ], [ 112.843193, -7.277934 ], [ 112.843138, -7.27791 ], [ 112.843116, -7.277838 ], [ 112.843111, -7.277743 ], [ 112.843081, -7.277668 ], [ 112.843046, -7.277565 ], [ 112.84303, -7.277455 ], [ 112.843065, -7.277312 ], [ 112.843065, -7.277118 ], [ 112.842979, -7.276825 ], [ 112.842733, -7.276522 ], [ 112.842502, -7.276287 ], [ 112.842169, -7.275803 ], [ 112.841933, -7.275425 ], [ 112.841553, -7.275016 ], [ 112.841193, -7.274648 ], [ 112.840984, -7.274601 ], [ 112.840726, -7.274606 ], [ 112.840281, -7.274478 ], [ 112.840135, -7.274363 ], [ 112.839956, -7.274305 ], [ 112.839369, -7.274481 ], [ 112.839187, -7.274414 ], [ 112.839093, -7.27421 ], [ 112.839053, -7.274039 ], [ 112.83912, -7.273789 ], [ 112.839243, -7.273648 ], [ 112.839412, -7.273589 ], [ 112.839678, -7.273619 ], [ 112.84016, -7.273627 ], [ 112.840348, -7.273512 ], [ 112.84049, -7.27323 ], [ 112.840576, -7.272696 ], [ 112.840544, -7.272291 ], [ 112.840169, -7.271685 ], [ 112.839857, -7.270982 ], [ 112.839493, -7.270189 ], [ 112.8385, -7.26904 ], [ 112.838291, -7.268806 ], [ 112.838216, -7.268566 ], [ 112.8382, -7.26796 ], [ 112.838028, -7.267603 ], [ 112.837813, -7.267428 ], [ 112.836987, -7.267475 ] ] } },
{ "type": "Feature", "properties": { "wilayah": "SBY" }, "geometry": { "type": "LineString", "coordinates": [ [ 112.835651, -7.423653 ], [ 112.835947, -7.422703 ], [ 112.836091, -7.421714 ], [ 112.836161, -7.420756 ], [ 112.836193, -7.41965 ], [ 112.836193, -7.418841 ], [ 112.836215, -7.418054 ], [ 112.83548, -7.416161 ], [ 112.835355, -7.415964 ], [ 112.835132, -7.415609 ], [ 112.835072, -7.415186 ], [ 112.834727, -7.414043 ], [ 112.834743, -7.413977 ], [ 112.835151, -7.413736 ], [ 112.835136, -7.413597 ], [ 112.834954, -7.413612 ], [ 112.834912, -7.413552 ], [ 112.834923, -7.413319 ], [ 112.834959, -7.413222 ], [ 112.835026, -7.413193 ], [ 112.83521, -7.413182 ], [ 112.835296, -7.413146 ], [ 112.835501, -7.41313 ], [ 112.835592, -7.413025 ], [ 112.835686, -7.411151 ], [ 112.835791, -7.410552 ], [ 112.835895, -7.409963 ], [ 112.835864, -7.40925 ], [ 112.835871, -7.408824 ], [ 112.835725, -7.408317 ], [ 112.835614, -7.408021 ], [ 112.835453, -7.407755 ], [ 112.835432, -7.407516 ], [ 112.835477, -7.40671 ], [ 112.835459, -7.40596 ], [ 112.835416, -7.405848 ], [ 112.835308, -7.405755 ], [ 112.835134, -7.405702 ], [ 112.834943, -7.405678 ], [ 112.83453, -7.405609 ], [ 112.834303, -7.405489 ], [ 112.833939, -7.405256 ], [ 112.833641, -7.404907 ], [ 112.833598, -7.40479 ], [ 112.833554, -7.404662 ], [ 112.833594, -7.404423 ], [ 112.833692, -7.404145 ], [ 112.833769, -7.404016 ], [ 112.833852, -7.403913 ], [ 112.833955, -7.403749 ], [ 112.834051, -7.403683 ], [ 112.834119, -7.403647 ], [ 112.834155, -7.403569 ], [ 112.834136, -7.403493 ], [ 112.834028, -7.403337 ], [ 112.83403, -7.403188 ], [ 112.834049, -7.403045 ], [ 112.834095, -7.402977 ], [ 112.834218, -7.402941 ], [ 112.834297, -7.402878 ], [ 112.834345, -7.402745 ], [ 112.834321, -7.402616 ], [ 112.834325, -7.402527 ], [ 112.834332, -7.402468 ], [ 112.83439, -7.402427 ], [ 112.834496, -7.402479 ], [ 112.834558, -7.402464 ], [ 112.834619, -7.402409 ], [ 112.834953, -7.402102 ], [ 112.835093, -7.40204 ], [ 112.835202, -7.402048 ], [ 112.835309, -7.402019 ], [ 112.835614, -7.401731 ], [ 112.83576, -7.401448 ], [ 112.836542, -7.398324 ], [ 112.836525, -7.39781 ], [ 112.836517, -7.397259 ], [ 112.836511, -7.396909 ], [ 112.836556, -7.396664 ], [ 112.836658, -7.396506 ], [ 112.836899, -7.396173 ], [ 112.836959, -7.39596 ], [ 112.836969, -7.39568 ], [ 112.836906, -7.39489 ], [ 112.836799, -7.393996 ], [ 112.836862, -7.393772 ], [ 112.837, -7.393486 ], [ 112.837018, -7.393159 ], [ 112.83698, -7.392844 ], [ 112.836798, -7.392307 ], [ 112.836602, -7.391939 ], [ 112.836435, -7.391683 ], [ 112.836399, -7.391463 ], [ 112.836485, -7.390457 ], [ 112.836473, -7.389947 ], [ 112.836483, -7.389595 ], [ 112.836442, -7.389533 ], [ 112.836369, -7.389482 ], [ 112.836258, -7.38946 ], [ 112.836166, -7.389343 ], [ 112.836144, -7.389157 ], [ 112.836193, -7.388845 ], [ 112.836188, -7.388715 ], [ 112.836015, -7.388608 ], [ 112.835861, -7.388552 ], [ 112.83575, -7.388471 ], [ 112.835741, -7.38841 ], [ 112.835768, -7.388359 ], [ 112.836037, -7.388287 ], [ 112.836074, -7.388235 ], [ 112.836084, -7.388141 ], [ 112.836041, -7.387986 ], [ 112.835954, -7.387849 ], [ 112.835954, -7.387751 ], [ 112.836039, -7.387633 ], [ 112.836118, -7.38751 ], [ 112.836145, -7.387423 ], [ 112.836156, -7.387322 ], [ 112.836128, -7.387073 ], [ 112.836097, -7.386954 ], [ 112.836051, -7.386893 ], [ 112.836047, -7.386857 ], [ 112.836114, -7.386825 ], [ 112.836228, -7.386805 ], [ 112.836255, -7.386758 ], [ 112.836262, -7.386705 ], [ 112.836267, -7.38661 ], [ 112.836206, -7.386482 ], [ 112.836096, -7.386368 ], [ 112.836007, -7.386209 ], [ 112.835967, -7.386088 ], [ 112.835965, -7.38597 ], [ 112.835881, -7.385814 ], [ 112.83577, -7.385636 ], [ 112.835669, -7.38544 ], [ 112.835512, -7.385263 ], [ 112.834831, -7.384572 ], [ 112.834557, -7.384313 ], [ 112.834402, -7.384045 ], [ 112.834384, -7.383262 ], [ 112.834611, -7.38292 ], [ 112.835426, -7.381694 ], [ 112.835963, -7.380449 ], [ 112.836306, -7.379044 ], [ 112.836354, -7.376886 ], [ 112.8364, -7.376313 ], [ 112.836468, -7.375735 ], [ 112.836415, -7.375644 ], [ 112.836286, -7.375571 ], [ 112.836202, -7.375498 ], [ 112.836189, -7.375392 ], [ 112.836215, -7.375335 ], [ 112.836294, -7.375277 ], [ 112.836371, -7.375157 ], [ 112.836426, -7.374941 ], [ 112.836489, -7.374757 ], [ 112.836564, -7.374627 ], [ 112.836542, -7.374294 ], [ 112.836462, -7.374163 ], [ 112.83639, -7.37406 ], [ 112.836358, -7.373864 ], [ 112.836378, -7.373723 ], [ 112.836525, -7.373615 ], [ 112.836625, -7.373482 ], [ 112.836639, -7.373374 ], [ 112.836612, -7.373233 ], [ 112.836419, -7.372619 ], [ 112.836426, -7.372216 ], [ 112.836495, -7.371304 ], [ 112.836603, -7.370708 ], [ 112.836785, -7.370093 ], [ 112.836784, -7.369812 ], [ 112.836823, -7.369439 ], [ 112.836758, -7.36934 ], [ 112.836497, -7.369281 ], [ 112.836302, -7.369253 ], [ 112.836269, -7.369158 ], [ 112.836254, -7.369035 ], [ 112.836311, -7.36892 ], [ 112.836438, -7.368844 ], [ 112.836518, -7.368782 ], [ 112.83657, -7.368613 ], [ 112.8367, -7.367818 ], [ 112.836697, -7.367534 ], [ 112.836643, -7.36726 ], [ 112.836701, -7.367079 ], [ 112.836889, -7.366831 ], [ 112.83701, -7.366596 ], [ 112.836992, -7.366448 ], [ 112.836911, -7.366353 ], [ 112.836872, -7.366184 ], [ 112.836888, -7.365933 ], [ 112.836847, -7.365658 ], [ 112.836848, -7.365453 ], [ 112.836922, -7.365046 ], [ 112.836877, -7.364961 ], [ 112.836747, -7.364881 ], [ 112.836703, -7.364775 ], [ 112.836674, -7.36464 ], [ 112.836725, -7.364383 ], [ 112.836844, -7.36388 ], [ 112.836822, -7.36368 ], [ 112.836669, -7.363021 ], [ 112.836621, -7.36266 ], [ 112.836735, -7.362461 ], [ 112.836922, -7.362315 ], [ 112.837069, -7.362232 ], [ 112.837156, -7.362145 ], [ 112.837317, -7.361907 ], [ 112.837373, -7.361156 ], [ 112.837445, -7.36069 ], [ 112.837439, -7.360512 ], [ 112.837401, -7.360307 ], [ 112.837426, -7.360173 ], [ 112.837508, -7.360042 ], [ 112.837553, -7.35982 ], [ 112.837602, -7.358886 ], [ 112.837587, -7.35871 ], [ 112.8375, -7.358415 ], [ 112.837525, -7.35806 ], [ 112.837578, -7.357699 ], [ 112.837515, -7.357218 ], [ 112.837458, -7.357121 ], [ 112.837098, -7.356972 ], [ 112.836381, -7.356604 ], [ 112.836177, -7.356306 ], [ 112.83614, -7.355715 ], [ 112.836311, -7.355035 ], [ 112.836521, -7.354694 ], [ 112.836778, -7.354518 ], [ 112.837792, -7.354444 ], [ 112.838371, -7.354396 ], [ 112.838597, -7.3543 ], [ 112.83872, -7.354071 ], [ 112.838886, -7.352869 ], [ 112.838972, -7.351614 ], [ 112.838903, -7.351199 ], [ 112.838822, -7.351002 ], [ 112.838613, -7.350842 ], [ 112.838366, -7.350656 ], [ 112.8382, -7.350369 ], [ 112.838146, -7.350135 ], [ 112.838253, -7.34973 ], [ 112.838473, -7.349171 ], [ 112.83864, -7.348576 ], [ 112.838758, -7.347996 ], [ 112.838763, -7.347687 ], [ 112.838688, -7.34741 ], [ 112.83842, -7.346921 ], [ 112.838318, -7.346671 ], [ 112.838329, -7.346261 ], [ 112.838505, -7.346048 ], [ 112.839058, -7.345756 ], [ 112.839648, -7.345373 ], [ 112.839943, -7.345 ], [ 112.840185, -7.344628 ], [ 112.840501, -7.343521 ], [ 112.840581, -7.343069 ], [ 112.840549, -7.342798 ], [ 112.840399, -7.342431 ], [ 112.840131, -7.342026 ], [ 112.839975, -7.34176 ], [ 112.839777, -7.341505 ], [ 112.839637, -7.341281 ], [ 112.839514, -7.340866 ], [ 112.839509, -7.340547 ], [ 112.83968, -7.339701 ], [ 112.840061, -7.338717 ], [ 112.840356, -7.33802 ], [ 112.840565, -7.337339 ], [ 112.840764, -7.336482 ], [ 112.841059, -7.335493 ], [ 112.841295, -7.3347 ], [ 112.841386, -7.334072 ], [ 112.841477, -7.333359 ], [ 112.841477, -7.332928 ], [ 112.841477, -7.33251 ], [ 112.841442, -7.332103 ], [ 112.841381, -7.331675 ], [ 112.8413, -7.331287 ], [ 112.841225, -7.331103 ], [ 112.841105, -7.330904 ], [ 112.840775, -7.330662 ], [ 112.840458, -7.330526 ], [ 112.839991, -7.330398 ], [ 112.839433, -7.330297 ], [ 112.838999, -7.330212 ], [ 112.838801, -7.330207 ], [ 112.838629, -7.330236 ], [ 112.838369, -7.330358 ], [ 112.837363, -7.331013 ], [ 112.836207, -7.331744 ], [ 112.835662, -7.332143 ], [ 112.835174, -7.332516 ], [ 112.834793, -7.332875 ], [ 112.834402, -7.333218 ], [ 112.833718, -7.333732 ], [ 112.833144, -7.334229 ], [ 112.832752, -7.334644 ], [ 112.832296, -7.335221 ], [ 112.832001, -7.335682 ], [ 112.831679, -7.336235 ], [ 112.8314, -7.336613 ], [ 112.831178, -7.336865 ], [ 112.830775, -7.337312 ], [ 112.830276, -7.337935 ], [ 112.83004, -7.338408 ], [ 112.829702, -7.33935 ], [ 112.829257, -7.341148 ], [ 112.828866, -7.34209 ], [ 112.828333, -7.343177 ], [ 112.82797, -7.343883 ], [ 112.8279, -7.343958 ], [ 112.827377, -7.343843 ] ] } },
{ "type": "Feature", "properties": { "wilayah": "SBY" }, "geometry": { "type": "LineString", "coordinates": [ [ 112.665734, -7.1915 ], [ 112.66561, -7.19139 ], [ 112.665482, -7.191044 ], [ 112.66568, -7.190506 ], [ 112.665557, -7.190129 ], [ 112.665621, -7.189751 ], [ 112.665911, -7.189208 ], [ 112.665852, -7.188673 ], [ 112.666249, -7.188839 ], [ 112.666675, -7.188032 ], [ 112.666126, -7.187708 ], [ 112.666607, -7.18684 ], [ 112.666989, -7.186856 ], [ 112.667263, -7.186861 ], [ 112.667322, -7.186749 ], [ 112.667284, -7.186552 ], [ 112.667048, -7.186185 ], [ 112.666984, -7.18594 ], [ 112.666979, -7.185441 ], [ 112.667165, -7.185 ], [ 112.665662, -7.184489 ], [ 112.665396, -7.184115 ], [ 112.665602, -7.183536 ], [ 112.666114, -7.183244 ], [ 112.666727, -7.183084 ], [ 112.666574, -7.182876 ], [ 112.666709, -7.182152 ], [ 112.667266, -7.182081 ], [ 112.667361, -7.181932 ], [ 112.674527, -7.182093 ], [ 112.674795, -7.182106 ], [ 112.676267, -7.182139 ] ] } },
{ "type": "Feature", "properties": { "wilayah": "SBY" }, "geometry": { "type": "LineString", "coordinates": [ [ 112.662021, -7.201646 ], [ 112.663561, -7.201076 ], [ 112.663872, -7.200768 ], [ 112.664945, -7.199272 ], [ 112.665203, -7.199144 ], [ 112.665452, -7.198908 ], [ 112.665828, -7.198498 ], [ 112.666184, -7.198181 ], [ 112.666412, -7.197952 ], [ 112.666603, -7.197665 ], [ 112.666764, -7.197292 ], [ 112.666844, -7.197016 ], [ 112.666828, -7.19684 ], [ 112.666785, -7.196659 ], [ 112.666678, -7.196531 ], [ 112.666313, -7.196305 ], [ 112.66619, -7.196196 ], [ 112.666133, -7.196068 ], [ 112.666131, -7.195834 ], [ 112.666155, -7.195517 ], [ 112.666195, -7.194892 ], [ 112.666254, -7.194397 ], [ 112.66627, -7.193705 ], [ 112.666243, -7.193013 ], [ 112.666179, -7.192348 ], [ 112.666061, -7.19196 ], [ 112.665734, -7.1915 ] ] } },
{ "type": "Feature", "properties": { "wilayah": "SBY" }, "geometry": { "type": "LineString", "coordinates": [ [ 112.685303, -7.185805 ], [ 112.689478, -7.18888 ], [ 112.689932, -7.188312 ], [ 112.684394, -7.184231 ], [ 112.684223, -7.184441 ], [ 112.685592, -7.185449 ], [ 112.685303, -7.185805 ] ] } },
{ "type": "Feature", "properties": { "wilayah": "SBY" }, "geometry": { "type": "LineString", "coordinates": [ [ 113.221107, -7.308972 ], [ 113.220999, -7.308937 ], [ 113.220926, -7.308925 ], [ 113.220873, -7.30892 ], [ 113.220845, -7.308928 ], [ 113.220826, -7.308942 ], [ 113.220816, -7.308961 ], [ 113.220804, -7.308974 ], [ 113.220779, -7.308984 ], [ 113.220748, -7.308983 ], [ 113.220705, -7.308966 ], [ 113.220648, -7.308952 ], [ 113.220584, -7.308942 ], [ 113.220546, -7.308936 ], [ 113.220461, -7.308918 ], [ 113.220417, -7.308913 ], [ 113.220395, -7.308915 ], [ 113.22038, -7.308925 ], [ 113.220369, -7.308945 ], [ 113.220352, -7.308976 ], [ 113.220329, -7.308993 ], [ 113.220297, -7.308998 ], [ 113.220246, -7.308993 ], [ 113.220174, -7.308972 ], [ 113.22003, -7.308889 ], [ 113.219898, -7.308813 ], [ 113.219797, -7.30876 ], [ 113.219693, -7.308706 ], [ 113.219656, -7.308681 ], [ 113.219628, -7.308654 ], [ 113.219615, -7.30862 ], [ 113.219608, -7.308591 ], [ 113.219596, -7.308561 ], [ 113.219558, -7.308525 ], [ 113.219524, -7.308504 ], [ 113.21951, -7.308495 ], [ 113.219497, -7.308494 ], [ 113.219486, -7.308498 ], [ 113.219469, -7.308505 ], [ 113.219458, -7.308505 ], [ 113.219447, -7.3085 ], [ 113.219441, -7.308489 ], [ 113.219442, -7.308475 ], [ 113.219445, -7.308458 ], [ 113.219444, -7.308445 ], [ 113.219437, -7.308433 ], [ 113.219429, -7.308416 ], [ 113.219427, -7.308401 ], [ 113.219425, -7.308384 ], [ 113.219414, -7.308368 ], [ 113.21939, -7.308347 ], [ 113.219366, -7.308332 ], [ 113.219347, -7.308327 ], [ 113.219334, -7.30833 ], [ 113.219323, -7.308342 ], [ 113.219311, -7.308361 ], [ 113.219295, -7.308377 ], [ 113.219276, -7.308387 ], [ 113.219258, -7.308388 ], [ 113.219241, -7.308382 ], [ 113.219229, -7.308367 ], [ 113.219225, -7.308351 ], [ 113.219228, -7.308332 ], [ 113.219246, -7.308296 ], [ 113.219254, -7.308275 ], [ 113.219252, -7.308256 ], [ 113.21924, -7.30824 ], [ 113.219211, -7.308222 ], [ 113.219178, -7.308211 ], [ 113.219136, -7.308212 ], [ 113.219104, -7.308229 ], [ 113.219065, -7.308249 ], [ 113.219024, -7.308255 ], [ 113.218988, -7.308249 ], [ 113.218944, -7.30823 ], [ 113.218909, -7.308213 ], [ 113.218866, -7.308198 ], [ 113.218833, -7.308187 ], [ 113.218817, -7.308188 ], [ 113.218806, -7.308195 ], [ 113.218797, -7.308217 ], [ 113.21878, -7.308257 ], [ 113.218763, -7.308279 ], [ 113.218745, -7.30829 ], [ 113.218708, -7.308293 ], [ 113.218665, -7.308286 ], [ 113.218636, -7.308268 ], [ 113.218617, -7.308243 ], [ 113.218615, -7.308218 ], [ 113.21863, -7.308184 ], [ 113.218589, -7.308169 ], [ 113.218489, -7.308158 ], [ 113.218367, -7.30814 ], [ 113.218255, -7.308118 ], [ 113.21819, -7.308107 ], [ 113.218171, -7.308109 ], [ 113.21816, -7.308116 ], [ 113.218152, -7.308154 ], [ 113.218135, -7.308218 ], [ 113.218094, -7.308262 ], [ 113.218047, -7.308287 ], [ 113.217979, -7.308289 ], [ 113.217877, -7.308263 ], [ 113.217744, -7.308225 ], [ 113.217571, -7.308187 ], [ 113.217424, -7.308171 ], [ 113.217325, -7.308152 ], [ 113.217263, -7.308132 ], [ 113.217195, -7.308094 ], [ 113.217117, -7.308066 ], [ 113.216901, -7.308017 ], [ 113.216809, -7.307998 ], [ 113.216775, -7.307995 ], [ 113.21676, -7.308005 ], [ 113.216742, -7.308038 ], [ 113.216723, -7.308073 ], [ 113.216688, -7.308104 ], [ 113.216662, -7.308113 ], [ 113.216616, -7.308111 ], [ 113.216569, -7.308094 ], [ 113.216524, -7.308059 ], [ 113.21649, -7.308021 ], [ 113.216442, -7.308007 ], [ 113.216341, -7.307988 ], [ 113.216246, -7.307977 ], [ 113.216213, -7.307978 ], [ 113.216194, -7.30799 ], [ 113.216182, -7.308018 ], [ 113.216163, -7.308067 ], [ 113.216144, -7.308089 ], [ 113.216114, -7.308097 ], [ 113.216057, -7.308097 ], [ 113.215947, -7.30807 ], [ 113.215739, -7.308026 ], [ 113.215546, -7.308003 ], [ 113.215397, -7.307985 ], [ 113.215207, -7.307957 ], [ 113.215176, -7.307953 ], [ 113.214881, -7.307917 ], [ 113.214669, -7.307896 ], [ 113.214451, -7.307877 ], [ 113.214307, -7.307878 ], [ 113.214072, -7.307876 ], [ 113.213871, -7.307886 ], [ 113.2136, -7.307882 ], [ 113.213443, -7.307872 ], [ 113.213303, -7.307865 ], [ 113.213177, -7.307861 ], [ 113.213054, -7.307835 ], [ 113.212959, -7.307788 ], [ 113.212811, -7.30774 ], [ 113.212671, -7.307704 ], [ 113.212556, -7.307692 ], [ 113.212497, -7.307707 ], [ 113.212418, -7.307752 ], [ 113.212352, -7.307783 ], [ 113.212291, -7.307793 ], [ 113.212214, -7.307789 ], [ 113.212125, -7.307763 ], [ 113.212041, -7.307717 ], [ 113.211932, -7.307655 ], [ 113.211837, -7.307611 ], [ 113.211672, -7.307584 ], [ 113.211457, -7.30756 ], [ 113.211174, -7.307539 ], [ 113.210891, -7.307527 ], [ 113.210694, -7.307513 ], [ 113.210552, -7.307503 ], [ 113.210463, -7.307501 ], [ 113.210353, -7.307513 ], [ 113.210268, -7.307532 ], [ 113.21019, -7.307568 ], [ 113.210128, -7.307608 ], [ 113.210083, -7.307651 ], [ 113.21004, -7.307687 ], [ 113.209996, -7.307707 ], [ 113.20993, -7.307717 ], [ 113.209839, -7.307717 ], [ 113.209699, -7.307675 ], [ 113.209577, -7.307619 ], [ 113.209422, -7.30755 ], [ 113.209261, -7.307486 ], [ 113.209155, -7.307455 ], [ 113.209046, -7.307443 ], [ 113.208949, -7.307449 ], [ 113.208838, -7.307479 ], [ 113.208603, -7.307542 ], [ 113.208459, -7.307576 ], [ 113.208359, -7.307594 ], [ 113.208304, -7.307591 ], [ 113.208243, -7.307566 ], [ 113.208133, -7.307458 ], [ 113.207994, -7.307326 ], [ 113.207832, -7.307185 ], [ 113.207809, -7.307174 ], [ 113.207775, -7.307159 ], [ 113.207736, -7.307266 ], [ 113.2077, -7.307325 ], [ 113.20764, -7.307385 ], [ 113.207539, -7.307443 ], [ 113.207426, -7.307493 ], [ 113.207269, -7.307534 ], [ 113.207163, -7.307535 ], [ 113.206994, -7.307495 ], [ 113.206707, -7.307406 ], [ 113.206519, -7.307325 ], [ 113.206358, -7.307229 ], [ 113.206144, -7.307119 ], [ 113.205909, -7.30702 ], [ 113.205713, -7.306942 ], [ 113.205614, -7.306918 ], [ 113.205519, -7.306921 ], [ 113.205429, -7.306943 ], [ 113.205344, -7.307002 ], [ 113.205253, -7.307086 ] ] } },
{ "type": "Feature", "properties": { "wilayah": "SBY" }, "geometry": { "type": "LineString", "coordinates": [ [ 113.202847, -7.308913 ], [ 113.202776, -7.309072 ], [ 113.202727, -7.309235 ], [ 113.202704, -7.3094 ], [ 113.202688, -7.309632 ], [ 113.202701, -7.309953 ], [ 113.202704, -7.310105 ], [ 113.202695, -7.310218 ], [ 113.202685, -7.310313 ], [ 113.202688, -7.31036 ], [ 113.202704, -7.310391 ], [ 113.20276, -7.310423 ], [ 113.202914, -7.310476 ], [ 113.203631, -7.310696 ], [ 113.204131, -7.310838 ], [ 113.204477, -7.310932 ], [ 113.204866, -7.311028 ], [ 113.20519, -7.311127 ], [ 113.205404, -7.311193 ], [ 113.205568, -7.311256 ], [ 113.205776, -7.31137 ], [ 113.205967, -7.31149 ], [ 113.206251, -7.311642 ], [ 113.206436, -7.311735 ], [ 113.206565, -7.311776 ], [ 113.206766, -7.311816 ], [ 113.20704, -7.311861 ], [ 113.207332, -7.311914 ], [ 113.207579, -7.311945 ], [ 113.207821, -7.311965 ], [ 113.208024, -7.311993 ], [ 113.208239, -7.312053 ], [ 113.208378, -7.312111 ], [ 113.208499, -7.312199 ], [ 113.208599, -7.312276 ], [ 113.208669, -7.312305 ], [ 113.208782, -7.312337 ], [ 113.208943, -7.312369 ], [ 113.209116, -7.3124 ], [ 113.20931, -7.312448 ], [ 113.209615, -7.312538 ], [ 113.209959, -7.312662 ], [ 113.210312, -7.312773 ], [ 113.210732, -7.312871 ], [ 113.211408, -7.313061 ], [ 113.211902, -7.313188 ] ] } },
{ "type": "Feature", "properties": { "wilayah": "SBY" }, "geometry": { "type": "LineString", "coordinates": [ [ 113.205253, -7.307086 ], [ 113.205125, -7.307179 ], [ 113.205051, -7.307221 ], [ 113.204989, -7.307244 ], [ 113.204903, -7.307245 ], [ 113.20483, -7.307232 ], [ 113.204706, -7.307204 ], [ 113.204559, -7.307173 ], [ 113.204403, -7.30714 ], [ 113.204223, -7.307103 ], [ 113.204093, -7.307058 ], [ 113.203963, -7.306972 ], [ 113.203849, -7.306877 ], [ 113.203684, -7.306778 ], [ 113.20357, -7.30672 ], [ 113.20345, -7.306673 ], [ 113.20333, -7.306649 ], [ 113.203227, -7.306651 ], [ 113.203165, -7.306679 ], [ 113.203132, -7.306721 ], [ 113.20313, -7.30678 ], [ 113.203169, -7.306901 ], [ 113.203211, -7.307036 ], [ 113.203238, -7.307212 ], [ 113.203231, -7.307338 ], [ 113.203209, -7.307443 ], [ 113.203157, -7.30759 ], [ 113.203102, -7.307717 ], [ 113.203071, -7.30784 ], [ 113.203035, -7.308067 ], [ 113.203003, -7.308332 ], [ 113.202971, -7.30854 ], [ 113.20292, -7.30871 ], [ 113.202847, -7.308913 ] ] } },
{ "type": "Feature", "properties": { "wilayah": "SBY" }, "geometry": { "type": "LineString", "coordinates": [ [ 112.638992, -7.080994 ], [ 112.638488, -7.092524 ], [ 112.639377, -7.093083 ], [ 112.639433, -7.093098 ], [ 112.63949, -7.093087 ], [ 112.647921, -7.087837 ], [ 112.648031, -7.087715 ], [ 112.648512, -7.086853 ], [ 112.648526, -7.086727 ], [ 112.648519, -7.080845 ], [ 112.638992, -7.080994 ] ] } },
{ "type": "Feature", "properties": { "wilayah": "SBY" }, "geometry": { "type": "LineString", "coordinates": [ [ 112.626524, -7.09832 ], [ 112.626927, -7.098541 ], [ 112.627532, -7.098605 ], [ 112.627771, -7.098294 ], [ 112.628012, -7.098296 ], [ 112.628057, -7.098425 ], [ 112.628222, -7.098566 ], [ 112.628572, -7.098739 ], [ 112.629199, -7.098963 ], [ 112.630094, -7.099138 ], [ 112.63013, -7.099237 ], [ 112.630197, -7.099314 ], [ 112.632423, -7.09949 ], [ 112.6327, -7.099362 ], [ 112.632952, -7.099349 ], [ 112.634389, -7.098071 ], [ 112.634771, -7.086964 ], [ 112.634787, -7.086512 ], [ 112.63499, -7.086501 ], [ 112.634998, -7.086214 ], [ 112.634797, -7.086221 ], [ 112.636921, -7.072444 ], [ 112.63838, -7.067759 ], [ 112.641106, -7.061371 ], [ 112.643252, -7.058714 ] ] } },
{ "type": "Feature", "properties": { "wilayah": "SBY" }, "geometry": { "type": "LineString", "coordinates": [ [ 112.676267, -7.182139 ], [ 112.676302, -7.181267 ], [ 112.676317, -7.181035 ], [ 112.676344, -7.180409 ], [ 112.676304, -7.180349 ], [ 112.676227, -7.178274 ], [ 112.676035, -7.17808 ], [ 112.674804, -7.176079 ], [ 112.674751, -7.175913 ], [ 112.674788, -7.175782 ], [ 112.674644, -7.17549 ], [ 112.674646, -7.17533 ], [ 112.674647, -7.175271 ], [ 112.674396, -7.175259 ], [ 112.674402, -7.174894 ], [ 112.674379, -7.174861 ], [ 112.672513, -7.174786 ], [ 112.672517, -7.174599 ], [ 112.673974, -7.174629 ], [ 112.674049, -7.174582 ], [ 112.674058, -7.174519 ], [ 112.673996, -7.174463 ], [ 112.672894, -7.174465 ], [ 112.672691, -7.174445 ] ] } },
{ "type": "Feature", "properties": { "wilayah": "SBY" }, "geometry": { "type": "LineString", "coordinates": [ [ 112.822317, -6.911798 ], [ 112.822219, -6.912894 ], [ 112.825323, -6.915177 ], [ 112.827414, -6.917914 ], [ 112.828108, -6.920881 ], [ 112.827483, -6.924188 ], [ 112.827191, -6.925727 ], [ 112.826624, -6.926818 ], [ 112.826849, -6.92728 ], [ 112.826653, -6.927707 ], [ 112.827094, -6.928341 ], [ 112.828729, -6.92944 ], [ 112.828605, -6.929693 ], [ 112.828465, -6.929976 ], [ 112.827832, -6.929557 ], [ 112.827352, -6.929824 ], [ 112.827381, -6.930207 ], [ 112.826842, -6.930648 ], [ 112.823268, -6.932057 ], [ 112.819096, -6.935796 ], [ 112.817007, -6.938278 ], [ 112.816085, -6.941008 ], [ 112.81657, -6.941288 ], [ 112.818557, -6.938589 ], [ 112.820104, -6.936849 ], [ 112.821784, -6.935922 ], [ 112.822532, -6.934904 ], [ 112.822838, -6.935374 ], [ 112.82195, -6.937867 ], [ 112.821411, -6.938395 ], [ 112.820396, -6.939971 ], [ 112.819553, -6.942406 ], [ 112.819287, -6.942268 ], [ 112.818048, -6.9457 ], [ 112.818018, -6.946512 ], [ 112.818178, -6.946808 ], [ 112.817283, -6.94756 ], [ 112.817165, -6.947496 ], [ 112.81675, -6.947824 ], [ 112.816366, -6.947623 ], [ 112.815854, -6.948343 ], [ 112.816559, -6.948921 ], [ 112.816725, -6.94946 ], [ 112.816273, -6.949954 ], [ 112.815941, -6.949954 ], [ 112.815383, -6.950209 ], [ 112.815383, -6.950658 ], [ 112.813966, -6.952214 ], [ 112.814086, -6.952783 ], [ 112.813589, -6.953052 ], [ 112.813559, -6.953666 ], [ 112.813136, -6.953606 ], [ 112.81288, -6.953906 ], [ 112.813121, -6.954414 ], [ 112.812156, -6.955312 ], [ 112.811493, -6.954904 ], [ 112.811459, -6.955329 ], [ 112.811836, -6.955987 ], [ 112.810267, -6.957484 ], [ 112.809812, -6.957126 ], [ 112.80974, -6.957963 ], [ 112.808012, -6.959323 ], [ 112.807194, -6.959517 ], [ 112.80579, -6.96126 ], [ 112.804743, -6.963496 ], [ 112.803974, -6.964423 ], [ 112.801929, -6.965941 ], [ 112.798908, -6.969502 ], [ 112.797794, -6.970281 ], [ 112.797123, -6.971049 ], [ 112.796023, -6.972384 ], [ 112.795758, -6.972551 ], [ 112.793312, -6.973499 ], [ 112.792833, -6.97429 ], [ 112.792789, -6.974361 ], [ 112.791638, -6.973501 ], [ 112.791095, -6.973576 ], [ 112.790612, -6.974354 ], [ 112.790582, -6.975058 ], [ 112.792904, -6.977797 ], [ 112.792904, -6.979009 ], [ 112.79209, -6.979817 ], [ 112.79119, -6.979579 ], [ 112.790713, -6.980145 ], [ 112.788807, -6.982405 ], [ 112.788359, -6.98304 ], [ 112.788568, -6.983446 ], [ 112.788176, -6.984239 ], [ 112.787378, -6.984415 ], [ 112.787166, -6.9848 ], [ 112.787256, -6.985017 ], [ 112.786987, -6.985432 ], [ 112.786922, -6.985423 ], [ 112.786912, -6.985425 ], [ 112.786899, -6.985435 ], [ 112.786889, -6.985447 ], [ 112.786776, -6.985651 ], [ 112.786752, -6.985707 ], [ 112.786721, -6.985788 ], [ 112.786645, -6.986156 ], [ 112.786604, -6.986533 ], [ 112.786564, -6.986643 ], [ 112.78654, -6.986666 ], [ 112.786504, -6.986668 ], [ 112.786492, -6.986652 ], [ 112.786484, -6.986628 ], [ 112.786469, -6.98646 ], [ 112.786446, -6.986427 ], [ 112.786398, -6.986393 ], [ 112.786372, -6.986389 ], [ 112.786348, -6.986395 ], [ 112.78621, -6.986492 ], [ 112.78587, -6.986814 ], [ 112.785714, -6.987008 ], [ 112.785645, -6.987128 ], [ 112.785584, -6.987302 ], [ 112.785524, -6.987536 ], [ 112.784478, -6.988797 ], [ 112.783021, -6.989504 ], [ 112.782788, -6.989617 ], [ 112.780896, -6.99176 ], [ 112.780679, -6.991942 ], [ 112.780629, -6.992053 ], [ 112.780602, -6.992168 ], [ 112.780636, -6.992312 ], [ 112.780641, -6.992357 ], [ 112.780624, -6.992401 ], [ 112.780599, -6.992435 ], [ 112.780226, -6.992754 ], [ 112.778998, -6.992828 ], [ 112.77881, -6.992899 ], [ 112.778269, -6.99346 ], [ 112.778558, -6.993796 ], [ 112.778281, -6.994026 ], [ 112.777949, -6.993666 ], [ 112.777557, -6.994085 ], [ 112.777617, -6.994437 ], [ 112.776818, -6.995305 ], [ 112.775559, -6.996622 ], [ 112.774534, -6.998031 ], [ 112.770921, -7.001127 ], [ 112.77042, -7.000748 ], [ 112.759382, -7.007369 ], [ 112.756402, -7.008646 ], [ 112.755719, -7.009595 ], [ 112.756092, -7.00982 ], [ 112.756087, -7.010054 ], [ 112.756083, -7.010245 ], [ 112.753999, -7.010913 ], [ 112.750448, -7.014224 ], [ 112.746204, -7.016921 ], [ 112.74394, -7.017015 ], [ 112.742666, -7.018236 ], [ 112.741735, -7.01799 ], [ 112.741167, -7.018948 ], [ 112.738299, -7.021827 ], [ 112.737163, -7.023929 ], [ 112.735925, -7.025959 ], [ 112.732206, -7.030106 ], [ 112.731898, -7.030942 ], [ 112.723441, -7.03848 ], [ 112.719893, -7.039409 ], [ 112.718709, -7.039607 ], [ 112.715921, -7.039253 ], [ 112.716052, -7.03999 ], [ 112.715936, -7.040033 ], [ 112.71358, -7.040631 ], [ 112.712383, -7.040233 ], [ 112.711488, -7.04042 ], [ 112.711189, -7.040731 ], [ 112.710909, -7.040645 ], [ 112.710527, -7.040529 ], [ 112.710425, -7.039814 ], [ 112.709592, -7.038927 ], [ 112.707004, -7.038116 ], [ 112.705988, -7.039098 ], [ 112.703109, -7.038462 ], [ 112.701741, -7.03782 ], [ 112.699046, -7.035733 ], [ 112.699136, -7.035451 ], [ 112.697887, -7.034349 ], [ 112.696437, -7.03399 ], [ 112.696266, -7.033872 ], [ 112.696218, -7.033302 ], [ 112.695487, -7.033069 ], [ 112.694917, -7.033202 ], [ 112.694717, -7.033398 ], [ 112.694169, -7.033109 ], [ 112.693956, -7.033412 ], [ 112.693583, -7.033516 ], [ 112.693442, -7.033116 ], [ 112.692678, -7.032794 ], [ 112.692432, -7.032476 ], [ 112.689245, -7.031548 ], [ 112.689238, -7.031204 ], [ 112.688301, -7.030125 ], [ 112.685702, -7.0326 ], [ 112.684757, -7.032585 ], [ 112.684705, -7.03197 ], [ 112.684444, -7.031864 ], [ 112.684291, -7.031337 ], [ 112.68369, -7.031134 ], [ 112.683496, -7.031388 ], [ 112.683168, -7.031675 ], [ 112.68288, -7.031903 ], [ 112.682479, -7.031725 ], [ 112.682269, -7.031993 ], [ 112.682469, -7.032132 ], [ 112.682469, -7.032881 ], [ 112.682126, -7.032816 ], [ 112.681879, -7.033406 ], [ 112.682135, -7.033634 ], [ 112.68145, -7.034275 ], [ 112.681091, -7.0343 ], [ 112.680998, -7.034389 ], [ 112.680934, -7.03468 ], [ 112.680808, -7.034701 ], [ 112.680762, -7.034778 ], [ 112.680757, -7.034978 ], [ 112.680641, -7.035108 ], [ 112.680475, -7.035342 ], [ 112.680639, -7.035476 ], [ 112.680365, -7.036031 ], [ 112.680285, -7.036393 ], [ 112.680258, -7.036881 ], [ 112.680321, -7.037029 ], [ 112.680135, -7.037226 ], [ 112.68021, -7.037395 ], [ 112.68011, -7.03776 ], [ 112.68003, -7.038268 ], [ 112.680076, -7.038484 ], [ 112.680207, -7.038476 ], [ 112.680344, -7.038558 ], [ 112.680363, -7.038806 ], [ 112.680306, -7.039277 ], [ 112.680169, -7.039735 ], [ 112.68014, -7.040057 ], [ 112.680234, -7.040161 ], [ 112.680177, -7.040257 ], [ 112.680078, -7.040211 ], [ 112.67996, -7.040235 ], [ 112.679888, -7.040326 ], [ 112.679708, -7.040765 ], [ 112.679654, -7.040828 ], [ 112.679531, -7.04087 ], [ 112.679391, -7.041308 ], [ 112.679447, -7.041363 ], [ 112.679149, -7.043038 ], [ 112.679043, -7.043084 ], [ 112.678895, -7.043099 ], [ 112.678784, -7.042982 ], [ 112.678648, -7.042939 ], [ 112.67856, -7.042845 ], [ 112.678575, -7.04273 ], [ 112.678512, -7.042712 ], [ 112.678429, -7.042724 ], [ 112.678379, -7.042805 ], [ 112.678368, -7.04291 ], [ 112.678413, -7.043005 ], [ 112.678296, -7.043156 ], [ 112.678223, -7.043204 ], [ 112.678103, -7.043135 ], [ 112.678006, -7.043171 ], [ 112.677984, -7.043205 ], [ 112.677946, -7.043266 ], [ 112.67792, -7.043309 ], [ 112.678049, -7.043382 ], [ 112.677771, -7.043807 ], [ 112.677717, -7.04378 ], [ 112.677677, -7.043848 ], [ 112.678257, -7.044212 ], [ 112.678282, -7.04428 ], [ 112.678225, -7.044362 ], [ 112.678132, -7.044369 ], [ 112.677636, -7.044034 ], [ 112.67752, -7.043996 ], [ 112.677231, -7.043836 ], [ 112.677176, -7.043933 ], [ 112.677164, -7.044406 ], [ 112.677449, -7.044578 ], [ 112.676948, -7.045334 ], [ 112.676663, -7.04516 ], [ 112.676607, -7.045219 ], [ 112.676542, -7.045168 ], [ 112.676358, -7.045178 ], [ 112.676182, -7.045385 ], [ 112.676175, -7.045479 ], [ 112.676241, -7.045572 ], [ 112.676269, -7.045658 ], [ 112.676055, -7.046174 ], [ 112.676117, -7.046205 ], [ 112.675938, -7.046498 ], [ 112.675882, -7.046474 ], [ 112.67584, -7.046548 ], [ 112.676193, -7.04677 ], [ 112.676216, -7.046786 ], [ 112.676217, -7.046813 ], [ 112.676121, -7.047006 ], [ 112.676041, -7.0472 ], [ 112.676007, -7.047389 ], [ 112.67597, -7.047437 ], [ 112.675934, -7.047443 ], [ 112.675709, -7.047415 ], [ 112.67547, -7.047365 ], [ 112.675304, -7.047319 ], [ 112.675148, -7.047296 ], [ 112.675134, -7.047326 ], [ 112.675154, -7.047351 ], [ 112.675132, -7.047377 ], [ 112.675123, -7.047484 ], [ 112.675116, -7.047525 ], [ 112.675087, -7.04754 ], [ 112.67494, -7.047517 ], [ 112.674875, -7.047509 ], [ 112.674841, -7.047525 ], [ 112.674804, -7.047577 ], [ 112.674478, -7.047548 ], [ 112.67445, -7.048127 ], [ 112.674794, -7.048137 ], [ 112.674847, -7.048212 ], [ 112.674902, -7.048241 ], [ 112.675252, -7.048204 ], [ 112.675333, -7.048208 ], [ 112.675646, -7.04822 ], [ 112.676072, -7.04823 ], [ 112.676304, -7.048235 ], [ 112.676548, -7.04824 ], [ 112.676611, -7.04825 ], [ 112.676641, -7.04828 ], [ 112.676653, -7.048333 ], [ 112.676626, -7.048715 ], [ 112.676602, -7.048767 ], [ 112.67652, -7.048779 ], [ 112.67631, -7.048766 ], [ 112.675995, -7.04876 ], [ 112.675567, -7.048736 ], [ 112.675208, -7.048707 ], [ 112.67517, -7.048724 ], [ 112.675156, -7.04877 ], [ 112.675156, -7.049012 ], [ 112.675157, -7.049259 ], [ 112.675172, -7.049303 ], [ 112.67522, -7.049321 ], [ 112.676447, -7.04942 ], [ 112.676497, -7.049438 ], [ 112.676587, -7.049557 ], [ 112.676834, -7.049698 ], [ 112.676783, -7.049923 ], [ 112.676741, -7.051143 ], [ 112.67514, -7.051278 ], [ 112.674088, -7.054485 ], [ 112.674108, -7.054554 ], [ 112.674169, -7.05457 ], [ 112.674865, -7.05455 ], [ 112.674856, -7.054652 ], [ 112.674653, -7.056861 ], [ 112.673787, -7.057962 ], [ 112.672684, -7.059402 ], [ 112.672653, -7.059535 ], [ 112.672643, -7.06025 ], [ 112.67253, -7.063295 ], [ 112.672541, -7.065612 ], [ 112.672498, -7.067285 ], [ 112.6725, -7.067469 ], [ 112.672431, -7.068405 ], [ 112.6724, -7.072036 ], [ 112.672368, -7.073653 ], [ 112.672405, -7.073931 ], [ 112.672484, -7.074075 ], [ 112.673443, -7.074882 ], [ 112.674968, -7.076123 ], [ 112.675053, -7.075977 ], [ 112.67568, -7.074917 ], [ 112.676228, -7.075203 ], [ 112.677768, -7.076411 ], [ 112.678211, -7.07692 ], [ 112.678324, -7.077374 ], [ 112.678624, -7.077683 ], [ 112.679043, -7.078364 ], [ 112.679102, -7.078598 ], [ 112.679611, -7.079109 ], [ 112.679837, -7.079514 ], [ 112.680185, -7.079855 ], [ 112.68018, -7.080032 ], [ 112.680307, -7.080187 ], [ 112.680475, -7.080097 ], [ 112.681022, -7.081132 ], [ 112.681757, -7.082224 ], [ 112.682149, -7.082655 ], [ 112.682653, -7.082061 ], [ 112.682752, -7.08228 ], [ 112.682809, -7.08253 ], [ 112.682801, -7.082639 ], [ 112.682676, -7.082711 ], [ 112.682518, -7.082739 ], [ 112.682433, -7.08278 ], [ 112.682264, -7.083013 ], [ 112.682386, -7.083133 ], [ 112.682311, -7.083207 ], [ 112.682375, -7.083292 ], [ 112.682313, -7.08335 ], [ 112.682369, -7.083427 ], [ 112.682473, -7.083346 ], [ 112.682579, -7.083469 ], [ 112.682543, -7.083505 ], [ 112.682717, -7.083739 ], [ 112.682696, -7.083763 ], [ 112.68277, -7.083833 ], [ 112.682837, -7.083767 ], [ 112.682982, -7.083907 ], [ 112.683018, -7.083876 ], [ 112.683075, -7.083942 ], [ 112.683029, -7.084002 ], [ 112.683197, -7.084147 ], [ 112.683328, -7.083978 ], [ 112.683411, -7.08403 ], [ 112.683473, -7.083964 ], [ 112.683566, -7.084017 ], [ 112.683475, -7.084151 ], [ 112.683661, -7.084274 ], [ 112.683714, -7.084402 ], [ 112.683455, -7.084728 ], [ 112.683273, -7.084933 ], [ 112.682886, -7.085452 ], [ 112.682953, -7.085537 ], [ 112.68302, -7.085503 ], [ 112.683391, -7.08501 ], [ 112.68349, -7.08492 ], [ 112.683705, -7.085077 ], [ 112.684096, -7.085088 ], [ 112.684118, -7.085865 ], [ 112.683932, -7.086264 ], [ 112.685117, -7.088594 ] ] } },
{ "type": "Feature", "properties": { "wilayah": "SBY" }, "geometry": { "type": "LineString", "coordinates": [ [ 112.643252, -7.058714 ], [ 112.64338, -7.058528 ], [ 112.643573, -7.058416 ], [ 112.643788, -7.058475 ], [ 112.644244, -7.058784 ], [ 112.644791, -7.059082 ], [ 112.645161, -7.059194 ], [ 112.645762, -7.059268 ], [ 112.646443, -7.059284 ], [ 112.647302, -7.059196 ], [ 112.647967, -7.059002 ], [ 112.6486, -7.058619 ], [ 112.649029, -7.058299 ], [ 112.649418, -7.057865 ], [ 112.65, -7.057112 ], [ 112.650437, -7.056425 ], [ 112.650563, -7.056127 ], [ 112.650593, -7.055949 ], [ 112.65061, -7.055774 ], [ 112.65059, -7.055675 ], [ 112.650488, -7.055539 ], [ 112.650469, -7.055166 ], [ 112.650314, -7.055129 ], [ 112.650303, -7.054668 ], [ 112.650335, -7.054288 ], [ 112.650405, -7.054003 ], [ 112.650552, -7.053513 ], [ 112.650236, -7.053401 ], [ 112.650209, -7.052906 ], [ 112.650166, -7.051983 ], [ 112.650214, -7.051746 ], [ 112.650252, -7.051636 ], [ 112.650322, -7.051599 ], [ 112.651368, -7.05174 ], [ 112.651523, -7.050931 ], [ 112.651588, -7.050585 ], [ 112.651717, -7.05026 ], [ 112.65191, -7.049861 ], [ 112.652049, -7.049462 ], [ 112.652178, -7.048855 ], [ 112.652382, -7.04795 ], [ 112.652409, -7.047673 ], [ 112.652366, -7.047289 ], [ 112.652028, -7.046321 ], [ 112.65177, -7.045597 ], [ 112.651765, -7.045229 ], [ 112.651816, -7.044859 ], [ 112.652033, -7.044047 ], [ 112.652312, -7.043446 ], [ 112.652661, -7.042988 ], [ 112.65287, -7.042594 ], [ 112.652923, -7.042264 ], [ 112.652897, -7.041907 ], [ 112.652661, -7.041231 ], [ 112.652274, -7.040406 ], [ 112.651019, -7.038627 ], [ 112.649066, -7.036679 ], [ 112.64765, -7.035199 ], [ 112.646363, -7.033761 ], [ 112.64558, -7.032665 ], [ 112.645268, -7.031589 ], [ 112.645204, -7.030003 ], [ 112.645247, -7.027979 ], [ 112.645344, -7.027031 ], [ 112.645298, -7.026315 ], [ 112.645301, -7.025456 ], [ 112.645585, -7.024279 ], [ 112.645762, -7.023811 ], [ 112.646089, -7.023321 ], [ 112.646604, -7.023001 ], [ 112.647049, -7.022775 ], [ 112.647739, -7.022426 ], [ 112.648149, -7.022261 ], [ 112.648331, -7.022107 ], [ 112.64853, -7.02167 ], [ 112.648696, -7.021266 ], [ 112.648905, -7.020978 ], [ 112.649243, -7.020659 ], [ 112.649745, -7.020249 ], [ 112.649917, -7.020203 ], [ 112.650019, -7.020198 ], [ 112.650188, -7.020203 ], [ 112.650271, -7.020156 ], [ 112.650327, -7.020044 ], [ 112.650351, -7.0199 ], [ 112.650381, -7.019575 ], [ 112.650354, -7.01938 ], [ 112.650275, -7.019144 ], [ 112.650251, -7.018988 ], [ 112.650265, -7.018867 ], [ 112.650302, -7.018747 ], [ 112.650338, -7.018621 ], [ 112.650335, -7.018578 ], [ 112.650312, -7.018538 ], [ 112.650209, -7.018473 ], [ 112.650137, -7.018454 ], [ 112.650062, -7.018486 ], [ 112.649893, -7.018582 ], [ 112.64941, -7.018843 ], [ 112.649211, -7.018891 ], [ 112.649034, -7.018886 ], [ 112.648643, -7.018763 ], [ 112.648369, -7.018587 ], [ 112.647312, -7.017824 ], [ 112.647159, -7.01777 ], [ 112.647052, -7.01777 ], [ 112.646803, -7.017866 ], [ 112.646663, -7.017903 ], [ 112.646545, -7.017906 ], [ 112.646111, -7.017784 ], [ 112.64529, -7.017352 ], [ 112.644292, -7.016511 ], [ 112.643552, -7.015744 ], [ 112.642972, -7.015137 ], [ 112.642468, -7.014578 ], [ 112.641792, -7.013865 ], [ 112.640929, -7.012928 ], [ 112.640301, -7.012289 ], [ 112.639958, -7.011975 ], [ 112.639689, -7.011799 ], [ 112.639432, -7.01173 ], [ 112.639191, -7.011786 ], [ 112.639038, -7.011847 ], [ 112.638756, -7.011922 ], [ 112.63852, -7.011948 ], [ 112.638322, -7.0119 ], [ 112.637951, -7.011773 ], [ 112.63727, -7.01148 ], [ 112.636358, -7.011107 ], [ 112.63476, -7.010484 ], [ 112.634175, -7.010311 ], [ 112.633738, -7.010212 ], [ 112.633005, -7.010066 ], [ 112.632321, -7.009994 ], [ 112.631847, -7.009944 ], [ 112.631493, -7.009914 ], [ 112.631157, -7.009813 ], [ 112.6305, -7.009499 ], [ 112.629835, -7.009206 ], [ 112.62932, -7.008945 ], [ 112.628805, -7.008376 ], [ 112.627995, -7.007236 ], [ 112.627475, -7.006523 ], [ 112.626836, -7.005671 ], [ 112.626284, -7.005048 ], [ 112.625828, -7.00435 ], [ 112.62557, -7.003802 ], [ 112.625463, -7.003312 ], [ 112.625431, -7.002902 ], [ 112.625302, -7.002519 ], [ 112.625093, -7.002194 ], [ 112.624766, -7.001885 ], [ 112.624127, -7.001576 ], [ 112.623843, -7.001401 ], [ 112.623344, -7.000937 ], [ 112.623081, -7.000421 ], [ 112.622577, -6.999569 ], [ 112.622126, -6.999058 ], [ 112.621021, -6.998185 ], [ 112.620109, -6.997407 ], [ 112.61968, -6.997066 ], [ 112.618983, -6.996268 ], [ 112.618575, -6.99564 ], [ 112.618124, -6.994969 ], [ 112.61717, -6.993829 ], [ 112.616644, -6.993148 ], [ 112.615907, -6.99225 ], [ 112.615426, -6.991476 ], [ 112.615024, -6.990869 ], [ 112.614498, -6.989974 ], [ 112.614047, -6.98908 ], [ 112.613608, -6.988057 ], [ 112.613262, -6.987368 ], [ 112.613077, -6.987056 ], [ 112.61291, -6.986668 ], [ 112.612524, -6.985981 ], [ 112.612084, -6.985097 ], [ 112.611483, -6.983649 ], [ 112.611001, -6.982477 ], [ 112.610582, -6.981508 ], [ 112.610174, -6.980411 ], [ 112.609617, -6.979229 ], [ 112.609241, -6.978313 ], [ 112.60864, -6.976844 ], [ 112.607846, -6.974501 ], [ 112.60731, -6.972467 ], [ 112.607074, -6.970199 ], [ 112.606945, -6.968239 ], [ 112.606795, -6.966343 ], [ 112.606602, -6.964405 ], [ 112.606441, -6.963425 ], [ 112.60613, -6.962531 ], [ 112.605121, -6.960806 ], [ 112.604681, -6.96023 ], [ 112.604166, -6.959346 ], [ 112.603748, -6.958516 ], [ 112.602117, -6.955662 ], [ 112.600948, -6.953372 ], [ 112.59966, -6.950475 ], [ 112.598662, -6.948111 ], [ 112.597386, -6.945235 ], [ 112.596409, -6.942285 ], [ 112.595487, -6.938728 ], [ 112.595201, -6.937567 ], [ 112.594714, -6.935586 ], [ 112.59406, -6.932711 ], [ 112.593779, -6.9311 ], [ 112.593277, -6.929313 ], [ 112.593169, -6.928493 ], [ 112.593298, -6.92779 ], [ 112.593577, -6.926757 ], [ 112.593877, -6.925277 ], [ 112.594339, -6.923434 ], [ 112.594605, -6.921701 ], [ 112.594875, -6.920463 ], [ 112.595272, -6.91895 ], [ 112.59583, -6.91781 ], [ 112.596356, -6.917427 ], [ 112.596914, -6.917363 ], [ 112.597825, -6.917502 ], [ 112.598609, -6.917672 ], [ 112.599124, -6.917928 ], [ 112.599274, -6.91829 ], [ 112.599156, -6.918939 ], [ 112.598759, -6.919983 ], [ 112.598426, -6.920899 ], [ 112.598255, -6.922241 ], [ 112.598233, -6.92336 ], [ 112.598394, -6.924009 ], [ 112.598834, -6.924691 ], [ 112.599489, -6.925319 ], [ 112.600808, -6.925852 ], [ 112.60231, -6.926246 ], [ 112.603158, -6.92632 ], [ 112.604542, -6.926363 ], [ 112.606012, -6.926256 ], [ 112.607084, -6.926001 ], [ 112.608055, -6.925659 ], [ 112.609198, -6.925223 ], [ 112.610035, -6.924648 ], [ 112.610571, -6.923998 ], [ 112.611011, -6.923008 ], [ 112.611483, -6.921506 ], [ 112.611837, -6.920239 ], [ 112.612159, -6.919642 ], [ 112.612706, -6.919216 ], [ 112.614144, -6.918748 ], [ 112.615442, -6.918258 ], [ 112.615957, -6.917885 ], [ 112.61651, -6.917347 ], [ 112.616762, -6.916894 ], [ 112.61695, -6.916389 ], [ 112.617036, -6.915883 ], [ 112.617218, -6.915196 ], [ 112.6174, -6.914754 ], [ 112.617658, -6.914317 ], [ 112.618173, -6.913982 ], [ 112.618607, -6.91384 ], [ 112.619112, -6.913747 ], [ 112.619221, -6.913707 ], [ 112.619334, -6.913617 ], [ 112.619407, -6.913457 ], [ 112.619415, -6.913279 ], [ 112.619353, -6.913039 ], [ 112.619128, -6.91199 ], [ 112.61909, -6.911665 ], [ 112.619122, -6.911383 ], [ 112.61945, -6.910515 ], [ 112.619557, -6.910115 ], [ 112.619557, -6.909812 ], [ 112.619476, -6.909466 ], [ 112.619326, -6.90889 ], [ 112.619187, -6.908438 ], [ 112.619122, -6.906851 ], [ 112.619058, -6.905605 ], [ 112.618779, -6.903836 ], [ 112.618275, -6.901376 ], [ 112.617395, -6.898053 ], [ 112.617094, -6.896498 ], [ 112.617094, -6.895273 ], [ 112.617255, -6.893686 ], [ 112.617513, -6.892024 ], [ 112.617695, -6.890512 ], [ 112.617699, -6.889605 ], [ 112.617619, -6.889302 ], [ 112.617539, -6.888996 ], [ 112.617121, -6.888343 ], [ 112.616444, -6.887285 ], [ 112.616311, -6.88705 ], [ 112.616145, -6.886917 ], [ 112.615845, -6.886848 ], [ 112.615496, -6.886912 ], [ 112.61453, -6.887455 ], [ 112.614209, -6.887593 ], [ 112.613828, -6.887583 ], [ 112.613602, -6.88745 ], [ 112.613264, -6.887082 ], [ 112.612663, -6.886422 ], [ 112.611827, -6.885612 ], [ 112.610711, -6.884473 ], [ 112.60982, -6.883333 ], [ 112.609273, -6.882172 ], [ 112.609005, -6.880808 ], [ 112.608844, -6.879477 ], [ 112.608702, -6.878438 ], [ 112.608469, -6.877831 ], [ 112.608243, -6.877538 ], [ 112.607371, -6.876898 ], [ 112.606988, -6.876665 ] ] } },
{ "type": "Feature", "properties": { "wilayah": "SBY" }, "geometry": { "type": "LineString", "coordinates": [ [ 113.124495, -6.892798 ], [ 113.123983, -6.892735 ], [ 113.122439, -6.892272 ], [ 113.121531, -6.890932 ], [ 113.121455, -6.890502 ], [ 113.121307, -6.890235 ], [ 113.121361, -6.89008 ], [ 113.121136, -6.889936 ], [ 113.120979, -6.89007 ], [ 113.120725, -6.889973 ], [ 113.12049, -6.890019 ], [ 113.120383, -6.890185 ], [ 113.119965, -6.890396 ], [ 113.119555, -6.890524 ], [ 113.11916, -6.890486 ], [ 113.11864, -6.890291 ], [ 113.118607, -6.890578 ], [ 113.118804, -6.89168 ], [ 113.118584, -6.89214 ], [ 113.119, -6.893413 ], [ 113.118771, -6.893789 ], [ 113.117435, -6.894696 ], [ 113.116353, -6.894904 ], [ 113.116212, -6.894748 ], [ 113.115949, -6.894707 ], [ 113.115811, -6.894727 ], [ 113.115751, -6.894791 ], [ 113.115674, -6.894876 ], [ 113.1155, -6.894899 ], [ 113.115427, -6.894832 ], [ 113.11532, -6.894848 ], [ 113.115311, -6.894706 ], [ 113.114366, -6.894477 ], [ 113.112643, -6.894416 ], [ 113.112386, -6.894011 ], [ 113.111983, -6.893947 ], [ 113.111731, -6.894368 ], [ 113.110911, -6.894426 ], [ 113.109704, -6.894245 ], [ 113.108067, -6.89331 ], [ 113.107778, -6.891785 ], [ 113.107912, -6.890586 ], [ 113.108877, -6.88915 ], [ 113.105966, -6.888796 ], [ 113.104809, -6.889255 ], [ 113.102761, -6.889265 ], [ 113.10101, -6.889013 ], [ 113.099627, -6.889058 ], [ 113.095848, -6.888855 ], [ 113.095268, -6.888951 ], [ 113.094608, -6.889064 ], [ 113.093855, -6.888981 ], [ 113.09328, -6.889026 ], [ 113.092466, -6.888769 ], [ 113.091782, -6.888692 ], [ 113.091266, -6.888556 ], [ 113.090947, -6.888601 ], [ 113.090225, -6.88885 ], [ 113.089381, -6.888903 ], [ 113.087573, -6.88891 ], [ 113.086908, -6.888763 ], [ 113.086033, -6.888477 ], [ 113.086206, -6.887362 ], [ 113.086283, -6.887121 ], [ 113.086335, -6.886916 ], [ 113.086362, -6.886692 ], [ 113.086373, -6.886573 ], [ 113.086424, -6.886104 ], [ 113.086409, -6.885942 ], [ 113.086358, -6.885773 ], [ 113.086279, -6.885621 ], [ 113.086069, -6.885371 ], [ 113.085868, -6.885091 ], [ 113.085837, -6.885006 ], [ 113.085832, -6.884905 ], [ 113.086016, -6.88316 ], [ 113.085993, -6.883073 ], [ 113.085886, -6.883044 ], [ 113.085851, -6.883076 ], [ 113.08565, -6.884903 ], [ 113.085653, -6.884998 ], [ 113.085679, -6.885139 ], [ 113.085715, -6.885187 ], [ 113.085795, -6.885309 ], [ 113.086142, -6.885713 ], [ 113.086201, -6.885833 ], [ 113.086245, -6.885977 ], [ 113.086252, -6.886271 ], [ 113.086053, -6.886479 ], [ 113.085799, -6.886706 ], [ 113.085709, -6.886807 ], [ 113.085608, -6.88692 ], [ 113.085428, -6.887061 ], [ 113.085306, -6.887133 ], [ 113.085185, -6.887202 ], [ 113.084948, -6.887306 ], [ 113.084825, -6.887342 ], [ 113.084679, -6.88738 ], [ 113.084544, -6.887411 ], [ 113.084377, -6.887425 ], [ 113.084167, -6.887426 ], [ 113.084027, -6.887434 ], [ 113.083586, -6.887409 ], [ 113.08346, -6.887396 ], [ 113.08336, -6.887366 ], [ 113.082982, -6.88727 ], [ 113.082769, -6.887161 ], [ 113.082616, -6.887172 ], [ 113.082065, -6.88693 ], [ 113.081756, -6.886705 ], [ 113.081405, -6.88638 ], [ 113.081219, -6.886038 ], [ 113.081099, -6.885638 ], [ 113.081688, -6.885205 ], [ 113.081808, -6.885354 ], [ 113.081886, -6.885291 ], [ 113.081766, -6.885136 ], [ 113.082085, -6.884917 ], [ 113.082155, -6.884851 ], [ 113.082228, -6.884747 ], [ 113.082869, -6.883508 ], [ 113.08289, -6.883427 ], [ 113.082869, -6.883364 ], [ 113.082803, -6.883307 ], [ 113.082765, -6.883312 ], [ 113.082113, -6.884641 ], [ 113.082049, -6.884729 ], [ 113.081947, -6.884821 ], [ 113.080421, -6.885913 ], [ 113.080303, -6.88577 ], [ 113.080344, -6.885722 ], [ 113.080091, -6.885351 ], [ 113.079946, -6.88517 ], [ 113.079984, -6.885135 ], [ 113.079567, -6.884657 ], [ 113.078763, -6.884541 ], [ 113.078754, -6.884583 ], [ 113.079058, -6.884629 ], [ 113.078998, -6.884728 ], [ 113.079019, -6.88477 ], [ 113.078945, -6.884898 ], [ 113.078878, -6.884925 ], [ 113.078842, -6.884879 ], [ 113.078823, -6.884792 ], [ 113.078743, -6.884777 ], [ 113.078644, -6.884762 ], [ 113.07858, -6.884694 ], [ 113.078557, -6.884604 ], [ 113.078662, -6.88457 ], [ 113.078636, -6.884394 ], [ 113.078179, -6.883983 ], [ 113.077258, -6.883602 ], [ 113.076916, -6.8837 ], [ 113.076734, -6.883786 ], [ 113.07683, -6.884266 ], [ 113.076637, -6.884324 ], [ 113.076591, -6.884507 ], [ 113.076223, -6.884671 ], [ 113.0759, -6.884635 ], [ 113.075543, -6.884522 ], [ 113.075345, -6.884356 ], [ 113.07514, -6.884024 ], [ 113.074435, -6.883579 ], [ 113.074145, -6.883458 ], [ 113.073765, -6.883466 ], [ 113.073438, -6.883353 ], [ 113.073142, -6.883368 ], [ 113.072671, -6.883519 ], [ 113.071751, -6.883549 ], [ 113.071197, -6.883473 ], [ 113.069943, -6.883081 ], [ 113.069487, -6.883021 ], [ 113.068241, -6.882629 ], [ 113.067975, -6.882772 ], [ 113.067648, -6.882787 ], [ 113.067451, -6.882727 ], [ 113.067324, -6.882554 ], [ 113.067109, -6.88241 ], [ 113.066729, -6.882417 ], [ 113.066311, -6.882591 ], [ 113.065969, -6.88241 ], [ 113.064973, -6.882191 ], [ 113.064069, -6.882146 ], [ 113.063598, -6.881934 ], [ 113.063233, -6.882244 ], [ 113.062512, -6.882349 ], [ 113.062284, -6.882327 ], [ 113.06198, -6.882553 ], [ 113.061645, -6.882681 ], [ 113.060962, -6.882794 ], [ 113.059721, -6.883079 ], [ 113.059385, -6.883137 ], [ 113.059154, -6.883254 ], [ 113.058826, -6.883315 ], [ 113.058534, -6.883311 ], [ 113.05844, -6.883258 ], [ 113.058291, -6.883315 ], [ 113.058166, -6.883462 ], [ 113.058098, -6.883582 ], [ 113.057751, -6.883866 ], [ 113.057561, -6.884182 ], [ 113.056726, -6.884435 ], [ 113.056575, -6.884553 ], [ 113.056357, -6.884544 ], [ 113.056114, -6.884608 ], [ 113.056, -6.884733 ], [ 113.055757, -6.884774 ], [ 113.054971, -6.884997 ], [ 113.053025, -6.88503 ], [ 113.052389, -6.885123 ], [ 113.051845, -6.885097 ], [ 113.050693, -6.884734 ], [ 113.047937, -6.883186 ], [ 113.046735, -6.881311 ], [ 113.040669, -6.879839 ], [ 113.034891, -6.879948 ], [ 113.033016, -6.880223 ], [ 113.032414, -6.880439 ], [ 113.03209, -6.880666 ], [ 113.031521, -6.88088 ], [ 113.030675, -6.88082 ], [ 113.030182, -6.880802 ], [ 113.029601, -6.880823 ], [ 113.029223, -6.88086 ], [ 113.028991, -6.880856 ], [ 113.028869, -6.880858 ], [ 113.02879, -6.880927 ], [ 113.028687, -6.88093 ], [ 113.028594, -6.88087 ], [ 113.028513, -6.880917 ], [ 113.028504, -6.880979 ], [ 113.028571, -6.881036 ], [ 113.028626, -6.881057 ], [ 113.028706, -6.880986 ], [ 113.029105, -6.880947 ], [ 113.029724, -6.880912 ], [ 113.030206, -6.880892 ], [ 113.030505, -6.880908 ], [ 113.030652, -6.880934 ], [ 113.030727, -6.881329 ], [ 113.030776, -6.881577 ], [ 113.030793, -6.882049 ], [ 113.030537, -6.88243 ], [ 113.0301, -6.882851 ], [ 113.029845, -6.88298 ], [ 113.029708, -6.882923 ], [ 113.029425, -6.883031 ], [ 113.029415, -6.883037 ], [ 113.029387, -6.88305 ], [ 113.028993, -6.883266 ], [ 113.028838, -6.883253 ], [ 113.028401, -6.883402 ], [ 113.028119, -6.88345 ], [ 113.027723, -6.883487 ], [ 113.027018, -6.883602 ], [ 113.026994, -6.883676 ], [ 113.026788, -6.883712 ], [ 113.026507, -6.88368 ], [ 113.025744, -6.883427 ], [ 113.02517, -6.883087 ], [ 113.024537, -6.882364 ], [ 113.024415, -6.882069 ], [ 113.0244, -6.881963 ], [ 113.024405, -6.881824 ], [ 113.025097, -6.88139 ], [ 113.025577, -6.881114 ], [ 113.02593, -6.880912 ], [ 113.026005, -6.880896 ], [ 113.026033, -6.880869 ], [ 113.026035, -6.880815 ], [ 113.026013, -6.880776 ], [ 113.025975, -6.880758 ], [ 113.025907, -6.880778 ], [ 113.025885, -6.880828 ], [ 113.025645, -6.880982 ], [ 113.025195, -6.881234 ], [ 113.024356, -6.88172 ], [ 113.023737, -6.88215 ], [ 113.023233, -6.882471 ], [ 113.023068, -6.882898 ], [ 113.021078, -6.882606 ], [ 113.013396, -6.881479 ], [ 113.012055, -6.881469 ], [ 113.01132, -6.881151 ], [ 113.010339, -6.881 ], [ 113.00963, -6.881085 ], [ 113.009126, -6.881075 ], [ 113.009341, -6.881714 ], [ 113.009351, -6.881969 ], [ 113.008772, -6.882257 ], [ 113.007592, -6.882513 ], [ 113.006852, -6.882417 ], [ 113.006594, -6.881703 ], [ 113.004636, -6.882142 ], [ 113.004507, -6.88489 ], [ 113.00073, -6.887105 ], [ 113.000558, -6.883186 ], [ 112.993933, -6.884267 ], [ 112.991601, -6.884201 ], [ 112.988945, -6.886077 ], [ 112.987564, -6.886771 ], [ 112.986853, -6.886896 ], [ 112.985987, -6.886811 ], [ 112.984748, -6.886771 ], [ 112.984536, -6.886667 ], [ 112.984187, -6.886614 ], [ 112.983978, -6.886605 ], [ 112.983672, -6.88648 ], [ 112.983106, -6.886137 ], [ 112.982677, -6.885791 ], [ 112.982218, -6.885479 ], [ 112.981483, -6.885364 ], [ 112.978418, -6.886402 ], [ 112.977098, -6.886849 ], [ 112.974497, -6.887531 ], [ 112.971361, -6.888768 ], [ 112.969829, -6.889009 ], [ 112.968956, -6.888824 ], [ 112.968072, -6.888411 ], [ 112.967953, -6.888355 ], [ 112.968455, -6.888128 ], [ 112.968851, -6.887756 ], [ 112.968583, -6.887559 ], [ 112.968232, -6.887737 ], [ 112.967505, -6.887329 ], [ 112.96723, -6.887467 ], [ 112.966844, -6.88736 ], [ 112.96676, -6.88713 ], [ 112.96613, -6.886974 ], [ 112.965855, -6.886995 ], [ 112.96547, -6.887126 ], [ 112.965391, -6.887231 ], [ 112.965029, -6.887323 ], [ 112.964822, -6.887496 ], [ 112.964707, -6.887529 ], [ 112.964568, -6.887505 ], [ 112.964468, -6.887461 ], [ 112.964437, -6.887327 ], [ 112.964386, -6.887265 ], [ 112.962989, -6.886164 ], [ 112.962634, -6.886051 ], [ 112.962195, -6.885988 ], [ 112.962136, -6.886006 ], [ 112.962105, -6.886066 ], [ 112.962093, -6.886166 ], [ 112.96211, -6.886189 ], [ 112.962148, -6.886202 ], [ 112.962265, -6.886174 ], [ 112.962828, -6.886219 ], [ 112.962922, -6.886247 ], [ 112.963402, -6.886641 ], [ 112.963421, -6.886684 ], [ 112.963414, -6.886722 ], [ 112.963103, -6.887459 ], [ 112.96289, -6.887906 ], [ 112.962468, -6.888454 ], [ 112.962083, -6.888776 ], [ 112.961542, -6.888952 ], [ 112.960501, -6.889073 ], [ 112.959897, -6.888991 ], [ 112.959015, -6.88881 ], [ 112.95784, -6.888324 ], [ 112.951804, -6.887105 ], [ 112.950942, -6.887358 ], [ 112.944254, -6.889321 ], [ 112.941042, -6.889891 ], [ 112.939279, -6.889484 ], [ 112.939006, -6.888897 ], [ 112.938529, -6.888797 ], [ 112.935842, -6.890855 ], [ 112.932874, -6.891175 ], [ 112.932801, -6.891295 ], [ 112.932646, -6.891545 ], [ 112.930859, -6.891715 ], [ 112.930012, -6.891686 ], [ 112.929471, -6.891652 ], [ 112.928731, -6.891419 ], [ 112.928431, -6.891178 ], [ 112.928228, -6.891073 ], [ 112.928081, -6.890967 ], [ 112.927862, -6.890797 ], [ 112.927487, -6.890492 ], [ 112.926401, -6.890343 ], [ 112.925951, -6.8904 ], [ 112.925462, -6.890344 ], [ 112.925081, -6.890463 ], [ 112.924693, -6.890723 ], [ 112.924276, -6.89093 ], [ 112.923811, -6.891343 ], [ 112.923753, -6.891484 ], [ 112.923403, -6.891695 ], [ 112.923367, -6.892007 ], [ 112.923462, -6.892147 ], [ 112.923365, -6.892445 ], [ 112.922307, -6.893491 ], [ 112.921706, -6.89378 ], [ 112.921306, -6.894032 ], [ 112.920369, -6.894032 ], [ 112.919934, -6.894003 ], [ 112.919919, -6.893891 ], [ 112.919521, -6.893886 ], [ 112.919511, -6.894015 ], [ 112.919465, -6.894011 ], [ 112.919143, -6.893972 ], [ 112.918976, -6.894123 ], [ 112.918504, -6.893752 ], [ 112.915901, -6.893102 ], [ 112.915464, -6.893563 ], [ 112.911415, -6.893373 ], [ 112.911488, -6.892714 ], [ 112.911205, -6.892452 ], [ 112.910268, -6.892994 ], [ 112.909249, -6.89293 ], [ 112.907702, -6.893238 ], [ 112.906638, -6.892903 ], [ 112.905837, -6.892849 ], [ 112.905115, -6.892388 ], [ 112.904895, -6.892147 ], [ 112.904568, -6.892116 ], [ 112.90396, -6.891657 ], [ 112.903606, -6.892133 ], [ 112.904026, -6.892614 ], [ 112.90401, -6.892641 ], [ 112.903977, -6.892693 ], [ 112.903973, -6.892702 ], [ 112.903965, -6.892715 ], [ 112.903817, -6.892949 ], [ 112.902561, -6.893373 ], [ 112.902488, -6.893743 ], [ 112.901405, -6.893888 ], [ 112.900866, -6.893664 ], [ 112.90071, -6.894032 ], [ 112.900216, -6.89375 ], [ 112.89989, -6.892418 ], [ 112.900286, -6.892176 ], [ 112.900606, -6.891762 ], [ 112.900823, -6.89079 ], [ 112.900189, -6.891058 ], [ 112.899341, -6.890893 ], [ 112.897693, -6.891638 ], [ 112.89652, -6.891981 ], [ 112.895359, -6.892028 ], [ 112.894205, -6.891848 ], [ 112.89351, -6.891379 ], [ 112.888867, -6.890675 ], [ 112.882861, -6.890772 ], [ 112.877594, -6.89135 ], [ 112.878593, -6.896831 ], [ 112.877258, -6.897051 ], [ 112.876438, -6.897686 ], [ 112.875335, -6.898177 ], [ 112.872961, -6.896555 ], [ 112.871027, -6.894031 ], [ 112.871883, -6.893196 ], [ 112.871915, -6.893073 ], [ 112.872328, -6.89255 ], [ 112.871215, -6.891958 ], [ 112.870364, -6.892123 ], [ 112.869989, -6.892474 ], [ 112.869125, -6.892436 ], [ 112.868672, -6.892225 ], [ 112.868099, -6.892342 ], [ 112.867983, -6.891902 ], [ 112.86756, -6.891839 ], [ 112.86713, -6.891998 ], [ 112.866118, -6.892122 ], [ 112.865315, -6.892114 ], [ 112.864539, -6.892131 ], [ 112.864276, -6.892014 ], [ 112.863622, -6.891918 ], [ 112.863344, -6.892012 ], [ 112.861847, -6.892804 ], [ 112.861315, -6.893127 ], [ 112.861189, -6.893093 ], [ 112.860677, -6.893159 ], [ 112.860306, -6.893292 ], [ 112.859979, -6.893329 ], [ 112.859566, -6.893287 ], [ 112.859212, -6.893201 ], [ 112.858917, -6.893313 ], [ 112.858257, -6.893422 ], [ 112.857927, -6.893562 ], [ 112.857925, -6.893691 ], [ 112.857989, -6.893915 ], [ 112.857903, -6.894426 ], [ 112.857769, -6.894629 ], [ 112.857453, -6.894698 ], [ 112.857201, -6.89457 ], [ 112.856551, -6.894719 ], [ 112.856233, -6.894388 ], [ 112.856085, -6.894234 ], [ 112.855849, -6.894304 ], [ 112.85565, -6.894618 ], [ 112.855452, -6.894714 ], [ 112.855065, -6.894767 ], [ 112.854502, -6.894895 ], [ 112.854277, -6.895326 ], [ 112.853306, -6.895635 ], [ 112.852952, -6.895822 ], [ 112.85215, -6.896197 ], [ 112.849593, -6.89677 ], [ 112.849249, -6.897887 ], [ 112.848437, -6.898694 ], [ 112.846846, -6.899055 ], [ 112.847602, -6.908145 ], [ 112.844773, -6.911556 ], [ 112.841089, -6.914668 ], [ 112.836286, -6.914716 ], [ 112.834916, -6.912719 ], [ 112.832993, -6.910657 ], [ 112.832794, -6.908441 ], [ 112.832131, -6.906597 ], [ 112.830694, -6.906005 ], [ 112.829368, -6.905983 ], [ 112.828152, -6.906795 ], [ 112.827136, -6.907102 ], [ 112.826539, -6.909011 ], [ 112.825257, -6.909713 ], [ 112.823423, -6.910306 ], [ 112.822317, -6.911798 ] ] } },
{ "type": "Feature", "properties": { "wilayah": "SBY" }, "geometry": { "type": "LineString", "coordinates": [ [ 112.908114, -7.181076 ], [ 112.914556, -7.18525 ], [ 112.919363, -7.184058 ], [ 112.931296, -7.188251 ], [ 112.939511, -7.190997 ], [ 112.941986, -7.191221 ], [ 112.945761, -7.192661 ], [ 112.954557, -7.194674 ], [ 112.962641, -7.197363 ], [ 112.966274, -7.198713 ], [ 112.970953, -7.198802 ], [ 112.972421, -7.199754 ], [ 112.975844, -7.199268 ], [ 112.975493, -7.200216 ], [ 112.984253, -7.201271 ], [ 112.9874, -7.201277 ], [ 112.98871, -7.201491 ], [ 112.991015, -7.202047 ], [ 112.99208, -7.20245 ], [ 112.993121, -7.203104 ], [ 112.995148, -7.204293 ], [ 112.996267, -7.205452 ], [ 112.996725, -7.206772 ], [ 112.99683, -7.207448 ], [ 112.997016, -7.207739 ], [ 112.997147, -7.208226 ], [ 112.997973, -7.20892 ], [ 112.998289, -7.20904 ], [ 112.999534, -7.208972 ], [ 112.999943, -7.209 ], [ 113.000119, -7.209175 ], [ 113.000145, -7.209359 ], [ 113.00032, -7.209446 ], [ 113.000493, -7.209379 ], [ 113.000624, -7.209371 ], [ 113.000696, -7.209463 ], [ 113.000856, -7.209404 ], [ 113.000968, -7.209366 ], [ 113.001081, -7.209354 ], [ 113.00123, -7.209401 ], [ 113.001227, -7.209526 ], [ 113.001566, -7.209533 ], [ 113.001661, -7.209371 ], [ 113.0022, -7.20919 ], [ 113.002273, -7.208976 ], [ 113.002794, -7.208848 ], [ 113.003148, -7.208568 ], [ 113.005936, -7.206963 ], [ 113.007899, -7.206187 ], [ 113.013258, -7.205437 ], [ 113.017531, -7.208201 ], [ 113.018084, -7.208208 ], [ 113.020071, -7.208815 ], [ 113.021147, -7.209301 ], [ 113.022357, -7.209638 ], [ 113.022584, -7.20978 ], [ 113.022748, -7.20977 ], [ 113.022791, -7.209709 ], [ 113.023155, -7.209731 ], [ 113.023148, -7.209951 ], [ 113.023373, -7.209961 ], [ 113.023384, -7.209745 ], [ 113.023448, -7.209745 ], [ 113.023556, -7.20978 ], [ 113.023562, -7.209871 ], [ 113.023634, -7.209936 ], [ 113.023809, -7.209975 ], [ 113.023884, -7.209873 ], [ 113.024045, -7.209905 ], [ 113.024068, -7.210059 ], [ 113.024229, -7.210113 ], [ 113.024731, -7.210185 ], [ 113.025111, -7.210187 ], [ 113.026891, -7.210405 ], [ 113.028624, -7.210993 ], [ 113.03021, -7.211061 ], [ 113.03045, -7.210997 ], [ 113.030607, -7.211089 ], [ 113.030768, -7.211121 ], [ 113.030875, -7.211047 ], [ 113.031065, -7.211111 ], [ 113.03212, -7.211257 ], [ 113.033045, -7.211197 ], [ 113.03382, -7.211208 ], [ 113.034635, -7.211307 ], [ 113.035275, -7.211424 ], [ 113.036014, -7.211499 ], [ 113.037414, -7.212585 ], [ 113.038243, -7.212726 ], [ 113.038364, -7.212234 ], [ 113.038525, -7.212188 ], [ 113.038722, -7.212166 ], [ 113.038911, -7.212205 ], [ 113.038936, -7.212368 ], [ 113.039129, -7.212333 ], [ 113.039411, -7.21234 ], [ 113.039907, -7.212407 ], [ 113.040051, -7.212471 ], [ 113.040163, -7.212535 ], [ 113.040225, -7.212605 ], [ 113.040281, -7.212685 ], [ 113.040307, -7.212734 ], [ 113.04032, -7.212785 ], [ 113.040328, -7.212875 ] ] } },
{ "type": "Feature", "properties": { "wilayah": "SBY" }, "geometry": { "type": "LineString", "coordinates": [ [ 112.869792, -7.571667 ], [ 112.8699, -7.571145 ], [ 112.869926, -7.570264 ], [ 112.869749, -7.569242 ], [ 112.869175, -7.567275 ], [ 112.868607, -7.565446 ], [ 112.868552, -7.564921 ], [ 112.868568, -7.564502 ], [ 112.868795, -7.564123 ], [ 112.86889, -7.56395 ], [ 112.869198, -7.563752 ], [ 112.869487, -7.563634 ], [ 112.870156, -7.563529 ], [ 112.870595, -7.56371 ], [ 112.871357, -7.564109 ], [ 112.871851, -7.564311 ], [ 112.872435, -7.564497 ], [ 112.873224, -7.564726 ], [ 112.874002, -7.564997 ], [ 112.874672, -7.565194 ], [ 112.875295, -7.565226 ], [ 112.876099, -7.565087 ], [ 112.877054, -7.564609 ], [ 112.87765, -7.564231 ], [ 112.878347, -7.56371 ], [ 112.87904, -7.563176 ], [ 112.880012, -7.562145 ], [ 112.880025, -7.561999 ], [ 112.879962, -7.561882 ], [ 112.879816, -7.561731 ], [ 112.879522, -7.561339 ], [ 112.879005, -7.560419 ], [ 112.878706, -7.560072 ], [ 112.878273, -7.559866 ], [ 112.87752, -7.559543 ], [ 112.876475, -7.558945 ], [ 112.87582, -7.558132 ], [ 112.875397, -7.55743 ], [ 112.875134, -7.556717 ], [ 112.874758, -7.555627 ], [ 112.874442, -7.555133 ], [ 112.873884, -7.554654 ], [ 112.87309, -7.554112 ], [ 112.87228, -7.553479 ], [ 112.870671, -7.552133 ], [ 112.869287, -7.550931 ], [ 112.868171, -7.54957 ], [ 112.867548, -7.54757 ], [ 112.867377, -7.545528 ], [ 112.86742, -7.544018 ], [ 112.867784, -7.541848 ], [ 112.868557, -7.540742 ], [ 112.869458, -7.540083 ], [ 112.871411, -7.539338 ], [ 112.872559, -7.538785 ], [ 112.872741, -7.538339 ], [ 112.872731, -7.537871 ], [ 112.872398, -7.537179 ], [ 112.870949, -7.534839 ], [ 112.870107, -7.533728 ], [ 112.868814, -7.53251 ], [ 112.866518, -7.530361 ], [ 112.864094, -7.528255 ], [ 112.861776, -7.526256 ], [ 112.860403, -7.524575 ], [ 112.859287, -7.523235 ], [ 112.857592, -7.521108 ], [ 112.856712, -7.520172 ], [ 112.85476, -7.519087 ], [ 112.851541, -7.517321 ], [ 112.849181, -7.515619 ], [ 112.846423, -7.513428 ], [ 112.844052, -7.511428 ], [ 112.84196, -7.509599 ], [ 112.840973, -7.508939 ], [ 112.840211, -7.508578 ], [ 112.839407, -7.508386 ], [ 112.838345, -7.508067 ], [ 112.837518, -7.507812 ], [ 112.837014, -7.507546 ], [ 112.836531, -7.506961 ], [ 112.835501, -7.505748 ], [ 112.834268, -7.503983 ], [ 112.833463, -7.502695 ], [ 112.832465, -7.501334 ], [ 112.831264, -7.499781 ], [ 112.830555, -7.49877 ], [ 112.829665, -7.497558 ], [ 112.828925, -7.496824 ], [ 112.827892, -7.495914 ], [ 112.827334, -7.495412 ], [ 112.826867, -7.494968 ], [ 112.826275, -7.494454 ], [ 112.825609, -7.493875 ], [ 112.825084, -7.493441 ], [ 112.824647, -7.493106 ], [ 112.824199, -7.492845 ], [ 112.823855, -7.492699 ], [ 112.823549, -7.492683 ], [ 112.823297, -7.492736 ], [ 112.823048, -7.492856 ], [ 112.822844, -7.493024 ], [ 112.822624, -7.493103 ], [ 112.822469, -7.493095 ], [ 112.822267, -7.492901 ] ] } },
{ "type": "Feature", "properties": { "wilayah": "SBY" }, "geometry": { "type": "LineString", "coordinates": [ [ 112.714904, -7.210081 ], [ 112.714936, -7.210347 ], [ 112.714936, -7.210608 ], [ 112.714925, -7.210842 ], [ 112.715041, -7.211252 ], [ 112.715041, -7.211537 ], [ 112.715025, -7.211832 ], [ 112.714966, -7.212178 ], [ 112.71492, -7.212463 ], [ 112.714872, -7.212788 ], [ 112.714756, -7.21295 ], [ 112.714641, -7.213211 ], [ 112.714561, -7.213474 ], [ 112.714483, -7.213679 ], [ 112.71444, -7.213828 ], [ 112.714354, -7.214035 ], [ 112.714311, -7.214288 ], [ 112.714225, -7.214461 ], [ 112.714193, -7.214608 ], [ 112.714123, -7.214812 ], [ 112.714003, -7.215124 ], [ 112.713901, -7.215318 ], [ 112.713819, -7.215574 ], [ 112.713603, -7.215906 ], [ 112.713284, -7.216566 ], [ 112.711793, -7.217032 ], [ 112.710415, -7.217481 ], [ 112.710351, -7.21731 ], [ 112.710177, -7.217366 ], [ 112.710242, -7.217557 ], [ 112.710138, -7.217561 ], [ 112.709875, -7.217575 ], [ 112.709591, -7.217636 ], [ 112.709531, -7.217564 ], [ 112.709215, -7.217766 ], [ 112.70918, -7.217886 ], [ 112.709156, -7.218046 ], [ 112.709362, -7.218479 ], [ 112.7097, -7.219371 ], [ 112.70981, -7.21953 ], [ 112.709936, -7.220073 ], [ 112.710103, -7.220459 ], [ 112.710277, -7.220555 ], [ 112.710425, -7.220568 ], [ 112.710529, -7.220661 ], [ 112.710867, -7.220768 ], [ 112.710902, -7.220865 ], [ 112.710797, -7.221175 ], [ 112.710812, -7.221203 ], [ 112.71063, -7.221243 ], [ 112.709556, -7.221566 ], [ 112.709413, -7.221635 ], [ 112.709257, -7.221859 ], [ 112.709136, -7.221941 ], [ 112.70896, -7.222166 ], [ 112.708911, -7.222414 ], [ 112.708962, -7.222609 ], [ 112.708995, -7.222645 ], [ 112.709008, -7.222826 ], [ 112.70905, -7.222838 ], [ 112.709027, -7.223052 ], [ 112.708988, -7.223044 ], [ 112.708984, -7.223071 ], [ 112.708818, -7.223038 ], [ 112.708767, -7.223309 ], [ 112.708571, -7.223253 ], [ 112.708271, -7.223357 ], [ 112.708024, -7.223381 ], [ 112.707608, -7.223165 ], [ 112.707286, -7.222886 ], [ 112.706465, -7.222634 ] ] } },
{ "type": "Feature", "properties": { "wilayah": "SBY" }, "geometry": { "type": "LineString", "coordinates": [ [ 112.826037, -7.343196 ], [ 112.826034, -7.343151 ], [ 112.826051, -7.343106 ], [ 112.826089, -7.34309 ], [ 112.826131, -7.343085 ], [ 112.826498, -7.343092 ], [ 112.826626, -7.34305 ], [ 112.826832, -7.342944 ], [ 112.826999, -7.342846 ], [ 112.827149, -7.342675 ], [ 112.827189, -7.342574 ], [ 112.827262, -7.342295 ], [ 112.82775, -7.341122 ], [ 112.828233, -7.340505 ], [ 112.828764, -7.338658 ], [ 112.828807, -7.338509 ], [ 112.829016, -7.337759 ], [ 112.829172, -7.337291 ], [ 112.829466, -7.336839 ], [ 112.82937, -7.336482 ], [ 112.829351, -7.336139 ], [ 112.829611, -7.335804 ], [ 112.830062, -7.335296 ], [ 112.830322, -7.335015 ] ] } },
{ "type": "Feature", "properties": { "wilayah": "SBY" }, "geometry": { "type": "LineString", "coordinates": [ [ 112.830322, -7.335015 ], [ 112.830727, -7.334577 ], [ 112.831682, -7.333269 ], [ 112.831956, -7.332737 ], [ 112.832363, -7.331784 ], [ 112.832567, -7.331023 ], [ 112.832712, -7.330412 ], [ 112.832937, -7.329113 ], [ 112.833345, -7.327911 ], [ 112.833753, -7.327129 ], [ 112.834383, -7.325868 ], [ 112.834616, -7.32545 ], [ 112.835016, -7.3247 ], [ 112.835485, -7.323968 ], [ 112.83577, -7.323553 ], [ 112.836024, -7.323218 ], [ 112.836218, -7.32312 ], [ 112.836601, -7.322963 ], [ 112.837186, -7.322798 ], [ 112.837591, -7.322713 ], [ 112.837669, -7.322673 ], [ 112.837698, -7.322596 ], [ 112.837637, -7.322383 ], [ 112.837628, -7.322236 ], [ 112.837754, -7.321954 ] ] } },
{ "type": "Feature", "properties": { "wilayah": "SBY" }, "geometry": { "type": "LineString", "coordinates": [ [ 112.837754, -7.321954 ], [ 112.837937, -7.3218 ], [ 112.838082, -7.32172 ], [ 112.838307, -7.321643 ], [ 112.838822, -7.321579 ], [ 112.839139, -7.321441 ], [ 112.8396, -7.321037 ], [ 112.839664, -7.320792 ], [ 112.839664, -7.320473 ], [ 112.83975, -7.320111 ], [ 112.8399, -7.319691 ], [ 112.840147, -7.319334 ], [ 112.840501, -7.319009 ], [ 112.840646, -7.318951 ], [ 112.840831, -7.318902 ], [ 112.841185, -7.318942 ], [ 112.841298, -7.318942 ], [ 112.841402, -7.318914 ], [ 112.841438, -7.318863 ], [ 112.841437, -7.318803 ], [ 112.841387, -7.318721 ], [ 112.84108, -7.318533 ], [ 112.84104, -7.318448 ], [ 112.841048, -7.318355 ], [ 112.841429, -7.317871 ], [ 112.841742, -7.317591 ], [ 112.842094, -7.317244 ], [ 112.842599, -7.316674 ], [ 112.842985, -7.316025 ], [ 112.843054, -7.315785 ], [ 112.843071, -7.315556 ], [ 112.843114, -7.314904 ], [ 112.843178, -7.31466 ], [ 112.843229, -7.314324 ], [ 112.843232, -7.314072 ], [ 112.843288, -7.313984 ], [ 112.843368, -7.313917 ], [ 112.843491, -7.31386 ], [ 112.843695, -7.313764 ], [ 112.843702, -7.31376 ], [ 112.843787, -7.313671 ], [ 112.843887, -7.313561 ], [ 112.844121, -7.313306 ], [ 112.844229, -7.313188 ], [ 112.844258, -7.313065 ], [ 112.844276, -7.312986 ], [ 112.84427, -7.312776 ], [ 112.844267, -7.312646 ], [ 112.84426, -7.312523 ], [ 112.844244, -7.312474 ], [ 112.844016, -7.312275 ], [ 112.843945, -7.31214 ], [ 112.843946, -7.312039 ], [ 112.843983, -7.311982 ], [ 112.844095, -7.311922 ], [ 112.844347, -7.311882 ], [ 112.8444, -7.311858 ], [ 112.844424, -7.311828 ], [ 112.844424, -7.311781 ], [ 112.844394, -7.311744 ], [ 112.844339, -7.311727 ], [ 112.844164, -7.311651 ], [ 112.844115, -7.311568 ], [ 112.844109, -7.311516 ], [ 112.844122, -7.311457 ], [ 112.844252, -7.311337 ], [ 112.84433, -7.311246 ], [ 112.844355, -7.311188 ], [ 112.844363, -7.310879 ], [ 112.844398, -7.310764 ], [ 112.844524, -7.310576 ], [ 112.844562, -7.31047 ], [ 112.844538, -7.310387 ], [ 112.844342, -7.310001 ], [ 112.844331, -7.309906 ], [ 112.844347, -7.309831 ], [ 112.844433, -7.309741 ], [ 112.844677, -7.30964 ], [ 112.844752, -7.309568 ], [ 112.844763, -7.309485 ], [ 112.844723, -7.309392 ], [ 112.844589, -7.309206 ], [ 112.844559, -7.30906 ], [ 112.844554, -7.308921 ], [ 112.844655, -7.308283 ], [ 112.844705, -7.308235 ], [ 112.844773, -7.3082 ], [ 112.844878, -7.308198 ], [ 112.845263, -7.308227 ], [ 112.845313, -7.308216 ], [ 112.845338, -7.308184 ], [ 112.845323, -7.308113 ], [ 112.845267, -7.308041 ], [ 112.844873, -7.307977 ], [ 112.844793, -7.307936 ], [ 112.844743, -7.307865 ], [ 112.844691, -7.307713 ], [ 112.844743, -7.30722 ], [ 112.844785, -7.307155 ], [ 112.844807, -7.307136 ], [ 112.84484, -7.307122 ], [ 112.844942, -7.307071 ], [ 112.844959, -7.30702 ], [ 112.844945, -7.306954 ], [ 112.844905, -7.306877 ], [ 112.84474, -7.306703 ], [ 112.8446, -7.306534 ], [ 112.844593, -7.306514 ], [ 112.844584, -7.30649 ], [ 112.844613, -7.306367 ], [ 112.844681, -7.306238 ], [ 112.844773, -7.306169 ], [ 112.8449, -7.306154 ], [ 112.844866, -7.305891 ], [ 112.844861, -7.305858 ], [ 112.844797, -7.305713 ], [ 112.844796, -7.305699 ], [ 112.844791, -7.30567 ], [ 112.84479, -7.30564 ], [ 112.844795, -7.305421 ], [ 112.84476, -7.305335 ], [ 112.844668, -7.305225 ], [ 112.84449, -7.304857 ] ] } },
{ "type": "Feature", "properties": { "wilayah": "SBY" }, "geometry": { "type": "LineString", "coordinates": [ [ 112.836987, -7.267475 ], [ 112.836794, -7.267119 ], [ 112.836381, -7.266406 ], [ 112.836167, -7.26589 ], [ 112.836059, -7.265283 ], [ 112.83592, -7.26457 ], [ 112.835695, -7.263628 ], [ 112.835314, -7.262468 ], [ 112.835019, -7.26175 ], [ 112.834772, -7.261313 ], [ 112.834128, -7.260355 ], [ 112.833431, -7.259525 ], [ 112.832975, -7.259163 ], [ 112.832374, -7.258796 ], [ 112.832159, -7.258743 ], [ 112.831742, -7.258761 ] ] } },
{ "type": "Feature", "properties": { "wilayah": "SBY" }, "geometry": { "type": "LineString", "coordinates": [ [ 112.815487, -7.245863 ], [ 112.814072, -7.245042 ], [ 112.813131, -7.244702 ], [ 112.812252, -7.244467 ], [ 112.811548, -7.244517 ], [ 112.811161, -7.244665 ], [ 112.810924, -7.244796 ], [ 112.810793, -7.245991 ], [ 112.810834, -7.246298 ], [ 112.810931, -7.246488 ], [ 112.810879, -7.246623 ], [ 112.810802, -7.246823 ], [ 112.8106, -7.247136 ] ] } },
{ "type": "Feature", "properties": { "wilayah": "SBY" }, "geometry": { "type": "LineString", "coordinates": [ [ 112.831742, -7.258761 ], [ 112.831585, -7.258754 ], [ 112.831438, -7.258747 ], [ 112.83106, -7.258527 ], [ 112.830751, -7.258394 ], [ 112.83048, -7.258301 ], [ 112.829488, -7.25795 ], [ 112.828018, -7.256817 ], [ 112.827369, -7.256364 ], [ 112.826462, -7.255694 ], [ 112.825722, -7.255162 ], [ 112.825191, -7.254853 ], [ 112.824682, -7.254607 ], [ 112.824941, -7.253883 ], [ 112.824958, -7.253591 ], [ 112.824728, -7.253297 ], [ 112.824616, -7.252959 ], [ 112.824244, -7.252539 ], [ 112.82369, -7.251833 ], [ 112.823472, -7.251684 ], [ 112.823191, -7.251441 ], [ 112.823008, -7.251239 ], [ 112.82273, -7.251309 ], [ 112.822057, -7.251747 ], [ 112.822052, -7.251749 ], [ 112.822048, -7.251746 ], [ 112.822047, -7.251742 ], [ 112.822051, -7.251737 ], [ 112.822523, -7.251173 ], [ 112.822689, -7.250922 ], [ 112.822727, -7.250635 ], [ 112.822614, -7.25031 ], [ 112.822377, -7.249985 ], [ 112.822119, -7.249731 ], [ 112.821993, -7.249694 ], [ 112.821867, -7.249734 ], [ 112.821563, -7.249922 ], [ 112.821667, -7.249515 ], [ 112.821663, -7.249363 ], [ 112.821565, -7.249141 ], [ 112.820728, -7.248281 ], [ 112.820038, -7.247628 ], [ 112.818229, -7.246459 ], [ 112.817481, -7.246048 ], [ 112.817116, -7.245872 ], [ 112.816629, -7.245678 ], [ 112.816249, -7.245629 ], [ 112.816039, -7.245609 ], [ 112.815857, -7.245661 ], [ 112.815487, -7.245863 ] ] } },
{ "type": "Feature", "properties": { "wilayah": "SBY" }, "geometry": { "type": "LineString", "coordinates": [ [ 112.8106, -7.247136 ], [ 112.810396, -7.247045 ], [ 112.809753, -7.246627 ], [ 112.809468, -7.246528 ], [ 112.809084, -7.24655 ], [ 112.808766, -7.246589 ], [ 112.808395, -7.246764 ], [ 112.807639, -7.247286 ], [ 112.80712, -7.247425 ], [ 112.806948, -7.247422 ], [ 112.806854, -7.247474 ], [ 112.806678, -7.248306 ], [ 112.806566, -7.248578 ], [ 112.806564, -7.248936 ], [ 112.806811, -7.249994 ], [ 112.806959, -7.251137 ], [ 112.806885, -7.251318 ], [ 112.806786, -7.251226 ], [ 112.806523, -7.250681 ], [ 112.806287, -7.24986 ], [ 112.806002, -7.249214 ], [ 112.805742, -7.248716 ], [ 112.805538, -7.248338 ], [ 112.805434, -7.248127 ], [ 112.805342, -7.248065 ], [ 112.805269, -7.248086 ], [ 112.80521, -7.248181 ], [ 112.804947, -7.24871 ], [ 112.804794, -7.248914 ], [ 112.80449, -7.24942 ], [ 112.804018, -7.250069 ], [ 112.803841, -7.249638 ], [ 112.803524, -7.249297 ], [ 112.803326, -7.249089 ], [ 112.803372, -7.249039 ], [ 112.803708, -7.248644 ], [ 112.803893, -7.248493 ], [ 112.804034, -7.248456 ], [ 112.804248, -7.248482 ], [ 112.804324, -7.248511 ], [ 112.80443, -7.248521 ], [ 112.80453, -7.248446 ], [ 112.804635, -7.248311 ], [ 112.804733, -7.24814 ], [ 112.804781, -7.248017 ], [ 112.804743, -7.247904 ], [ 112.804613, -7.247818 ], [ 112.804442, -7.247746 ], [ 112.804281, -7.247729 ], [ 112.803996, -7.247736 ], [ 112.803709, -7.247663 ], [ 112.803455, -7.24757 ], [ 112.803051, -7.247374 ], [ 112.802975, -7.247328 ], [ 112.802825, -7.247281 ], [ 112.80278, -7.247202 ], [ 112.802741, -7.246992 ], [ 112.802732, -7.246831 ], [ 112.802693, -7.246527 ] ] } },
{ "type": "Feature", "properties": { "wilayah": "SBY" }, "geometry": { "type": "LineString", "coordinates": [ [ 112.797629, -7.240479 ], [ 112.797487, -7.240498 ], [ 112.797331, -7.240075 ], [ 112.797254, -7.239897 ], [ 112.797138, -7.239551 ], [ 112.797004, -7.238766 ], [ 112.796966, -7.238686 ], [ 112.796896, -7.238593 ], [ 112.796666, -7.238452 ], [ 112.796575, -7.238433 ], [ 112.796296, -7.238441 ], [ 112.796253, -7.238423 ] ] } },
{ "type": "Feature", "properties": { "wilayah": "SBY" }, "geometry": { "type": "LineString", "coordinates": [ [ 112.802693, -7.246527 ], [ 112.802664, -7.246251 ], [ 112.802693, -7.246054 ], [ 112.802744, -7.245938 ], [ 112.802789, -7.24573 ], [ 112.802795, -7.245462 ], [ 112.802777, -7.245333 ], [ 112.802723, -7.245209 ], [ 112.802601, -7.244984 ], [ 112.802413, -7.244836 ], [ 112.802333, -7.244772 ], [ 112.802226, -7.244755 ], [ 112.802163, -7.244762 ], [ 112.801968, -7.244783 ], [ 112.801271, -7.244944 ], [ 112.801148, -7.244437 ], [ 112.802343, -7.244186 ], [ 112.802329, -7.244128 ], [ 112.802279, -7.244138 ], [ 112.802284, -7.24416 ], [ 112.80114, -7.244403 ], [ 112.801008, -7.243861 ], [ 112.801197, -7.2438 ], [ 112.801112, -7.243478 ], [ 112.800997, -7.243502 ], [ 112.800954, -7.243316 ], [ 112.80107, -7.243261 ], [ 112.801094, -7.243232 ], [ 112.801091, -7.242999 ], [ 112.801368, -7.24293 ], [ 112.801208, -7.241879 ], [ 112.801187, -7.241884 ], [ 112.801199, -7.241997 ], [ 112.801179, -7.242019 ], [ 112.801161, -7.242095 ], [ 112.801129, -7.242135 ], [ 112.801105, -7.242157 ], [ 112.801096, -7.242204 ], [ 112.801097, -7.242261 ], [ 112.801074, -7.242287 ], [ 112.801025, -7.242292 ], [ 112.800985, -7.242309 ], [ 112.800967, -7.242345 ], [ 112.800992, -7.242502 ], [ 112.800901, -7.242512 ], [ 112.800844, -7.24217 ], [ 112.80082, -7.241942 ], [ 112.800725, -7.241941 ], [ 112.800734, -7.242066 ], [ 112.800552, -7.242089 ], [ 112.800562, -7.242148 ], [ 112.800456, -7.242162 ], [ 112.800474, -7.24224 ], [ 112.800352, -7.242248 ], [ 112.800326, -7.242126 ], [ 112.800164, -7.242162 ], [ 112.800186, -7.24228 ], [ 112.800265, -7.242266 ], [ 112.800296, -7.242428 ], [ 112.800221, -7.242441 ], [ 112.800212, -7.242375 ], [ 112.800125, -7.242383 ], [ 112.800109, -7.242293 ], [ 112.800084, -7.24219 ], [ 112.800044, -7.242198 ], [ 112.800018, -7.242062 ], [ 112.800125, -7.242044 ], [ 112.800064, -7.241814 ], [ 112.799827, -7.241865 ], [ 112.799796, -7.241696 ], [ 112.799733, -7.241705 ], [ 112.799707, -7.241592 ], [ 112.799506, -7.241624 ], [ 112.799492, -7.241517 ], [ 112.799707, -7.24147 ], [ 112.799673, -7.241361 ], [ 112.799508, -7.241403 ], [ 112.79949, -7.24129 ], [ 112.799531, -7.241277 ], [ 112.799506, -7.241203 ], [ 112.799292, -7.24126 ], [ 112.799278, -7.241197 ], [ 112.799224, -7.241208 ], [ 112.799204, -7.241145 ], [ 112.799237, -7.241133 ], [ 112.799171, -7.240825 ], [ 112.79906, -7.240864 ], [ 112.798944, -7.240889 ], [ 112.798893, -7.240743 ], [ 112.798782, -7.240754 ], [ 112.798752, -7.240616 ], [ 112.798716, -7.240624 ], [ 112.798704, -7.24058 ], [ 112.798725, -7.240571 ], [ 112.798722, -7.240545 ], [ 112.798703, -7.240548 ], [ 112.798696, -7.24051 ], [ 112.798615, -7.240526 ], [ 112.798608, -7.240499 ], [ 112.798697, -7.240473 ], [ 112.79869, -7.240445 ], [ 112.798833, -7.240419 ], [ 112.798825, -7.240332 ], [ 112.798916, -7.240302 ], [ 112.798883, -7.240196 ], [ 112.798586, -7.240295 ], [ 112.798232, -7.240386 ], [ 112.798035, -7.240437 ], [ 112.797976, -7.24044 ], [ 112.797952, -7.240431 ], [ 112.797937, -7.240405 ], [ 112.797854, -7.24027 ], [ 112.797693, -7.240301 ], [ 112.797723, -7.240466 ], [ 112.797629, -7.240479 ] ] } },
{ "type": "Feature", "properties": { "wilayah": "SBY" }, "geometry": { "type": "LineString", "coordinates": [ [ 112.796253, -7.238423 ], [ 112.796203, -7.238318 ], [ 112.796148, -7.23821 ], [ 112.796113, -7.238119 ], [ 112.79607, -7.237994 ], [ 112.795893, -7.237459 ], [ 112.79596, -7.237425 ], [ 112.795928, -7.237324 ], [ 112.795817, -7.237277 ], [ 112.795789, -7.237249 ], [ 112.795656, -7.236963 ], [ 112.795523, -7.23645 ], [ 112.79549, -7.236161 ], [ 112.795526, -7.236011 ], [ 112.795553, -7.235987 ], [ 112.795616, -7.235976 ], [ 112.796076, -7.236021 ], [ 112.796135, -7.236013 ], [ 112.79617, -7.235964 ], [ 112.796183, -7.235907 ], [ 112.796175, -7.235798 ], [ 112.796127, -7.235738 ], [ 112.796053, -7.235713 ], [ 112.795335, -7.235693 ], [ 112.795338, -7.235333 ], [ 112.795783, -7.235176 ], [ 112.795448, -7.234235 ], [ 112.794995, -7.233125 ], [ 112.794892, -7.232825 ] ] } },
{ "type": "Feature", "properties": { "wilayah": "SBY" }, "geometry": { "type": "LineString", "coordinates": [ [ 112.794892, -7.232825 ], [ 112.794849, -7.232619 ], [ 112.79483, -7.232532 ], [ 112.79459, -7.231824 ], [ 112.794527, -7.2317 ], [ 112.794348, -7.231403 ], [ 112.794111, -7.230501 ], [ 112.794063, -7.230425 ], [ 112.794008, -7.230388 ], [ 112.793855, -7.23039 ], [ 112.793431, -7.230451 ], [ 112.792919, -7.230613 ], [ 112.791819, -7.228138 ], [ 112.791427, -7.227199 ], [ 112.791333, -7.227037 ], [ 112.79117, -7.226909 ], [ 112.790957, -7.226789 ] ] } },
{ "type": "Feature", "properties": { "wilayah": "SBY" }, "geometry": { "type": "LineString", "coordinates": [ [ 112.790957, -7.226789 ], [ 112.790143, -7.226332 ], [ 112.788954, -7.225994 ], [ 112.788866, -7.225909 ] ] } },
{ "type": "Feature", "properties": { "wilayah": "SBY" }, "geometry": { "type": "LineString", "coordinates": [ [ 112.788866, -7.225909 ], [ 112.788775, -7.225664 ], [ 112.788533, -7.224865 ], [ 112.788474, -7.22469 ], [ 112.788187, -7.223373 ], [ 112.788064, -7.222904 ], [ 112.788028, -7.222624 ] ] } },
{ "type": "Feature", "properties": { "wilayah": "SBY" }, "geometry": { "type": "LineString", "coordinates": [ [ 112.788028, -7.222624 ], [ 112.788002, -7.22229 ], [ 112.787942, -7.222084 ], [ 112.787817, -7.221718 ], [ 112.787635, -7.220982 ], [ 112.787616, -7.220845 ], [ 112.787597, -7.22068 ], [ 112.787572, -7.220609 ], [ 112.787475, -7.220479 ], [ 112.787454, -7.220372 ], [ 112.787457, -7.22028 ], [ 112.78747, -7.219603 ], [ 112.787456, -7.219469 ], [ 112.787408, -7.219349 ], [ 112.787301, -7.219248 ], [ 112.785639, -7.218293 ], [ 112.785527, -7.218216 ], [ 112.785451, -7.218107 ], [ 112.785237, -7.217528 ], [ 112.785205, -7.21748 ], [ 112.785135, -7.217434 ], [ 112.784915, -7.217303 ], [ 112.784845, -7.217207 ], [ 112.784558, -7.216191 ], [ 112.784478, -7.215765 ], [ 112.784283, -7.214868 ], [ 112.784228, -7.21475 ], [ 112.784147, -7.214657 ], [ 112.783687, -7.214254 ], [ 112.783408, -7.214022 ], [ 112.783099, -7.213711 ], [ 112.782686, -7.21337 ], [ 112.782584, -7.213261 ], [ 112.782496, -7.213067 ], [ 112.782246, -7.211936 ], [ 112.7821, -7.211214 ], [ 112.782046, -7.210939 ], [ 112.781983, -7.21079 ], [ 112.781926, -7.210689 ], [ 112.781861, -7.21062 ], [ 112.780889, -7.210121 ], [ 112.780444, -7.209979 ], [ 112.780381, -7.209944 ], [ 112.78032, -7.209887 ], [ 112.780251, -7.209725 ] ] } },
{ "type": "Feature", "properties": { "wilayah": "SBY" }, "geometry": { "type": "LineString", "coordinates": [ [ 112.780251, -7.209725 ], [ 112.78028, -7.209602 ], [ 112.780363, -7.209139 ], [ 112.780328, -7.209004 ], [ 112.780334, -7.208796 ], [ 112.780059, -7.20872 ], [ 112.779234, -7.208493 ], [ 112.779033, -7.208402 ], [ 112.779014, -7.208264 ], [ 112.778872, -7.208227 ], [ 112.778826, -7.208306 ], [ 112.778743, -7.208291 ] ] } },
{ "type": "Feature", "properties": { "wilayah": "SBY" }, "geometry": { "type": "LineString", "coordinates": [ [ 112.778743, -7.208291 ], [ 112.778446, -7.208237 ], [ 112.777349, -7.207931 ], [ 112.777169, -7.20796 ], [ 112.776856, -7.207758 ], [ 112.776559, -7.207565 ], [ 112.776343, -7.207424 ], [ 112.776256, -7.20716 ], [ 112.77581, -7.207261 ], [ 112.77571, -7.207426 ], [ 112.775247, -7.208192 ], [ 112.775231, -7.208215 ], [ 112.775215, -7.208222 ], [ 112.775195, -7.208217 ], [ 112.775182, -7.208204 ], [ 112.775181, -7.208153 ], [ 112.775209, -7.208014 ], [ 112.775268, -7.207758 ], [ 112.775266, -7.20767 ], [ 112.775246, -7.207579 ], [ 112.775197, -7.207537 ], [ 112.775047, -7.207479 ] ] } },
{ "type": "Feature", "properties": { "wilayah": "SBY" }, "geometry": { "type": "LineString", "coordinates": [ [ 112.775047, -7.207479 ], [ 112.775327, -7.207191 ], [ 112.775381, -7.207132 ], [ 112.775396, -7.207082 ], [ 112.77539, -7.207048 ], [ 112.775359, -7.207013 ], [ 112.775019, -7.20682 ], [ 112.77492, -7.206747 ], [ 112.774744, -7.206585 ], [ 112.774579, -7.20648 ], [ 112.774428, -7.206297 ], [ 112.774285, -7.206066 ], [ 112.774184, -7.205778 ], [ 112.774111, -7.205572 ], [ 112.77412, -7.205426 ], [ 112.774685, -7.201566 ], [ 112.773478, -7.201382 ], [ 112.773258, -7.202141 ], [ 112.773057, -7.202159 ], [ 112.772871, -7.202144 ], [ 112.772714, -7.202134 ], [ 112.772573, -7.202032 ] ] } },
{ "type": "Feature", "properties": { "wilayah": "SBY" }, "geometry": { "type": "LineString", "coordinates": [ [ 112.717201, -7.199104 ], [ 112.717449, -7.199598 ], [ 112.717074, -7.199787 ], [ 112.717103, -7.199928 ], [ 112.717282, -7.200082 ], [ 112.717644, -7.199885 ], [ 112.7177, -7.199947 ], [ 112.717887, -7.200242 ], [ 112.717982, -7.200402 ], [ 112.717989, -7.200504 ], [ 112.71768, -7.200716 ], [ 112.717614, -7.200671 ], [ 112.717529, -7.200679 ], [ 112.717502, -7.200708 ], [ 112.717599, -7.201054 ], [ 112.717589, -7.201102 ], [ 112.717569, -7.201145 ], [ 112.717574, -7.201201 ], [ 112.717771, -7.201617 ], [ 112.718053, -7.202314 ], [ 112.718579, -7.203461 ], [ 112.718621, -7.20345 ], [ 112.719262, -7.204804 ], [ 112.719456, -7.205278 ], [ 112.719804, -7.206047 ], [ 112.719542, -7.206196 ], [ 112.719637, -7.20639 ], [ 112.719189, -7.206597 ] ] } },
{ "type": "Feature", "properties": { "wilayah": "SBY" }, "geometry": { "type": "LineString", "coordinates": [ [ 112.772573, -7.202032 ], [ 112.772298, -7.201832 ], [ 112.771987, -7.201444 ], [ 112.771767, -7.201316 ], [ 112.771745, -7.201167 ], [ 112.771547, -7.20114 ], [ 112.771193, -7.200991 ], [ 112.770898, -7.200576 ], [ 112.77049, -7.200134 ], [ 112.769508, -7.199368 ], [ 112.768114, -7.198421 ], [ 112.767878, -7.198463 ], [ 112.767733, -7.198224 ], [ 112.767057, -7.197814 ], [ 112.766472, -7.197271 ], [ 112.76533, -7.196499 ], [ 112.76431, -7.195999 ], [ 112.763425, -7.195696 ], [ 112.762781, -7.195642 ], [ 112.762135, -7.195698 ], [ 112.760662, -7.19585 ], [ 112.760249, -7.195895 ], [ 112.75997, -7.195975 ], [ 112.75974, -7.195967 ], [ 112.759034, -7.196153 ], [ 112.758766, -7.196316 ], [ 112.758514, -7.196574 ], [ 112.758297, -7.19663 ], [ 112.758141, -7.196816 ], [ 112.758206, -7.196898 ], [ 112.758203, -7.197008 ], [ 112.758109, -7.197066 ], [ 112.75812, -7.197157 ], [ 112.758047, -7.197223 ], [ 112.75791, -7.197162 ], [ 112.757908, -7.197042 ], [ 112.757889, -7.196859 ], [ 112.757768, -7.196784 ], [ 112.757763, -7.196595 ], [ 112.757627, -7.196596 ], [ 112.757545, -7.196597 ], [ 112.757387, -7.196598 ], [ 112.757326, -7.196712 ], [ 112.757267, -7.197018 ], [ 112.757259, -7.197425 ], [ 112.757082, -7.197561 ], [ 112.756602, -7.197558 ], [ 112.756588, -7.198176 ] ] } },
{ "type": "Feature", "properties": { "wilayah": "SBY" }, "geometry": { "type": "LineString", "coordinates": [ [ 112.756588, -7.198176 ], [ 112.756411, -7.198232 ], [ 112.756282, -7.198303 ], [ 112.756253, -7.198402 ], [ 112.755971, -7.198439 ], [ 112.755939, -7.198498 ], [ 112.755521, -7.19866 ], [ 112.755478, -7.198759 ], [ 112.755293, -7.198806 ], [ 112.755059, -7.199163 ], [ 112.754721, -7.199195 ], [ 112.754617, -7.199283 ], [ 112.754569, -7.199413 ], [ 112.754343, -7.19956 ], [ 112.754139, -7.199458 ], [ 112.75404, -7.199533 ], [ 112.753667, -7.199615 ], [ 112.752876, -7.19977 ], [ 112.752696, -7.199751 ], [ 112.752495, -7.199653 ], [ 112.752302, -7.199749 ], [ 112.752042, -7.199804 ], [ 112.751682, -7.199738 ], [ 112.751535, -7.199669 ], [ 112.751425, -7.199584 ], [ 112.751285, -7.199562 ], [ 112.75124, -7.199658 ], [ 112.751165, -7.199791 ], [ 112.751084, -7.199903 ], [ 112.750913, -7.199725 ], [ 112.75087, -7.199639 ], [ 112.75091, -7.199554 ], [ 112.750567, -7.199437 ], [ 112.750282, -7.199408 ], [ 112.74992, -7.199344 ], [ 112.749808, -7.199131 ], [ 112.749647, -7.199038 ], [ 112.74955, -7.198894 ], [ 112.749287, -7.198724 ], [ 112.748855, -7.198522 ], [ 112.748724, -7.198687 ], [ 112.748622, -7.198716 ], [ 112.748442, -7.198673 ], [ 112.748306, -7.198548 ], [ 112.748287, -7.198434 ], [ 112.748423, -7.198267 ], [ 112.748422, -7.198229 ], [ 112.748399, -7.198193 ], [ 112.748336, -7.198154 ], [ 112.748254, -7.198084 ], [ 112.748248, -7.197998 ], [ 112.748318, -7.197877 ], [ 112.748515, -7.197034 ], [ 112.748619, -7.196688 ], [ 112.748692, -7.196031 ], [ 112.748933, -7.195954 ], [ 112.749129, -7.195895 ], [ 112.749153, -7.195084 ], [ 112.749008, -7.195068 ], [ 112.749016, -7.194467 ], [ 112.748957, -7.194437 ], [ 112.748845, -7.194445 ], [ 112.748847, -7.194879 ], [ 112.748818, -7.195041 ], [ 112.748724, -7.195073 ], [ 112.748378, -7.19507 ], [ 112.748236, -7.195017 ], [ 112.748115, -7.194911 ], [ 112.748145, -7.194615 ], [ 112.747693, -7.194332 ], [ 112.747666, -7.194316 ], [ 112.747571, -7.194256 ], [ 112.747064, -7.194345 ], [ 112.74671, -7.194432 ], [ 112.746642, -7.194443 ], [ 112.745466, -7.194628 ], [ 112.745436, -7.194633 ], [ 112.745277, -7.194658 ], [ 112.745218, -7.194639 ], [ 112.744509, -7.194768 ], [ 112.744445, -7.194779 ], [ 112.744234, -7.194818 ], [ 112.743681, -7.194868 ], [ 112.743421, -7.194841 ], [ 112.743392, -7.194687 ], [ 112.743207, -7.194715 ], [ 112.742855, -7.194777 ], [ 112.742795, -7.194787 ], [ 112.742444, -7.194845 ], [ 112.742379, -7.194857 ], [ 112.742029, -7.194916 ], [ 112.741965, -7.194927 ], [ 112.741619, -7.194985 ], [ 112.741249, -7.19506 ], [ 112.740905, -7.195118 ], [ 112.740837, -7.195131 ], [ 112.740488, -7.195178 ], [ 112.740416, -7.195187 ], [ 112.740073, -7.195245 ], [ 112.740004, -7.195255 ], [ 112.739655, -7.195315 ], [ 112.739635, -7.195208 ], [ 112.739461, -7.195229 ], [ 112.739299, -7.195246 ], [ 112.739521, -7.196603 ], [ 112.739599, -7.1966 ], [ 112.739626, -7.196813 ], [ 112.74186, -7.196438 ], [ 112.741839, -7.196348 ], [ 112.741595, -7.19638 ], [ 112.741611, -7.196302 ], [ 112.741667, -7.196193 ], [ 112.741766, -7.19614 ], [ 112.742426, -7.196022 ], [ 112.742468, -7.196015 ], [ 112.742963, -7.195927 ], [ 112.743012, -7.195918 ], [ 112.74341, -7.195847 ], [ 112.743459, -7.195893 ], [ 112.743601, -7.196705 ], [ 112.743609, -7.196753 ], [ 112.743678, -7.197148 ], [ 112.743686, -7.197194 ], [ 112.743751, -7.197586 ], [ 112.743766, -7.197646 ], [ 112.743995, -7.198655 ], [ 112.744004, -7.198698 ], [ 112.744117, -7.199267 ], [ 112.744126, -7.19931 ], [ 112.744215, -7.199794 ], [ 112.744167, -7.199836 ], [ 112.744202, -7.200009 ], [ 112.744287, -7.200257 ], [ 112.744599, -7.201992 ], [ 112.744564, -7.202085 ], [ 112.744486, -7.202149 ], [ 112.744282, -7.202189 ], [ 112.743465, -7.202351 ], [ 112.743436, -7.202357 ], [ 112.743026, -7.202438 ], [ 112.742654, -7.202512 ], [ 112.742607, -7.202521 ], [ 112.742394, -7.202564 ], [ 112.742341, -7.202574 ], [ 112.742128, -7.202616 ], [ 112.742075, -7.202627 ], [ 112.740889, -7.202862 ], [ 112.740597, -7.201428 ], [ 112.740691, -7.201409 ], [ 112.740657, -7.201254 ], [ 112.740645, -7.201195 ], [ 112.740583, -7.200888 ], [ 112.740571, -7.200828 ], [ 112.740457, -7.200265 ], [ 112.740364, -7.200278 ], [ 112.740404, -7.200161 ], [ 112.7406, -7.200044 ], [ 112.741061, -7.199961 ], [ 112.740763, -7.198445 ], [ 112.738969, -7.198814 ], [ 112.739779, -7.202966 ], [ 112.739569, -7.203011 ], [ 112.739317, -7.203067 ], [ 112.739232, -7.203085 ], [ 112.739323, -7.203527 ], [ 112.73829, -7.203727 ], [ 112.738261, -7.203596 ], [ 112.738191, -7.203607 ], [ 112.738062, -7.20296 ], [ 112.737778, -7.203014 ], [ 112.737697, -7.202737 ], [ 112.737641, -7.202215 ], [ 112.737421, -7.202239 ], [ 112.737341, -7.201776 ], [ 112.737542, -7.20172 ], [ 112.737547, -7.201577 ], [ 112.738816, -7.20134 ], [ 112.738336, -7.198918 ], [ 112.737805, -7.196268 ], [ 112.737552, -7.196317 ], [ 112.737247, -7.196377 ], [ 112.737113, -7.195688 ], [ 112.735733, -7.195946 ], [ 112.734924, -7.196089 ] ] } },
{ "type": "Feature", "properties": { "wilayah": "SBY" }, "geometry": { "type": "LineString", "coordinates": [ [ 112.734924, -7.196089 ], [ 112.734323, -7.196191 ], [ 112.733536, -7.196328 ] ] } },
{ "type": "Feature", "properties": { "wilayah": "SBY" }, "geometry": { "type": "LineString", "coordinates": [ [ 112.733536, -7.196328 ], [ 112.733065, -7.19641 ], [ 112.723588, -7.198065 ], [ 112.723661, -7.198506 ], [ 112.724337, -7.199791 ], [ 112.731483, -7.198538 ], [ 112.731703, -7.199767 ], [ 112.731957, -7.199735 ], [ 112.73203, -7.200108 ], [ 112.730343, -7.200371 ], [ 112.730356, -7.200454 ], [ 112.730431, -7.200446 ], [ 112.730488, -7.200523 ], [ 112.730579, -7.200786 ], [ 112.73067, -7.201281 ], [ 112.731131, -7.201382 ], [ 112.731973, -7.201225 ], [ 112.732038, -7.201241 ], [ 112.732116, -7.201393 ], [ 112.732214, -7.202046 ], [ 112.732357, -7.202383 ], [ 112.73229, -7.202392 ], [ 112.732322, -7.202564 ], [ 112.732387, -7.202557 ], [ 112.732448, -7.202907 ], [ 112.732582, -7.202894 ], [ 112.732641, -7.203272 ], [ 112.732534, -7.203285 ], [ 112.732615, -7.203745 ], [ 112.732169, -7.203823 ], [ 112.732722, -7.206662 ] ] } },
{ "type": "Feature", "properties": { "wilayah": "SBY" }, "geometry": { "type": "LineString", "coordinates": [ [ 112.732722, -7.206662 ], [ 112.729859, -7.207153 ], [ 112.73004, -7.208191 ], [ 112.730356, -7.208151 ], [ 112.730451, -7.208715 ], [ 112.730328, -7.208739 ], [ 112.73029, -7.208819 ], [ 112.729619, -7.208945 ], [ 112.728817, -7.209095 ], [ 112.728772, -7.209103 ], [ 112.728807, -7.209256 ], [ 112.728705, -7.209278 ], [ 112.728673, -7.209126 ], [ 112.728618, -7.209133 ], [ 112.725622, -7.202738 ], [ 112.724451, -7.203278 ], [ 112.725957, -7.206731 ], [ 112.726596, -7.208176 ], [ 112.727131, -7.209375 ], [ 112.726922, -7.209407 ], [ 112.726895, -7.209348 ], [ 112.726594, -7.209393 ], [ 112.726421, -7.209407 ], [ 112.726404, -7.209332 ], [ 112.726344, -7.209339 ], [ 112.726324, -7.209251 ], [ 112.725814, -7.209353 ], [ 112.725869, -7.209639 ], [ 112.725686, -7.209663 ], [ 112.724426, -7.206975 ], [ 112.724471, -7.206953 ], [ 112.723239, -7.204324 ], [ 112.72317, -7.204355 ], [ 112.722108, -7.2021 ], [ 112.72189, -7.202198 ], [ 112.720885, -7.200068 ], [ 112.720184, -7.198619 ], [ 112.718908, -7.199236 ], [ 112.718671, -7.198942 ], [ 112.718397, -7.198854 ], [ 112.718238, -7.198554 ], [ 112.717201, -7.199104 ] ] } },
{ "type": "Feature", "properties": { "wilayah": "SBY" }, "geometry": { "type": "LineString", "coordinates": [ [ 112.719189, -7.206597 ], [ 112.718737, -7.206806 ], [ 112.717871, -7.207074 ], [ 112.717382, -7.207149 ], [ 112.717007, -7.207239 ], [ 112.716696, -7.207367 ], [ 112.716406, -7.207495 ], [ 112.716165, -7.2076 ], [ 112.715938, -7.207636 ], [ 112.715772, -7.207646 ], [ 112.715664, -7.207632 ], [ 112.715491, -7.207583 ], [ 112.715239, -7.207517 ], [ 112.715023, -7.207485 ], [ 112.714885, -7.20747 ], [ 112.714699, -7.207464 ], [ 112.714557, -7.207463 ], [ 112.7145, -7.207456 ], [ 112.714385, -7.207464 ], [ 112.714255, -7.207464 ], [ 112.714177, -7.207441 ], [ 112.714105, -7.20739 ], [ 112.71402, -7.207317 ], [ 112.713966, -7.207263 ], [ 112.713917, -7.207191 ], [ 112.713862, -7.207167 ], [ 112.713779, -7.207161 ], [ 112.7137, -7.207165 ], [ 112.713551, -7.207175 ], [ 112.713443, -7.207191 ], [ 112.713367, -7.207206 ], [ 112.713265, -7.207229 ], [ 112.713171, -7.207273 ], [ 112.713088, -7.207317 ], [ 112.713005, -7.207384 ], [ 112.712932, -7.207465 ], [ 112.712863, -7.207568 ], [ 112.712806, -7.207701 ], [ 112.712773, -7.207813 ], [ 112.712758, -7.207907 ], [ 112.712722, -7.207964 ], [ 112.712662, -7.208032 ], [ 112.712573, -7.20808 ], [ 112.71253, -7.208128 ], [ 112.712527, -7.208224 ], [ 112.712557, -7.208344 ], [ 112.712627, -7.208525 ], [ 112.712694, -7.208668 ], [ 112.712761, -7.208804 ], [ 112.712831, -7.208913 ], [ 112.712876, -7.20898 ], [ 112.712951, -7.20902 ], [ 112.713182, -7.20902 ], [ 112.713391, -7.209052 ], [ 112.713654, -7.209142 ], [ 112.713753, -7.209182 ], [ 112.713844, -7.209195 ], [ 112.713936, -7.209176 ], [ 112.714115, -7.209097 ], [ 112.714207, -7.209081 ], [ 112.71429, -7.209121 ], [ 112.714335, -7.2092 ], [ 112.714397, -7.20936 ], [ 112.714472, -7.209512 ], [ 112.714603, -7.209698 ], [ 112.714724, -7.209874 ], [ 112.714904, -7.210081 ] ] } },
{ "type": "Feature", "properties": { "wilayah": "SBY" }, "geometry": { "type": "LineString", "coordinates": [ [ 112.706465, -7.222634 ], [ 112.705843, -7.222444 ], [ 112.705701, -7.222045 ], [ 112.705591, -7.221803 ], [ 112.705468, -7.221558 ], [ 112.705208, -7.22101 ], [ 112.705098, -7.220906 ], [ 112.704883, -7.220792 ], [ 112.704698, -7.220768 ], [ 112.704537, -7.220762 ], [ 112.704387, -7.220802 ], [ 112.704189, -7.220826 ], [ 112.703767, -7.22077 ], [ 112.703609, -7.220701 ], [ 112.703507, -7.220624 ], [ 112.703357, -7.22031 ], [ 112.703323, -7.220214 ], [ 112.703271, -7.220164 ], [ 112.703126, -7.220129 ], [ 112.702279, -7.220313 ], [ 112.701474, -7.220528 ], [ 112.700562, -7.2208 ], [ 112.700388, -7.22093 ], [ 112.700254, -7.221153 ], [ 112.700085, -7.221313 ], [ 112.69976, -7.221534 ], [ 112.699288, -7.221864 ], [ 112.698698, -7.222034 ], [ 112.697851, -7.222183 ], [ 112.697175, -7.222292 ], [ 112.697003, -7.222439 ], [ 112.696804, -7.222726 ], [ 112.696547, -7.222902 ], [ 112.695984, -7.22312 ], [ 112.695281, -7.223312 ], [ 112.695227, -7.222934 ], [ 112.694079, -7.223048 ], [ 112.693591, -7.223248 ], [ 112.693001, -7.223551 ], [ 112.692609, -7.223567 ], [ 112.69188, -7.223631 ], [ 112.691131, -7.223676 ], [ 112.690716, -7.223652 ], [ 112.689949, -7.22358 ], [ 112.689731, -7.223588 ], [ 112.689511, -7.223655 ], [ 112.68908, -7.223822 ], [ 112.688377, -7.224039 ], [ 112.688276, -7.224054 ], [ 112.688178, -7.224041 ], [ 112.688035, -7.223948 ], [ 112.68798, -7.22394 ], [ 112.687572, -7.224019 ], [ 112.686612, -7.224321 ], [ 112.68654, -7.224373 ], [ 112.686435, -7.224536 ], [ 112.686333, -7.224796 ], [ 112.686032, -7.225135 ] ] } },
{ "type": "Feature", "properties": { "wilayah": "SBY" }, "geometry": { "type": "LineString", "coordinates": [ [ 112.686032, -7.225135 ], [ 112.685891, -7.22528 ], [ 112.685663, -7.225488 ], [ 112.685437, -7.225573 ], [ 112.68519, -7.225584 ], [ 112.684869, -7.225483 ], [ 112.684536, -7.225339 ], [ 112.684209, -7.225041 ], [ 112.684087, -7.224903 ], [ 112.684023, -7.224866 ], [ 112.682636, -7.22453 ], [ 112.682346, -7.224372 ], [ 112.682122, -7.224216 ], [ 112.682041, -7.224014 ], [ 112.681945, -7.223924 ], [ 112.681765, -7.223852 ], [ 112.680926, -7.223631 ], [ 112.680395, -7.223333 ], [ 112.680207, -7.223061 ], [ 112.680148, -7.22279 ], [ 112.680266, -7.221869 ], [ 112.680258, -7.22168 ], [ 112.680223, -7.221523 ], [ 112.680159, -7.221422 ], [ 112.679901, -7.221306 ], [ 112.679273, -7.221146 ], [ 112.678895, -7.221055 ], [ 112.678789, -7.221047 ], [ 112.67849, -7.221146 ], [ 112.678297, -7.221191 ], [ 112.678144, -7.22114 ], [ 112.678064, -7.221023 ], [ 112.67802, -7.220927 ], [ 112.678009, -7.22052 ], [ 112.677975, -7.220434 ], [ 112.677932, -7.220406 ], [ 112.677838, -7.220414 ], [ 112.677734, -7.220486 ], [ 112.677573, -7.220589 ], [ 112.677401, -7.22072 ], [ 112.676688, -7.221066 ], [ 112.67605, -7.221364 ], [ 112.675502, -7.221758 ], [ 112.675245, -7.22196 ], [ 112.674751, -7.222141 ], [ 112.674354, -7.222119 ], [ 112.67223, -7.221396 ], [ 112.670792, -7.220544 ], [ 112.669784, -7.21982 ], [ 112.66921, -7.219291 ] ] } },
{ "type": "Feature", "properties": { "wilayah": "SBY" }, "geometry": { "type": "LineString", "coordinates": [ [ 112.66921, -7.219291 ], [ 112.669108, -7.219097 ], [ 112.667499, -7.216776 ], [ 112.666398, -7.215788 ] ] } },
{ "type": "Feature", "properties": { "wilayah": "SBY" }, "geometry": { "type": "LineString", "coordinates": [ [ 112.666398, -7.215788 ], [ 112.665814, -7.215265 ], [ 112.665465, -7.214647 ], [ 112.664736, -7.213306 ], [ 112.66398, -7.212386 ], [ 112.663679, -7.21172 ], [ 112.663384, -7.210986 ], [ 112.662687, -7.20948 ], [ 112.661775, -7.208248 ], [ 112.661452, -7.20788 ], [ 112.661016, -7.207734 ], [ 112.660777, -7.20771 ], [ 112.660546, -7.207793 ], [ 112.660411, -7.207867 ] ] } },
{ "type": "Feature", "properties": { "wilayah": "SBY" }, "geometry": { "type": "LineString", "coordinates": [ [ 112.660411, -7.207867 ], [ 112.660287, -7.207879 ], [ 112.660178, -7.20789 ], [ 112.660144, -7.207039 ], [ 112.660384, -7.205897 ], [ 112.66083, -7.204927 ], [ 112.661045, -7.204219 ], [ 112.661166, -7.203921 ], [ 112.661305, -7.203801 ], [ 112.662139, -7.203599 ], [ 112.662333, -7.203487 ], [ 112.662537, -7.203139 ], [ 112.662569, -7.202782 ], [ 112.662534, -7.202399 ], [ 112.662394, -7.20217 ], [ 112.662113, -7.201856 ], [ 112.662056, -7.201779 ], [ 112.662021, -7.201646 ] ] } },
{ "type": "Feature", "properties": { "wilayah": "SBY" }, "geometry": { "type": "LineString", "coordinates": [ [ 112.822267, -7.492901 ], [ 112.822192, -7.492697 ], [ 112.82214, -7.492476 ], [ 112.821929, -7.491832 ], [ 112.821715, -7.491085 ], [ 112.821533, -7.49058 ], [ 112.821221, -7.489867 ], [ 112.820932, -7.489085 ], [ 112.820728, -7.488511 ], [ 112.820631, -7.488005 ], [ 112.820567, -7.48733 ], [ 112.820401, -7.486245 ], [ 112.820202, -7.485022 ], [ 112.819757, -7.483564 ], [ 112.819247, -7.481852 ], [ 112.818754, -7.480764 ], [ 112.818394, -7.480158 ], [ 112.818043, -7.479674 ], [ 112.817539, -7.479259 ], [ 112.817112, -7.479025 ], [ 112.816707, -7.4789 ], [ 112.816412, -7.478918 ], [ 112.815873, -7.479051 ], [ 112.815117, -7.479445 ], [ 112.814462, -7.478533 ] ] } },
{ "type": "Feature", "properties": { "wilayah": "SBY" }, "geometry": { "type": "LineString", "coordinates": [ [ 112.814462, -7.478533 ], [ 112.813864, -7.477687 ], [ 112.813851, -7.477563 ], [ 112.813883, -7.477492 ], [ 112.814647, -7.476738 ], [ 112.815492, -7.47598 ], [ 112.816297, -7.475294 ], [ 112.818878, -7.474002 ] ] } },
{ "type": "Feature", "properties": { "wilayah": "SBY" }, "geometry": { "type": "LineString", "coordinates": [ [ 112.818878, -7.474002 ], [ 112.819476, -7.473727 ], [ 112.820336, -7.473475 ], [ 112.821286, -7.473389 ], [ 112.822562, -7.473326 ], [ 112.824107, -7.473273 ], [ 112.825293, -7.473273 ], [ 112.826275, -7.473448 ], [ 112.827106, -7.473698 ], [ 112.827862, -7.474113 ], [ 112.828474, -7.474932 ], [ 112.829273, -7.476091 ], [ 112.830212, -7.477533 ], [ 112.83121, -7.479102 ], [ 112.83224, -7.480878 ], [ 112.83357, -7.4829 ], [ 112.834482, -7.484027 ], [ 112.83533, -7.484995 ], [ 112.835952, -7.48525 ], [ 112.836381, -7.485176 ], [ 112.837293, -7.484782 ], [ 112.838055, -7.484463 ], [ 112.839203, -7.484144 ], [ 112.839986, -7.483899 ], [ 112.840619, -7.483559 ], [ 112.841037, -7.483048 ], [ 112.841338, -7.482389 ], [ 112.841617, -7.481251 ], [ 112.841767, -7.479825 ], [ 112.841531, -7.478644 ], [ 112.840995, -7.47523 ], [ 112.840447, -7.47156 ], [ 112.8399, -7.467422 ], [ 112.839611, -7.46422 ], [ 112.83946, -7.46056 ], [ 112.839493, -7.457369 ], [ 112.839299, -7.455656 ], [ 112.838699, -7.453784 ], [ 112.838334, -7.452688 ], [ 112.838001, -7.450997 ], [ 112.837663, -7.447071 ], [ 112.837604, -7.445555 ], [ 112.837433, -7.444199 ], [ 112.837288, -7.442614 ], [ 112.837186, -7.44056 ], [ 112.837057, -7.437821 ], [ 112.837068, -7.435571 ], [ 112.837046, -7.433964 ], [ 112.836821, -7.432156 ], [ 112.836381, -7.430369 ], [ 112.835818, -7.428571 ], [ 112.835566, -7.427741 ], [ 112.835314, -7.427102 ], [ 112.83518, -7.426437 ], [ 112.835209, -7.425853 ], [ 112.835239, -7.425512 ], [ 112.835279, -7.425002 ], [ 112.835534, -7.424634 ], [ 112.835651, -7.423653 ] ] } },
{ "type": "Feature", "properties": { "wilayah": "SBY" }, "geometry": { "type": "LineString", "coordinates": [ [ 112.827377, -7.343843 ], [ 112.827065, -7.343749 ], [ 112.826856, -7.343671 ], [ 112.82617, -7.343356 ], [ 112.826037, -7.343196 ] ] } },
{ "type": "Feature", "properties": { "wilayah": "SBY" }, "geometry": { "type": "LineString", "coordinates": [ [ 112.733103, -6.926839 ], [ 112.733118, -6.926878 ], [ 112.733147, -6.926964 ], [ 112.733161, -6.927012 ], [ 112.733168, -6.927046 ], [ 112.733161, -6.927063 ], [ 112.733142, -6.927092 ], [ 112.733123, -6.927135 ], [ 112.733118, -6.927163 ], [ 112.733118, -6.927207 ], [ 112.733118, -6.927245 ], [ 112.733109, -6.927281 ], [ 112.733099, -6.927295 ], [ 112.733076, -6.92731 ], [ 112.733063, -6.927326 ], [ 112.733052, -6.927357 ], [ 112.733042, -6.927416 ], [ 112.733025, -6.9275 ], [ 112.73302, -6.92754 ], [ 112.733018, -6.927583 ] ] } },
{ "type": "Feature", "properties": { "wilayah": "SBY" }, "geometry": { "type": "LineString", "coordinates": [ [ 112.728623, -6.928257 ], [ 112.728626, -6.928194 ], [ 112.728632, -6.928155 ], [ 112.728639, -6.928121 ], [ 112.728647, -6.928084 ], [ 112.72865, -6.928062 ], [ 112.728651, -6.928008 ], [ 112.728649, -6.927967 ], [ 112.728645, -6.927933 ], [ 112.728639, -6.927896 ], [ 112.728623, -6.927853 ], [ 112.728607, -6.927817 ], [ 112.728581, -6.927772 ], [ 112.728542, -6.927714 ], [ 112.728508, -6.927676 ], [ 112.72848, -6.927646 ] ] } },
{ "type": "Feature", "properties": { "wilayah": "SBY" }, "geometry": { "type": "LineString", "coordinates": [ [ 112.727583, -6.926104 ], [ 112.727488, -6.926303 ] ] } },
{ "type": "Feature", "properties": { "wilayah": "SBY" }, "geometry": { "type": "LineString", "coordinates": [ [ 112.727669, -6.926258 ], [ 112.72766, -6.926222 ] ] } },
{ "type": "Feature", "properties": { "wilayah": "SBY" }, "geometry": { "type": "LineString", "coordinates": [ [ 112.733154, -6.926756 ], [ 112.733143, -6.926749 ], [ 112.73313, -6.926745 ], [ 112.733118, -6.926748 ], [ 112.733101, -6.926755 ], [ 112.733092, -6.926764 ], [ 112.733087, -6.926777 ], [ 112.733085, -6.926789 ], [ 112.733087, -6.926804 ], [ 112.733103, -6.926839 ] ] } },
{ "type": "Feature", "properties": { "wilayah": "SBY" }, "geometry": { "type": "LineString", "coordinates": [ [ 112.733237, -6.927473 ], [ 112.733201, -6.927094 ], [ 112.73318, -6.926878 ], [ 112.733171, -6.92679 ], [ 112.733168, -6.926775 ], [ 112.733162, -6.926764 ], [ 112.733154, -6.926756 ] ] } },
{ "type": "Feature", "properties": { "wilayah": "SBY" }, "geometry": { "type": "LineString", "coordinates": [ [ 112.730087, -6.926651 ], [ 112.730087, -6.926645 ], [ 112.730086, -6.926639 ], [ 112.730083, -6.926634 ], [ 112.73008, -6.926631 ], [ 112.730076, -6.926628 ], [ 112.730072, -6.926626 ], [ 112.73006, -6.926621 ], [ 112.730043, -6.926617 ], [ 112.730031, -6.926613 ], [ 112.730015, -6.926606 ], [ 112.729998, -6.926598 ], [ 112.729976, -6.926591 ], [ 112.729956, -6.926585 ], [ 112.729893, -6.926573 ], [ 112.729846, -6.926566 ], [ 112.729827, -6.926563 ], [ 112.729812, -6.926559 ], [ 112.729795, -6.926553 ], [ 112.72978, -6.926546 ], [ 112.729675, -6.926497 ], [ 112.729652, -6.926487 ], [ 112.729631, -6.92648 ], [ 112.729598, -6.926472 ], [ 112.729558, -6.926467 ], [ 112.729543, -6.926467 ], [ 112.72952, -6.926469 ], [ 112.7295, -6.926471 ], [ 112.72946, -6.926478 ] ] } },
{ "type": "Feature", "properties": { "wilayah": "SBY" }, "geometry": { "type": "LineString", "coordinates": [ [ 112.729913, -6.926703 ], [ 112.729941, -6.926709 ], [ 112.72996, -6.926711 ], [ 112.729979, -6.926711 ], [ 112.729997, -6.92671 ], [ 112.730019, -6.926708 ], [ 112.730051, -6.926703 ], [ 112.730065, -6.9267 ], [ 112.730076, -6.926697 ], [ 112.730083, -6.926693 ] ] } },
{ "type": "Feature", "properties": { "wilayah": "SBY" }, "geometry": { "type": "LineString", "coordinates": [ [ 112.729486, -6.926532 ], [ 112.729586, -6.926589 ], [ 112.729612, -6.926602 ], [ 112.72966, -6.926628 ], [ 112.729668, -6.926633 ], [ 112.729682, -6.926642 ], [ 112.729692, -6.926648 ], [ 112.729698, -6.926651 ], [ 112.729705, -6.926654 ], [ 112.72972, -6.926659 ], [ 112.729744, -6.926663 ], [ 112.729783, -6.926669 ] ] } },
{ "type": "Feature", "properties": { "wilayah": "SBY" }, "geometry": { "type": "LineString", "coordinates": [ [ 112.732139, -6.928017 ], [ 112.73212, -6.92802 ], [ 112.732099, -6.928025 ], [ 112.732058, -6.928033 ], [ 112.732041, -6.92804 ], [ 112.732029, -6.92805 ], [ 112.731992, -6.928097 ], [ 112.731983, -6.928115 ], [ 112.731981, -6.928126 ], [ 112.73198, -6.928158 ], [ 112.731982, -6.928183 ], [ 112.731979, -6.928199 ], [ 112.731968, -6.928227 ], [ 112.731955, -6.928235 ], [ 112.731911, -6.928256 ], [ 112.731896, -6.928267 ], [ 112.73188, -6.928285 ], [ 112.731871, -6.928304 ], [ 112.731866, -6.928333 ], [ 112.731865, -6.928342 ], [ 112.731861, -6.928352 ], [ 112.73185, -6.928367 ], [ 112.731827, -6.928385 ], [ 112.731804, -6.928396 ], [ 112.73177, -6.928406 ], [ 112.731709, -6.928422 ], [ 112.731685, -6.928427 ], [ 112.731664, -6.928439 ], [ 112.731651, -6.928457 ], [ 112.731641, -6.928476 ], [ 112.731632, -6.928487 ], [ 112.731615, -6.928489 ], [ 112.731575, -6.928481 ], [ 112.731546, -6.928466 ], [ 112.731541, -6.928457 ], [ 112.731539, -6.928424 ], [ 112.731545, -6.928376 ], [ 112.731547, -6.928324 ], [ 112.731544, -6.928256 ], [ 112.731534, -6.928201 ], [ 112.731531, -6.928163 ], [ 112.731533, -6.928155 ], [ 112.731547, -6.928132 ], [ 112.731559, -6.928109 ], [ 112.731563, -6.928083 ], [ 112.731558, -6.928055 ], [ 112.73155, -6.928008 ], [ 112.731548, -6.927988 ], [ 112.731548, -6.927967 ], [ 112.73156, -6.927929 ], [ 112.731602, -6.927824 ], [ 112.731616, -6.927787 ], [ 112.731621, -6.92776 ], [ 112.731622, -6.927723 ], [ 112.731621, -6.92766 ], [ 112.731622, -6.927622 ], [ 112.731626, -6.927596 ], [ 112.731636, -6.927577 ], [ 112.731682, -6.927535 ], [ 112.731707, -6.927508 ], [ 112.731721, -6.927483 ], [ 112.731725, -6.927438 ], [ 112.731724, -6.927411 ], [ 112.731712, -6.927385 ], [ 112.731709, -6.927364 ], [ 112.731725, -6.927327 ], [ 112.731735, -6.927295 ], [ 112.731734, -6.927263 ], [ 112.73173, -6.927236 ], [ 112.731727, -6.927221 ], [ 112.731734, -6.927193 ], [ 112.731743, -6.927166 ], [ 112.731754, -6.927144 ], [ 112.731762, -6.927122 ], [ 112.731763, -6.92709 ], [ 112.731761, -6.927069 ], [ 112.731754, -6.927049 ], [ 112.73175, -6.927008 ], [ 112.731752, -6.926973 ], [ 112.731765, -6.926925 ], [ 112.731776, -6.926889 ], [ 112.731781, -6.926854 ], [ 112.731775, -6.926805 ], [ 112.731767, -6.926792 ], [ 112.731749, -6.926788 ], [ 112.731733, -6.926793 ], [ 112.73172, -6.926804 ], [ 112.731716, -6.926822 ], [ 112.731714, -6.926853 ], [ 112.731717, -6.926879 ], [ 112.731722, -6.926906 ], [ 112.731722, -6.926929 ], [ 112.73172, -6.926961 ], [ 112.731718, -6.926975 ], [ 112.731709, -6.926989 ], [ 112.731699, -6.927003 ], [ 112.731689, -6.927018 ], [ 112.731679, -6.927041 ], [ 112.731667, -6.927091 ], [ 112.731665, -6.927123 ], [ 112.731667, -6.927148 ], [ 112.731669, -6.927182 ], [ 112.731663, -6.927211 ], [ 112.731656, -6.927231 ], [ 112.731641, -6.927269 ], [ 112.731631, -6.927315 ], [ 112.731626, -6.927371 ], [ 112.731619, -6.927411 ], [ 112.731597, -6.927485 ], [ 112.731575, -6.927537 ], [ 112.731564, -6.92758 ], [ 112.731554, -6.927624 ], [ 112.731544, -6.927674 ], [ 112.731541, -6.927704 ], [ 112.731541, -6.927739 ], [ 112.731539, -6.927784 ], [ 112.731536, -6.927823 ], [ 112.731523, -6.927899 ], [ 112.731507, -6.927979 ], [ 112.731498, -6.928001 ], [ 112.731479, -6.928017 ], [ 112.731467, -6.928031 ], [ 112.731459, -6.928055 ], [ 112.731462, -6.928083 ], [ 112.73147, -6.928118 ], [ 112.731478, -6.928155 ], [ 112.731481, -6.928176 ], [ 112.73148, -6.92819 ], [ 112.731472, -6.928202 ], [ 112.731444, -6.92821 ], [ 112.731404, -6.928226 ] ] } },
{ "type": "Feature", "properties": { "wilayah": "SBY" }, "geometry": { "type": "LineString", "coordinates": [ [ 112.731404, -6.928226 ], [ 112.731333, -6.928242 ], [ 112.731276, -6.928251 ], [ 112.731214, -6.928255 ], [ 112.731142, -6.928247 ], [ 112.731112, -6.92823 ], [ 112.731063, -6.928185 ], [ 112.731024, -6.928163 ], [ 112.730961, -6.928148 ], [ 112.730885, -6.928134 ], [ 112.730809, -6.928123 ], [ 112.730729, -6.928128 ], [ 112.730683, -6.928137 ], [ 112.730626, -6.928152 ], [ 112.730586, -6.928155 ], [ 112.730545, -6.928149 ], [ 112.730498, -6.928141 ], [ 112.73046, -6.928137 ], [ 112.730426, -6.928138 ], [ 112.730373, -6.928155 ], [ 112.730331, -6.928161 ], [ 112.730292, -6.92816 ], [ 112.730259, -6.928157 ], [ 112.730227, -6.928159 ], [ 112.730176, -6.928163 ], [ 112.730159, -6.928163 ], [ 112.730144, -6.928153 ], [ 112.730121, -6.928134 ], [ 112.7301, -6.928123 ], [ 112.730075, -6.928123 ], [ 112.730059, -6.928128 ], [ 112.730042, -6.928142 ], [ 112.730036, -6.928155 ], [ 112.730033, -6.92818 ], [ 112.730031, -6.928202 ], [ 112.730026, -6.928211 ], [ 112.730016, -6.928224 ], [ 112.729989, -6.928243 ], [ 112.729962, -6.928256 ], [ 112.729911, -6.928277 ], [ 112.729862, -6.9283 ], [ 112.729815, -6.928333 ], [ 112.729788, -6.928356 ], [ 112.729769, -6.928376 ], [ 112.729749, -6.928394 ], [ 112.729732, -6.928401 ], [ 112.729714, -6.928401 ], [ 112.729694, -6.928396 ], [ 112.72967, -6.928389 ], [ 112.729649, -6.928388 ], [ 112.729626, -6.928392 ], [ 112.729616, -6.9284 ], [ 112.729597, -6.928426 ], [ 112.729577, -6.928457 ], [ 112.729559, -6.928489 ], [ 112.729544, -6.92853 ], [ 112.729538, -6.928574 ], [ 112.729534, -6.928642 ], [ 112.729534, -6.928693 ], [ 112.729519, -6.928796 ] ] } },
{ "type": "Feature", "properties": { "wilayah": "SBY" }, "geometry": { "type": "LineString", "coordinates": [ [ 112.73127, -6.929381 ], [ 112.731654, -6.928779 ] ] } },
{ "type": "Feature", "properties": { "wilayah": "SBY" }, "geometry": { "type": "LineString", "coordinates": [ [ 112.729603, -6.928827 ], [ 112.730295, -6.929076 ] ] } },
{ "type": "Feature", "properties": { "wilayah": "SBY" }, "geometry": { "type": "LineString", "coordinates": [ [ 112.728229, -6.927081 ], [ 112.72824, -6.926986 ], [ 112.728242, -6.926949 ], [ 112.728238, -6.926901 ], [ 112.728234, -6.926879 ], [ 112.728228, -6.92686 ], [ 112.728208, -6.926812 ], [ 112.728185, -6.926768 ], [ 112.728162, -6.926728 ], [ 112.728134, -6.92669 ], [ 112.728103, -6.926658 ], [ 112.728059, -6.926623 ], [ 112.728009, -6.926593 ], [ 112.72796, -6.926572 ] ] } },
{ "type": "Feature", "properties": { "wilayah": "SBY" }, "geometry": { "type": "LineString", "coordinates": [ [ 112.72848, -6.927646 ], [ 112.728447, -6.92762 ], [ 112.728418, -6.9276 ], [ 112.728381, -6.92758 ] ] } },
{ "type": "Feature", "properties": { "wilayah": "SBY" }, "geometry": { "type": "LineString", "coordinates": [ [ 112.727488, -6.926303 ], [ 112.727041, -6.926514 ] ] } },
{ "type": "Feature", "properties": { "wilayah": "SBY" }, "geometry": { "type": "LineString", "coordinates": [ [ 112.727911, -6.928468 ], [ 112.727928, -6.928536 ], [ 112.727948, -6.92863 ], [ 112.727954, -6.928654 ], [ 112.72796, -6.928677 ], [ 112.727977, -6.928729 ], [ 112.727985, -6.928753 ], [ 112.727992, -6.928773 ], [ 112.728006, -6.928802 ], [ 112.728011, -6.928809 ], [ 112.728017, -6.928814 ], [ 112.728021, -6.928817 ], [ 112.728025, -6.928818 ] ] } },
{ "type": "Feature", "properties": { "wilayah": "SBY" }, "geometry": { "type": "LineString", "coordinates": [ [ 112.727542, -6.928456 ], [ 112.727911, -6.928468 ] ] } },
{ "type": "Feature", "properties": { "wilayah": "SBY" }, "geometry": { "type": "LineString", "coordinates": [ [ 112.728025, -6.928818 ], [ 112.728028, -6.928817 ], [ 112.728031, -6.928815 ], [ 112.728033, -6.928811 ], [ 112.728033, -6.928806 ], [ 112.728045, -6.928583 ], [ 112.728046, -6.928579 ], [ 112.728048, -6.928577 ], [ 112.72805, -6.928576 ], [ 112.728056, -6.928574 ], [ 112.728063, -6.928572 ], [ 112.728063, -6.928572 ], [ 112.728073, -6.928568 ], [ 112.72808, -6.928561 ], [ 112.728086, -6.928551 ], [ 112.728088, -6.928544 ], [ 112.728089, -6.928535 ], [ 112.728089, -6.928474 ] ] } },
{ "type": "Feature", "properties": { "wilayah": "SBY" }, "geometry": { "type": "LineString", "coordinates": [ [ 112.729519, -6.928796 ], [ 112.729603, -6.928827 ] ] } },
{ "type": "Feature", "properties": { "wilayah": "SBY" }, "geometry": { "type": "LineString", "coordinates": [ [ 112.731123, -6.929404 ], [ 112.731159, -6.929413 ], [ 112.731195, -6.92942 ], [ 112.731221, -6.929414 ], [ 112.73124, -6.92941 ], [ 112.731257, -6.929398 ], [ 112.73127, -6.929381 ] ] } },
{ "type": "Feature", "properties": { "wilayah": "SBY" }, "geometry": { "type": "LineString", "coordinates": [ [ 112.731654, -6.928779 ], [ 112.732139, -6.928017 ] ] } },
{ "type": "Feature", "properties": { "wilayah": "SBY" }, "geometry": { "type": "LineString", "coordinates": [ [ 112.733018, -6.927583 ], [ 112.733237, -6.927473 ] ] } },
{ "type": "Feature", "properties": { "wilayah": "SBY" }, "geometry": { "type": "LineString", "coordinates": [ [ 112.730083, -6.926693 ], [ 112.730086, -6.926688 ], [ 112.730086, -6.926682 ], [ 112.730087, -6.926673 ], [ 112.730087, -6.926651 ] ] } },
{ "type": "Feature", "properties": { "wilayah": "SBY" }, "geometry": { "type": "LineString", "coordinates": [ [ 112.729783, -6.926669 ], [ 112.729799, -6.926671 ], [ 112.72981, -6.926674 ], [ 112.72983, -6.92668 ], [ 112.729856, -6.926689 ], [ 112.729883, -6.926697 ], [ 112.729913, -6.926703 ] ] } },
{ "type": "Feature", "properties": { "wilayah": "SBY" }, "geometry": { "type": "LineString", "coordinates": [ [ 112.72946, -6.926478 ], [ 112.729456, -6.926479 ], [ 112.729454, -6.926482 ], [ 112.729453, -6.926485 ], [ 112.729453, -6.92649 ], [ 112.729454, -6.926495 ], [ 112.729456, -6.926502 ], [ 112.72946, -6.926509 ], [ 112.729464, -6.926515 ], [ 112.729471, -6.926522 ], [ 112.729486, -6.926532 ] ] } },
{ "type": "Feature", "properties": { "wilayah": "SBY" }, "geometry": { "type": "LineString", "coordinates": [ [ 112.727269, -6.928447 ], [ 112.727542, -6.928456 ] ] } },
{ "type": "Feature", "properties": { "wilayah": "SBY" }, "geometry": { "type": "LineString", "coordinates": [ [ 112.728246, -6.928479 ], [ 112.728458, -6.928486 ] ] } },
{ "type": "Feature", "properties": { "wilayah": "SBY" }, "geometry": { "type": "LineString", "coordinates": [ [ 112.726716, -6.926668 ], [ 112.726757, -6.926714 ], [ 112.727126, -6.927137 ] ] } },
{ "type": "Feature", "properties": { "wilayah": "SBY" }, "geometry": { "type": "LineString", "coordinates": [ [ 112.72766, -6.926222 ], [ 112.727629, -6.926158 ], [ 112.727615, -6.926137 ], [ 112.727583, -6.926104 ] ] } },
{ "type": "Feature", "properties": { "wilayah": "SBY" }, "geometry": { "type": "LineString", "coordinates": [ [ 112.728615, -6.928491 ], [ 112.728619, -6.928455 ], [ 112.728622, -6.92841 ], [ 112.728623, -6.928374 ], [ 112.728622, -6.928345 ], [ 112.728623, -6.928257 ] ] } },
{ "type": "Feature", "properties": { "wilayah": "SBY" }, "geometry": { "type": "LineString", "coordinates": [ [ 112.728458, -6.928486 ], [ 112.728615, -6.928491 ] ] } },
{ "type": "Feature", "properties": { "wilayah": "SBY" }, "geometry": { "type": "LineString", "coordinates": [ [ 112.728381, -6.92758 ], [ 112.728329, -6.92755 ], [ 112.728309, -6.927536 ], [ 112.728293, -6.927523 ], [ 112.728277, -6.9275 ], [ 112.728255, -6.927461 ], [ 112.72824, -6.927422 ], [ 112.728223, -6.927368 ], [ 112.728217, -6.927318 ], [ 112.728215, -6.927263 ], [ 112.728229, -6.927081 ] ] } },
{ "type": "Feature", "properties": { "wilayah": "SBY" }, "geometry": { "type": "LineString", "coordinates": [ [ 112.72796, -6.926572 ], [ 112.727923, -6.926559 ], [ 112.727866, -6.926545 ], [ 112.727807, -6.926527 ], [ 112.727784, -6.926514 ], [ 112.727765, -6.9265 ], [ 112.727743, -6.926481 ], [ 112.727723, -6.926461 ], [ 112.727696, -6.926424 ], [ 112.727684, -6.926406 ], [ 112.727678, -6.926389 ], [ 112.727673, -6.926372 ], [ 112.727671, -6.926357 ], [ 112.72767, -6.926312 ], [ 112.727669, -6.926258 ] ] } },
{ "type": "Feature", "properties": { "wilayah": "SBY" }, "geometry": { "type": "LineString", "coordinates": [ [ 112.727041, -6.926514 ], [ 112.726716, -6.926668 ] ] } },
{ "type": "Feature", "properties": { "wilayah": "SBY" }, "geometry": { "type": "LineString", "coordinates": [ [ 112.728089, -6.928474 ], [ 112.728246, -6.928479 ] ] } },
{ "type": "Feature", "properties": { "wilayah": "SBY" }, "geometry": { "type": "LineString", "coordinates": [ [ 112.78029, -7.1876 ], [ 112.780362, -7.187506 ], [ 112.780367, -7.187402 ], [ 112.780306, -7.187291 ], [ 112.779934, -7.187272 ], [ 112.779862, -7.187376 ], [ 112.779856, -7.18748 ], [ 112.779918, -7.187581 ], [ 112.78029, -7.1876 ] ] } },
{ "type": "Feature", "properties": { "wilayah": "SBY" }, "geometry": { "type": "LineString", "coordinates": [ [ 112.780543, -7.183699 ], [ 112.780614, -7.183605 ], [ 112.78062, -7.183501 ], [ 112.780559, -7.18339 ], [ 112.780186, -7.183371 ], [ 112.780114, -7.183474 ], [ 112.780109, -7.183579 ], [ 112.78017, -7.18368 ], [ 112.780543, -7.183699 ] ] } },
{ "type": "Feature", "properties": { "wilayah": "JPR" }, "geometry": { "type": "Polygon", "coordinates": [ [ [ 110.625406, -6.575757 ], [ 110.625413, -6.575765 ], [ 110.625507, -6.575842 ], [ 110.625574, -6.57587 ], [ 110.625656, -6.575879 ], [ 110.625723, -6.57586 ], [ 110.62586, -6.575811 ], [ 110.625904, -6.575784 ], [ 110.62595, -6.575767 ], [ 110.62599, -6.575762 ], [ 110.626015, -6.575765 ], [ 110.626038, -6.575781 ], [ 110.626056, -6.575815 ], [ 110.626083, -6.57586 ], [ 110.626124, -6.575902 ], [ 110.626179, -6.575939 ], [ 110.626258, -6.575977 ], [ 110.626313, -6.57598 ], [ 110.626386, -6.575965 ], [ 110.626449, -6.575964 ], [ 110.626519, -6.575984 ], [ 110.626608, -6.576035 ], [ 110.626709, -6.576092 ], [ 110.62687, -6.576176 ], [ 110.627016, -6.576239 ], [ 110.627185, -6.576299 ], [ 110.627375, -6.576369 ], [ 110.627587, -6.576503 ], [ 110.627782, -6.576641 ], [ 110.6279, -6.576758 ], [ 110.628021, -6.576881 ], [ 110.628135, -6.577047 ], [ 110.628196, -6.577135 ], [ 110.628304, -6.577303 ], [ 110.628435, -6.577455 ], [ 110.628572, -6.57758 ], [ 110.628706, -6.577666 ], [ 110.628816, -6.577721 ], [ 110.62895, -6.577767 ], [ 110.629116, -6.57782 ], [ 110.629296, -6.577892 ], [ 110.629537, -6.578001 ], [ 110.629752, -6.578084 ], [ 110.629883, -6.578101 ], [ 110.629981, -6.578092 ], [ 110.63004, -6.578057 ], [ 110.630075, -6.578007 ], [ 110.630123, -6.577948 ], [ 110.63022, -6.577892 ], [ 110.630314, -6.577847 ], [ 110.630528, -6.577739 ], [ 110.630676, -6.577695 ], [ 110.630807, -6.577665 ], [ 110.630873, -6.577646 ], [ 110.630902, -6.577642 ], [ 110.63092, -6.577636 ], [ 110.630939, -6.577633 ], [ 110.630973, -6.57764 ], [ 110.631011, -6.577649 ], [ 110.631037, -6.577663 ], [ 110.63105, -6.577675 ], [ 110.63106, -6.577684 ], [ 110.631078, -6.577688 ], [ 110.631098, -6.577684 ], [ 110.631121, -6.577667 ], [ 110.631134, -6.577646 ], [ 110.631154, -6.577616 ], [ 110.631165, -6.577577 ], [ 110.63117, -6.57753 ], [ 110.631167, -6.57749 ], [ 110.631151, -6.577446 ], [ 110.631126, -6.577384 ], [ 110.631096, -6.57733 ], [ 110.631066, -6.577285 ], [ 110.631025, -6.577242 ], [ 110.630989, -6.577209 ], [ 110.630947, -6.577177 ], [ 110.630901, -6.577145 ], [ 110.630878, -6.577132 ], [ 110.63119, -6.576935 ], [ 110.631204, -6.576957 ], [ 110.631225, -6.576944 ], [ 110.631197, -6.576901 ], [ 110.630861, -6.577113 ], [ 110.630852, -6.577106 ], [ 110.63084, -6.577093 ], [ 110.630827, -6.577071 ], [ 110.630812, -6.577026 ], [ 110.630805, -6.576971 ], [ 110.630798, -6.576902 ], [ 110.630771, -6.576753 ], [ 110.630754, -6.57662 ], [ 110.63074, -6.576461 ], [ 110.630746, -6.576339 ], [ 110.63074, -6.576247 ], [ 110.630746, -6.576143 ], [ 110.630739, -6.576019 ], [ 110.630727, -6.57589 ], [ 110.630695, -6.575804 ], [ 110.630605, -6.575682 ], [ 110.630472, -6.575519 ], [ 110.630272, -6.575307 ], [ 110.630141, -6.575159 ], [ 110.630081, -6.575078 ], [ 110.630039, -6.575001 ], [ 110.63002, -6.57492 ], [ 110.630014, -6.574841 ], [ 110.629985, -6.574738 ], [ 110.629948, -6.574673 ], [ 110.629901, -6.574543 ], [ 110.629881, -6.57444 ], [ 110.629882, -6.574342 ], [ 110.629887, -6.574232 ], [ 110.629908, -6.574155 ], [ 110.629922, -6.574091 ], [ 110.629921, -6.57403 ], [ 110.629903, -6.573988 ], [ 110.629843, -6.57396 ], [ 110.629727, -6.573934 ], [ 110.629592, -6.57392 ], [ 110.629427, -6.573897 ], [ 110.629257, -6.573873 ], [ 110.629076, -6.573823 ], [ 110.628837, -6.573791 ], [ 110.628631, -6.57377 ], [ 110.6284, -6.573743 ], [ 110.628153, -6.573671 ], [ 110.627869, -6.57361 ], [ 110.627708, -6.573597 ], [ 110.627457, -6.573607 ], [ 110.627292, -6.573635 ], [ 110.627127, -6.573671 ], [ 110.626973, -6.573699 ], [ 110.62684, -6.573709 ], [ 110.62673, -6.573705 ], [ 110.626592, -6.573711 ], [ 110.626465, -6.573718 ], [ 110.626323, -6.57373 ], [ 110.626218, -6.573742 ], [ 110.626131, -6.573723 ], [ 110.626093, -6.573702 ], [ 110.626067, -6.57367 ], [ 110.626067, -6.573645 ], [ 110.626073, -6.573619 ], [ 110.62608, -6.573589 ], [ 110.626069, -6.573554 ], [ 110.626055, -6.57353 ], [ 110.626025, -6.573505 ], [ 110.625962, -6.573493 ], [ 110.62588, -6.573511 ], [ 110.625821, -6.573578 ], [ 110.62579, -6.573669 ], [ 110.625786, -6.573751 ], [ 110.6258, -6.573815 ], [ 110.625798, -6.573879 ], [ 110.625777, -6.573968 ], [ 110.625675, -6.574124 ], [ 110.625517, -6.57433 ], [ 110.62535, -6.574508 ], [ 110.625188, -6.574664 ], [ 110.625141, -6.574697 ], [ 110.6251, -6.574719 ], [ 110.625037, -6.574748 ], [ 110.624987, -6.57477 ], [ 110.624937, -6.57481 ], [ 110.624913, -6.574862 ], [ 110.624909, -6.574912 ], [ 110.624911, -6.574962 ], [ 110.624921, -6.575029 ], [ 110.624966, -6.575207 ], [ 110.62504, -6.575377 ], [ 110.625125, -6.575493 ], [ 110.625218, -6.575583 ], [ 110.625325, -6.575674 ], [ 110.6254, -6.57575 ], [ 110.625406, -6.575757 ] ] ] } },
{ "type": "Feature", "properties": { "wilayah": "JPR" }, "geometry": { "type": "LineString", "coordinates": [ [ 110.975014, -6.410501 ], [ 110.974748, -6.410442 ], [ 110.97437, -6.410338 ], [ 110.974279, -6.410325 ], [ 110.974134, -6.410306 ], [ 110.974019, -6.41032 ], [ 110.973877, -6.410349 ], [ 110.973732, -6.410373 ], [ 110.973469, -6.410405 ], [ 110.973252, -6.41041 ], [ 110.973027, -6.410421 ], [ 110.972396, -6.410442 ], [ 110.971522, -6.410421 ], [ 110.970819, -6.410439 ], [ 110.970494, -6.410429 ], [ 110.970342, -6.410424 ], [ 110.970119, -6.410394 ], [ 110.96981, -6.410357 ], [ 110.969596, -6.410336 ], [ 110.969349, -6.410312 ], [ 110.96918, -6.410304 ], [ 110.969054, -6.410304 ], [ 110.968907, -6.410298 ], [ 110.96877, -6.410312 ], [ 110.968604, -6.41036 ], [ 110.967965, -6.410509 ], [ 110.967702, -6.410559 ], [ 110.967455, -6.410591 ], [ 110.966978, -6.410623 ], [ 110.966648, -6.41065 ], [ 110.966238, -6.410698 ], [ 110.965951, -6.410719 ], [ 110.96564, -6.41073 ], [ 110.964795, -6.410693 ], [ 110.964124, -6.410682 ], [ 110.963657, -6.410698 ], [ 110.963051, -6.410671 ], [ 110.962738, -6.410685 ], [ 110.962475, -6.410695 ], [ 110.962273, -6.410738 ], [ 110.962121, -6.41077 ], [ 110.96193, -6.410871 ], [ 110.961367, -6.411029 ], [ 110.961018, -6.411188 ], [ 110.960702, -6.411333 ], [ 110.960305, -6.411423 ], [ 110.959436, -6.411471 ], [ 110.957939, -6.411498 ], [ 110.957354, -6.411476 ], [ 110.956963, -6.411439 ], [ 110.956421, -6.411338 ], [ 110.955316, -6.411071 ], [ 110.954865, -6.411029 ], [ 110.954527, -6.410981 ], [ 110.952998, -6.411055 ], [ 110.952666, -6.411114 ], [ 110.952505, -6.411154 ], [ 110.952234, -6.411255 ], [ 110.952004, -6.411302 ], [ 110.951655, -6.411274 ], [ 110.951504, -6.41125 ], [ 110.951309, -6.411231 ], [ 110.951048, -6.411178 ], [ 110.950745, -6.411125 ], [ 110.95023, -6.411039 ], [ 110.948342, -6.410778 ], [ 110.947993, -6.410735 ], [ 110.947553, -6.41073 ], [ 110.947097, -6.410799 ], [ 110.946813, -6.410831 ], [ 110.946668, -6.410831 ], [ 110.943321, -6.409989 ], [ 110.942291, -6.409808 ], [ 110.941889, -6.409707 ], [ 110.94125, -6.409547 ], [ 110.940003, -6.409102 ], [ 110.93933, -6.408904 ], [ 110.939062, -6.408846 ], [ 110.938874, -6.408816 ], [ 110.938611, -6.408848 ], [ 110.938225, -6.408886 ], [ 110.937656, -6.408955 ], [ 110.936366, -6.409107 ], [ 110.935974, -6.409195 ], [ 110.935446, -6.409347 ], [ 110.935288, -6.409397 ], [ 110.93507, -6.409445 ], [ 110.93352, -6.409408 ], [ 110.933096, -6.409408 ], [ 110.93263, -6.409451 ], [ 110.932525, -6.409469 ], [ 110.932434, -6.409488 ], [ 110.932281, -6.409499 ], [ 110.932048, -6.409504 ], [ 110.93172, -6.409493 ], [ 110.931342, -6.409469 ], [ 110.931012, -6.409445 ], [ 110.930779, -6.409419 ], [ 110.930513, -6.4094 ], [ 110.92998, -6.409291 ], [ 110.929757, -6.40924 ], [ 110.929368, -6.409179 ], [ 110.929049, -6.409115 ], [ 110.928588, -6.409024 ], [ 110.928309, -6.408979 ], [ 110.928132, -6.408989 ], [ 110.927984, -6.409 ], [ 110.927889, -6.409001 ], [ 110.927744, -6.408942 ], [ 110.927619, -6.408878 ], [ 110.927485, -6.408814 ], [ 110.927324, -6.408728 ], [ 110.927158, -6.408646 ], [ 110.926681, -6.40843 ], [ 110.925581, -6.408046 ], [ 110.925042, -6.407857 ], [ 110.924511, -6.40766 ], [ 110.924106, -6.407513 ], [ 110.923926, -6.407438 ], [ 110.923701, -6.40734 ], [ 110.922875, -6.407006 ], [ 110.922655, -6.406926 ], [ 110.922483, -6.406857 ], [ 110.922274, -6.406777 ], [ 110.922067, -6.406692 ], [ 110.921836, -6.406588 ], [ 110.92138, -6.406409 ], [ 110.920793, -6.406201 ], [ 110.920651, -6.40614 ], [ 110.920487, -6.406044 ], [ 110.920318, -6.405914 ], [ 110.920235, -6.405811 ], [ 110.920212, -6.40578 ], [ 110.920191, -6.405718 ], [ 110.920203, -6.40556 ], [ 110.920231, -6.405297 ], [ 110.92023, -6.405253 ], [ 110.92022, -6.405228 ], [ 110.92021, -6.405217 ], [ 110.920188, -6.405207 ], [ 110.920157, -6.405207 ], [ 110.920128, -6.405216 ], [ 110.920108, -6.405217 ], [ 110.920082, -6.405217 ], [ 110.919996, -6.405204 ], [ 110.919897, -6.405175 ], [ 110.919549, -6.405055 ], [ 110.919347, -6.404973 ], [ 110.91916, -6.404885 ], [ 110.918908, -6.404719 ], [ 110.918874, -6.404683 ], [ 110.918851, -6.404619 ], [ 110.918843, -6.40456 ], [ 110.918858, -6.404494 ], [ 110.918893, -6.404423 ], [ 110.918932, -6.40437 ], [ 110.918953, -6.404328 ], [ 110.918972, -6.404273 ], [ 110.918981, -6.404209 ], [ 110.918964, -6.403925 ], [ 110.918948, -6.403699 ], [ 110.918921, -6.403579 ], [ 110.918889, -6.403501 ], [ 110.918806, -6.403392 ], [ 110.918342, -6.40288 ], [ 110.918207, -6.402774 ], [ 110.918063, -6.402704 ], [ 110.917918, -6.402683 ], [ 110.917754, -6.402691 ], [ 110.91762, -6.402747 ], [ 110.917524, -6.402832 ], [ 110.917462, -6.402944 ], [ 110.917416, -6.403136 ], [ 110.917387, -6.403427 ], [ 110.917365, -6.403723 ], [ 110.917309, -6.403933 ], [ 110.917245, -6.40408 ], [ 110.917124, -6.404189 ], [ 110.917011, -6.404258 ], [ 110.916789, -6.404333 ], [ 110.916628, -6.40436 ], [ 110.916459, -6.404365 ], [ 110.916217, -6.404357 ], [ 110.915989, -6.404328 ], [ 110.915686, -6.40429 ], [ 110.915549, -6.404306 ], [ 110.915464, -6.404357 ], [ 110.915401, -6.40443 ], [ 110.915297, -6.404567 ], [ 110.915134, -6.40477 ], [ 110.915024, -6.404879 ], [ 110.91489, -6.404933 ], [ 110.914712, -6.404989 ], [ 110.914552, -6.404997 ], [ 110.914262, -6.405013 ], [ 110.914021, -6.405034 ], [ 110.913549, -6.405106 ], [ 110.913071, -6.405197 ], [ 110.912132, -6.405271 ], [ 110.910711, -6.405239 ], [ 110.909649, -6.405106 ], [ 110.909029, -6.405045 ], [ 110.908723, -6.405026 ], [ 110.908517, -6.405039 ], [ 110.908321, -6.405085 ], [ 110.908104, -6.405178 ], [ 110.907852, -6.405298 ], [ 110.907696, -6.405362 ], [ 110.90746, -6.405405 ], [ 110.9065, -6.405437 ], [ 110.905915, -6.405437 ], [ 110.905266, -6.405383 ], [ 110.904746, -6.405303 ], [ 110.904029, -6.405122 ], [ 110.902256, -6.404589 ], [ 110.901682, -6.404453 ], [ 110.901379, -6.404384 ], [ 110.901253, -6.404378 ], [ 110.901165, -6.40441 ], [ 110.901076, -6.404482 ], [ 110.900964, -6.404629 ], [ 110.900848, -6.404765 ], [ 110.900668, -6.404895 ], [ 110.900467, -6.405005 ], [ 110.900223, -6.405103 ], [ 110.899947, -6.405186 ], [ 110.899695, -6.405293 ], [ 110.899293, -6.405463 ], [ 110.898877, -6.40557 ], [ 110.898019, -6.405751 ], [ 110.896329, -6.406133 ], [ 110.893051, -6.407014 ], [ 110.892174, -6.407225 ], [ 110.891696, -6.407348 ], [ 110.890868, -6.407643 ], [ 110.890203, -6.40787 ], [ 110.88984, -6.407998 ], [ 110.889537, -6.408105 ], [ 110.889253, -6.408219 ], [ 110.888599, -6.408486 ], [ 110.888121, -6.40863 ], [ 110.887676, -6.408752 ], [ 110.887011, -6.408859 ], [ 110.88605, -6.409008 ], [ 110.885536, -6.409083 ], [ 110.884527, -6.409189 ], [ 110.884087, -6.409184 ], [ 110.883366, -6.409166 ], [ 110.882236, -6.409019 ], [ 110.881668, -6.408923 ], [ 110.881086, -6.408827 ], [ 110.879989, -6.408544 ], [ 110.879703, -6.408466 ], [ 110.879184, -6.408366 ], [ 110.878736, -6.408302 ], [ 110.877746, -6.408259 ], [ 110.877414, -6.408246 ], [ 110.877143, -6.408179 ], [ 110.876923, -6.408105 ], [ 110.876706, -6.408046 ], [ 110.87655, -6.407993 ], [ 110.876392, -6.407931 ], [ 110.876215, -6.407883 ], [ 110.876019, -6.407838 ], [ 110.875786, -6.407777 ], [ 110.875217, -6.407657 ], [ 110.874895, -6.40763 ], [ 110.874766, -6.407641 ], [ 110.874628, -6.40767 ], [ 110.874581, -6.407711 ], [ 110.874522, -6.407785 ], [ 110.874388, -6.407953 ], [ 110.874257, -6.40811 ], [ 110.87412, -6.408235 ], [ 110.874042, -6.408286 ], [ 110.873814, -6.408358 ], [ 110.873637, -6.408409 ], [ 110.873176, -6.40847 ], [ 110.872808, -6.408459 ], [ 110.872004, -6.408502 ], [ 110.871679, -6.408555 ], [ 110.871301, -6.408638 ], [ 110.871003, -6.408664 ], [ 110.870753, -6.408705 ], [ 110.870435, -6.40872 ], [ 110.870231, -6.408702 ], [ 110.870056, -6.408678 ], [ 110.869851, -6.408639 ], [ 110.869418, -6.408568 ], [ 110.869123, -6.408539 ], [ 110.868723, -6.408504 ], [ 110.86841, -6.408475 ], [ 110.868026, -6.408491 ], [ 110.867782, -6.408464 ], [ 110.867532, -6.408422 ], [ 110.867288, -6.408368 ], [ 110.866969, -6.408299 ], [ 110.866165, -6.408033 ], [ 110.865558, -6.407883 ], [ 110.864404, -6.407456 ], [ 110.864008, -6.407233 ], [ 110.863434, -6.406886 ], [ 110.862914, -6.406572 ], [ 110.862694, -6.406471 ], [ 110.862538, -6.406449 ], [ 110.862281, -6.406476 ], [ 110.861911, -6.406572 ], [ 110.861562, -6.406631 ], [ 110.860881, -6.406631 ], [ 110.860285, -6.406556 ], [ 110.859599, -6.406444 ], [ 110.85881, -6.406263 ], [ 110.857973, -6.406092 ], [ 110.85778, -6.406087 ], [ 110.857587, -6.406161 ], [ 110.857367, -6.406289 ], [ 110.85712, -6.406503 ], [ 110.856814, -6.406716 ], [ 110.856578, -6.406886 ], [ 110.856208, -6.407094 ], [ 110.855881, -6.40727 ], [ 110.855151, -6.407537 ], [ 110.854561, -6.407697 ], [ 110.853585, -6.407926 ], [ 110.85293, -6.408011 ], [ 110.851579, -6.408097 ], [ 110.850323, -6.408059 ], [ 110.849556, -6.407985 ], [ 110.849031, -6.407889 ], [ 110.848532, -6.407745 ], [ 110.847907, -6.407505 ], [ 110.847585, -6.407372 ], [ 110.847429, -6.407358 ], [ 110.847303, -6.407388 ], [ 110.847212, -6.407452 ], [ 110.847091, -6.407572 ], [ 110.846901, -6.407803 ], [ 110.846745, -6.407939 ], [ 110.846531, -6.408065 ], [ 110.846091, -6.408182 ], [ 110.845667, -6.40824 ], [ 110.844932, -6.408235 ], [ 110.844289, -6.408182 ], [ 110.84358, -6.408118 ], [ 110.842974, -6.408011 ], [ 110.842556, -6.40791 ], [ 110.842121, -6.407814 ], [ 110.841751, -6.407723 ], [ 110.841392, -6.40759 ], [ 110.840866, -6.407374 ], [ 110.840678, -6.40727 ], [ 110.840555, -6.407217 ], [ 110.840469, -6.407153 ], [ 110.840364, -6.407006 ], [ 110.840279, -6.406913 ], [ 110.84023, -6.406889 ], [ 110.840177, -6.406892 ], [ 110.840139, -6.406913 ], [ 110.840112, -6.40698 ], [ 110.840118, -6.407068 ], [ 110.84019, -6.407254 ], [ 110.840265, -6.407388 ], [ 110.840346, -6.407611 ], [ 110.840348, -6.407726 ], [ 110.840329, -6.407801 ], [ 110.840265, -6.407881 ], [ 110.84008, -6.408019 ], [ 110.839847, -6.408174 ], [ 110.83964, -6.408187 ], [ 110.839031, -6.408211 ], [ 110.838879, -6.408182 ], [ 110.838787, -6.408121 ], [ 110.838726, -6.408019 ], [ 110.838581, -6.407553 ], [ 110.838449, -6.407158 ], [ 110.838412, -6.407068 ], [ 110.838355, -6.40702 ], [ 110.838272, -6.407006 ], [ 110.838184, -6.407012 ], [ 110.837921, -6.407086 ], [ 110.837736, -6.407148 ], [ 110.837494, -6.407201 ], [ 110.837386, -6.407238 ], [ 110.837527, -6.407313 ], [ 110.837634, -6.407388 ], [ 110.837702, -6.407468 ], [ 110.837751, -6.407569 ], [ 110.837878, -6.408078 ], [ 110.837886, -6.408181 ], [ 110.837886, -6.408251 ], [ 110.837871, -6.408334 ], [ 110.83783, -6.408438 ], [ 110.837773, -6.408515 ], [ 110.837704, -6.408575 ], [ 110.837635, -6.408627 ], [ 110.837523, -6.408675 ], [ 110.837423, -6.40869 ], [ 110.83736, -6.408687 ], [ 110.837305, -6.408671 ], [ 110.837284, -6.40865 ], [ 110.837271, -6.408623 ], [ 110.837276, -6.408568 ], [ 110.837316, -6.40848 ], [ 110.837418, -6.408272 ], [ 110.837437, -6.408207 ], [ 110.837437, -6.408163 ], [ 110.837421, -6.408106 ], [ 110.837354, -6.408042 ], [ 110.837254, -6.407975 ], [ 110.837033, -6.407878 ], [ 110.836749, -6.407785 ], [ 110.836641, -6.407753 ], [ 110.836491, -6.407755 ], [ 110.836346, -6.407785 ], [ 110.836223, -6.407859 ], [ 110.836097, -6.407969 ], [ 110.835947, -6.408089 ], [ 110.835756, -6.408267 ], [ 110.835582, -6.408438 ], [ 110.835311, -6.408856 ], [ 110.835102, -6.409147 ], [ 110.834909, -6.409432 ], [ 110.834767, -6.409616 ], [ 110.834654, -6.409736 ], [ 110.834466, -6.409866 ], [ 110.834343, -6.409962 ], [ 110.834211, -6.410069 ], [ 110.833973, -6.410349 ], [ 110.833203, -6.411202 ], [ 110.83235, -6.412028 ], [ 110.832049, -6.412295 ], [ 110.831599, -6.412702 ], [ 110.830902, -6.413286 ], [ 110.830462, -6.413595 ], [ 110.830183, -6.413801 ], [ 110.83, -6.41395 ], [ 110.829628, -6.414283 ], [ 110.828992, -6.41492 ], [ 110.82859, -6.415296 ], [ 110.828372, -6.415549 ], [ 110.827769, -6.416218 ], [ 110.827594, -6.416378 ], [ 110.827364, -6.416562 ], [ 110.826398, -6.417266 ], [ 110.825355, -6.418111 ], [ 110.824692, -6.418721 ], [ 110.824496, -6.418908 ], [ 110.824429, -6.418958 ], [ 110.824212, -6.419102 ], [ 110.823957, -6.41927 ], [ 110.823646, -6.419478 ], [ 110.82352, -6.419574 ], [ 110.823437, -6.419681 ], [ 110.823357, -6.419835 ], [ 110.823295, -6.41996 ], [ 110.823217, -6.420062 ], [ 110.823086, -6.420158 ], [ 110.822938, -6.42027 ], [ 110.822815, -6.420352 ], [ 110.822632, -6.420416 ], [ 110.822434, -6.42047 ], [ 110.8223, -6.42052 ], [ 110.82219, -6.4206 ], [ 110.82205, -6.420725 ], [ 110.821938, -6.420872 ], [ 110.82183, -6.421011 ], [ 110.82168, -6.421136 ], [ 110.821406, -6.421314 ], [ 110.820806, -6.421664 ], [ 110.81984, -6.422341 ], [ 110.81847, -6.423313 ], [ 110.81782, -6.423719 ], [ 110.817689, -6.423814 ], [ 110.817592, -6.423892 ], [ 110.817508, -6.423953 ], [ 110.817373, -6.424041 ], [ 110.817228, -6.424102 ], [ 110.816975, -6.424177 ], [ 110.816206, -6.424516 ], [ 110.815983, -6.42463 ], [ 110.815726, -6.424766 ], [ 110.815449, -6.424931 ], [ 110.815321, -6.424993 ], [ 110.814975, -6.425075 ], [ 110.814663, -6.425139 ], [ 110.814344, -6.425222 ], [ 110.814036, -6.42531 ], [ 110.813513, -6.425459 ], [ 110.812936, -6.425691 ], [ 110.812536, -6.425832 ], [ 110.812166, -6.426008 ], [ 110.811574, -6.426216 ], [ 110.811364, -6.426283 ], [ 110.811155, -6.426328 ], [ 110.810726, -6.426397 ], [ 110.810367, -6.426413 ], [ 110.810061, -6.426445 ], [ 110.809696, -6.426435 ], [ 110.809331, -6.426392 ], [ 110.809052, -6.426325 ], [ 110.808883, -6.426267 ], [ 110.808698, -6.426155 ], [ 110.808513, -6.42603 ], [ 110.80835, -6.425864 ], [ 110.808218, -6.425699 ], [ 110.808186, -6.425635 ], [ 110.808139, -6.425562 ], [ 110.808103, -6.425539 ], [ 110.808045, -6.425528 ], [ 110.807971, -6.425538 ], [ 110.807899, -6.425558 ], [ 110.807798, -6.425588 ], [ 110.807615, -6.42564 ], [ 110.80744, -6.425707 ], [ 110.80725, -6.42584 ], [ 110.807017, -6.42604 ], [ 110.806721, -6.426285 ], [ 110.806504, -6.426477 ], [ 110.806332, -6.426693 ], [ 110.806225, -6.426813 ], [ 110.806115, -6.426906 ], [ 110.805866, -6.427066 ], [ 110.805734, -6.427136 ], [ 110.805608, -6.427192 ], [ 110.805273, -6.427256 ], [ 110.804984, -6.42729 ], [ 110.804436, -6.427427 ], [ 110.804302, -6.427453 ], [ 110.804215, -6.427459 ], [ 110.80412, -6.427447 ], [ 110.804002, -6.427419 ], [ 110.803884, -6.427391 ], [ 110.803779, -6.42737 ], [ 110.803673, -6.427347 ], [ 110.80345, -6.427309 ], [ 110.803315, -6.427301 ], [ 110.803012, -6.427239 ], [ 110.802516, -6.427085 ], [ 110.802111, -6.426944 ], [ 110.80188, -6.42689 ], [ 110.801695, -6.426869 ], [ 110.801513, -6.426898 ], [ 110.801392, -6.426954 ], [ 110.801271, -6.427029 ], [ 110.801134, -6.427149 ], [ 110.800995, -6.427256 ], [ 110.800842, -6.427317 ], [ 110.800619, -6.427359 ], [ 110.800196, -6.427421 ], [ 110.799745, -6.427458 ], [ 110.799458, -6.42745 ], [ 110.799158, -6.427407 ], [ 110.798597, -6.427282 ], [ 110.798106, -6.427152 ], [ 110.797929, -6.427109 ], [ 110.797433, -6.426933 ], [ 110.79731, -6.426882 ], [ 110.797221, -6.42684 ], [ 110.797087, -6.426728 ], [ 110.796931, -6.426522 ], [ 110.796786, -6.426301 ], [ 110.796746, -6.426271 ], [ 110.79669, -6.426245 ], [ 110.796639, -6.42624 ], [ 110.796553, -6.426273 ], [ 110.796475, -6.426304 ], [ 110.796349, -6.426324 ], [ 110.796251, -6.426324 ], [ 110.796173, -6.426312 ], [ 110.796107, -6.426287 ], [ 110.796068, -6.426259 ], [ 110.796049, -6.426237 ], [ 110.796028, -6.426201 ], [ 110.796022, -6.426173 ], [ 110.796018, -6.426157 ], [ 110.796011, -6.426148 ], [ 110.796002, -6.426143 ], [ 110.795995, -6.426142 ], [ 110.795986, -6.426144 ], [ 110.795974, -6.426152 ], [ 110.795969, -6.426162 ], [ 110.79597, -6.426176 ], [ 110.795976, -6.426201 ], [ 110.795987, -6.42623 ], [ 110.79603, -6.426348 ], [ 110.796028, -6.42638 ], [ 110.796019, -6.426402 ], [ 110.795989, -6.426454 ], [ 110.795934, -6.426504 ], [ 110.795872, -6.426549 ], [ 110.795797, -6.426585 ], [ 110.795688, -6.42663 ], [ 110.795504, -6.426712 ], [ 110.795284, -6.426765 ], [ 110.795051, -6.426808 ], [ 110.794751, -6.426848 ], [ 110.794448, -6.42693 ], [ 110.794212, -6.427008 ], [ 110.79404, -6.42704 ], [ 110.79382, -6.42705 ], [ 110.793536, -6.427037 ], [ 110.792822, -6.427005 ], [ 110.792339, -6.426973 ], [ 110.791996, -6.426909 ], [ 110.791653, -6.426856 ], [ 110.791368, -6.426779 ], [ 110.791127, -6.426701 ], [ 110.790821, -6.426589 ], [ 110.790523, -6.426499 ], [ 110.790129, -6.426344 ], [ 110.789829, -6.426272 ], [ 110.789612, -6.426213 ], [ 110.789389, -6.42616 ], [ 110.789258, -6.426139 ], [ 110.788997, -6.426115 ], [ 110.788835, -6.426121 ], [ 110.788743, -6.426113 ], [ 110.788649, -6.426104 ], [ 110.788351, -6.426077 ], [ 110.788005, -6.426051 ], [ 110.787718, -6.425987 ], [ 110.78752, -6.425942 ], [ 110.787375, -6.425893 ], [ 110.787249, -6.425856 ], [ 110.787098, -6.425814 ], [ 110.786921, -6.425758 ], [ 110.786592, -6.425626 ], [ 110.786205, -6.425478 ], [ 110.786009, -6.425438 ], [ 110.785907, -6.425424 ], [ 110.785779, -6.425427 ], [ 110.785647, -6.425446 ], [ 110.785433, -6.425488 ], [ 110.785159, -6.425558 ], [ 110.784966, -6.425611 ], [ 110.784816, -6.425699 ], [ 110.784684, -6.42583 ], [ 110.784588, -6.425947 ], [ 110.784526, -6.426075 ], [ 110.784451, -6.426301 ], [ 110.784373, -6.426517 ], [ 110.784282, -6.426656 ], [ 110.7842, -6.426746 ], [ 110.784089, -6.426832 ], [ 110.783999, -6.426886 ], [ 110.783924, -6.42693 ], [ 110.783819, -6.426994 ], [ 110.783672, -6.427077 ], [ 110.783494, -6.427189 ], [ 110.78326, -6.427335 ], [ 110.782962, -6.42753 ], [ 110.782802, -6.42761 ], [ 110.782624, -6.427677 ], [ 110.782431, -6.427717 ], [ 110.782257, -6.427735 ], [ 110.782104, -6.427722 ], [ 110.78197, -6.427719 ], [ 110.78182, -6.42773 ], [ 110.78175, -6.427749 ], [ 110.781664, -6.427791 ], [ 110.781533, -6.427895 ], [ 110.781305, -6.428058 ], [ 110.781018, -6.428303 ], [ 110.780854, -6.428452 ], [ 110.780693, -6.428602 ], [ 110.780304, -6.428908 ], [ 110.780079, -6.429081 ], [ 110.779747, -6.429406 ], [ 110.779363, -6.429767 ], [ 110.77862, -6.430355 ], [ 110.778258, -6.430612 ], [ 110.778055, -6.430748 ], [ 110.777905, -6.43084 ], [ 110.777703, -6.430948 ], [ 110.777236, -6.431187 ], [ 110.776961, -6.431331 ], [ 110.776809, -6.431425 ], [ 110.776712, -6.4315 ], [ 110.776573, -6.431641 ], [ 110.7763, -6.43193 ], [ 110.776237, -6.431984 ], [ 110.776164, -6.432029 ], [ 110.776097, -6.432062 ], [ 110.776042, -6.432074 ], [ 110.775989, -6.43208 ], [ 110.775954, -6.432084 ], [ 110.77591, -6.4321 ], [ 110.775873, -6.432128 ], [ 110.775835, -6.43219 ], [ 110.775786, -6.43226 ], [ 110.775731, -6.43232 ], [ 110.775586, -6.432409 ], [ 110.775476, -6.432466 ], [ 110.7752, -6.432575 ], [ 110.774739, -6.432709 ], [ 110.774573, -6.432783 ], [ 110.774425, -6.432874 ], [ 110.774135, -6.433085 ], [ 110.773974, -6.433159 ], [ 110.77384, -6.433202 ], [ 110.773682, -6.433229 ], [ 110.7734, -6.433229 ], [ 110.773108, -6.433212 ], [ 110.772684, -6.433167 ], [ 110.772443, -6.433154 ], [ 110.772242, -6.433186 ], [ 110.771971, -6.433258 ], [ 110.771786, -6.433346 ], [ 110.771542, -6.433492 ], [ 110.771096, -6.433788 ], [ 110.77053, -6.434204 ], [ 110.769897, -6.434681 ], [ 110.769522, -6.434972 ], [ 110.769326, -6.435116 ], [ 110.768985, -6.435305 ], [ 110.768706, -6.435465 ], [ 110.768347, -6.435627 ], [ 110.7681, -6.435745 ], [ 110.767929, -6.435841 ], [ 110.767794, -6.435947 ], [ 110.76765, -6.436088 ], [ 110.767502, -6.436272 ], [ 110.767365, -6.436512 ], [ 110.767277, -6.43664 ], [ 110.767178, -6.436771 ], [ 110.767025, -6.436909 ], [ 110.766923, -6.436984 ], [ 110.766604, -6.437128 ], [ 110.765968, -6.437485 ], [ 110.765367, -6.437805 ], [ 110.765008, -6.437962 ], [ 110.763573, -6.438485 ], [ 110.763192, -6.438612 ], [ 110.762618, -6.438794 ], [ 110.762225, -6.438951 ], [ 110.762016, -6.439047 ], [ 110.761782, -6.43914 ], [ 110.761603, -6.439231 ], [ 110.761522, -6.439267 ], [ 110.761432, -6.439313 ], [ 110.761234, -6.4394 ], [ 110.761025, -6.439545 ], [ 110.760858, -6.439652 ], [ 110.760622, -6.439817 ], [ 110.760123, -6.440198 ], [ 110.759933, -6.440377 ], [ 110.759804, -6.440449 ], [ 110.759643, -6.440507 ], [ 110.759447, -6.440542 ], [ 110.759174, -6.440619 ], [ 110.759067, -6.440673 ], [ 110.758916, -6.440774 ], [ 110.758538, -6.441123 ], [ 110.758243, -6.441336 ], [ 110.757951, -6.441592 ], [ 110.757557, -6.441887 ], [ 110.757396, -6.441976 ], [ 110.757263, -6.442017 ], [ 110.757186, -6.442039 ], [ 110.757081, -6.442053 ], [ 110.757005, -6.442053 ], [ 110.756916, -6.442053 ], [ 110.756759, -6.442037 ], [ 110.75647, -6.442074 ], [ 110.756428, -6.442056 ], [ 110.756374, -6.442084 ], [ 110.756347, -6.442117 ], [ 110.756064, -6.442119 ], [ 110.755237, -6.44217 ], [ 110.754975, -6.442172 ], [ 110.754406, -6.442086 ], [ 110.754283, -6.442094 ], [ 110.754025, -6.44209 ], [ 110.753748, -6.442063 ], [ 110.753664, -6.442051 ], [ 110.753541, -6.442064 ], [ 110.753402, -6.442087 ], [ 110.75302, -6.442093 ], [ 110.75262, -6.442079 ], [ 110.752089, -6.442085 ], [ 110.751744, -6.442105 ], [ 110.751555, -6.442077 ], [ 110.751343, -6.442096 ], [ 110.75129, -6.442141 ], [ 110.751225, -6.442105 ], [ 110.75104, -6.442338 ], [ 110.750861, -6.442294 ], [ 110.750711, -6.442184 ], [ 110.750679, -6.442121 ], [ 110.750682, -6.442034 ], [ 110.750778, -6.441949 ], [ 110.750794, -6.441903 ], [ 110.750765, -6.441858 ], [ 110.750695, -6.44184 ], [ 110.750582, -6.441927 ], [ 110.750516, -6.442021 ], [ 110.750423, -6.442044 ], [ 110.750358, -6.442076 ], [ 110.750294, -6.442158 ], [ 110.750142, -6.442227 ], [ 110.750032, -6.442159 ], [ 110.749846, -6.441977 ], [ 110.749811, -6.441912 ], [ 110.749708, -6.441941 ], [ 110.749252, -6.442488 ], [ 110.749023, -6.442323 ], [ 110.749049, -6.44224 ], [ 110.749049, -6.442201 ], [ 110.749032, -6.442153 ], [ 110.749002, -6.442117 ], [ 110.748949, -6.442089 ], [ 110.748881, -6.442085 ], [ 110.748827, -6.442107 ], [ 110.748733, -6.442157 ], [ 110.748583, -6.442265 ], [ 110.748322, -6.442386 ], [ 110.748166, -6.442458 ], [ 110.747893, -6.442525 ], [ 110.747581, -6.442616 ], [ 110.747375, -6.442672 ], [ 110.747227, -6.44272 ], [ 110.746747, -6.442906 ], [ 110.746519, -6.443005 ], [ 110.746289, -6.443085 ], [ 110.745811, -6.443218 ], [ 110.744728, -6.443397 ], [ 110.744402, -6.443418 ], [ 110.744324, -6.443411 ], [ 110.744245, -6.443393 ], [ 110.743766, -6.443171 ], [ 110.743723, -6.443255 ], [ 110.743536, -6.443104 ], [ 110.743425, -6.44301 ], [ 110.743362, -6.442937 ], [ 110.743283, -6.442849 ], [ 110.743235, -6.442816 ], [ 110.743125, -6.442761 ], [ 110.743048, -6.442722 ] ] } },
{ "type": "Feature", "properties": { "wilayah": "JPR" }, "geometry": { "type": "LineString", "coordinates": [ [ 110.732164, -6.44526 ], [ 110.732074, -6.445278 ], [ 110.731958, -6.445292 ], [ 110.731887, -6.445293 ], [ 110.731802, -6.445281 ], [ 110.731445, -6.445204 ], [ 110.731068, -6.445078 ], [ 110.730832, -6.445005 ], [ 110.730658, -6.444959 ], [ 110.730582, -6.444951 ], [ 110.730524, -6.44496 ], [ 110.730478, -6.444989 ], [ 110.730443, -6.445021 ], [ 110.730295, -6.44519 ], [ 110.730134, -6.445348 ], [ 110.730032, -6.445436 ], [ 110.729822, -6.445534 ], [ 110.729675, -6.445563 ], [ 110.729015, -6.445641 ], [ 110.728624, -6.44571 ], [ 110.728425, -6.445769 ], [ 110.728245, -6.445851 ], [ 110.728044, -6.445958 ], [ 110.727253, -6.446294 ], [ 110.726556, -6.446624 ], [ 110.726006, -6.446867 ], [ 110.725271, -6.447181 ], [ 110.724882, -6.447312 ], [ 110.724431, -6.447421 ], [ 110.724182, -6.447488 ], [ 110.724053, -6.447541 ], [ 110.723444, -6.44793 ], [ 110.723071, -6.448197 ], [ 110.722766, -6.448455 ], [ 110.722074, -6.449116 ], [ 110.721701, -6.449503 ], [ 110.721559, -6.449671 ], [ 110.721376, -6.449921 ], [ 110.721269, -6.450033 ], [ 110.721178, -6.450116 ], [ 110.721054, -6.450204 ], [ 110.720778, -6.450342 ], [ 110.720657, -6.45042 ], [ 110.720561, -6.450497 ], [ 110.720282, -6.450745 ], [ 110.719322, -6.451536 ], [ 110.719061, -6.451776 ], [ 110.718917, -6.451875 ], [ 110.718793, -6.451944 ], [ 110.718356, -6.452077 ], [ 110.71823, -6.452144 ], [ 110.71801, -6.452336 ], [ 110.717761, -6.452594 ], [ 110.717356, -6.453122 ], [ 110.717251, -6.453293 ], [ 110.717144, -6.453562 ], [ 110.71709, -6.453716 ], [ 110.716957, -6.454169 ], [ 110.716943, -6.454291 ], [ 110.716955, -6.454345 ], [ 110.716972, -6.454388 ], [ 110.71701, -6.45444 ], [ 110.717032, -6.454529 ], [ 110.717035, -6.454595 ], [ 110.717026, -6.454647 ], [ 110.716943, -6.454775 ], [ 110.716859, -6.454873 ], [ 110.716763, -6.454942 ], [ 110.716382, -6.455086 ], [ 110.716146, -6.455217 ], [ 110.716047, -6.455278 ], [ 110.71598, -6.455358 ], [ 110.715741, -6.455675 ], [ 110.715636, -6.455801 ], [ 110.715443, -6.456003 ], [ 110.71539, -6.456099 ], [ 110.715349, -6.45624 ], [ 110.715293, -6.456363 ], [ 110.715073, -6.456651 ], [ 110.714759, -6.45708 ], [ 110.71466, -6.457205 ], [ 110.714565, -6.457293 ], [ 110.713976, -6.457589 ], [ 110.713912, -6.457642 ], [ 110.713874, -6.457692 ], [ 110.713865, -6.457732 ], [ 110.713854, -6.457794 ], [ 110.713845, -6.457908 ], [ 110.713829, -6.458031 ], [ 110.713662, -6.458527 ], [ 110.713533, -6.458975 ], [ 110.71339, -6.459337 ], [ 110.713556, -6.459419 ], [ 110.713528, -6.459596 ], [ 110.713515, -6.459788 ], [ 110.713512, -6.459996 ], [ 110.713544, -6.460241 ], [ 110.713542, -6.460419 ], [ 110.713474, -6.461203 ], [ 110.713373, -6.462034 ], [ 110.713341, -6.462323 ], [ 110.713265, -6.462663 ], [ 110.713255, -6.462922 ], [ 110.713271, -6.463034 ], [ 110.713308, -6.463175 ], [ 110.713313, -6.463292 ], [ 110.713289, -6.463482 ], [ 110.713228, -6.463639 ], [ 110.713155, -6.463796 ], [ 110.713096, -6.463977 ], [ 110.713061, -6.464228 ], [ 110.713032, -6.464319 ], [ 110.713013, -6.464359 ], [ 110.712925, -6.464478 ], [ 110.712841, -6.464582 ], [ 110.712782, -6.464684 ], [ 110.71271, -6.465017 ], [ 110.712675, -6.465331 ], [ 110.712664, -6.465478 ], [ 110.712686, -6.465648 ], [ 110.712745, -6.465742 ], [ 110.71279, -6.465794 ], [ 110.712978, -6.46592 ], [ 110.713281, -6.466153 ], [ 110.713324, -6.466123 ], [ 110.713516, -6.466305 ], [ 110.71361, -6.466441 ], [ 110.713869, -6.46685 ], [ 110.713898, -6.467013 ], [ 110.713901, -6.467096 ], [ 110.713887, -6.467298 ], [ 110.713853, -6.467511 ], [ 110.713745, -6.468055 ], [ 110.713673, -6.468314 ], [ 110.713552, -6.468657 ], [ 110.713373, -6.468996 ], [ 110.713252, -6.469201 ], [ 110.712981, -6.46962 ], [ 110.712938, -6.469673 ], [ 110.712828, -6.469835 ], [ 110.712733, -6.469999 ], [ 110.712512, -6.470352 ], [ 110.712418, -6.470496 ], [ 110.71231, -6.470624 ], [ 110.712225, -6.470739 ], [ 110.712031, -6.471037 ], [ 110.711632, -6.471621 ], [ 110.711275, -6.472069 ], [ 110.711138, -6.472229 ], [ 110.71098, -6.472447 ], [ 110.710763, -6.472762 ], [ 110.71054, -6.473012 ], [ 110.710138, -6.473449 ], [ 110.710041, -6.473537 ], [ 110.709695, -6.473897 ], [ 110.709237, -6.474393 ], [ 110.708901, -6.474722 ], [ 110.708609, -6.474974 ], [ 110.708247, -6.475216 ], [ 110.708003, -6.475363 ], [ 110.707574, -6.475517 ], [ 110.707489, -6.475537 ], [ 110.707425, -6.475545 ], [ 110.707356, -6.475541 ], [ 110.707127, -6.475544 ], [ 110.70688, -6.475538 ], [ 110.706719, -6.475583 ], [ 110.706593, -6.475615 ], [ 110.706514, -6.475617 ], [ 110.706313, -6.475611 ], [ 110.706171, -6.475597 ], [ 110.706027, -6.475551 ], [ 110.705775, -6.47544 ], [ 110.705641, -6.475391 ], [ 110.705571, -6.475356 ], [ 110.705523, -6.475324 ], [ 110.705448, -6.475236 ], [ 110.705402, -6.475134 ], [ 110.705377, -6.475042 ], [ 110.705335, -6.474944 ], [ 110.705228, -6.474771 ], [ 110.705198, -6.474748 ], [ 110.705117, -6.474714 ], [ 110.705015, -6.47465 ], [ 110.704961, -6.474601 ], [ 110.704902, -6.474506 ], [ 110.704863, -6.474427 ], [ 110.704831, -6.47439 ], [ 110.704788, -6.474363 ], [ 110.704714, -6.474351 ], [ 110.704655, -6.474353 ], [ 110.704489, -6.47441 ], [ 110.704359, -6.474442 ], [ 110.704289, -6.474453 ], [ 110.704147, -6.47445 ], [ 110.703992, -6.474418 ], [ 110.703782, -6.474365 ], [ 110.703697, -6.474363 ], [ 110.70364, -6.474379 ], [ 110.703577, -6.47441 ], [ 110.703507, -6.474466 ], [ 110.703302, -6.474594 ], [ 110.702802, -6.47487 ], [ 110.702614, -6.475016 ], [ 110.702544, -6.475128 ], [ 110.702485, -6.475307 ], [ 110.702445, -6.475552 ], [ 110.702402, -6.475669 ], [ 110.702276, -6.475891 ], [ 110.70204, -6.476322 ], [ 110.701911, -6.476506 ], [ 110.701651, -6.476805 ], [ 110.701472, -6.476951 ], [ 110.701356, -6.477036 ], [ 110.701252, -6.47714 ], [ 110.70112, -6.477346 ], [ 110.700919, -6.477673 ], [ 110.700471, -6.478206 ], [ 110.700367, -6.478361 ], [ 110.700316, -6.478473 ], [ 110.700273, -6.47863 ], [ 110.700214, -6.479051 ], [ 110.700179, -6.479216 ], [ 110.700141, -6.479342 ], [ 110.700072, -6.479451 ], [ 110.699967, -6.479571 ], [ 110.699873, -6.479651 ], [ 110.699758, -6.479715 ], [ 110.699607, -6.479742 ], [ 110.699363, -6.479771 ], [ 110.698988, -6.479853 ], [ 110.698838, -6.479894 ], [ 110.69876, -6.479931 ], [ 110.698671, -6.479997 ], [ 110.698355, -6.48033 ], [ 110.697191, -6.481636 ], [ 110.696952, -6.481946 ], [ 110.696703, -6.482329 ], [ 110.696515, -6.48259 ], [ 110.696139, -6.48306 ], [ 110.695876, -6.483361 ], [ 110.695581, -6.483747 ], [ 110.695504, -6.48392 ], [ 110.695469, -6.484051 ], [ 110.695439, -6.484299 ], [ 110.695369, -6.484757 ], [ 110.695324, -6.48501 ], [ 110.695268, -6.48521 ], [ 110.695128, -6.485431 ], [ 110.69504, -6.485549 ], [ 110.694758, -6.485794 ], [ 110.6946, -6.485868 ], [ 110.694301, -6.485958 ], [ 110.694236, -6.485964 ], [ 110.694164, -6.485959 ], [ 110.694067, -6.485943 ], [ 110.693963, -6.485918 ], [ 110.6939, -6.485915 ], [ 110.69386, -6.485926 ], [ 110.693818, -6.485961 ], [ 110.693793, -6.486014 ], [ 110.693786, -6.48604 ], [ 110.693785, -6.486055 ], [ 110.69379, -6.48607 ], [ 110.693809, -6.486083 ], [ 110.694012, -6.486136 ], [ 110.694114, -6.486156 ], [ 110.694147, -6.486175 ], [ 110.69416, -6.486192 ], [ 110.694169, -6.486223 ], [ 110.694174, -6.486262 ], [ 110.694169, -6.486293 ], [ 110.694128, -6.486374 ], [ 110.694115, -6.486389 ], [ 110.694098, -6.486401 ], [ 110.694083, -6.486403 ], [ 110.69406, -6.4864 ], [ 110.693995, -6.486376 ], [ 110.69385, -6.486356 ], [ 110.69376, -6.486338 ], [ 110.693496, -6.486268 ], [ 110.692333, -6.48618 ], [ 110.69221, -6.486202 ], [ 110.692089, -6.486252 ], [ 110.691944, -6.486375 ], [ 110.691767, -6.486559 ], [ 110.691333, -6.487014 ], [ 110.69096, -6.487318 ], [ 110.690796, -6.487412 ], [ 110.690582, -6.487486 ], [ 110.690327, -6.487542 ], [ 110.690182, -6.487588 ], [ 110.690064, -6.487675 ], [ 110.689968, -6.487777 ], [ 110.689887, -6.487899 ], [ 110.689804, -6.488139 ], [ 110.68963, -6.488478 ], [ 110.689603, -6.488576 ], [ 110.689597, -6.488771 ], [ 110.689605, -6.488917 ], [ 110.689638, -6.489064 ], [ 110.689764, -6.489394 ], [ 110.689788, -6.48953 ], [ 110.68974, -6.490476 ], [ 110.689744, -6.491187 ], [ 110.689758, -6.491305 ], [ 110.689779, -6.49134 ], [ 110.68982, -6.491381 ], [ 110.690091, -6.491612 ], [ 110.690252, -6.491741 ], [ 110.690437, -6.491875 ], [ 110.690524, -6.491987 ], [ 110.690544, -6.492047 ], [ 110.690554, -6.492121 ], [ 110.690547, -6.492213 ], [ 110.690523, -6.492344 ], [ 110.690472, -6.492731 ], [ 110.690469, -6.492802 ], [ 110.690477, -6.492856 ], [ 110.690563, -6.493039 ], [ 110.690633, -6.493295 ], [ 110.690656, -6.493347 ], [ 110.690684, -6.493391 ], [ 110.690772, -6.49345 ], [ 110.690928, -6.493537 ], [ 110.69103, -6.493601 ], [ 110.691074, -6.49364 ], [ 110.691116, -6.49369 ], [ 110.691362, -6.494037 ], [ 110.691446, -6.494146 ], [ 110.691531, -6.494294 ], [ 110.691577, -6.49441 ], [ 110.691598, -6.494503 ], [ 110.691614, -6.494666 ], [ 110.691604, -6.49502 ], [ 110.691604, -6.495455 ], [ 110.691582, -6.49582 ], [ 110.691545, -6.496166 ], [ 110.691435, -6.496655 ], [ 110.691428, -6.496754 ], [ 110.691433, -6.496835 ], [ 110.691472, -6.496948 ], [ 110.691515, -6.497023 ], [ 110.691532, -6.497044 ], [ 110.691541, -6.497082 ], [ 110.691541, -6.49712 ], [ 110.691535, -6.497165 ], [ 110.691513, -6.497249 ], [ 110.691338, -6.497621 ], [ 110.691166, -6.497928 ], [ 110.691022, -6.498088 ], [ 110.69067, -6.498389 ], [ 110.690332, -6.498647 ], [ 110.689909, -6.498948 ], [ 110.689117, -6.499417 ], [ 110.68853, -6.499665 ], [ 110.688227, -6.499772 ], [ 110.687929, -6.499822 ], [ 110.687658, -6.499849 ], [ 110.687253, -6.499808 ], [ 110.687091, -6.499765 ], [ 110.686973, -6.499712 ], [ 110.686911, -6.499672 ], [ 110.686823, -6.499595 ], [ 110.686509, -6.499176 ], [ 110.686443, -6.499119 ], [ 110.68606, -6.498886 ], [ 110.685991, -6.498814 ], [ 110.685924, -6.498707 ], [ 110.685731, -6.498338 ], [ 110.685636, -6.498213 ], [ 110.685263, -6.497816 ], [ 110.685191, -6.497723 ], [ 110.685013, -6.497371 ], [ 110.684949, -6.497285 ], [ 110.684831, -6.4972 ], [ 110.684499, -6.497072 ], [ 110.684, -6.496912 ], [ 110.682707, -6.496635 ], [ 110.681804, -6.496484 ], [ 110.681065, -6.496294 ], [ 110.680566, -6.496209 ], [ 110.68018, -6.496161 ], [ 110.679933, -6.496139 ], [ 110.679467, -6.496166 ], [ 110.67893, -6.496235 ], [ 110.678485, -6.496235 ], [ 110.677798, -6.496278 ], [ 110.677149, -6.496267 ], [ 110.67687, -6.496267 ], [ 110.676532, -6.496315 ], [ 110.676355, -6.496379 ], [ 110.676114, -6.496449 ], [ 110.67573, -6.496611 ], [ 110.675207, -6.496848 ], [ 110.674877, -6.496992 ], [ 110.674762, -6.497064 ], [ 110.674682, -6.497107 ], [ 110.674513, -6.497198 ], [ 110.674226, -6.497424 ], [ 110.673939, -6.497592 ], [ 110.673509, -6.497832 ], [ 110.67271, -6.498218 ], [ 110.672201, -6.498434 ], [ 110.67202, -6.498467 ], [ 110.671971, -6.498489 ], [ 110.671954, -6.498519 ], [ 110.671944, -6.498559 ], [ 110.67195, -6.49861 ], [ 110.671967, -6.498646 ], [ 110.672024, -6.498685 ], [ 110.67212, -6.498733 ], [ 110.67267, -6.499052 ], [ 110.673046, -6.499452 ], [ 110.673155, -6.499647 ], [ 110.673236, -6.499844 ], [ 110.673284, -6.499985 ], [ 110.673298, -6.500057 ], [ 110.673319, -6.50043 ], [ 110.673314, -6.500662 ], [ 110.673289, -6.500916 ], [ 110.673308, -6.501435 ], [ 110.673303, -6.501989 ], [ 110.67329, -6.502128 ], [ 110.673263, -6.502256 ], [ 110.673215, -6.502402 ], [ 110.673126, -6.502538 ], [ 110.673003, -6.502658 ], [ 110.672817, -6.502813 ], [ 110.67253, -6.50301 ], [ 110.672303, -6.503138 ], [ 110.672104, -6.503234 ], [ 110.671924, -6.50329 ], [ 110.671643, -6.503346 ], [ 110.671367, -6.503367 ], [ 110.671101, -6.503368 ], [ 110.670968, -6.503344 ], [ 110.670876, -6.503318 ], [ 110.670835, -6.503292 ], [ 110.670805, -6.503252 ], [ 110.670779, -6.503186 ], [ 110.670758, -6.503148 ], [ 110.670727, -6.503115 ], [ 110.670684, -6.503098 ], [ 110.670092, -6.503012 ], [ 110.669645, -6.502962 ], [ 110.669465, -6.502922 ], [ 110.669301, -6.502877 ], [ 110.669151, -6.502802 ], [ 110.669003, -6.502717 ], [ 110.668797, -6.502586 ], [ 110.668416, -6.502388 ], [ 110.668358, -6.502374 ], [ 110.668121, -6.502374 ], [ 110.668011, -6.502338 ], [ 110.667657, -6.502181 ], [ 110.667981, -6.501656 ], [ 110.668008, -6.501557 ], [ 110.668006, -6.50148 ], [ 110.667987, -6.501384 ], [ 110.667936, -6.501302 ], [ 110.667842, -6.501222 ], [ 110.66774, -6.501182 ], [ 110.667662, -6.501187 ], [ 110.667525, -6.501227 ], [ 110.667244, -6.50136 ], [ 110.667056, -6.501483 ], [ 110.666574, -6.501819 ], [ 110.66583, -6.502253 ], [ 110.665647, -6.502346 ], [ 110.665439, -6.502408 ], [ 110.665299, -6.502432 ], [ 110.665157, -6.502418 ], [ 110.665007, -6.502394 ], [ 110.664784, -6.502336 ], [ 110.664602, -6.502264 ], [ 110.664513, -6.502234 ], [ 110.664479, -6.502213 ], [ 110.66447, -6.502176 ], [ 110.664476, -6.502117 ], [ 110.664519, -6.502048 ], [ 110.664623, -6.501925 ], [ 110.664824, -6.501728 ], [ 110.6649, -6.501675 ], [ 110.665057, -6.501609 ], [ 110.665159, -6.501545 ], [ 110.665187, -6.501507 ], [ 110.665199, -6.501475 ], [ 110.665199, -6.501448 ], [ 110.66518, -6.501424 ], [ 110.665125, -6.501408 ], [ 110.665024, -6.501408 ], [ 110.664933, -6.501424 ], [ 110.664845, -6.501461 ], [ 110.66469, -6.501629 ], [ 110.664143, -6.502293 ], [ 110.664057, -6.502445 ], [ 110.663982, -6.502679 ], [ 110.663945, -6.502911 ], [ 110.663886, -6.503159 ], [ 110.663845, -6.503433 ], [ 110.663864, -6.503527 ], [ 110.66391, -6.503673 ], [ 110.663974, -6.503812 ], [ 110.664014, -6.503852 ], [ 110.664052, -6.503868 ], [ 110.664194, -6.503879 ], [ 110.66447, -6.503844 ], [ 110.664645, -6.503857 ], [ 110.664822, -6.503913 ], [ 110.664916, -6.503977 ], [ 110.664993, -6.504068 ], [ 110.665042, -6.504172 ], [ 110.665071, -6.504241 ], [ 110.665098, -6.504356 ], [ 110.665104, -6.504457 ], [ 110.665044, -6.504809 ], [ 110.665044, -6.504926 ], [ 110.665061, -6.50504 ], [ 110.665168, -6.505331 ], [ 110.665224, -6.505528 ], [ 110.665299, -6.505827 ], [ 110.665366, -6.506245 ], [ 110.665396, -6.506647 ], [ 110.665417, -6.506845 ], [ 110.66546, -6.507047 ], [ 110.665659, -6.507629 ], [ 110.666249, -6.50912 ], [ 110.666348, -6.50927 ], [ 110.666439, -6.509363 ], [ 110.666788, -6.509611 ], [ 110.667193, -6.509869 ], [ 110.667467, -6.510064 ], [ 110.667619, -6.510197 ], [ 110.668067, -6.510671 ], [ 110.668544, -6.511109 ], [ 110.668743, -6.511311 ], [ 110.668794, -6.511352 ], [ 110.66883, -6.511363 ], [ 110.668884, -6.511356 ], [ 110.669021, -6.511286 ], [ 110.669119, -6.511191 ], [ 110.669285, -6.510983 ], [ 110.669384, -6.510909 ], [ 110.669497, -6.510863 ], [ 110.669682, -6.510845 ], [ 110.66977, -6.510863 ], [ 110.669854, -6.510925 ], [ 110.669964, -6.511074 ], [ 110.670025, -6.51113 ], [ 110.670098, -6.511186 ], [ 110.670876, -6.51157 ], [ 110.671254, -6.511764 ], [ 110.671755, -6.511937 ], [ 110.671887, -6.512009 ], [ 110.672085, -6.512268 ], [ 110.672155, -6.512324 ], [ 110.672281, -6.512385 ], [ 110.672482, -6.512412 ], [ 110.673008, -6.512433 ], [ 110.673131, -6.512478 ], [ 110.673257, -6.512566 ], [ 110.673442, -6.512723 ], [ 110.673676, -6.512793 ], [ 110.673998, -6.512846 ], [ 110.67418, -6.51283 ], [ 110.674285, -6.51279 ], [ 110.674459, -6.512646 ], [ 110.674553, -6.5125 ], [ 110.674623, -6.512313 ], [ 110.674682, -6.512126 ], [ 110.674757, -6.512025 ], [ 110.674872, -6.511953 ], [ 110.675004, -6.511932 ], [ 110.675154, -6.511959 ], [ 110.675384, -6.512033 ], [ 110.675776, -6.512177 ], [ 110.67606, -6.512374 ], [ 110.676302, -6.51255 ], [ 110.676396, -6.512625 ], [ 110.676527, -6.512673 ], [ 110.67664, -6.512678 ], [ 110.676806, -6.512662 ], [ 110.677015, -6.512577 ], [ 110.677208, -6.512478 ], [ 110.677707, -6.512172 ], [ 110.677847, -6.512094 ], [ 110.677973, -6.512012 ], [ 110.678179, -6.511847 ], [ 110.678305, -6.511791 ], [ 110.678426, -6.511764 ], [ 110.678705, -6.511772 ], [ 110.678874, -6.511812 ], [ 110.679086, -6.511905 ], [ 110.679697, -6.512209 ], [ 110.679936, -6.512305 ], [ 110.68022, -6.512406 ], [ 110.68044, -6.512508 ], [ 110.680566, -6.512575 ], [ 110.680749, -6.51271 ], [ 110.680993, -6.512985 ], [ 110.681237, -6.513246 ], [ 110.681312, -6.513296 ], [ 110.68147, -6.513358 ], [ 110.681816, -6.513446 ], [ 110.682004, -6.513515 ], [ 110.682122, -6.51359 ], [ 110.682264, -6.513717 ], [ 110.682396, -6.513872 ], [ 110.682481, -6.514013 ], [ 110.682562, -6.514266 ], [ 110.682712, -6.514781 ], [ 110.68286, -6.51545 ], [ 110.682972, -6.515788 ], [ 110.683018, -6.515983 ], [ 110.68305, -6.516174 ], [ 110.683074, -6.516667 ], [ 110.683085, -6.516769 ], [ 110.683128, -6.516958 ], [ 110.683171, -6.517254 ], [ 110.683179, -6.517539 ], [ 110.6832, -6.517947 ], [ 110.683233, -6.518253 ], [ 110.683243, -6.518552 ], [ 110.683216, -6.519143 ], [ 110.6832, -6.519777 ], [ 110.683034, -6.521419 ], [ 110.68297, -6.521824 ], [ 110.682889, -6.522282 ], [ 110.682599, -6.523604 ], [ 110.682476, -6.524126 ], [ 110.68235, -6.524569 ], [ 110.68222, -6.524984 ], [ 110.681567, -6.526695 ], [ 110.681462, -6.52698 ], [ 110.681419, -6.527114 ], [ 110.681406, -6.527256 ], [ 110.681358, -6.527435 ], [ 110.681277, -6.527651 ], [ 110.681145, -6.528111 ], [ 110.6811, -6.528288 ], [ 110.680997, -6.528582 ], [ 110.68057, -6.529425 ], [ 110.679666, -6.530896 ], [ 110.678439, -6.532614 ], [ 110.677244, -6.533857 ], [ 110.675982, -6.534785 ], [ 110.6754, -6.535148 ], [ 110.675054, -6.535375 ], [ 110.674377, -6.535703 ], [ 110.673555, -6.535953 ], [ 110.672938, -6.536118 ], [ 110.672278, -6.536198 ], [ 110.671806, -6.536206 ], [ 110.671374, -6.536187 ], [ 110.67116, -6.536161 ], [ 110.670999, -6.536123 ], [ 110.670264, -6.535886 ], [ 110.669993, -6.535782 ], [ 110.66987, -6.535716 ], [ 110.669821, -6.535646 ], [ 110.669797, -6.535569 ], [ 110.669797, -6.535489 ], [ 110.669859, -6.535303 ], [ 110.669398, -6.534999 ], [ 110.669046, -6.534836 ], [ 110.66892, -6.534764 ], [ 110.668826, -6.53465 ], [ 110.668765, -6.534562 ], [ 110.668539, -6.533805 ], [ 110.668507, -6.533733 ], [ 110.668486, -6.533645 ], [ 110.668504, -6.533464 ], [ 110.668509, -6.533356 ], [ 110.668486, -6.533312 ], [ 110.668442, -6.533279 ], [ 110.668405, -6.53326 ], [ 110.668293, -6.533232 ], [ 110.668024, -6.533192 ], [ 110.667802, -6.533165 ], [ 110.667064, -6.533099 ], [ 110.666887, -6.533075 ], [ 110.666758, -6.53303 ], [ 110.666485, -6.532899 ], [ 110.666053, -6.53271 ], [ 110.665718, -6.532604 ], [ 110.665407, -6.532485 ], [ 110.665284, -6.532791 ], [ 110.6652, -6.53293 ], [ 110.665089, -6.533099 ], [ 110.665031, -6.533209 ], [ 110.664992, -6.533305 ], [ 110.664975, -6.533404 ], [ 110.664969, -6.533505 ], [ 110.664972, -6.533629 ], [ 110.665023, -6.533986 ], [ 110.665128, -6.534355 ], [ 110.665203, -6.534664 ], [ 110.66523, -6.53475 ], [ 110.665248, -6.5348 ], [ 110.665274, -6.534847 ], [ 110.665463, -6.535007 ], [ 110.665502, -6.535052 ], [ 110.665517, -6.535091 ], [ 110.665529, -6.535173 ], [ 110.665533, -6.535267 ], [ 110.665502, -6.536102 ], [ 110.665472, -6.536126 ], [ 110.665476, -6.536241 ], [ 110.665504, -6.536242 ], [ 110.66551, -6.536475 ], [ 110.66548, -6.536479 ], [ 110.66549, -6.536959 ], [ 110.665478, -6.537187 ], [ 110.665488, -6.537268 ], [ 110.66553, -6.537474 ], [ 110.665546, -6.537688 ], [ 110.665546, -6.537858 ], [ 110.665541, -6.538045 ], [ 110.665522, -6.53833 ], [ 110.6655, -6.539707 ], [ 110.665436, -6.54044 ], [ 110.66564, -6.54056 ], [ 110.665695, -6.540603 ], [ 110.665762, -6.54068 ], [ 110.665794, -6.540727 ], [ 110.66572, -6.540829 ], [ 110.665668, -6.540903 ], [ 110.665588, -6.540963 ], [ 110.665498, -6.541059 ], [ 110.665388, -6.541218 ], [ 110.665176, -6.541613 ], [ 110.6648, -6.542092 ], [ 110.664269, -6.542711 ], [ 110.663757, -6.543246 ], [ 110.663285, -6.543694 ], [ 110.662282, -6.544483 ], [ 110.661796, -6.544837 ], [ 110.661268, -6.545162 ], [ 110.661027, -6.545266 ], [ 110.660772, -6.545357 ], [ 110.659889, -6.545583 ], [ 110.65928, -6.54569 ], [ 110.659052, -6.545711 ], [ 110.658846, -6.545708 ], [ 110.658594, -6.545685 ], [ 110.658328, -6.545636 ], [ 110.658001, -6.545533 ], [ 110.657553, -6.54545 ], [ 110.657403, -6.545397 ], [ 110.657312, -6.545351 ], [ 110.656955, -6.544997 ], [ 110.656837, -6.544853 ], [ 110.656746, -6.544712 ], [ 110.656679, -6.544557 ], [ 110.656638, -6.544413 ], [ 110.656598, -6.544341 ], [ 110.656547, -6.544291 ], [ 110.656456, -6.54423 ], [ 110.656376, -6.544195 ], [ 110.656274, -6.544195 ], [ 110.656134, -6.544214 ], [ 110.656011, -6.544267 ], [ 110.655877, -6.544355 ], [ 110.655761, -6.544483 ], [ 110.655705, -6.544579 ], [ 110.655587, -6.544941 ], [ 110.655566, -6.545088 ], [ 110.655566, -6.545223 ], [ 110.655579, -6.545535 ], [ 110.65571, -6.546391 ], [ 110.655729, -6.547265 ], [ 110.655724, -6.547472 ], [ 110.65571, -6.547595 ], [ 110.655686, -6.547704 ], [ 110.655627, -6.547896 ], [ 110.655525, -6.548083 ], [ 110.65492, -6.549087 ], [ 110.654528, -6.549812 ], [ 110.654259, -6.550211 ], [ 110.654215, -6.550301 ], [ 110.654202, -6.550341 ], [ 110.654192, -6.550397 ], [ 110.65419, -6.550489 ], [ 110.65419, -6.550961 ], [ 110.654176, -6.551267 ], [ 110.65408, -6.552003 ], [ 110.654018, -6.552528 ], [ 110.653972, -6.55277 ], [ 110.653921, -6.552924 ], [ 110.653841, -6.553106 ], [ 110.653675, -6.553348 ], [ 110.653385, -6.553668 ], [ 110.653138, -6.553881 ], [ 110.652918, -6.554036 ], [ 110.652599, -6.55422 ], [ 110.652256, -6.554366 ], [ 110.651859, -6.554481 ], [ 110.651462, -6.554582 ], [ 110.651215, -6.554614 ], [ 110.650845, -6.554622 ], [ 110.650524, -6.554569 ], [ 110.650496, -6.554455 ], [ 110.650475, -6.554407 ], [ 110.650418, -6.554333 ], [ 110.650367, -6.554282 ], [ 110.650312, -6.554254 ], [ 110.650263, -6.554244 ], [ 110.650177, -6.554246 ], [ 110.650085, -6.554285 ], [ 110.649992, -6.554331 ], [ 110.649705, -6.554273 ], [ 110.649072, -6.554235 ], [ 110.648742, -6.554233 ], [ 110.648568, -6.554212 ], [ 110.648286, -6.554142 ], [ 110.648058, -6.55407 ], [ 110.647873, -6.553998 ], [ 110.647696, -6.553897 ], [ 110.647546, -6.553793 ], [ 110.647237, -6.553564 ], [ 110.647103, -6.553455 ], [ 110.647001, -6.553412 ], [ 110.646899, -6.553388 ], [ 110.646776, -6.553388 ], [ 110.646644, -6.553404 ], [ 110.646489, -6.553463 ], [ 110.646363, -6.553532 ], [ 110.646191, -6.55366 ], [ 110.646068, -6.553796 ], [ 110.645915, -6.554009 ], [ 110.6456, -6.554579 ], [ 110.645546, -6.554638 ], [ 110.645391, -6.554753 ], [ 110.645326, -6.55481 ], [ 110.645261, -6.554898 ], [ 110.645073, -6.555208 ], [ 110.64497, -6.555422 ], [ 110.644912, -6.555506 ], [ 110.644826, -6.555586 ], [ 110.644764, -6.555714 ], [ 110.644721, -6.555844 ], [ 110.644697, -6.555953 ], [ 110.644698, -6.556 ], [ 110.644731, -6.556046 ], [ 110.644788, -6.556069 ], [ 110.644833, -6.55608 ], [ 110.644806, -6.556172 ], [ 110.644762, -6.556249 ], [ 110.644665, -6.556327 ], [ 110.644567, -6.556387 ], [ 110.644438, -6.55649 ], [ 110.644336, -6.556594 ], [ 110.644293, -6.556675 ], [ 110.644275, -6.556755 ], [ 110.644279, -6.556863 ], [ 110.644293, -6.556985 ], [ 110.644319, -6.557102 ], [ 110.644338, -6.557228 ], [ 110.644365, -6.557404 ], [ 110.644374, -6.557534 ], [ 110.644375, -6.55762 ], [ 110.644382, -6.557678 ], [ 110.644411, -6.557731 ], [ 110.644464, -6.557766 ], [ 110.644533, -6.55779 ], [ 110.644614, -6.557793 ], [ 110.644865, -6.557738 ], [ 110.644983, -6.55773 ], [ 110.644999, -6.557721 ], [ 110.645006, -6.557706 ], [ 110.645012, -6.557685 ], [ 110.645019, -6.557666 ], [ 110.645032, -6.557658 ], [ 110.645053, -6.557656 ], [ 110.645143, -6.557651 ], [ 110.645216, -6.557652 ], [ 110.645302, -6.557658 ], [ 110.645396, -6.557718 ], [ 110.645749, -6.558035 ], [ 110.645619, -6.558293 ], [ 110.645481, -6.558589 ], [ 110.645952, -6.559003 ], [ 110.646305, -6.558431 ], [ 110.646584, -6.558656 ], [ 110.646738, -6.55878 ], [ 110.6468, -6.558825 ], [ 110.646842, -6.558865 ], [ 110.646923, -6.558947 ], [ 110.646964, -6.559032 ], [ 110.647004, -6.559101 ], [ 110.647071, -6.559168 ], [ 110.647143, -6.559224 ], [ 110.647465, -6.559413 ], [ 110.647777, -6.559606 ], [ 110.647811, -6.559617 ], [ 110.647834, -6.559616 ], [ 110.647861, -6.559603 ], [ 110.647884, -6.559574 ], [ 110.647897, -6.559547 ], [ 110.647912, -6.559488 ], [ 110.648025, -6.559166 ], [ 110.648039, -6.559083 ], [ 110.648049, -6.558897 ], [ 110.648081, -6.558774 ], [ 110.648222, -6.558781 ], [ 110.648356, -6.558809 ], [ 110.648494, -6.558859 ], [ 110.648611, -6.558893 ], [ 110.648955, -6.558981 ], [ 110.649022, -6.559008 ], [ 110.64921, -6.559156 ], [ 110.64926, -6.559163 ], [ 110.649299, -6.559157 ], [ 110.649368, -6.559119 ], [ 110.649434, -6.55909 ], [ 110.649508, -6.559081 ], [ 110.649596, -6.559088 ], [ 110.649729, -6.559132 ], [ 110.649812, -6.559172 ], [ 110.649914, -6.559244 ], [ 110.650215, -6.559522 ], [ 110.650402, -6.559669 ], [ 110.650523, -6.559781 ], [ 110.650577, -6.559922 ], [ 110.650604, -6.559978 ], [ 110.650649, -6.560042 ], [ 110.651448, -6.560828 ], [ 110.651463, -6.560865 ], [ 110.651463, -6.560904 ], [ 110.65145, -6.560948 ], [ 110.651395, -6.561048 ], [ 110.651057, -6.561345 ], [ 110.650958, -6.561438 ], [ 110.650916, -6.561495 ], [ 110.650885, -6.561551 ], [ 110.650886, -6.561597 ], [ 110.650897, -6.56163 ], [ 110.650923, -6.561658 ], [ 110.650963, -6.561682 ], [ 110.651269, -6.561838 ], [ 110.65136, -6.561859 ], [ 110.651454, -6.561875 ], [ 110.651521, -6.561904 ], [ 110.651615, -6.561974 ], [ 110.651663, -6.562035 ], [ 110.651727, -6.562144 ], [ 110.65181, -6.562264 ], [ 110.651918, -6.56236 ], [ 110.65213, -6.562505 ], [ 110.652589, -6.56277 ], [ 110.652738, -6.56284 ], [ 110.652866, -6.562906 ], [ 110.652932, -6.56295 ], [ 110.652991, -6.563001 ], [ 110.653134, -6.563269 ], [ 110.653181, -6.563335 ], [ 110.653228, -6.56337 ], [ 110.6533, -6.563402 ], [ 110.653468, -6.563454 ], [ 110.653604, -6.563511 ], [ 110.653687, -6.563562 ], [ 110.653802, -6.563654 ], [ 110.654112, -6.563986 ], [ 110.654145, -6.564047 ], [ 110.654163, -6.564096 ], [ 110.654183, -6.564193 ], [ 110.654389, -6.563988 ], [ 110.65431, -6.563876 ], [ 110.654501, -6.563586 ], [ 110.654686, -6.563634 ], [ 110.654939, -6.563713 ], [ 110.655017, -6.56384 ], [ 110.654872, -6.563981 ], [ 110.65477, -6.564067 ], [ 110.654844, -6.564173 ], [ 110.654988, -6.56436 ], [ 110.655037, -6.56449 ], [ 110.655075, -6.564626 ], [ 110.655158, -6.564881 ], [ 110.65526, -6.565139 ], [ 110.655354, -6.565314 ], [ 110.655608, -6.565685 ], [ 110.656212, -6.566629 ], [ 110.65626, -6.566687 ], [ 110.656338, -6.566722 ], [ 110.656459, -6.566762 ], [ 110.656641, -6.566842 ], [ 110.656738, -6.566909 ], [ 110.656799, -6.56698 ], [ 110.656947, -6.567239 ], [ 110.65707, -6.567423 ], [ 110.657193, -6.567543 ], [ 110.65722, -6.56756 ], [ 110.657296, -6.567565 ], [ 110.65736, -6.567559 ], [ 110.657447, -6.567565 ], [ 110.657521, -6.567585 ], [ 110.657603, -6.567615 ], [ 110.657764, -6.567695 ], [ 110.658073, -6.567893 ], [ 110.658124, -6.567912 ], [ 110.658321, -6.567942 ], [ 110.658597, -6.567953 ], [ 110.658717, -6.567938 ], [ 110.658823, -6.567933 ], [ 110.658873, -6.567949 ], [ 110.658906, -6.567962 ], [ 110.658938, -6.567992 ], [ 110.65898, -6.568057 ], [ 110.659078, -6.568306 ], [ 110.65911, -6.568364 ], [ 110.65914, -6.568391 ], [ 110.659236, -6.568427 ], [ 110.659266, -6.568433 ], [ 110.659296, -6.568433 ], [ 110.65935, -6.568423 ], [ 110.659416, -6.568405 ], [ 110.659468, -6.568403 ], [ 110.659514, -6.568425 ], [ 110.659557, -6.568465 ], [ 110.659594, -6.568537 ], [ 110.659833, -6.569104 ], [ 110.659972, -6.569419 ], [ 110.660104, -6.569451 ], [ 110.660208, -6.56968 ], [ 110.660442, -6.570341 ], [ 110.660466, -6.570426 ], [ 110.660498, -6.57049 ], [ 110.66056, -6.570588 ], [ 110.660605, -6.570708 ], [ 110.66063, -6.570786 ], [ 110.660962, -6.572137 ], [ 110.661016, -6.572142 ], [ 110.661112, -6.57259 ], [ 110.661201, -6.572571 ], [ 110.661279, -6.57284 ], [ 110.661392, -6.573114 ], [ 110.661436, -6.573161 ], [ 110.66146, -6.573177 ], [ 110.661519, -6.573284 ], [ 110.661594, -6.573434 ], [ 110.661697, -6.573599 ], [ 110.661705, -6.573645 ], [ 110.661708, -6.573714 ], [ 110.661689, -6.573773 ], [ 110.661544, -6.573917 ], [ 110.66145, -6.574036 ], [ 110.661297, -6.574572 ], [ 110.660951, -6.575862 ], [ 110.660455, -6.577322 ], [ 110.660045, -6.578413 ], [ 110.659978, -6.578536 ], [ 110.66001, -6.578597 ], [ 110.659921, -6.578745 ], [ 110.65983, -6.578864 ], [ 110.659412, -6.579629 ], [ 110.659216, -6.579941 ], [ 110.658586, -6.580839 ], [ 110.658254, -6.581289 ], [ 110.658217, -6.581283 ], [ 110.65788, -6.581636 ], [ 110.65758, -6.581494 ], [ 110.657035, -6.582203 ], [ 110.656849, -6.582459 ], [ 110.656735, -6.582635 ], [ 110.656793, -6.5828 ], [ 110.656536, -6.583178 ], [ 110.656315, -6.583441 ], [ 110.656193, -6.583372 ], [ 110.656093, -6.583302 ], [ 110.655761, -6.583032 ], [ 110.65574, -6.58306 ], [ 110.655708, -6.58309 ], [ 110.655984, -6.58337 ], [ 110.655966, -6.583404 ], [ 110.65592, -6.583489 ], [ 110.655845, -6.583602 ], [ 110.655764, -6.583709 ], [ 110.655651, -6.583847 ], [ 110.655507, -6.583994 ], [ 110.654994, -6.584396 ], [ 110.654648, -6.584617 ], [ 110.654447, -6.584737 ], [ 110.653911, -6.584964 ], [ 110.65364, -6.58507 ], [ 110.653229, -6.585169 ], [ 110.652781, -6.585337 ], [ 110.652331, -6.585515 ], [ 110.651518, -6.58572 ], [ 110.651287, -6.585744 ], [ 110.651076, -6.585752 ], [ 110.65092, -6.585766 ], [ 110.650671, -6.585779 ], [ 110.649257, -6.585795 ], [ 110.64877, -6.585782 ], [ 110.648574, -6.585772 ], [ 110.64816, -6.585746 ], [ 110.647979, -6.585718 ], [ 110.647743, -6.585668 ], [ 110.647687, -6.585651 ], [ 110.647648, -6.585627 ], [ 110.64757, -6.585505 ], [ 110.647638, -6.585317 ], [ 110.64744, -6.585206 ], [ 110.647385, -6.585147 ], [ 110.647304, -6.585036 ], [ 110.646762, -6.584132 ], [ 110.646548, -6.58389 ], [ 110.646419, -6.583791 ], [ 110.646207, -6.583658 ], [ 110.645979, -6.583549 ], [ 110.645749, -6.583465 ], [ 110.645649, -6.583442 ], [ 110.645565, -6.58341 ], [ 110.645388, -6.58332 ], [ 110.645194, -6.58325 ], [ 110.645062, -6.583221 ], [ 110.644963, -6.583218 ], [ 110.644837, -6.583234 ], [ 110.644644, -6.583333 ], [ 110.644298, -6.583578 ], [ 110.644113, -6.583794 ], [ 110.644027, -6.583927 ], [ 110.643944, -6.584103 ], [ 110.64386, -6.584311 ], [ 110.643826, -6.584423 ], [ 110.643772, -6.584636 ], [ 110.643686, -6.585017 ], [ 110.64363, -6.585387 ], [ 110.643603, -6.585779 ], [ 110.643606, -6.585968 ], [ 110.643673, -6.586733 ], [ 110.643689, -6.586967 ], [ 110.64371, -6.587125 ], [ 110.643764, -6.587271 ], [ 110.64407, -6.587807 ], [ 110.644185, -6.587993 ], [ 110.644273, -6.588108 ], [ 110.644346, -6.588177 ], [ 110.645206, -6.58886 ], [ 110.645951, -6.589391 ], [ 110.64628, -6.589642 ], [ 110.646291, -6.589652 ], [ 110.646308, -6.589665 ], [ 110.646614, -6.589884 ], [ 110.647114, -6.590261 ], [ 110.647184, -6.590337 ], [ 110.647215, -6.590391 ], [ 110.647243, -6.590472 ], [ 110.647252, -6.590583 ], [ 110.647241, -6.590716 ], [ 110.647221, -6.590808 ], [ 110.647194, -6.590892 ], [ 110.647131, -6.59102 ], [ 110.646933, -6.591329 ], [ 110.646914, -6.591398 ], [ 110.646909, -6.59147 ], [ 110.646912, -6.591555 ], [ 110.646927, -6.591649 ], [ 110.647132, -6.592083 ], [ 110.647181, -6.592056 ], [ 110.647214, -6.592037 ], [ 110.647232, -6.592027 ], [ 110.647238, -6.592023 ], [ 110.647155, -6.591876 ], [ 110.647144, -6.591808 ], [ 110.647035, -6.591616 ], [ 110.64703, -6.591587 ], [ 110.647019, -6.591504 ], [ 110.647045, -6.591386 ], [ 110.647121, -6.591272 ], [ 110.64758, -6.590688 ], [ 110.64779, -6.590807 ], [ 110.648125, -6.591009 ], [ 110.648207, -6.590932 ], [ 110.648707, -6.591248 ], [ 110.648938, -6.591358 ], [ 110.649013, -6.59137 ], [ 110.649347, -6.59138 ], [ 110.649622, -6.591368 ], [ 110.64984, -6.591337 ], [ 110.649903, -6.591335 ], [ 110.649962, -6.591349 ], [ 110.649999, -6.59137 ], [ 110.650107, -6.591488 ], [ 110.650142, -6.59152 ], [ 110.650177, -6.591537 ], [ 110.650233, -6.591546 ], [ 110.650418, -6.591541 ], [ 110.650542, -6.591892 ], [ 110.650763, -6.591879 ], [ 110.650773, -6.591749 ], [ 110.650864, -6.591628 ], [ 110.650947, -6.591626 ], [ 110.651074, -6.591645 ], [ 110.651188, -6.591674 ], [ 110.651109, -6.592042 ], [ 110.651228, -6.592058 ], [ 110.651293, -6.591793 ], [ 110.651533, -6.591782 ], [ 110.651545, -6.591666 ], [ 110.651963, -6.591769 ], [ 110.65193, -6.591867 ], [ 110.652182, -6.591942 ], [ 110.652144, -6.592033 ], [ 110.652629, -6.592154 ], [ 110.652788, -6.592215 ], [ 110.653058, -6.592339 ], [ 110.653172, -6.592227 ], [ 110.653343, -6.592327 ], [ 110.653428, -6.592234 ], [ 110.653511, -6.592258 ], [ 110.653687, -6.592326 ], [ 110.653967, -6.592496 ], [ 110.65407, -6.592605 ], [ 110.654184, -6.592705 ], [ 110.654242, -6.592653 ], [ 110.654293, -6.592707 ], [ 110.654351, -6.592791 ], [ 110.654613, -6.593222 ], [ 110.65486, -6.593795 ], [ 110.654958, -6.594106 ], [ 110.65502, -6.594343 ], [ 110.655083, -6.594605 ], [ 110.655112, -6.594814 ], [ 110.655139, -6.595199 ], [ 110.655179, -6.59609 ], [ 110.655199, -6.59641 ], [ 110.65524, -6.596675 ], [ 110.655378, -6.596634 ], [ 110.65544, -6.596733 ], [ 110.65562, -6.596942 ], [ 110.655553, -6.597066 ], [ 110.655469, -6.597182 ], [ 110.655321, -6.597139 ], [ 110.655127, -6.597162 ], [ 110.655014, -6.597135 ], [ 110.654933, -6.597126 ], [ 110.654916, -6.597431 ], [ 110.654906, -6.597559 ], [ 110.654859, -6.597972 ], [ 110.654829, -6.598129 ], [ 110.654743, -6.598298 ], [ 110.654584, -6.598727 ], [ 110.654549, -6.598791 ], [ 110.654462, -6.598903 ], [ 110.654395, -6.599052 ], [ 110.654379, -6.599155 ], [ 110.654381, -6.599225 ], [ 110.654399, -6.599361 ], [ 110.65442, -6.59947 ], [ 110.654422, -6.599526 ], [ 110.654415, -6.599588 ], [ 110.654357, -6.599589 ], [ 110.654345, -6.599725 ], [ 110.654381, -6.599738 ], [ 110.654348, -6.600073 ], [ 110.654322, -6.600078 ], [ 110.654314, -6.60025 ], [ 110.654356, -6.60026 ], [ 110.654347, -6.600505 ], [ 110.65432, -6.600508 ], [ 110.654275, -6.600848 ], [ 110.65444, -6.60086 ], [ 110.654764, -6.600894 ], [ 110.654766, -6.601009 ], [ 110.654836, -6.602197 ], [ 110.65478, -6.603042 ], [ 110.654726, -6.603631 ], [ 110.654482, -6.605294 ], [ 110.654393, -6.605738 ], [ 110.654203, -6.606426 ], [ 110.654055, -6.606988 ], [ 110.653959, -6.607281 ], [ 110.653731, -6.607929 ], [ 110.653457, -6.608651 ], [ 110.653288, -6.609074 ], [ 110.6532, -6.609279 ], [ 110.653085, -6.609498 ], [ 110.65287, -6.609826 ], [ 110.652511, -6.610308 ], [ 110.652199, -6.61071 ], [ 110.651926, -6.611046 ], [ 110.65162, -6.611406 ], [ 110.65144, -6.611603 ], [ 110.651178, -6.611861 ], [ 110.650633, -6.612511 ], [ 110.65042, -6.612755 ], [ 110.650196, -6.612984 ], [ 110.649991, -6.613203 ], [ 110.649612, -6.613586 ], [ 110.649501, -6.613692 ], [ 110.649451, -6.613732 ], [ 110.649206, -6.61387 ], [ 110.649119, -6.613925 ], [ 110.649047, -6.613978 ], [ 110.649034, -6.613985 ], [ 110.649026, -6.613993 ], [ 110.648944, -6.614102 ], [ 110.648853, -6.614291 ], [ 110.648809, -6.614362 ], [ 110.648734, -6.614459 ], [ 110.648104, -6.615381 ], [ 110.647691, -6.616052 ], [ 110.647304, -6.616694 ], [ 110.647103, -6.617059 ], [ 110.646921, -6.617288 ], [ 110.646661, -6.617552 ], [ 110.646307, -6.617877 ], [ 110.646006, -6.618067 ], [ 110.645717, -6.618208 ], [ 110.645486, -6.618301 ], [ 110.645212, -6.618378 ], [ 110.644649, -6.618498 ], [ 110.644239, -6.618549 ], [ 110.643868, -6.618559 ], [ 110.643608, -6.618543 ], [ 110.643359, -6.618503 ], [ 110.643016, -6.618434 ], [ 110.642782, -6.618394 ], [ 110.642439, -6.618354 ], [ 110.64167, -6.618346 ], [ 110.64155, -6.618338 ], [ 110.641421, -6.618302 ], [ 110.64133, -6.618272 ], [ 110.641182, -6.61818 ], [ 110.641075, -6.618152 ], [ 110.640754, -6.618098 ], [ 110.639842, -6.617331 ], [ 110.639534, -6.617363 ], [ 110.639443, -6.617392 ], [ 110.63937, -6.61743 ], [ 110.639247, -6.617526 ], [ 110.638625, -6.618152 ], [ 110.638472, -6.618322 ], [ 110.638375, -6.618434 ], [ 110.638316, -6.618581 ], [ 110.638289, -6.618722 ], [ 110.638268, -6.619407 ], [ 110.638322, -6.619918 ], [ 110.638338, -6.620853 ], [ 110.638359, -6.621048 ], [ 110.638526, -6.621829 ], [ 110.638633, -6.622604 ], [ 110.638702, -6.623382 ], [ 110.638737, -6.623837 ], [ 110.638724, -6.623995 ], [ 110.638662, -6.624434 ], [ 110.638472, -6.625156 ], [ 110.638354, -6.625623 ], [ 110.638289, -6.625854 ], [ 110.638201, -6.626099 ], [ 110.638024, -6.626654 ], [ 110.637906, -6.627098 ], [ 110.63789, -6.627234 ], [ 110.637876, -6.627541 ], [ 110.637831, -6.628018 ], [ 110.637799, -6.628202 ], [ 110.637769, -6.628463 ], [ 110.637753, -6.628828 ], [ 110.637761, -6.628998 ], [ 110.637761, -6.62915 ], [ 110.637748, -6.629272 ], [ 110.637683, -6.629699 ], [ 110.63764, -6.630184 ], [ 110.637648, -6.630272 ], [ 110.637635, -6.630429 ], [ 110.637635, -6.630594 ], [ 110.637614, -6.630789 ], [ 110.637624, -6.630922 ], [ 110.637656, -6.631036 ], [ 110.637715, -6.631164 ], [ 110.637882, -6.631388 ], [ 110.637959, -6.631468 ], [ 110.638076, -6.63157 ], [ 110.638259, -6.63154 ], [ 110.638729, -6.63178 ], [ 110.638802, -6.631826 ], [ 110.638868, -6.631886 ], [ 110.638912, -6.631938 ], [ 110.639038, -6.632139 ], [ 110.639201, -6.632362 ], [ 110.639262, -6.632459 ], [ 110.639464, -6.632821 ], [ 110.639566, -6.633114 ], [ 110.639631, -6.633405 ], [ 110.639663, -6.633738 ], [ 110.64005, -6.633835 ], [ 110.640046, -6.634156 ], [ 110.640061, -6.634377 ], [ 110.640139, -6.63438 ], [ 110.64014, -6.634971 ], [ 110.640151, -6.635363 ], [ 110.640143, -6.635479 ], [ 110.640121, -6.635643 ], [ 110.640081, -6.635801 ], [ 110.640286, -6.635868 ], [ 110.640344, -6.635893 ], [ 110.640398, -6.635927 ], [ 110.640438, -6.635984 ], [ 110.640455, -6.63604 ], [ 110.640524, -6.636566 ], [ 110.640535, -6.636818 ], [ 110.640524, -6.636892 ], [ 110.640457, -6.637128 ], [ 110.640411, -6.637352 ], [ 110.640396, -6.637467 ], [ 110.64039, -6.637606 ], [ 110.640398, -6.637796 ], [ 110.640435, -6.637942 ], [ 110.640542, -6.638219 ], [ 110.640618, -6.638311 ], [ 110.640663, -6.63835 ], [ 110.640711, -6.638374 ], [ 110.640797, -6.638398 ], [ 110.64086, -6.638423 ], [ 110.640911, -6.638468 ], [ 110.640988, -6.638632 ], [ 110.641047, -6.638807 ], [ 110.641107, -6.639017 ], [ 110.641159, -6.639157 ], [ 110.64118, -6.6392 ], [ 110.641307, -6.639061 ], [ 110.641418, -6.639129 ], [ 110.641571, -6.639016 ], [ 110.641979, -6.639398 ], [ 110.642089, -6.639578 ], [ 110.642167, -6.63973 ], [ 110.64222, -6.639811 ], [ 110.642259, -6.639854 ], [ 110.642338, -6.639919 ], [ 110.642482, -6.640008 ], [ 110.642695, -6.640155 ], [ 110.642767, -6.640188 ], [ 110.642841, -6.640203 ], [ 110.642914, -6.640204 ], [ 110.642997, -6.640203 ], [ 110.643076, -6.640189 ], [ 110.643148, -6.640188 ], [ 110.643262, -6.640217 ], [ 110.643378, -6.640292 ], [ 110.643469, -6.640385 ], [ 110.643597, -6.640569 ], [ 110.643901, -6.641064 ], [ 110.644075, -6.641421 ], [ 110.644121, -6.641552 ], [ 110.64415, -6.641699 ], [ 110.64415, -6.641811 ], [ 110.644115, -6.641944 ], [ 110.644113, -6.642032 ], [ 110.644137, -6.642093 ], [ 110.644188, -6.642165 ], [ 110.644402, -6.642333 ], [ 110.644442, -6.642405 ], [ 110.644475, -6.642522 ], [ 110.644512, -6.642719 ], [ 110.644531, -6.642983 ], [ 110.644531, -6.643441 ], [ 110.644732, -6.644445 ], [ 110.645462, -6.644314 ], [ 110.645806, -6.644292 ], [ 110.646044, -6.644331 ], [ 110.646119, -6.644365 ], [ 110.646199, -6.644437 ], [ 110.646258, -6.644512 ], [ 110.646317, -6.64461 ], [ 110.646363, -6.645026 ], [ 110.646556, -6.64525 ], [ 110.646696, -6.64561 ], [ 110.646848, -6.646025 ], [ 110.647042, -6.646441 ], [ 110.647125, -6.647056 ], [ 110.6472, -6.647701 ], [ 110.646765, -6.648932 ], [ 110.64661, -6.64976 ], [ 110.646336, -6.650568 ], [ 110.646113, -6.65142 ], [ 110.645861, -6.652158 ], [ 110.645625, -6.652798 ], [ 110.645483, -6.65336 ], [ 110.64507, -6.654724 ], [ 110.644764, -6.655731 ], [ 110.644394, -6.656541 ], [ 110.644212, -6.65702 ], [ 110.643879, -6.657883 ], [ 110.644043, -6.657958 ], [ 110.643885, -6.65835 ], [ 110.6436, -6.658392 ], [ 110.643423, -6.658829 ], [ 110.643627, -6.659077 ], [ 110.643423, -6.659562 ], [ 110.643241, -6.659985 ], [ 110.643211, -6.66031 ], [ 110.643174, -6.660556 ], [ 110.643037, -6.660723 ], [ 110.642704, -6.66157 ], [ 110.642506, -6.662055 ], [ 110.642283, -6.662727 ], [ 110.642163, -6.662988 ], [ 110.642128, -6.663124 ], [ 110.64209, -6.66335 ], [ 110.642023, -6.663619 ], [ 110.641672, -6.664461 ], [ 110.641397, -6.664958 ], [ 110.64134, -6.665037 ], [ 110.641291, -6.665079 ], [ 110.641245, -6.665099 ], [ 110.641197, -6.665106 ], [ 110.641109, -6.665103 ], [ 110.641052, -6.66511 ], [ 110.641009, -6.665135 ], [ 110.640974, -6.665171 ], [ 110.640816, -6.66542 ], [ 110.640414, -6.666165 ], [ 110.64037, -6.666286 ], [ 110.640335, -6.666434 ], [ 110.640317, -6.666463 ], [ 110.640242, -6.666528 ], [ 110.64023, -6.666562 ], [ 110.640235, -6.666595 ], [ 110.640264, -6.666659 ], [ 110.640315, -6.666837 ], [ 110.640312, -6.666939 ], [ 110.640304, -6.667013 ], [ 110.640253, -6.667173 ], [ 110.640124, -6.667434 ], [ 110.63991, -6.66782 ], [ 110.639456, -6.668545 ], [ 110.638896, -6.669387 ], [ 110.63833, -6.670215 ], [ 110.63774, -6.671145 ], [ 110.637058, -6.672198 ], [ 110.636216, -6.673543 ], [ 110.635706, -6.674371 ], [ 110.635181, -6.675168 ], [ 110.634363, -6.676551 ], [ 110.634135, -6.676924 ], [ 110.633865, -6.67732 ], [ 110.633707, -6.677512 ], [ 110.634045, -6.677801 ], [ 110.634155, -6.677888 ], [ 110.634152, -6.678125 ], [ 110.634141, -6.678266 ], [ 110.634145, -6.678357 ], [ 110.634132, -6.678494 ], [ 110.634107, -6.678577 ], [ 110.634078, -6.678644 ], [ 110.633971, -6.678852 ], [ 110.633783, -6.679241 ], [ 110.633714, -6.679414 ], [ 110.632533, -6.681266 ], [ 110.631997, -6.682161 ], [ 110.630854, -6.683978 ], [ 110.630406, -6.684646 ], [ 110.630044, -6.685176 ], [ 110.629975, -6.685307 ], [ 110.629921, -6.68544 ], [ 110.629886, -6.685672 ], [ 110.629838, -6.685755 ], [ 110.629795, -6.685856 ], [ 110.629578, -6.686287 ], [ 110.629116, -6.687055 ], [ 110.628599, -6.687798 ], [ 110.628451, -6.688 ], [ 110.628363, -6.688152 ], [ 110.628322, -6.688256 ], [ 110.628312, -6.688397 ], [ 110.628295, -6.688517 ], [ 110.628277, -6.688605 ], [ 110.628218, -6.688712 ], [ 110.62806, -6.688935 ], [ 110.627287, -6.689958 ], [ 110.626783, -6.690712 ], [ 110.626651, -6.690899 ], [ 110.626576, -6.690981 ], [ 110.626477, -6.691048 ], [ 110.626364, -6.691109 ], [ 110.626195, -6.691234 ], [ 110.625876, -6.691557 ], [ 110.625254, -6.692303 ], [ 110.624846, -6.692819 ], [ 110.623671, -6.694407 ], [ 110.622974, -6.695409 ], [ 110.622569, -6.696021 ], [ 110.622497, -6.696173 ], [ 110.622451, -6.696307 ], [ 110.622429, -6.696472 ], [ 110.622435, -6.696581 ], [ 110.622475, -6.696765 ], [ 110.622483, -6.696924 ], [ 110.622464, -6.697034 ], [ 110.622419, -6.697116 ], [ 110.622325, -6.697215 ], [ 110.622116, -6.697367 ], [ 110.621904, -6.697537 ], [ 110.621539, -6.697841 ], [ 110.621214, -6.698121 ], [ 110.621054, -6.698286 ], [ 110.620683, -6.698733 ], [ 110.620206, -6.699394 ], [ 110.619493, -6.700454 ], [ 110.619132, -6.700906 ], [ 110.619047, -6.700988 ], [ 110.618973, -6.701043 ], [ 110.618929, -6.701063 ], [ 110.618872, -6.701066 ], [ 110.618825, -6.701049 ], [ 110.618695, -6.700979 ], [ 110.618302, -6.701416 ], [ 110.618049, -6.701709 ], [ 110.617588, -6.702188 ], [ 110.617205, -6.702559 ], [ 110.61684, -6.702881 ], [ 110.616547, -6.703174 ], [ 110.616204, -6.703435 ], [ 110.616014, -6.703566 ], [ 110.615959, -6.703648 ], [ 110.615937, -6.703705 ], [ 110.615937, -6.703737 ], [ 110.615953, -6.703768 ], [ 110.615998, -6.703805 ], [ 110.616141, -6.703868 ], [ 110.616224, -6.703913 ], [ 110.61629, -6.70396 ], [ 110.616362, -6.704069 ], [ 110.616389, -6.704218 ], [ 110.616387, -6.704399 ], [ 110.616338, -6.704668 ], [ 110.615909, -6.706181 ], [ 110.615496, -6.706842 ], [ 110.61538, -6.707063 ], [ 110.615169, -6.707465 ], [ 110.615016, -6.70762 ], [ 110.614887, -6.707719 ], [ 110.614573, -6.707921 ], [ 110.614423, -6.708028 ], [ 110.614155, -6.708275 ], [ 110.613989, -6.708536 ], [ 110.613924, -6.708723 ], [ 110.613924, -6.708899 ], [ 110.614048, -6.709146 ], [ 110.614174, -6.70932 ], [ 110.6142, -6.709453 ], [ 110.614179, -6.709562 ], [ 110.614144, -6.709618 ], [ 110.613871, -6.709922 ], [ 110.613523, -6.710224 ], [ 110.613345, -6.710364 ], [ 110.612953, -6.710651 ], [ 110.612621, -6.710913 ], [ 110.612047, -6.71168 ], [ 110.611939, -6.711765 ], [ 110.611757, -6.711845 ], [ 110.611548, -6.711882 ], [ 110.611301, -6.711871 ], [ 110.611172, -6.711914 ], [ 110.611049, -6.711994 ], [ 110.610947, -6.712111 ], [ 110.610813, -6.712335 ], [ 110.610684, -6.712527 ], [ 110.610512, -6.712681 ], [ 110.610298, -6.712761 ], [ 110.609981, -6.712868 ], [ 110.609762, -6.71291 ], [ 110.609445, -6.712953 ], [ 110.6093, -6.713006 ], [ 110.609225, -6.713059 ], [ 110.609195, -6.713115 ], [ 110.609182, -6.713187 ], [ 110.60922, -6.713339 ], [ 110.609401, -6.713792 ], [ 110.609445, -6.713949 ], [ 110.609456, -6.714045 ], [ 110.609434, -6.71413 ], [ 110.609386, -6.714189 ], [ 110.609311, -6.714226 ], [ 110.609182, -6.714237 ], [ 110.60893, -6.714226 ], [ 110.608522, -6.714264 ], [ 110.608259, -6.714333 ], [ 110.607959, -6.714445 ], [ 110.60776, -6.714583 ], [ 110.607492, -6.714871 ], [ 110.607052, -6.715393 ], [ 110.606698, -6.715713 ], [ 110.60628, -6.716016 ], [ 110.605929, -6.716205 ], [ 110.605813, -6.716267 ], [ 110.605561, -6.716421 ], [ 110.605363, -6.716576 ], [ 110.605218, -6.716762 ], [ 110.605035, -6.717023 ], [ 110.604866, -6.717324 ], [ 110.604698, -6.717564 ], [ 110.604587, -6.717692 ], [ 110.604453, -6.717806 ], [ 110.604303, -6.717918 ], [ 110.604161, -6.717972 ], [ 110.603971, -6.718054 ], [ 110.60371, -6.71819 ], [ 110.603539, -6.718312 ], [ 110.60326, -6.718542 ], [ 110.603088, -6.718691 ], [ 110.6029, -6.718888 ], [ 110.602739, -6.719096 ], [ 110.602477, -6.719325 ], [ 110.602251, -6.71957 ], [ 110.60209, -6.719719 ], [ 110.601903, -6.719847 ], [ 110.60172, -6.719938 ], [ 110.601484, -6.720007 ], [ 110.601195, -6.720071 ], [ 110.60094, -6.720188 ], [ 110.600637, -6.720454 ], [ 110.600462, -6.720587 ], [ 110.600205, -6.720737 ], [ 110.599864, -6.720955 ], [ 110.599435, -6.721333 ], [ 110.599306, -6.721436 ], [ 110.599199, -6.721502 ], [ 110.599059, -6.721565 ], [ 110.59892, -6.721581 ], [ 110.598601, -6.721592 ], [ 110.598394, -6.72165 ], [ 110.598322, -6.721706 ], [ 110.598271, -6.721802 ], [ 110.598215, -6.721951 ], [ 110.598145, -6.722108 ], [ 110.598086, -6.722191 ], [ 110.598003, -6.722255 ], [ 110.597895, -6.72229 ], [ 110.597718, -6.722329 ], [ 110.597598, -6.72237 ], [ 110.597496, -6.722428 ], [ 110.597397, -6.722503 ], [ 110.597284, -6.722609 ], [ 110.597152, -6.722702 ], [ 110.597048, -6.722756 ], [ 110.596812, -6.722812 ], [ 110.596753, -6.722862 ], [ 110.596712, -6.722939 ], [ 110.596694, -6.723062 ], [ 110.59667, -6.723166 ], [ 110.596637, -6.723222 ], [ 110.596527, -6.723363 ], [ 110.596227, -6.723608 ], [ 110.595999, -6.723757 ], [ 110.595685, -6.723904 ], [ 110.595516, -6.723976 ], [ 110.595012, -6.72409 ], [ 110.594854, -6.72412 ], [ 110.594746, -6.724157 ], [ 110.594548, -6.724253 ], [ 110.594333, -6.724386 ], [ 110.594065, -6.724562 ], [ 110.593639, -6.724783 ] ] } },
{ "type": "Feature", "properties": { "wilayah": "JPR" }, "geometry": { "type": "LineString", "coordinates": [ [ 110.738269, -6.442974 ], [ 110.737972, -6.44315 ], [ 110.737886, -6.443174 ], [ 110.737041, -6.443199 ], [ 110.736996, -6.443152 ], [ 110.736969, -6.443125 ], [ 110.736904, -6.44312 ], [ 110.736858, -6.442935 ], [ 110.736576, -6.442952 ], [ 110.736576, -6.443165 ], [ 110.735429, -6.442833 ], [ 110.735168, -6.442684 ], [ 110.735212, -6.442763 ], [ 110.735203, -6.442874 ], [ 110.735163, -6.44305 ], [ 110.734935, -6.443294 ], [ 110.734382, -6.443566 ], [ 110.73428, -6.443834 ], [ 110.734248, -6.443918 ], [ 110.734132, -6.444223 ], [ 110.733762, -6.444764 ], [ 110.733639, -6.445088 ], [ 110.733487, -6.445194 ], [ 110.732919, -6.445597 ], [ 110.732904, -6.445676 ], [ 110.73274, -6.445759 ], [ 110.732507, -6.445526 ], [ 110.732303, -6.445323 ], [ 110.732405, -6.445198 ], [ 110.732164, -6.44526 ] ] } },
{ "type": "Feature", "properties": { "wilayah": "JPR" }, "geometry": { "type": "LineString", "coordinates": [ [ 110.743048, -6.442722 ], [ 110.74213, -6.441987 ], [ 110.741149, -6.441987 ], [ 110.739718, -6.442224 ], [ 110.739455, -6.442208 ], [ 110.739197, -6.442268 ], [ 110.739, -6.44248 ], [ 110.738372, -6.442908 ], [ 110.738269, -6.442974 ] ] } }
]
}
