{
"type": "FeatureCollection",
"name": "mangrove_surabaya_jatim_2020",
"crs": { "type": "name", "properties": { "name": "urn:ogc:def:crs:OGC:1.3:CRS84" } },
"features": [
{ "type": "Feature", "properties": { "PXLVAL": 1 }, "geometry": { "type": "Polygon", "coordinates": [ [ [ 112.634666666666035, -7.048 ], [ 112.635111111110476, -7.048 ], [ 112.635111111110476, -7.048222222222174 ], [ 112.635333333332696, -7.048222222222174 ], [ 112.635333333332696, -7.048666666666618 ], [ 112.636222222221591, -7.048666666666618 ], [ 112.636222222221591, -7.049111111111062 ], [ 112.637111111110471, -7.049111111111062 ], [ 112.637111111110471, -7.05 ], [ 112.636666666666031, -7.05 ], [ 112.636666666666031, -7.050222222222172 ], [ 112.636444444443811, -7.050222222222172 ], [ 112.636444444443811, -7.05 ], [ 112.636222222221591, -7.05 ], [ 112.636222222221591, -7.049777777777728 ], [ 112.635777777777136, -7.049777777777728 ], [ 112.635777777777136, -7.049555555555506 ], [ 112.634666666666035, -7.049555555555506 ], [ 112.634666666666035, -7.04888888888884 ], [ 112.634444444443815, -7.04888888888884 ], [ 112.634444444443815, -7.048666666666618 ], [ 112.634666666666035, -7.048666666666618 ], [ 112.634666666666035, -7.048 ] ] ] } },
{ "type": "Feature", "properties": { "PXLVAL": 1 }, "geometry": { "type": "Polygon", "coordinates": [ [ [ 112.608222222221613, -7.04555555555551 ], [ 112.608888888888274, -7.04555555555551 ], [ 112.608888888888274, -7.045777777777732 ], [ 112.609333333332728, -7.045777777777732 ], [ 112.609333333332728, -7.046222222222176 ], [ 112.610888888888283, -7.046222222222176 ], [ 112.610888888888283, -7.046444444444398 ], [ 112.611111111110503, -7.046444444444398 ], [ 112.611111111110503, -7.047111111111064 ], [ 112.611333333332723, -7.047111111111064 ], [ 112.611333333332723, -7.046888888888842 ], [ 112.611777777777164, -7.046888888888842 ], [ 112.611777777777164, -7.047111111111064 ], [ 112.611999999999384, -7.047111111111064 ], [ 112.611999999999384, -7.047333333333286 ], [ 112.612444444443838, -7.047333333333286 ], [ 112.612444444443838, -7.047555555555508 ], [ 112.612888888888278, -7.047555555555508 ], [ 112.612888888888278, -7.04777777777773 ], [ 112.613111111110499, -7.04777777777773 ], [ 112.613111111110499, -7.048 ], [ 112.612888888888278, -7.048 ], [ 112.612888888888278, -7.048222222222174 ], [ 112.612666666666058, -7.048222222222174 ], [ 112.612666666666058, -7.048444444444396 ], [ 112.612444444443838, -7.048444444444396 ], [ 112.612444444443838, -7.048666666666618 ], [ 112.611555555554943, -7.048666666666618 ], [ 112.611555555554943, -7.048444444444396 ], [ 112.611777777777164, -7.048444444444396 ], [ 112.611777777777164, -7.048222222222174 ], [ 112.612222222221604, -7.048222222222174 ], [ 112.612222222221604, -7.048 ], [ 112.611999999999384, -7.048 ], [ 112.611999999999384, -7.04777777777773 ], [ 112.611555555554943, -7.04777777777773 ], [ 112.611555555554943, -7.047555555555508 ], [ 112.611111111110503, -7.047555555555508 ], [ 112.611111111110503, -7.04777777777773 ], [ 112.611333333332723, -7.04777777777773 ], [ 112.611333333332723, -7.048222222222174 ], [ 112.610222222221608, -7.048222222222174 ], [ 112.610222222221608, -7.04888888888884 ], [ 112.609999999999388, -7.04888888888884 ], [ 112.609999999999388, -7.050444444444394 ], [ 112.609777777777168, -7.050444444444394 ], [ 112.609777777777168, -7.050222222222172 ], [ 112.609333333332728, -7.050222222222172 ], [ 112.609333333332728, -7.049333333333284 ], [ 112.609555555554948, -7.049333333333284 ], [ 112.609555555554948, -7.049111111111062 ], [ 112.609777777777168, -7.049111111111062 ], [ 112.609777777777168, -7.048222222222174 ], [ 112.609999999999388, -7.048222222222174 ], [ 112.609999999999388, -7.04777777777773 ], [ 112.609555555554948, -7.04777777777773 ], [ 112.609555555554948, -7.047555555555508 ], [ 112.609333333332728, -7.047555555555508 ], [ 112.609333333332728, -7.047333333333286 ], [ 112.609555555554948, -7.047333333333286 ], [ 112.609555555554948, -7.047111111111064 ], [ 112.608666666666053, -7.047111111111064 ], [ 112.608666666666053, -7.047333333333286 ], [ 112.608444444443833, -7.047333333333286 ], [ 112.608444444443833, -7.047555555555508 ], [ 112.607999999999393, -7.047555555555508 ], [ 112.607999999999393, -7.047333333333286 ], [ 112.607777777777173, -7.047333333333286 ], [ 112.607777777777173, -7.047111111111064 ], [ 112.607555555554953, -7.047111111111064 ], [ 112.607555555554953, -7.046222222222176 ], [ 112.608444444443833, -7.046222222222176 ], [ 112.608444444443833, -7.046444444444398 ], [ 112.609111111110508, -7.046444444444398 ], [ 112.609111111110508, -7.046 ], [ 112.608666666666053, -7.046 ], [ 112.608666666666053, -7.045777777777732 ], [ 112.608222222221613, -7.045777777777732 ], [ 112.608222222221613, -7.04555555555551 ] ], [ [ 112.609555555554948, -7.046444444444398 ], [ 112.609555555554948, -7.04666666666662 ], [ 112.609777777777168, -7.04666666666662 ], [ 112.609777777777168, -7.046444444444398 ], [ 112.609555555554948, -7.046444444444398 ] ], [ [ 112.609999999999388, -7.04666666666662 ], [ 112.609999999999388, -7.047111111111064 ], [ 112.610222222221608, -7.047111111111064 ], [ 112.610222222221608, -7.04666666666662 ], [ 112.609999999999388, -7.04666666666662 ] ], [ [ 112.610222222221608, -7.047111111111064 ], [ 112.610222222221608, -7.047333333333286 ], [ 112.610444444443829, -7.047333333333286 ], [ 112.610444444443829, -7.047111111111064 ], [ 112.610222222221608, -7.047111111111064 ] ], [ [ 112.610666666666063, -7.047111111111064 ], [ 112.610666666666063, -7.047555555555508 ], [ 112.610888888888283, -7.047555555555508 ], [ 112.610888888888283, -7.047111111111064 ], [ 112.610666666666063, -7.047111111111064 ] ] ] } },
{ "type": "Feature", "properties": { "PXLVAL": 1 }, "geometry": { "type": "Polygon", "coordinates": [ [ [ 112.633777777777141, -7.050222222222172 ], [ 112.633999999999361, -7.050222222222172 ], [ 112.633999999999361, -7.050666666666616 ], [ 112.634222222221581, -7.050666666666616 ], [ 112.634222222221581, -7.050888888888838 ], [ 112.633777777777141, -7.050888888888838 ], [ 112.633777777777141, -7.050222222222172 ] ] ] } },
{ "type": "Feature", "properties": { "PXLVAL": 1 }, "geometry": { "type": "Polygon", "coordinates": [ [ [ 112.639999999999361, -7.050222222222172 ], [ 112.640444444443801, -7.050222222222172 ], [ 112.640444444443801, -7.050444444444394 ], [ 112.640666666666021, -7.050444444444394 ], [ 112.640666666666021, -7.050666666666616 ], [ 112.639777777777141, -7.050666666666616 ], [ 112.639777777777141, -7.050444444444394 ], [ 112.639999999999361, -7.050444444444394 ], [ 112.639999999999361, -7.050222222222172 ] ] ] } },
{ "type": "Feature", "properties": { "PXLVAL": 1 }, "geometry": { "type": "Polygon", "coordinates": [ [ [ 112.709999999999283, -7.049111111111062 ], [ 112.710444444443738, -7.049111111111062 ], [ 112.710444444443738, -7.049333333333284 ], [ 112.710222222221518, -7.049333333333284 ], [ 112.710222222221518, -7.050222222222172 ], [ 112.709999999999283, -7.050222222222172 ], [ 112.709999999999283, -7.050666666666616 ], [ 112.709777777777063, -7.050666666666616 ], [ 112.709777777777063, -7.05111111111106 ], [ 112.708888888888183, -7.05111111111106 ], [ 112.708888888888183, -7.050666666666616 ], [ 112.709333333332623, -7.050666666666616 ], [ 112.709333333332623, -7.050444444444394 ], [ 112.709555555554843, -7.050444444444394 ], [ 112.709555555554843, -7.05 ], [ 112.709777777777063, -7.05 ], [ 112.709777777777063, -7.049333333333284 ], [ 112.709999999999283, -7.049333333333284 ], [ 112.709999999999283, -7.049111111111062 ] ] ] } },
{ "type": "Feature", "properties": { "PXLVAL": 1 }, "geometry": { "type": "Polygon", "coordinates": [ [ [ 112.627999999999375, -7.050666666666616 ], [ 112.628444444443815, -7.050666666666616 ], [ 112.628444444443815, -7.050888888888838 ], [ 112.628222222221595, -7.050888888888838 ], [ 112.628222222221595, -7.05111111111106 ], [ 112.627777777777155, -7.05111111111106 ], [ 112.627777777777155, -7.050888888888838 ], [ 112.627999999999375, -7.050888888888838 ], [ 112.627999999999375, -7.050666666666616 ] ] ] } },
{ "type": "Feature", "properties": { "PXLVAL": 1 }, "geometry": { "type": "Polygon", "coordinates": [ [ [ 112.598666666666062, -7.051555555555504 ], [ 112.598888888888297, -7.051555555555504 ], [ 112.598888888888297, -7.051777777777726 ], [ 112.598666666666062, -7.051777777777726 ], [ 112.598666666666062, -7.051555555555504 ] ] ] } },
{ "type": "Feature", "properties": { "PXLVAL": 1 }, "geometry": { "type": "Polygon", "coordinates": [ [ [ 112.597999999999402, -7.051777777777726 ], [ 112.598222222221622, -7.051777777777726 ], [ 112.598222222221622, -7.052 ], [ 112.597999999999402, -7.052 ], [ 112.597999999999402, -7.051777777777726 ] ] ] } },
{ "type": "Feature", "properties": { "PXLVAL": 1 }, "geometry": { "type": "Polygon", "coordinates": [ [ [ 112.708666666665962, -7.051777777777726 ], [ 112.709333333332623, -7.051777777777726 ], [ 112.709333333332623, -7.05222222222217 ], [ 112.708666666665962, -7.05222222222217 ], [ 112.708666666665962, -7.051777777777726 ] ] ] } },
{ "type": "Feature", "properties": { "PXLVAL": 1 }, "geometry": { "type": "Polygon", "coordinates": [ [ [ 112.621999999999375, -7.052 ], [ 112.622222222221595, -7.052 ], [ 112.622222222221595, -7.05222222222217 ], [ 112.621999999999375, -7.05222222222217 ], [ 112.621999999999375, -7.052 ] ] ] } },
{ "type": "Feature", "properties": { "PXLVAL": 1 }, "geometry": { "type": "Polygon", "coordinates": [ [ [ 112.633777777777141, -7.052 ], [ 112.633999999999361, -7.052 ], [ 112.633999999999361, -7.052666666666614 ], [ 112.633777777777141, -7.052666666666614 ], [ 112.633777777777141, -7.052 ] ] ] } },
{ "type": "Feature", "properties": { "PXLVAL": 1 }, "geometry": { "type": "Polygon", "coordinates": [ [ [ 112.625999999999379, -7.049777777777728 ], [ 112.6262222222216, -7.049777777777728 ], [ 112.6262222222216, -7.050444444444394 ], [ 112.62688888888826, -7.050444444444394 ], [ 112.62688888888826, -7.050666666666616 ], [ 112.627555555554935, -7.050666666666616 ], [ 112.627555555554935, -7.051333333333282 ], [ 112.627999999999375, -7.051333333333282 ], [ 112.627999999999375, -7.051555555555504 ], [ 112.628888888888255, -7.051555555555504 ], [ 112.628888888888255, -7.051777777777726 ], [ 112.629111111110475, -7.051777777777726 ], [ 112.629111111110475, -7.051555555555504 ], [ 112.62955555555493, -7.051555555555504 ], [ 112.62955555555493, -7.052444444444392 ], [ 112.62977777777715, -7.052444444444392 ], [ 112.62977777777715, -7.05222222222217 ], [ 112.62999999999937, -7.05222222222217 ], [ 112.62999999999937, -7.052444444444392 ], [ 112.63022222222159, -7.052444444444392 ], [ 112.63022222222159, -7.052666666666614 ], [ 112.62933333333271, -7.052666666666614 ], [ 112.62933333333271, -7.052444444444392 ], [ 112.628888888888255, -7.052444444444392 ], [ 112.628888888888255, -7.05222222222217 ], [ 112.628444444443815, -7.05222222222217 ], [ 112.628444444443815, -7.052 ], [ 112.627777777777155, -7.052 ], [ 112.627777777777155, -7.051777777777726 ], [ 112.625777777777145, -7.051777777777726 ], [ 112.625777777777145, -7.051555555555504 ], [ 112.6262222222216, -7.051555555555504 ], [ 112.6262222222216, -7.051333333333282 ], [ 112.625555555554925, -7.051333333333282 ], [ 112.625555555554925, -7.051555555555504 ], [ 112.625333333332705, -7.051555555555504 ], [ 112.625333333332705, -7.052 ], [ 112.625111111110485, -7.052 ], [ 112.625111111110485, -7.05222222222217 ], [ 112.624888888888265, -7.05222222222217 ], [ 112.624888888888265, -7.052666666666614 ], [ 112.62377777777715, -7.052666666666614 ], [ 112.62377777777715, -7.052444444444392 ], [ 112.62355555555493, -7.052444444444392 ], [ 112.62355555555493, -7.05222222222217 ], [ 112.624222222221604, -7.05222222222217 ], [ 112.624222222221604, -7.05111111111106 ], [ 112.624666666666045, -7.05111111111106 ], [ 112.624666666666045, -7.050888888888838 ], [ 112.625333333332705, -7.050888888888838 ], [ 112.625333333332705, -7.050444444444394 ], [ 112.625111111110485, -7.050444444444394 ], [ 112.625111111110485, -7.05 ], [ 112.625555555554925, -7.05 ], [ 112.625555555554925, -7.050666666666616 ], [ 112.625999999999379, -7.050666666666616 ], [ 112.625999999999379, -7.049777777777728 ] ], [ [ 112.62711111111048, -7.050888888888838 ], [ 112.62711111111048, -7.05111111111106 ], [ 112.6273333333327, -7.05111111111106 ], [ 112.6273333333327, -7.050888888888838 ], [ 112.62711111111048, -7.050888888888838 ] ] ] } },
{ "type": "Feature", "properties": { "PXLVAL": 1 }, "geometry": { "type": "Polygon", "coordinates": [ [ [ 112.643555555554912, -7.05222222222217 ], [ 112.643999999999352, -7.05222222222217 ], [ 112.643999999999352, -7.052444444444392 ], [ 112.643555555554912, -7.052444444444392 ], [ 112.643555555554912, -7.05222222222217 ] ] ] } },
{ "type": "Feature", "properties": { "PXLVAL": 1 }, "geometry": { "type": "Polygon", "coordinates": [ [ [ 112.637999999999366, -7.049777777777728 ], [ 112.638222222221586, -7.049777777777728 ], [ 112.638222222221586, -7.050222222222172 ], [ 112.638666666666026, -7.050222222222172 ], [ 112.638666666666026, -7.050444444444394 ], [ 112.638444444443806, -7.050444444444394 ], [ 112.638444444443806, -7.050666666666616 ], [ 112.638666666666026, -7.050666666666616 ], [ 112.638666666666026, -7.050888888888838 ], [ 112.638888888888246, -7.050888888888838 ], [ 112.638888888888246, -7.05111111111106 ], [ 112.639111111110466, -7.05111111111106 ], [ 112.639111111110466, -7.051333333333282 ], [ 112.639333333332701, -7.051333333333282 ], [ 112.639333333332701, -7.051777777777726 ], [ 112.639555555554921, -7.051777777777726 ], [ 112.639555555554921, -7.052444444444392 ], [ 112.639333333332701, -7.052444444444392 ], [ 112.639333333332701, -7.052666666666614 ], [ 112.639777777777141, -7.052666666666614 ], [ 112.639777777777141, -7.05333333333328 ], [ 112.640222222221581, -7.05333333333328 ], [ 112.640222222221581, -7.053555555555502 ], [ 112.639999999999361, -7.053555555555502 ], [ 112.639999999999361, -7.054 ], [ 112.639555555554921, -7.054 ], [ 112.639555555554921, -7.053777777777724 ], [ 112.639333333332701, -7.053777777777724 ], [ 112.639333333332701, -7.053111111111058 ], [ 112.638888888888246, -7.053111111111058 ], [ 112.638888888888246, -7.052666666666614 ], [ 112.638666666666026, -7.052666666666614 ], [ 112.638666666666026, -7.05222222222217 ], [ 112.638444444443806, -7.05222222222217 ], [ 112.638444444443806, -7.052 ], [ 112.638222222221586, -7.052 ], [ 112.638222222221586, -7.051777777777726 ], [ 112.637999999999366, -7.051777777777726 ], [ 112.637999999999366, -7.051555555555504 ], [ 112.637777777777146, -7.051555555555504 ], [ 112.637777777777146, -7.051333333333282 ], [ 112.637333333332691, -7.051333333333282 ], [ 112.637333333332691, -7.050888888888838 ], [ 112.637111111110471, -7.050888888888838 ], [ 112.637111111110471, -7.051333333333282 ], [ 112.636666666666031, -7.051333333333282 ], [ 112.636666666666031, -7.050888888888838 ], [ 112.636888888888251, -7.050888888888838 ], [ 112.636888888888251, -7.050666666666616 ], [ 112.637111111110471, -7.050666666666616 ], [ 112.637111111110471, -7.050444444444394 ], [ 112.636666666666031, -7.050444444444394 ], [ 112.636666666666031, -7.050222222222172 ], [ 112.637111111110471, -7.050222222222172 ], [ 112.637111111110471, -7.05 ], [ 112.637999999999366, -7.05 ], [ 112.637999999999366, -7.049777777777728 ] ] ] } },
{ "type": "Feature", "properties": { "PXLVAL": 1 }, "geometry": { "type": "Polygon", "coordinates": [ [ [ 112.625333333332705, -7.052444444444392 ], [ 112.625555555554925, -7.052444444444392 ], [ 112.625555555554925, -7.052666666666614 ], [ 112.625777777777145, -7.052666666666614 ], [ 112.625777777777145, -7.052888888888836 ], [ 112.625333333332705, -7.052888888888836 ], [ 112.625333333332705, -7.053111111111058 ], [ 112.625111111110485, -7.053111111111058 ], [ 112.625111111110485, -7.052666666666614 ], [ 112.625333333332705, -7.052666666666614 ], [ 112.625333333332705, -7.052444444444392 ] ] ] } },
{ "type": "Feature", "properties": { "PXLVAL": 1 }, "geometry": { "type": "Polygon", "coordinates": [ [ [ 112.633999999999361, -7.052666666666614 ], [ 112.634222222221581, -7.052666666666614 ], [ 112.634222222221581, -7.052888888888836 ], [ 112.633999999999361, -7.052888888888836 ], [ 112.633999999999361, -7.052666666666614 ] ] ] } },
{ "type": "Feature", "properties": { "PXLVAL": 1 }, "geometry": { "type": "Polygon", "coordinates": [ [ [ 112.624222222221604, -7.053111111111058 ], [ 112.624444444443824, -7.053111111111058 ], [ 112.624444444443824, -7.05333333333328 ], [ 112.624666666666045, -7.05333333333328 ], [ 112.624666666666045, -7.053777777777724 ], [ 112.624444444443824, -7.053777777777724 ], [ 112.624444444443824, -7.053555555555502 ], [ 112.624222222221604, -7.053555555555502 ], [ 112.624222222221604, -7.053111111111058 ] ] ] } },
{ "type": "Feature", "properties": { "PXLVAL": 1 }, "geometry": { "type": "Polygon", "coordinates": [ [ [ 112.622888888888269, -7.051777777777726 ], [ 112.623111111110489, -7.051777777777726 ], [ 112.623111111110489, -7.052 ], [ 112.62333333333271, -7.052 ], [ 112.62333333333271, -7.052444444444392 ], [ 112.62355555555493, -7.052444444444392 ], [ 112.62355555555493, -7.052666666666614 ], [ 112.62377777777715, -7.052666666666614 ], [ 112.62377777777715, -7.053111111111058 ], [ 112.62355555555493, -7.053111111111058 ], [ 112.62355555555493, -7.05333333333328 ], [ 112.62333333333271, -7.05333333333328 ], [ 112.62333333333271, -7.053555555555502 ], [ 112.623111111110489, -7.053555555555502 ], [ 112.623111111110489, -7.054222222222168 ], [ 112.622888888888269, -7.054222222222168 ], [ 112.622888888888269, -7.05444444444439 ], [ 112.622666666666049, -7.05444444444439 ], [ 112.622666666666049, -7.053777777777724 ], [ 112.622888888888269, -7.053777777777724 ], [ 112.622888888888269, -7.05333333333328 ], [ 112.622666666666049, -7.05333333333328 ], [ 112.622666666666049, -7.053111111111058 ], [ 112.62333333333271, -7.053111111111058 ], [ 112.62333333333271, -7.052666666666614 ], [ 112.622666666666049, -7.052666666666614 ], [ 112.622666666666049, -7.05222222222217 ], [ 112.622888888888269, -7.05222222222217 ], [ 112.622888888888269, -7.051777777777726 ] ] ] } },
{ "type": "Feature", "properties": { "PXLVAL": 1 }, "geometry": { "type": "Polygon", "coordinates": [ [ [ 112.640666666666021, -7.053777777777724 ], [ 112.641111111110476, -7.053777777777724 ], [ 112.641111111110476, -7.054 ], [ 112.640666666666021, -7.054 ], [ 112.640666666666021, -7.053777777777724 ] ] ] } },
{ "type": "Feature", "properties": { "PXLVAL": 1 }, "geometry": { "type": "Polygon", "coordinates": [ [ [ 112.643999999999352, -7.052444444444392 ], [ 112.644222222221572, -7.052444444444392 ], [ 112.644222222221572, -7.052666666666614 ], [ 112.644444444443806, -7.052666666666614 ], [ 112.644444444443806, -7.053111111111058 ], [ 112.644222222221572, -7.053111111111058 ], [ 112.644222222221572, -7.053555555555502 ], [ 112.643999999999352, -7.053555555555502 ], [ 112.643999999999352, -7.053777777777724 ], [ 112.643333333332691, -7.053777777777724 ], [ 112.643333333332691, -7.054 ], [ 112.643111111110471, -7.054 ], [ 112.643111111110471, -7.053777777777724 ], [ 112.642666666666031, -7.053777777777724 ], [ 112.642666666666031, -7.054222222222168 ], [ 112.642444444443797, -7.054222222222168 ], [ 112.642444444443797, -7.054 ], [ 112.641999999999356, -7.054 ], [ 112.641999999999356, -7.054222222222168 ], [ 112.641777777777136, -7.054222222222168 ], [ 112.641777777777136, -7.053777777777724 ], [ 112.641999999999356, -7.053777777777724 ], [ 112.641999999999356, -7.053555555555502 ], [ 112.642666666666031, -7.053555555555502 ], [ 112.642666666666031, -7.05333333333328 ], [ 112.643111111110471, -7.05333333333328 ], [ 112.643111111110471, -7.053111111111058 ], [ 112.643333333332691, -7.053111111111058 ], [ 112.643333333332691, -7.052666666666614 ], [ 112.643999999999352, -7.052666666666614 ], [ 112.643999999999352, -7.052444444444392 ] ] ] } },
{ "type": "Feature", "properties": { "PXLVAL": 1 }, "geometry": { "type": "Polygon", "coordinates": [ [ [ 112.6273333333327, -7.054 ], [ 112.627555555554935, -7.054 ], [ 112.627555555554935, -7.054222222222168 ], [ 112.627777777777155, -7.054222222222168 ], [ 112.627777777777155, -7.05444444444439 ], [ 112.62711111111048, -7.05444444444439 ], [ 112.62711111111048, -7.054222222222168 ], [ 112.6273333333327, -7.054222222222168 ], [ 112.6273333333327, -7.054 ] ] ] } },
{ "type": "Feature", "properties": { "PXLVAL": 1 }, "geometry": { "type": "Polygon", "coordinates": [ [ [ 112.63022222222159, -7.052666666666614 ], [ 112.63044444444381, -7.052666666666614 ], [ 112.63044444444381, -7.052888888888836 ], [ 112.630888888888265, -7.052888888888836 ], [ 112.630888888888265, -7.053111111111058 ], [ 112.631777777777145, -7.053111111111058 ], [ 112.631777777777145, -7.05333333333328 ], [ 112.632444444443806, -7.05333333333328 ], [ 112.632444444443806, -7.053555555555502 ], [ 112.63266666666604, -7.053555555555502 ], [ 112.63266666666604, -7.053777777777724 ], [ 112.63288888888826, -7.053777777777724 ], [ 112.63288888888826, -7.054 ], [ 112.63311111111048, -7.054 ], [ 112.63311111111048, -7.054222222222168 ], [ 112.632444444443806, -7.054222222222168 ], [ 112.632444444443806, -7.05444444444439 ], [ 112.631999999999366, -7.05444444444439 ], [ 112.631999999999366, -7.054666666666612 ], [ 112.631555555554925, -7.054666666666612 ], [ 112.631555555554925, -7.054888888888834 ], [ 112.631333333332705, -7.054888888888834 ], [ 112.631333333332705, -7.054222222222168 ], [ 112.631555555554925, -7.054222222222168 ], [ 112.631555555554925, -7.054 ], [ 112.631777777777145, -7.054 ], [ 112.631777777777145, -7.053777777777724 ], [ 112.631555555554925, -7.053777777777724 ], [ 112.631555555554925, -7.053555555555502 ], [ 112.630888888888265, -7.053555555555502 ], [ 112.630888888888265, -7.05333333333328 ], [ 112.630666666666031, -7.05333333333328 ], [ 112.630666666666031, -7.053111111111058 ], [ 112.62999999999937, -7.053111111111058 ], [ 112.62999999999937, -7.052888888888836 ], [ 112.63022222222159, -7.052888888888836 ], [ 112.63022222222159, -7.052666666666614 ] ] ] } },
{ "type": "Feature", "properties": { "PXLVAL": 1 }, "geometry": { "type": "Polygon", "coordinates": [ [ [ 112.634222222221581, -7.054222222222168 ], [ 112.634444444443815, -7.054222222222168 ], [ 112.634444444443815, -7.054666666666612 ], [ 112.633999999999361, -7.054666666666612 ], [ 112.633999999999361, -7.05444444444439 ], [ 112.634222222221581, -7.05444444444439 ], [ 112.634222222221581, -7.054222222222168 ] ] ] } },
{ "type": "Feature", "properties": { "PXLVAL": 1 }, "geometry": { "type": "Polygon", "coordinates": [ [ [ 112.627555555554935, -7.054666666666612 ], [ 112.627999999999375, -7.054666666666612 ], [ 112.627999999999375, -7.055111111111056 ], [ 112.627777777777155, -7.055111111111056 ], [ 112.627777777777155, -7.054888888888834 ], [ 112.627555555554935, -7.054888888888834 ], [ 112.627555555554935, -7.054666666666612 ] ] ] } },
{ "type": "Feature", "properties": { "PXLVAL": 1 }, "geometry": { "type": "Polygon", "coordinates": [ [ [ 112.644444444443806, -7.054666666666612 ], [ 112.645111111110467, -7.054666666666612 ], [ 112.645111111110467, -7.055111111111056 ], [ 112.645333333332687, -7.055111111111056 ], [ 112.645333333332687, -7.0555555555555 ], [ 112.645111111110467, -7.0555555555555 ], [ 112.645111111110467, -7.055333333333278 ], [ 112.644888888888246, -7.055333333333278 ], [ 112.644888888888246, -7.054888888888834 ], [ 112.644666666666026, -7.054888888888834 ], [ 112.644666666666026, -7.055111111111056 ], [ 112.644444444443806, -7.055111111111056 ], [ 112.644444444443806, -7.054666666666612 ] ] ] } },
{ "type": "Feature", "properties": { "PXLVAL": 1 }, "geometry": { "type": "Polygon", "coordinates": [ [ [ 112.631777777777145, -7.054888888888834 ], [ 112.631999999999366, -7.054888888888834 ], [ 112.631999999999366, -7.055333333333278 ], [ 112.631777777777145, -7.055333333333278 ], [ 112.631777777777145, -7.054888888888834 ] ] ] } },
{ "type": "Feature", "properties": { "PXLVAL": 1 }, "geometry": { "type": "Polygon", "coordinates": [ [ [ 112.62955555555493, -7.054888888888834 ], [ 112.62977777777715, -7.054888888888834 ], [ 112.62977777777715, -7.055333333333278 ], [ 112.62933333333271, -7.055333333333278 ], [ 112.62933333333271, -7.0555555555555 ], [ 112.629111111110475, -7.0555555555555 ], [ 112.629111111110475, -7.055111111111056 ], [ 112.62955555555493, -7.055111111111056 ], [ 112.62955555555493, -7.054888888888834 ] ] ] } },
{ "type": "Feature", "properties": { "PXLVAL": 1 }, "geometry": { "type": "Polygon", "coordinates": [ [ [ 112.595777777777187, -7.054222222222168 ], [ 112.596666666666067, -7.054222222222168 ], [ 112.596666666666067, -7.05444444444439 ], [ 112.596888888888287, -7.05444444444439 ], [ 112.596888888888287, -7.054666666666612 ], [ 112.596444444443847, -7.054666666666612 ], [ 112.596444444443847, -7.054888888888834 ], [ 112.595999999999407, -7.054888888888834 ], [ 112.595999999999407, -7.054666666666612 ], [ 112.595777777777187, -7.054666666666612 ], [ 112.595777777777187, -7.054888888888834 ], [ 112.595555555554967, -7.054888888888834 ], [ 112.595555555554967, -7.054666666666612 ], [ 112.595333333332732, -7.054666666666612 ], [ 112.595333333332732, -7.055111111111056 ], [ 112.594888888888292, -7.055111111111056 ], [ 112.594888888888292, -7.054888888888834 ], [ 112.594444444443852, -7.054888888888834 ], [ 112.594444444443852, -7.055111111111056 ], [ 112.592666666666076, -7.055111111111056 ], [ 112.592666666666076, -7.055333333333278 ], [ 112.592444444443856, -7.055333333333278 ], [ 112.592444444443856, -7.0555555555555 ], [ 112.592222222221636, -7.0555555555555 ], [ 112.592222222221636, -7.055333333333278 ], [ 112.591555555554962, -7.055333333333278 ], [ 112.591555555554962, -7.0555555555555 ], [ 112.590666666666081, -7.0555555555555 ], [ 112.590666666666081, -7.056 ], [ 112.590444444443861, -7.056 ], [ 112.590444444443861, -7.055777777777722 ], [ 112.589999999999407, -7.055777777777722 ], [ 112.589999999999407, -7.056 ], [ 112.589777777777186, -7.056 ], [ 112.589777777777186, -7.055777777777722 ], [ 112.589555555554966, -7.055777777777722 ], [ 112.589555555554966, -7.0555555555555 ], [ 112.589999999999407, -7.0555555555555 ], [ 112.589999999999407, -7.055333333333278 ], [ 112.590444444443861, -7.055333333333278 ], [ 112.590444444443861, -7.055111111111056 ], [ 112.591333333332742, -7.055111111111056 ], [ 112.591333333332742, -7.054888888888834 ], [ 112.593111111110517, -7.054888888888834 ], [ 112.593111111110517, -7.054666666666612 ], [ 112.594888888888292, -7.054666666666612 ], [ 112.594888888888292, -7.05444444444439 ], [ 112.595777777777187, -7.05444444444439 ], [ 112.595777777777187, -7.054222222222168 ] ] ] } },
{ "type": "Feature", "properties": { "PXLVAL": 1 }, "geometry": { "type": "Polygon", "coordinates": [ [ [ 112.639777777777141, -7.054222222222168 ], [ 112.639999999999361, -7.054222222222168 ], [ 112.639999999999361, -7.05444444444439 ], [ 112.640444444443801, -7.05444444444439 ], [ 112.640444444443801, -7.054666666666612 ], [ 112.640666666666021, -7.054666666666612 ], [ 112.640666666666021, -7.055111111111056 ], [ 112.641111111110476, -7.055111111111056 ], [ 112.641111111110476, -7.054666666666612 ], [ 112.641333333332696, -7.054666666666612 ], [ 112.641333333332696, -7.05444444444439 ], [ 112.641555555554916, -7.05444444444439 ], [ 112.641555555554916, -7.054666666666612 ], [ 112.641777777777136, -7.054666666666612 ], [ 112.641777777777136, -7.055333333333278 ], [ 112.641999999999356, -7.055333333333278 ], [ 112.641999999999356, -7.055777777777722 ], [ 112.642222222221577, -7.055777777777722 ], [ 112.642222222221577, -7.056222222222166 ], [ 112.642444444443797, -7.056222222222166 ], [ 112.642444444443797, -7.05666666666661 ], [ 112.641999999999356, -7.05666666666661 ], [ 112.641999999999356, -7.056888888888832 ], [ 112.641777777777136, -7.056888888888832 ], [ 112.641777777777136, -7.05666666666661 ], [ 112.641555555554916, -7.05666666666661 ], [ 112.641555555554916, -7.056444444444388 ], [ 112.641333333332696, -7.056444444444388 ], [ 112.641333333332696, -7.056222222222166 ], [ 112.641111111110476, -7.056222222222166 ], [ 112.641111111110476, -7.056 ], [ 112.640888888888242, -7.056 ], [ 112.640888888888242, -7.0555555555555 ], [ 112.640666666666021, -7.0555555555555 ], [ 112.640666666666021, -7.055333333333278 ], [ 112.640444444443801, -7.055333333333278 ], [ 112.640444444443801, -7.055111111111056 ], [ 112.640222222221581, -7.055111111111056 ], [ 112.640222222221581, -7.054888888888834 ], [ 112.639999999999361, -7.054888888888834 ], [ 112.639999999999361, -7.054666666666612 ], [ 112.639777777777141, -7.054666666666612 ], [ 112.639777777777141, -7.054222222222168 ] ], [ [ 112.641111111110476, -7.055111111111056 ], [ 112.641111111110476, -7.055333333333278 ], [ 112.641333333332696, -7.055333333333278 ], [ 112.641333333332696, -7.055111111111056 ], [ 112.641111111110476, -7.055111111111056 ] ] ] } },
{ "type": "Feature", "properties": { "PXLVAL": 1 }, "geometry": { "type": "Polygon", "coordinates": [ [ [ 112.6273333333327, -7.056222222222166 ], [ 112.627555555554935, -7.056222222222166 ], [ 112.627555555554935, -7.05666666666661 ], [ 112.627999999999375, -7.05666666666661 ], [ 112.627999999999375, -7.057111111111054 ], [ 112.6273333333327, -7.057111111111054 ], [ 112.6273333333327, -7.056222222222166 ] ] ] } },
{ "type": "Feature", "properties": { "PXLVAL": 1 }, "geometry": { "type": "Polygon", "coordinates": [ [ [ 112.634444444443815, -7.056222222222166 ], [ 112.634666666666035, -7.056222222222166 ], [ 112.634666666666035, -7.056444444444388 ], [ 112.634444444443815, -7.056444444444388 ], [ 112.634444444443815, -7.056222222222166 ] ] ] } },
{ "type": "Feature", "properties": { "PXLVAL": 1 }, "geometry": { "type": "Polygon", "coordinates": [ [ [ 112.62999999999937, -7.055333333333278 ], [ 112.63044444444381, -7.055333333333278 ], [ 112.63044444444381, -7.055777777777722 ], [ 112.63022222222159, -7.055777777777722 ], [ 112.63022222222159, -7.056222222222166 ], [ 112.62977777777715, -7.056222222222166 ], [ 112.62977777777715, -7.056444444444388 ], [ 112.62933333333271, -7.056444444444388 ], [ 112.62933333333271, -7.05666666666661 ], [ 112.628666666666035, -7.05666666666661 ], [ 112.628666666666035, -7.056888888888832 ], [ 112.628222222221595, -7.056888888888832 ], [ 112.628222222221595, -7.05666666666661 ], [ 112.628444444443815, -7.05666666666661 ], [ 112.628444444443815, -7.056444444444388 ], [ 112.628888888888255, -7.056444444444388 ], [ 112.628888888888255, -7.056 ], [ 112.629111111110475, -7.056 ], [ 112.629111111110475, -7.055777777777722 ], [ 112.62933333333271, -7.055777777777722 ], [ 112.62933333333271, -7.0555555555555 ], [ 112.62999999999937, -7.0555555555555 ], [ 112.62999999999937, -7.055333333333278 ] ] ] } },
{ "type": "Feature", "properties": { "PXLVAL": 1 }, "geometry": { "type": "Polygon", "coordinates": [ [ [ 112.642444444443797, -7.05666666666661 ], [ 112.642666666666031, -7.05666666666661 ], [ 112.642666666666031, -7.056888888888832 ], [ 112.642444444443797, -7.056888888888832 ], [ 112.642444444443797, -7.05666666666661 ] ] ] } },
{ "type": "Feature", "properties": { "PXLVAL": 1 }, "geometry": { "type": "Polygon", "coordinates": [ [ [ 112.625999999999379, -7.056888888888832 ], [ 112.62711111111048, -7.056888888888832 ], [ 112.62711111111048, -7.057111111111054 ], [ 112.6273333333327, -7.057111111111054 ], [ 112.6273333333327, -7.057333333333276 ], [ 112.625777777777145, -7.057333333333276 ], [ 112.625777777777145, -7.057111111111054 ], [ 112.625999999999379, -7.057111111111054 ], [ 112.625999999999379, -7.056888888888832 ] ] ] } },
{ "type": "Feature", "properties": { "PXLVAL": 1 }, "geometry": { "type": "Polygon", "coordinates": [ [ [ 112.642888888888251, -7.057111111111054 ], [ 112.643111111110471, -7.057111111111054 ], [ 112.643111111110471, -7.057333333333276 ], [ 112.642888888888251, -7.057333333333276 ], [ 112.642888888888251, -7.057111111111054 ] ] ] } },
{ "type": "Feature", "properties": { "PXLVAL": 1 }, "geometry": { "type": "Polygon", "coordinates": [ [ [ 112.610222222221608, -7.057555555555498 ], [ 112.610666666666063, -7.057555555555498 ], [ 112.610666666666063, -7.05777777777772 ], [ 112.610444444443829, -7.05777777777772 ], [ 112.610444444443829, -7.058 ], [ 112.610222222221608, -7.058 ], [ 112.610222222221608, -7.057555555555498 ] ] ] } },
{ "type": "Feature", "properties": { "PXLVAL": 1 }, "geometry": { "type": "Polygon", "coordinates": [ [ [ 112.640444444443801, -7.057555555555498 ], [ 112.641111111110476, -7.057555555555498 ], [ 112.641111111110476, -7.05777777777772 ], [ 112.640666666666021, -7.05777777777772 ], [ 112.640666666666021, -7.058 ], [ 112.640444444443801, -7.058 ], [ 112.640444444443801, -7.057555555555498 ] ] ] } },
{ "type": "Feature", "properties": { "PXLVAL": 1 }, "geometry": { "type": "Polygon", "coordinates": [ [ [ 112.632444444443806, -7.055111111111056 ], [ 112.63266666666604, -7.055111111111056 ], [ 112.63266666666604, -7.055333333333278 ], [ 112.63288888888826, -7.055333333333278 ], [ 112.63288888888826, -7.055111111111056 ], [ 112.63311111111048, -7.055111111111056 ], [ 112.63311111111048, -7.0555555555555 ], [ 112.6333333333327, -7.0555555555555 ], [ 112.6333333333327, -7.055777777777722 ], [ 112.633555555554921, -7.055777777777722 ], [ 112.633555555554921, -7.056 ], [ 112.633777777777141, -7.056 ], [ 112.633777777777141, -7.056222222222166 ], [ 112.633999999999361, -7.056222222222166 ], [ 112.633999999999361, -7.056444444444388 ], [ 112.634222222221581, -7.056444444444388 ], [ 112.634222222221581, -7.05666666666661 ], [ 112.634666666666035, -7.05666666666661 ], [ 112.634666666666035, -7.057111111111054 ], [ 112.635777777777136, -7.057111111111054 ], [ 112.635777777777136, -7.05666666666661 ], [ 112.63599999999937, -7.05666666666661 ], [ 112.63599999999937, -7.056444444444388 ], [ 112.636444444443811, -7.056444444444388 ], [ 112.636444444443811, -7.056222222222166 ], [ 112.636666666666031, -7.056222222222166 ], [ 112.636666666666031, -7.056 ], [ 112.637555555554911, -7.056 ], [ 112.637555555554911, -7.055777777777722 ], [ 112.637777777777146, -7.055777777777722 ], [ 112.637777777777146, -7.056 ], [ 112.637999999999366, -7.056 ], [ 112.637999999999366, -7.056444444444388 ], [ 112.638222222221586, -7.056444444444388 ], [ 112.638222222221586, -7.05777777777772 ], [ 112.638666666666026, -7.05777777777772 ], [ 112.638666666666026, -7.058 ], [ 112.638888888888246, -7.058 ], [ 112.638888888888246, -7.05777777777772 ], [ 112.639111111110466, -7.05777777777772 ], [ 112.639111111110466, -7.057555555555498 ], [ 112.639333333332701, -7.057555555555498 ], [ 112.639333333332701, -7.058222222222164 ], [ 112.639111111110466, -7.058222222222164 ], [ 112.639111111110466, -7.058444444444386 ], [ 112.638888888888246, -7.058444444444386 ], [ 112.638888888888246, -7.058666666666608 ], [ 112.638222222221586, -7.058666666666608 ], [ 112.638222222221586, -7.05888888888883 ], [ 112.637999999999366, -7.05888888888883 ], [ 112.637999999999366, -7.058666666666608 ], [ 112.637777777777146, -7.058666666666608 ], [ 112.637777777777146, -7.058 ], [ 112.637555555554911, -7.058 ], [ 112.637555555554911, -7.057555555555498 ], [ 112.637333333332691, -7.057555555555498 ], [ 112.637333333332691, -7.057111111111054 ], [ 112.637111111110471, -7.057111111111054 ], [ 112.637111111110471, -7.056888888888832 ], [ 112.636888888888251, -7.056888888888832 ], [ 112.636888888888251, -7.057111111111054 ], [ 112.636666666666031, -7.057111111111054 ], [ 112.636666666666031, -7.057333333333276 ], [ 112.636444444443811, -7.057333333333276 ], [ 112.636444444443811, -7.057111111111054 ], [ 112.63599999999937, -7.057111111111054 ], [ 112.63599999999937, -7.057333333333276 ], [ 112.634666666666035, -7.057333333333276 ], [ 112.634666666666035, -7.057555555555498 ], [ 112.634444444443815, -7.057555555555498 ], [ 112.634444444443815, -7.057111111111054 ], [ 112.633999999999361, -7.057111111111054 ], [ 112.633999999999361, -7.056888888888832 ], [ 112.633777777777141, -7.056888888888832 ], [ 112.633777777777141, -7.056444444444388 ], [ 112.6333333333327, -7.056444444444388 ], [ 112.6333333333327, -7.056222222222166 ], [ 112.63311111111048, -7.056222222222166 ], [ 112.63311111111048, -7.056 ], [ 112.63288888888826, -7.056 ], [ 112.63288888888826, -7.055777777777722 ], [ 112.63266666666604, -7.055777777777722 ], [ 112.63266666666604, -7.0555555555555 ], [ 112.632444444443806, -7.0555555555555 ], [ 112.632444444443806, -7.055111111111056 ] ] ] } },
{ "type": "Feature", "properties": { "PXLVAL": 1 }, "geometry": { "type": "Polygon", "coordinates": [ [ [ 112.643333333332691, -7.057555555555498 ], [ 112.643555555554912, -7.057555555555498 ], [ 112.643555555554912, -7.05777777777772 ], [ 112.643999999999352, -7.05777777777772 ], [ 112.643999999999352, -7.058 ], [ 112.644222222221572, -7.058 ], [ 112.644222222221572, -7.058444444444386 ], [ 112.644888888888246, -7.058444444444386 ], [ 112.644888888888246, -7.058666666666608 ], [ 112.645111111110467, -7.058666666666608 ], [ 112.645111111110467, -7.059111111111052 ], [ 112.644888888888246, -7.059111111111052 ], [ 112.644888888888246, -7.059333333333274 ], [ 112.644666666666026, -7.059333333333274 ], [ 112.644666666666026, -7.059111111111052 ], [ 112.644444444443806, -7.059111111111052 ], [ 112.644444444443806, -7.058666666666608 ], [ 112.643999999999352, -7.058666666666608 ], [ 112.643999999999352, -7.058444444444386 ], [ 112.643555555554912, -7.058444444444386 ], [ 112.643555555554912, -7.058 ], [ 112.643333333332691, -7.058 ], [ 112.643333333332691, -7.057555555555498 ] ] ] } },
{ "type": "Feature", "properties": { "PXLVAL": 1 }, "geometry": { "type": "Polygon", "coordinates": [ [ [ 112.704222222221517, -7.058444444444386 ], [ 112.704444444443737, -7.058444444444386 ], [ 112.704444444443737, -7.058666666666608 ], [ 112.704222222221517, -7.058666666666608 ], [ 112.704222222221517, -7.058444444444386 ] ] ] } },
{ "type": "Feature", "properties": { "PXLVAL": 1 }, "geometry": { "type": "Polygon", "coordinates": [ [ [ 112.715777777777063, -7.058666666666608 ], [ 112.716444444443724, -7.058666666666608 ], [ 112.716444444443724, -7.059555555555496 ], [ 112.715999999999283, -7.059555555555496 ], [ 112.715999999999283, -7.059333333333274 ], [ 112.715777777777063, -7.059333333333274 ], [ 112.715777777777063, -7.058666666666608 ] ] ] } },
{ "type": "Feature", "properties": { "PXLVAL": 1 }, "geometry": { "type": "Polygon", "coordinates": [ [ [ 112.628222222221595, -7.058444444444386 ], [ 112.628666666666035, -7.058444444444386 ], [ 112.628666666666035, -7.058666666666608 ], [ 112.629111111110475, -7.058666666666608 ], [ 112.629111111110475, -7.059111111111052 ], [ 112.628888888888255, -7.059111111111052 ], [ 112.628888888888255, -7.059333333333274 ], [ 112.628666666666035, -7.059333333333274 ], [ 112.628666666666035, -7.059555555555496 ], [ 112.628444444443815, -7.059555555555496 ], [ 112.628444444443815, -7.059777777777718 ], [ 112.628222222221595, -7.059777777777718 ], [ 112.628222222221595, -7.059333333333274 ], [ 112.628444444443815, -7.059333333333274 ], [ 112.628444444443815, -7.059111111111052 ], [ 112.628222222221595, -7.059111111111052 ], [ 112.628222222221595, -7.058444444444386 ] ] ] } },
{ "type": "Feature", "properties": { "PXLVAL": 1 }, "geometry": { "type": "Polygon", "coordinates": [ [ [ 112.710666666665958, -7.060444444444384 ], [ 112.710888888888178, -7.060444444444384 ], [ 112.710888888888178, -7.060888888888828 ], [ 112.710666666665958, -7.060888888888828 ], [ 112.710666666665958, -7.060444444444384 ] ] ] } },
{ "type": "Feature", "properties": { "PXLVAL": 1 }, "geometry": { "type": "Polygon", "coordinates": [ [ [ 112.63599999999937, -7.060666666666606 ], [ 112.636444444443811, -7.060666666666606 ], [ 112.636444444443811, -7.060888888888828 ], [ 112.63599999999937, -7.060888888888828 ], [ 112.63599999999937, -7.060666666666606 ] ] ] } },
{ "type": "Feature", "properties": { "PXLVAL": 1 }, "geometry": { "type": "Polygon", "coordinates": [ [ [ 112.637111111110471, -7.06 ], [ 112.637555555554911, -7.06 ], [ 112.637555555554911, -7.060444444444384 ], [ 112.637333333332691, -7.060444444444384 ], [ 112.637333333332691, -7.060666666666606 ], [ 112.637111111110471, -7.060666666666606 ], [ 112.637111111110471, -7.06111111111105 ], [ 112.636444444443811, -7.06111111111105 ], [ 112.636444444443811, -7.060888888888828 ], [ 112.636888888888251, -7.060888888888828 ], [ 112.636888888888251, -7.060444444444384 ], [ 112.637111111110471, -7.060444444444384 ], [ 112.637111111110471, -7.06 ] ] ] } },
{ "type": "Feature", "properties": { "PXLVAL": 1 }, "geometry": { "type": "Polygon", "coordinates": [ [ [ 112.711111111110398, -7.060888888888828 ], [ 112.711555555554838, -7.060888888888828 ], [ 112.711555555554838, -7.061333333333272 ], [ 112.711111111110398, -7.061333333333272 ], [ 112.711111111110398, -7.060888888888828 ] ] ] } },
{ "type": "Feature", "properties": { "PXLVAL": 1 }, "geometry": { "type": "Polygon", "coordinates": [ [ [ 112.636444444443811, -7.061555555555494 ], [ 112.636888888888251, -7.061555555555494 ], [ 112.636888888888251, -7.06222222222216 ], [ 112.637111111110471, -7.06222222222216 ], [ 112.637111111110471, -7.062 ], [ 112.637333333332691, -7.062 ], [ 112.637333333332691, -7.061777777777716 ], [ 112.638222222221586, -7.061777777777716 ], [ 112.638222222221586, -7.062 ], [ 112.638444444443806, -7.062 ], [ 112.638444444443806, -7.061777777777716 ], [ 112.639333333332701, -7.061777777777716 ], [ 112.639333333332701, -7.062 ], [ 112.639555555554921, -7.062 ], [ 112.639555555554921, -7.062444444444382 ], [ 112.639111111110466, -7.062444444444382 ], [ 112.639111111110466, -7.062666666666604 ], [ 112.637777777777146, -7.062666666666604 ], [ 112.637777777777146, -7.062888888888826 ], [ 112.637555555554911, -7.062888888888826 ], [ 112.637555555554911, -7.062666666666604 ], [ 112.637111111110471, -7.062666666666604 ], [ 112.637111111110471, -7.062444444444382 ], [ 112.636444444443811, -7.062444444444382 ], [ 112.636444444443811, -7.062666666666604 ], [ 112.636222222221591, -7.062666666666604 ], [ 112.636222222221591, -7.062 ], [ 112.636444444443811, -7.062 ], [ 112.636444444443811, -7.061555555555494 ] ] ] } },
{ "type": "Feature", "properties": { "PXLVAL": 1 }, "geometry": { "type": "Polygon", "coordinates": [ [ [ 112.62977777777715, -7.06222222222216 ], [ 112.63044444444381, -7.06222222222216 ], [ 112.63044444444381, -7.062666666666604 ], [ 112.63022222222159, -7.062666666666604 ], [ 112.63022222222159, -7.062444444444382 ], [ 112.62999999999937, -7.062444444444382 ], [ 112.62999999999937, -7.062666666666604 ], [ 112.62977777777715, -7.062666666666604 ], [ 112.62977777777715, -7.06222222222216 ] ] ] } },
{ "type": "Feature", "properties": { "PXLVAL": 1 }, "geometry": { "type": "Polygon", "coordinates": [ [ [ 112.631111111110485, -7.064 ], [ 112.631333333332705, -7.064 ], [ 112.631333333332705, -7.064222222222158 ], [ 112.631555555554925, -7.064222222222158 ], [ 112.631555555554925, -7.06444444444438 ], [ 112.631111111110485, -7.06444444444438 ], [ 112.631111111110485, -7.064 ] ] ] } },
{ "type": "Feature", "properties": { "PXLVAL": 1 }, "geometry": { "type": "Polygon", "coordinates": [ [ [ 112.63266666666604, -7.064222222222158 ], [ 112.63311111111048, -7.064222222222158 ], [ 112.63311111111048, -7.06444444444438 ], [ 112.63288888888826, -7.06444444444438 ], [ 112.63288888888826, -7.064666666666602 ], [ 112.63266666666604, -7.064666666666602 ], [ 112.63266666666604, -7.064222222222158 ] ] ] } },
{ "type": "Feature", "properties": { "PXLVAL": 1 }, "geometry": { "type": "Polygon", "coordinates": [ [ [ 112.715999999999283, -7.039333333333294 ], [ 112.716222222221504, -7.039333333333294 ], [ 112.716222222221504, -7.039777777777738 ], [ 112.715999999999283, -7.039777777777738 ], [ 112.715999999999283, -7.04 ], [ 112.716222222221504, -7.04 ], [ 112.716222222221504, -7.040222222222182 ], [ 112.716444444443724, -7.040222222222182 ], [ 112.716444444443724, -7.039777777777738 ], [ 112.717555555554839, -7.039777777777738 ], [ 112.717555555554839, -7.040444444444404 ], [ 112.717333333332618, -7.040444444444404 ], [ 112.717333333332618, -7.041333333333292 ], [ 112.717555555554839, -7.041333333333292 ], [ 112.717555555554839, -7.041555555555514 ], [ 112.718666666665953, -7.041555555555514 ], [ 112.718666666665953, -7.042 ], [ 112.718444444443719, -7.042 ], [ 112.718444444443719, -7.04222222222218 ], [ 112.718222222221499, -7.04222222222218 ], [ 112.718222222221499, -7.042444444444402 ], [ 112.718444444443719, -7.042444444444402 ], [ 112.718444444443719, -7.043555555555512 ], [ 112.718222222221499, -7.043555555555512 ], [ 112.718222222221499, -7.044 ], [ 112.718444444443719, -7.044 ], [ 112.718444444443719, -7.044222222222178 ], [ 112.718666666665953, -7.044222222222178 ], [ 112.718666666665953, -7.044888888888844 ], [ 112.718888888888173, -7.044888888888844 ], [ 112.718888888888173, -7.04555555555551 ], [ 112.718666666665953, -7.04555555555551 ], [ 112.718666666665953, -7.045777777777732 ], [ 112.718444444443719, -7.045777777777732 ], [ 112.718444444443719, -7.046 ], [ 112.717333333332618, -7.046 ], [ 112.717333333332618, -7.045777777777732 ], [ 112.716444444443724, -7.045777777777732 ], [ 112.716444444443724, -7.046 ], [ 112.715999999999283, -7.046 ], [ 112.715999999999283, -7.046222222222176 ], [ 112.715777777777063, -7.046222222222176 ], [ 112.715777777777063, -7.046444444444398 ], [ 112.715555555554843, -7.046444444444398 ], [ 112.715555555554843, -7.046222222222176 ], [ 112.715333333332623, -7.046222222222176 ], [ 112.715333333332623, -7.046 ], [ 112.714666666665948, -7.046 ], [ 112.714666666665948, -7.045777777777732 ], [ 112.714222222221508, -7.045777777777732 ], [ 112.714222222221508, -7.04555555555551 ], [ 112.713777777777068, -7.04555555555551 ], [ 112.713777777777068, -7.044666666666622 ], [ 112.713333333332614, -7.044666666666622 ], [ 112.713333333332614, -7.0444444444444 ], [ 112.711333333332618, -7.0444444444444 ], [ 112.711333333332618, -7.044 ], [ 112.711999999999293, -7.044 ], [ 112.711999999999293, -7.043777777777734 ], [ 112.711777777777073, -7.043777777777734 ], [ 112.711777777777073, -7.043555555555512 ], [ 112.711111111110398, -7.043555555555512 ], [ 112.711111111110398, -7.043777777777734 ], [ 112.710888888888178, -7.043777777777734 ], [ 112.710888888888178, -7.044 ], [ 112.711111111110398, -7.044 ], [ 112.711111111110398, -7.044222222222178 ], [ 112.710888888888178, -7.044222222222178 ], [ 112.710888888888178, -7.0444444444444 ], [ 112.710666666665958, -7.0444444444444 ], [ 112.710666666665958, -7.044666666666622 ], [ 112.710888888888178, -7.044666666666622 ], [ 112.710888888888178, -7.044888888888844 ], [ 112.711111111110398, -7.044888888888844 ], [ 112.711111111110398, -7.044666666666622 ], [ 112.711333333332618, -7.044666666666622 ], [ 112.711333333332618, -7.045333333333288 ], [ 112.711555555554838, -7.045333333333288 ], [ 112.711555555554838, -7.04555555555551 ], [ 112.711777777777073, -7.04555555555551 ], [ 112.711777777777073, -7.045777777777732 ], [ 112.711999999999293, -7.045777777777732 ], [ 112.711999999999293, -7.046444444444398 ], [ 112.711777777777073, -7.046444444444398 ], [ 112.711777777777073, -7.04666666666662 ], [ 112.711555555554838, -7.04666666666662 ], [ 112.711555555554838, -7.046888888888842 ], [ 112.711333333332618, -7.046888888888842 ], [ 112.711333333332618, -7.047333333333286 ], [ 112.711111111110398, -7.047333333333286 ], [ 112.711111111110398, -7.047555555555508 ], [ 112.710888888888178, -7.047555555555508 ], [ 112.710888888888178, -7.04777777777773 ], [ 112.710222222221518, -7.04777777777773 ], [ 112.710222222221518, -7.047555555555508 ], [ 112.709777777777063, -7.047555555555508 ], [ 112.709777777777063, -7.047333333333286 ], [ 112.709111111110403, -7.047333333333286 ], [ 112.709111111110403, -7.047555555555508 ], [ 112.709333333332623, -7.047555555555508 ], [ 112.709333333332623, -7.048222222222174 ], [ 112.709111111110403, -7.048222222222174 ], [ 112.709111111110403, -7.048666666666618 ], [ 112.708888888888183, -7.048666666666618 ], [ 112.708888888888183, -7.049333333333284 ], [ 112.708666666665962, -7.049333333333284 ], [ 112.708666666665962, -7.049555555555506 ], [ 112.708444444443742, -7.049555555555506 ], [ 112.708444444443742, -7.05 ], [ 112.707999999999288, -7.05 ], [ 112.707999999999288, -7.050222222222172 ], [ 112.707555555554848, -7.050222222222172 ], [ 112.707555555554848, -7.050444444444394 ], [ 112.707777777777068, -7.050444444444394 ], [ 112.707777777777068, -7.050666666666616 ], [ 112.707999999999288, -7.050666666666616 ], [ 112.707999999999288, -7.05111111111106 ], [ 112.708222222221508, -7.05111111111106 ], [ 112.708222222221508, -7.051777777777726 ], [ 112.708444444443742, -7.051777777777726 ], [ 112.708444444443742, -7.052444444444392 ], [ 112.708222222221508, -7.052444444444392 ], [ 112.708222222221508, -7.052666666666614 ], [ 112.708444444443742, -7.052666666666614 ], [ 112.708444444443742, -7.052888888888836 ], [ 112.708222222221508, -7.052888888888836 ], [ 112.708222222221508, -7.053111111111058 ], [ 112.709333333332623, -7.053111111111058 ], [ 112.709333333332623, -7.053555555555502 ], [ 112.709111111110403, -7.053555555555502 ], [ 112.709111111110403, -7.053777777777724 ], [ 112.708888888888183, -7.053777777777724 ], [ 112.708888888888183, -7.054 ], [ 112.708666666665962, -7.054 ], [ 112.708666666665962, -7.053777777777724 ], [ 112.707777777777068, -7.053777777777724 ], [ 112.707777777777068, -7.054666666666612 ], [ 112.707999999999288, -7.054666666666612 ], [ 112.707999999999288, -7.054888888888834 ], [ 112.708444444443742, -7.054888888888834 ], [ 112.708444444443742, -7.055111111111056 ], [ 112.708888888888183, -7.055111111111056 ], [ 112.708888888888183, -7.054888888888834 ], [ 112.709111111110403, -7.054888888888834 ], [ 112.709111111110403, -7.055777777777722 ], [ 112.708888888888183, -7.055777777777722 ], [ 112.708888888888183, -7.0555555555555 ], [ 112.707555555554848, -7.0555555555555 ], [ 112.707555555554848, -7.055333333333278 ], [ 112.707333333332627, -7.055333333333278 ], [ 112.707333333332627, -7.056 ], [ 112.707777777777068, -7.056 ], [ 112.707777777777068, -7.055777777777722 ], [ 112.707999999999288, -7.055777777777722 ], [ 112.707999999999288, -7.056 ], [ 112.708222222221508, -7.056 ], [ 112.708222222221508, -7.056222222222166 ], [ 112.708444444443742, -7.056222222222166 ], [ 112.708444444443742, -7.056 ], [ 112.708666666665962, -7.056 ], [ 112.708666666665962, -7.056222222222166 ], [ 112.709111111110403, -7.056222222222166 ], [ 112.709111111110403, -7.056444444444388 ], [ 112.709333333332623, -7.056444444444388 ], [ 112.709333333332623, -7.056 ], [ 112.709777777777063, -7.056 ], [ 112.709777777777063, -7.056222222222166 ], [ 112.709999999999283, -7.056222222222166 ], [ 112.709999999999283, -7.056 ], [ 112.710222222221518, -7.056 ], [ 112.710222222221518, -7.057111111111054 ], [ 112.710444444443738, -7.057111111111054 ], [ 112.710444444443738, -7.05666666666661 ], [ 112.711111111110398, -7.05666666666661 ], [ 112.711111111110398, -7.057333333333276 ], [ 112.711777777777073, -7.057333333333276 ], [ 112.711777777777073, -7.057555555555498 ], [ 112.712222222221513, -7.057555555555498 ], [ 112.712222222221513, -7.05777777777772 ], [ 112.711999999999293, -7.05777777777772 ], [ 112.711999999999293, -7.058 ], [ 112.711777777777073, -7.058 ], [ 112.711777777777073, -7.058666666666608 ], [ 112.711999999999293, -7.058666666666608 ], [ 112.711999999999293, -7.058444444444386 ], [ 112.712444444443733, -7.058444444444386 ], [ 112.712444444443733, -7.058666666666608 ], [ 112.713333333332614, -7.058666666666608 ], [ 112.713333333332614, -7.059333333333274 ], [ 112.713555555554848, -7.059333333333274 ], [ 112.713555555554848, -7.059555555555496 ], [ 112.713777777777068, -7.059555555555496 ], [ 112.713777777777068, -7.059777777777718 ], [ 112.713111111110393, -7.059777777777718 ], [ 112.713111111110393, -7.06 ], [ 112.712444444443733, -7.06 ], [ 112.712444444443733, -7.060444444444384 ], [ 112.713111111110393, -7.060444444444384 ], [ 112.713111111110393, -7.060666666666606 ], [ 112.713333333332614, -7.060666666666606 ], [ 112.713333333332614, -7.06111111111105 ], [ 112.713555555554848, -7.06111111111105 ], [ 112.713555555554848, -7.060666666666606 ], [ 112.713777777777068, -7.060666666666606 ], [ 112.713777777777068, -7.060444444444384 ], [ 112.714222222221508, -7.060444444444384 ], [ 112.714222222221508, -7.060666666666606 ], [ 112.714444444443728, -7.060666666666606 ], [ 112.714444444443728, -7.060444444444384 ], [ 112.715111111110403, -7.060444444444384 ], [ 112.715111111110403, -7.060222222222162 ], [ 112.715333333332623, -7.060222222222162 ], [ 112.715333333332623, -7.059777777777718 ], [ 112.715999999999283, -7.059777777777718 ], [ 112.715999999999283, -7.06 ], [ 112.716444444443724, -7.06 ], [ 112.716444444443724, -7.060444444444384 ], [ 112.715999999999283, -7.060444444444384 ], [ 112.715999999999283, -7.060222222222162 ], [ 112.715777777777063, -7.060222222222162 ], [ 112.715777777777063, -7.06111111111105 ], [ 112.714222222221508, -7.06111111111105 ], [ 112.714222222221508, -7.061555555555494 ], [ 112.714666666665948, -7.061555555555494 ], [ 112.714666666665948, -7.061777777777716 ], [ 112.714888888888169, -7.061777777777716 ], [ 112.714888888888169, -7.062 ], [ 112.715111111110403, -7.062 ], [ 112.715111111110403, -7.06222222222216 ], [ 112.715333333332623, -7.06222222222216 ], [ 112.715333333332623, -7.062444444444382 ], [ 112.715555555554843, -7.062444444444382 ], [ 112.715555555554843, -7.063111111111048 ], [ 112.715333333332623, -7.063111111111048 ], [ 112.715333333332623, -7.06333333333327 ], [ 112.715111111110403, -7.06333333333327 ], [ 112.715111111110403, -7.063555555555492 ], [ 112.714888888888169, -7.063555555555492 ], [ 112.714888888888169, -7.063777777777714 ], [ 112.714222222221508, -7.063777777777714 ], [ 112.714222222221508, -7.063555555555492 ], [ 112.713999999999288, -7.063555555555492 ], [ 112.713999999999288, -7.06333333333327 ], [ 112.713777777777068, -7.06333333333327 ], [ 112.713777777777068, -7.062888888888826 ], [ 112.713555555554848, -7.062888888888826 ], [ 112.713555555554848, -7.062444444444382 ], [ 112.713333333332614, -7.062444444444382 ], [ 112.713333333332614, -7.062 ], [ 112.713111111110393, -7.062 ], [ 112.713111111110393, -7.062666666666604 ], [ 112.712444444443733, -7.062666666666604 ], [ 112.712444444443733, -7.063111111111048 ], [ 112.712222222221513, -7.063111111111048 ], [ 112.712222222221513, -7.062666666666604 ], [ 112.711999999999293, -7.062666666666604 ], [ 112.711999999999293, -7.062 ], [ 112.711777777777073, -7.062 ], [ 112.711777777777073, -7.061777777777716 ], [ 112.711555555554838, -7.061777777777716 ], [ 112.711555555554838, -7.061555555555494 ], [ 112.711777777777073, -7.061555555555494 ], [ 112.711777777777073, -7.06111111111105 ], [ 112.711999999999293, -7.06111111111105 ], [ 112.711999999999293, -7.061333333333272 ], [ 112.712444444443733, -7.061333333333272 ], [ 112.712444444443733, -7.061555555555494 ], [ 112.712666666665953, -7.061555555555494 ], [ 112.712666666665953, -7.062 ], [ 112.712888888888173, -7.062 ], [ 112.712888888888173, -7.061777777777716 ], [ 112.713111111110393, -7.061777777777716 ], [ 112.713111111110393, -7.061555555555494 ], [ 112.712888888888173, -7.061555555555494 ], [ 112.712888888888173, -7.061333333333272 ], [ 112.713111111110393, -7.061333333333272 ], [ 112.713111111110393, -7.06111111111105 ], [ 112.712222222221513, -7.06111111111105 ], [ 112.712222222221513, -7.060888888888828 ], [ 112.711999999999293, -7.060888888888828 ], [ 112.711999999999293, -7.060666666666606 ], [ 112.711555555554838, -7.060666666666606 ], [ 112.711555555554838, -7.060444444444384 ], [ 112.711111111110398, -7.060444444444384 ], [ 112.711111111110398, -7.060222222222162 ], [ 112.711333333332618, -7.060222222222162 ], [ 112.711333333332618, -7.06 ], [ 112.711555555554838, -7.06 ], [ 112.711555555554838, -7.059555555555496 ], [ 112.711333333332618, -7.059555555555496 ], [ 112.711333333332618, -7.059333333333274 ], [ 112.711111111110398, -7.059333333333274 ], [ 112.711111111110398, -7.05777777777772 ], [ 112.710222222221518, -7.05777777777772 ], [ 112.710222222221518, -7.057333333333276 ], [ 112.709111111110403, -7.057333333333276 ], [ 112.709111111110403, -7.057555555555498 ], [ 112.708888888888183, -7.057555555555498 ], [ 112.708888888888183, -7.05777777777772 ], [ 112.709777777777063, -7.05777777777772 ], [ 112.709777777777063, -7.058 ], [ 112.709999999999283, -7.058 ], [ 112.709999999999283, -7.058222222222164 ], [ 112.709777777777063, -7.058222222222164 ], [ 112.709777777777063, -7.058444444444386 ], [ 112.710444444443738, -7.058444444444386 ], [ 112.710444444443738, -7.06 ], [ 112.710666666665958, -7.06 ], [ 112.710666666665958, -7.060222222222162 ], [ 112.710444444443738, -7.060222222222162 ], [ 112.710444444443738, -7.060444444444384 ], [ 112.710222222221518, -7.060444444444384 ], [ 112.710222222221518, -7.060888888888828 ], [ 112.709999999999283, -7.060888888888828 ], [ 112.709999999999283, -7.06111111111105 ], [ 112.710444444443738, -7.06111111111105 ], [ 112.710444444443738, -7.061333333333272 ], [ 112.711111111110398, -7.061333333333272 ], [ 112.711111111110398, -7.062 ], [ 112.710666666665958, -7.062 ], [ 112.710666666665958, -7.062444444444382 ], [ 112.711111111110398, -7.062444444444382 ], [ 112.711111111110398, -7.06222222222216 ], [ 112.711333333332618, -7.06222222222216 ], [ 112.711333333332618, -7.06333333333327 ], [ 112.711111111110398, -7.06333333333327 ], [ 112.711111111110398, -7.063555555555492 ], [ 112.710666666665958, -7.063555555555492 ], [ 112.710666666665958, -7.06333333333327 ], [ 112.710222222221518, -7.06333333333327 ], [ 112.710222222221518, -7.062666666666604 ], [ 112.708666666665962, -7.062666666666604 ], [ 112.708666666665962, -7.062444444444382 ], [ 112.709111111110403, -7.062444444444382 ], [ 112.709111111110403, -7.061777777777716 ], [ 112.708666666665962, -7.061777777777716 ], [ 112.708666666665962, -7.06111111111105 ], [ 112.708444444443742, -7.06111111111105 ], [ 112.708444444443742, -7.060444444444384 ], [ 112.708222222221508, -7.060444444444384 ], [ 112.708222222221508, -7.06111111111105 ], [ 112.707999999999288, -7.06111111111105 ], [ 112.707999999999288, -7.061555555555494 ], [ 112.707777777777068, -7.061555555555494 ], [ 112.707777777777068, -7.061777777777716 ], [ 112.707999999999288, -7.061777777777716 ], [ 112.707999999999288, -7.062666666666604 ], [ 112.707777777777068, -7.062666666666604 ], [ 112.707777777777068, -7.063111111111048 ], [ 112.707555555554848, -7.063111111111048 ], [ 112.707555555554848, -7.062666666666604 ], [ 112.707333333332627, -7.062666666666604 ], [ 112.707333333332627, -7.063111111111048 ], [ 112.706666666665967, -7.063111111111048 ], [ 112.706666666665967, -7.064 ], [ 112.706222222221513, -7.064 ], [ 112.706222222221513, -7.064222222222158 ], [ 112.705777777777072, -7.064222222222158 ], [ 112.705777777777072, -7.064666666666602 ], [ 112.705333333332632, -7.064666666666602 ], [ 112.705333333332632, -7.064222222222158 ], [ 112.705555555554852, -7.064222222222158 ], [ 112.705555555554852, -7.064 ], [ 112.705777777777072, -7.064 ], [ 112.705777777777072, -7.063777777777714 ], [ 112.706222222221513, -7.063777777777714 ], [ 112.706222222221513, -7.06333333333327 ], [ 112.706444444443733, -7.06333333333327 ], [ 112.706444444443733, -7.063111111111048 ], [ 112.706222222221513, -7.063111111111048 ], [ 112.706222222221513, -7.06222222222216 ], [ 112.705777777777072, -7.06222222222216 ], [ 112.705777777777072, -7.062 ], [ 112.705333333332632, -7.062 ], [ 112.705333333332632, -7.061777777777716 ], [ 112.704666666665958, -7.061777777777716 ], [ 112.704666666665958, -7.061555555555494 ], [ 112.704222222221517, -7.061555555555494 ], [ 112.704222222221517, -7.061333333333272 ], [ 112.703999999999297, -7.061333333333272 ], [ 112.703999999999297, -7.061555555555494 ], [ 112.703777777777077, -7.061555555555494 ], [ 112.703777777777077, -7.062 ], [ 112.704444444443737, -7.062 ], [ 112.704444444443737, -7.062444444444382 ], [ 112.704222222221517, -7.062444444444382 ], [ 112.704222222221517, -7.062888888888826 ], [ 112.704444444443737, -7.062888888888826 ], [ 112.704444444443737, -7.062666666666604 ], [ 112.704666666665958, -7.062666666666604 ], [ 112.704666666665958, -7.062444444444382 ], [ 112.705333333332632, -7.062444444444382 ], [ 112.705333333332632, -7.06333333333327 ], [ 112.705111111110412, -7.06333333333327 ], [ 112.705111111110412, -7.064 ], [ 112.704444444443737, -7.064 ], [ 112.704444444443737, -7.063777777777714 ], [ 112.704222222221517, -7.063777777777714 ], [ 112.704222222221517, -7.064222222222158 ], [ 112.703555555554857, -7.064222222222158 ], [ 112.703555555554857, -7.064 ], [ 112.703333333332637, -7.064 ], [ 112.703333333332637, -7.06333333333327 ], [ 112.703555555554857, -7.06333333333327 ], [ 112.703555555554857, -7.063111111111048 ], [ 112.702666666665962, -7.063111111111048 ], [ 112.702666666665962, -7.062666666666604 ], [ 112.702222222221522, -7.062666666666604 ], [ 112.702222222221522, -7.062444444444382 ], [ 112.701999999999302, -7.062444444444382 ], [ 112.701999999999302, -7.062 ], [ 112.702222222221522, -7.062 ], [ 112.702222222221522, -7.061777777777716 ], [ 112.701777777777082, -7.061777777777716 ], [ 112.701777777777082, -7.061555555555494 ], [ 112.701999999999302, -7.061555555555494 ], [ 112.701999999999302, -7.061333333333272 ], [ 112.702222222221522, -7.061333333333272 ], [ 112.702222222221522, -7.060444444444384 ], [ 112.702666666665962, -7.060444444444384 ], [ 112.702666666665962, -7.061333333333272 ], [ 112.702888888888182, -7.061333333333272 ], [ 112.702888888888182, -7.06111111111105 ], [ 112.703111111110402, -7.06111111111105 ], [ 112.703111111110402, -7.060666666666606 ], [ 112.703555555554857, -7.060666666666606 ], [ 112.703555555554857, -7.060222222222162 ], [ 112.703777777777077, -7.060222222222162 ], [ 112.703777777777077, -7.059555555555496 ], [ 112.703999999999297, -7.059555555555496 ], [ 112.703999999999297, -7.059777777777718 ], [ 112.704222222221517, -7.059777777777718 ], [ 112.704222222221517, -7.060222222222162 ], [ 112.704444444443737, -7.060222222222162 ], [ 112.704444444443737, -7.059333333333274 ], [ 112.704666666665958, -7.059333333333274 ], [ 112.704666666665958, -7.058444444444386 ], [ 112.705111111110412, -7.058444444444386 ], [ 112.705111111110412, -7.059111111111052 ], [ 112.705333333332632, -7.059111111111052 ], [ 112.705333333332632, -7.05888888888883 ], [ 112.705555555554852, -7.05888888888883 ], [ 112.705555555554852, -7.058666666666608 ], [ 112.705999999999293, -7.058666666666608 ], [ 112.705999999999293, -7.058444444444386 ], [ 112.706222222221513, -7.058444444444386 ], [ 112.706222222221513, -7.058222222222164 ], [ 112.705777777777072, -7.058222222222164 ], [ 112.705777777777072, -7.05777777777772 ], [ 112.705999999999293, -7.05777777777772 ], [ 112.705999999999293, -7.057555555555498 ], [ 112.705777777777072, -7.057555555555498 ], [ 112.705777777777072, -7.057111111111054 ], [ 112.705555555554852, -7.057111111111054 ], [ 112.705555555554852, -7.057555555555498 ], [ 112.705111111110412, -7.057555555555498 ], [ 112.705111111110412, -7.057333333333276 ], [ 112.705333333332632, -7.057333333333276 ], [ 112.705333333332632, -7.056444444444388 ], [ 112.705111111110412, -7.056444444444388 ], [ 112.705111111110412, -7.056 ], [ 112.704666666665958, -7.056 ], [ 112.704666666665958, -7.055777777777722 ], [ 112.705111111110412, -7.055777777777722 ], [ 112.705111111110412, -7.055333333333278 ], [ 112.705555555554852, -7.055333333333278 ], [ 112.705555555554852, -7.056 ], [ 112.705333333332632, -7.056 ], [ 112.705333333332632, -7.056222222222166 ], [ 112.705777777777072, -7.056222222222166 ], [ 112.705777777777072, -7.056444444444388 ], [ 112.706444444443733, -7.056444444444388 ], [ 112.706444444443733, -7.055777777777722 ], [ 112.705777777777072, -7.055777777777722 ], [ 112.705777777777072, -7.055111111111056 ], [ 112.705555555554852, -7.055111111111056 ], [ 112.705555555554852, -7.054 ], [ 112.705333333332632, -7.054 ], [ 112.705333333332632, -7.05333333333328 ], [ 112.705555555554852, -7.05333333333328 ], [ 112.705555555554852, -7.052666666666614 ], [ 112.705777777777072, -7.052666666666614 ], [ 112.705777777777072, -7.05222222222217 ], [ 112.705333333332632, -7.05222222222217 ], [ 112.705333333332632, -7.051333333333282 ], [ 112.705555555554852, -7.051333333333282 ], [ 112.705555555554852, -7.050444444444394 ], [ 112.705777777777072, -7.050444444444394 ], [ 112.705777777777072, -7.050666666666616 ], [ 112.706222222221513, -7.050666666666616 ], [ 112.706222222221513, -7.050444444444394 ], [ 112.706666666665967, -7.050444444444394 ], [ 112.706666666665967, -7.05 ], [ 112.707333333332627, -7.05 ], [ 112.707333333332627, -7.049777777777728 ], [ 112.706888888888187, -7.049777777777728 ], [ 112.706888888888187, -7.049555555555506 ], [ 112.707111111110407, -7.049555555555506 ], [ 112.707111111110407, -7.049333333333284 ], [ 112.706444444443733, -7.049333333333284 ], [ 112.706444444443733, -7.049555555555506 ], [ 112.706222222221513, -7.049555555555506 ], [ 112.706222222221513, -7.049777777777728 ], [ 112.705777777777072, -7.049777777777728 ], [ 112.705777777777072, -7.049111111111062 ], [ 112.706444444443733, -7.049111111111062 ], [ 112.706444444443733, -7.048666666666618 ], [ 112.706666666665967, -7.048666666666618 ], [ 112.706666666665967, -7.048222222222174 ], [ 112.707111111110407, -7.048222222222174 ], [ 112.707111111110407, -7.048 ], [ 112.707333333332627, -7.048 ], [ 112.707333333332627, -7.04777777777773 ], [ 112.707555555554848, -7.04777777777773 ], [ 112.707555555554848, -7.047111111111064 ], [ 112.707333333332627, -7.047111111111064 ], [ 112.707333333332627, -7.046444444444398 ], [ 112.707555555554848, -7.046444444444398 ], [ 112.707555555554848, -7.046 ], [ 112.707111111110407, -7.046 ], [ 112.707111111110407, -7.045777777777732 ], [ 112.706444444443733, -7.045777777777732 ], [ 112.706444444443733, -7.04555555555551 ], [ 112.706222222221513, -7.04555555555551 ], [ 112.706222222221513, -7.044 ], [ 112.706444444443733, -7.044 ], [ 112.706444444443733, -7.043111111111068 ], [ 112.706666666665967, -7.043111111111068 ], [ 112.706666666665967, -7.042666666666624 ], [ 112.706444444443733, -7.042666666666624 ], [ 112.706444444443733, -7.042 ], [ 112.706666666665967, -7.042 ], [ 112.706666666665967, -7.041555555555514 ], [ 112.707555555554848, -7.041555555555514 ], [ 112.707555555554848, -7.04222222222218 ], [ 112.707999999999288, -7.04222222222218 ], [ 112.707999999999288, -7.042 ], [ 112.708222222221508, -7.042 ], [ 112.708222222221508, -7.041555555555514 ], [ 112.708444444443742, -7.041555555555514 ], [ 112.708444444443742, -7.042 ], [ 112.708666666665962, -7.042 ], [ 112.708666666665962, -7.041555555555514 ], [ 112.709333333332623, -7.041555555555514 ], [ 112.709333333332623, -7.042 ], [ 112.709111111110403, -7.042 ], [ 112.709111111110403, -7.04222222222218 ], [ 112.709777777777063, -7.04222222222218 ], [ 112.709777777777063, -7.042444444444402 ], [ 112.710222222221518, -7.042444444444402 ], [ 112.710222222221518, -7.04222222222218 ], [ 112.711333333332618, -7.04222222222218 ], [ 112.711333333332618, -7.042 ], [ 112.711555555554838, -7.042 ], [ 112.711555555554838, -7.04222222222218 ], [ 112.712222222221513, -7.04222222222218 ], [ 112.712222222221513, -7.041333333333292 ], [ 112.711777777777073, -7.041333333333292 ], [ 112.711777777777073, -7.041555555555514 ], [ 112.711555555554838, -7.041555555555514 ], [ 112.711555555554838, -7.041333333333292 ], [ 112.711333333332618, -7.041333333333292 ], [ 112.711333333332618, -7.04111111111107 ], [ 112.711111111110398, -7.04111111111107 ], [ 112.711111111110398, -7.040666666666626 ], [ 112.711555555554838, -7.040666666666626 ], [ 112.711555555554838, -7.040444444444404 ], [ 112.711999999999293, -7.040444444444404 ], [ 112.711999999999293, -7.040222222222182 ], [ 112.712888888888173, -7.040222222222182 ], [ 112.712888888888173, -7.040444444444404 ], [ 112.713999999999288, -7.040444444444404 ], [ 112.713999999999288, -7.040222222222182 ], [ 112.714222222221508, -7.040222222222182 ], [ 112.714222222221508, -7.04 ], [ 112.715111111110403, -7.04 ], [ 112.715111111110403, -7.039777777777738 ], [ 112.715777777777063, -7.039777777777738 ], [ 112.715777777777063, -7.039555555555516 ], [ 112.715999999999283, -7.039555555555516 ], [ 112.715999999999283, -7.039333333333294 ] ], [ [ 112.712444444443733, -7.040444444444404 ], [ 112.712444444443733, -7.040666666666626 ], [ 112.712888888888173, -7.040666666666626 ], [ 112.712888888888173, -7.040444444444404 ], [ 112.712444444443733, -7.040444444444404 ] ], [ [ 112.714888888888169, -7.040888888888848 ], [ 112.714888888888169, -7.041555555555514 ], [ 112.714666666665948, -7.041555555555514 ], [ 112.714666666665948, -7.04222222222218 ], [ 112.714888888888169, -7.04222222222218 ], [ 112.714888888888169, -7.042444444444402 ], [ 112.715999999999283, -7.042444444444402 ], [ 112.715999999999283, -7.042666666666624 ], [ 112.715777777777063, -7.042666666666624 ], [ 112.715777777777063, -7.043111111111068 ], [ 112.716444444443724, -7.043111111111068 ], [ 112.716444444443724, -7.04333333333329 ], [ 112.716666666665944, -7.04333333333329 ], [ 112.716666666665944, -7.043111111111068 ], [ 112.716888888888178, -7.043111111111068 ], [ 112.716888888888178, -7.042888888888846 ], [ 112.717111111110398, -7.042888888888846 ], [ 112.717111111110398, -7.042666666666624 ], [ 112.716666666665944, -7.042666666666624 ], [ 112.716666666665944, -7.042444444444402 ], [ 112.716444444443724, -7.042444444444402 ], [ 112.716444444443724, -7.041555555555514 ], [ 112.715333333332623, -7.041555555555514 ], [ 112.715333333332623, -7.041333333333292 ], [ 112.716444444443724, -7.041333333333292 ], [ 112.716444444443724, -7.04111111111107 ], [ 112.715999999999283, -7.04111111111107 ], [ 112.715999999999283, -7.040888888888848 ], [ 112.714888888888169, -7.040888888888848 ] ], [ [ 112.713555555554848, -7.041777777777736 ], [ 112.713555555554848, -7.042 ], [ 112.713777777777068, -7.042 ], [ 112.713777777777068, -7.042444444444402 ], [ 112.713999999999288, -7.042444444444402 ], [ 112.713999999999288, -7.041777777777736 ], [ 112.713555555554848, -7.041777777777736 ] ], [ [ 112.706666666665967, -7.042 ], [ 112.706666666665967, -7.04222222222218 ], [ 112.707111111110407, -7.04222222222218 ], [ 112.707111111110407, -7.042 ], [ 112.706666666665967, -7.042 ] ], [ [ 112.717333333332618, -7.042 ], [ 112.717333333332618, -7.04222222222218 ], [ 112.716666666665944, -7.04222222222218 ], [ 112.716666666665944, -7.042444444444402 ], [ 112.717555555554839, -7.042444444444402 ], [ 112.717555555554839, -7.043111111111068 ], [ 112.717999999999279, -7.043111111111068 ], [ 112.717999999999279, -7.042444444444402 ], [ 112.717777777777059, -7.042444444444402 ], [ 112.717777777777059, -7.042 ], [ 112.717333333332618, -7.042 ] ], [ [ 112.713111111110393, -7.04222222222218 ], [ 112.713111111110393, -7.042444444444402 ], [ 112.713333333332614, -7.042444444444402 ], [ 112.713333333332614, -7.04222222222218 ], [ 112.713111111110393, -7.04222222222218 ] ], [ [ 112.713999999999288, -7.042444444444402 ], [ 112.713999999999288, -7.043555555555512 ], [ 112.715555555554843, -7.043555555555512 ], [ 112.715555555554843, -7.04333333333329 ], [ 112.714222222221508, -7.04333333333329 ], [ 112.714222222221508, -7.042666666666624 ], [ 112.714444444443728, -7.042666666666624 ], [ 112.714444444443728, -7.042444444444402 ], [ 112.713999999999288, -7.042444444444402 ] ], [ [ 112.707111111110407, -7.042666666666624 ], [ 112.707111111110407, -7.04333333333329 ], [ 112.707333333332627, -7.04333333333329 ], [ 112.707333333332627, -7.042666666666624 ], [ 112.707111111110407, -7.042666666666624 ] ], [ [ 112.710222222221518, -7.042666666666624 ], [ 112.710222222221518, -7.042888888888846 ], [ 112.709777777777063, -7.042888888888846 ], [ 112.709777777777063, -7.0444444444444 ], [ 112.709555555554843, -7.0444444444444 ], [ 112.709555555554843, -7.044666666666622 ], [ 112.710222222221518, -7.044666666666622 ], [ 112.710222222221518, -7.0444444444444 ], [ 112.709999999999283, -7.0444444444444 ], [ 112.709999999999283, -7.043555555555512 ], [ 112.710222222221518, -7.043555555555512 ], [ 112.710222222221518, -7.043111111111068 ], [ 112.710666666665958, -7.043111111111068 ], [ 112.710666666665958, -7.042666666666624 ], [ 112.710222222221518, -7.042666666666624 ] ], [ [ 112.707555555554848, -7.043111111111068 ], [ 112.707555555554848, -7.04333333333329 ], [ 112.707777777777068, -7.04333333333329 ], [ 112.707777777777068, -7.043111111111068 ], [ 112.707555555554848, -7.043111111111068 ] ], [ [ 112.711999999999293, -7.043111111111068 ], [ 112.711999999999293, -7.04333333333329 ], [ 112.712222222221513, -7.04333333333329 ], [ 112.712222222221513, -7.043111111111068 ], [ 112.711999999999293, -7.043111111111068 ] ], [ [ 112.712666666665953, -7.043111111111068 ], [ 112.712666666665953, -7.04333333333329 ], [ 112.712888888888173, -7.04333333333329 ], [ 112.712888888888173, -7.043111111111068 ], [ 112.712666666665953, -7.043111111111068 ] ], [ [ 112.713333333332614, -7.043555555555512 ], [ 112.713333333332614, -7.043777777777734 ], [ 112.713555555554848, -7.043777777777734 ], [ 112.713555555554848, -7.043555555555512 ], [ 112.713333333332614, -7.043555555555512 ] ], [ [ 112.715999999999283, -7.043555555555512 ], [ 112.715999999999283, -7.043777777777734 ], [ 112.715333333332623, -7.043777777777734 ], [ 112.715333333332623, -7.044222222222178 ], [ 112.715555555554843, -7.044222222222178 ], [ 112.715555555554843, -7.0444444444444 ], [ 112.715777777777063, -7.0444444444444 ], [ 112.715777777777063, -7.044222222222178 ], [ 112.716666666665944, -7.044222222222178 ], [ 112.716666666665944, -7.044 ], [ 112.716888888888178, -7.044 ], [ 112.716888888888178, -7.043555555555512 ], [ 112.716666666665944, -7.043555555555512 ], [ 112.716666666665944, -7.043777777777734 ], [ 112.716222222221504, -7.043777777777734 ], [ 112.716222222221504, -7.043555555555512 ], [ 112.715999999999283, -7.043555555555512 ] ], [ [ 112.714666666665948, -7.043777777777734 ], [ 112.714666666665948, -7.044 ], [ 112.714444444443728, -7.044 ], [ 112.714444444443728, -7.044222222222178 ], [ 112.714888888888169, -7.044222222222178 ], [ 112.714888888888169, -7.043777777777734 ], [ 112.714666666665948, -7.043777777777734 ] ], [ [ 112.707111111110407, -7.044 ], [ 112.707111111110407, -7.0444444444444 ], [ 112.707555555554848, -7.0444444444444 ], [ 112.707555555554848, -7.044 ], [ 112.707111111110407, -7.044 ] ], [ [ 112.708888888888183, -7.044 ], [ 112.708888888888183, -7.044222222222178 ], [ 112.709111111110403, -7.044222222222178 ], [ 112.709111111110403, -7.044 ], [ 112.708888888888183, -7.044 ] ], [ [ 112.714222222221508, -7.044222222222178 ], [ 112.714222222221508, -7.0444444444444 ], [ 112.713999999999288, -7.0444444444444 ], [ 112.713999999999288, -7.044666666666622 ], [ 112.714444444443728, -7.044666666666622 ], [ 112.714444444443728, -7.044222222222178 ], [ 112.714222222221508, -7.044222222222178 ] ], [ [ 112.708222222221508, -7.0444444444444 ], [ 112.708222222221508, -7.044666666666622 ], [ 112.708444444443742, -7.044666666666622 ], [ 112.708444444443742, -7.0444444444444 ], [ 112.708222222221508, -7.0444444444444 ] ], [ [ 112.715777777777063, -7.044666666666622 ], [ 112.715777777777063, -7.044888888888844 ], [ 112.715555555554843, -7.044888888888844 ], [ 112.715555555554843, -7.045111111111066 ], [ 112.715999999999283, -7.045111111111066 ], [ 112.715999999999283, -7.045333333333288 ], [ 112.715777777777063, -7.045333333333288 ], [ 112.715777777777063, -7.04555555555551 ], [ 112.716222222221504, -7.04555555555551 ], [ 112.716222222221504, -7.045333333333288 ], [ 112.716444444443724, -7.045333333333288 ], [ 112.716444444443724, -7.044666666666622 ], [ 112.715777777777063, -7.044666666666622 ] ], [ [ 112.710888888888178, -7.045111111111066 ], [ 112.710888888888178, -7.045333333333288 ], [ 112.711111111110398, -7.045333333333288 ], [ 112.711111111110398, -7.045111111111066 ], [ 112.710888888888178, -7.045111111111066 ] ], [ [ 112.717333333332618, -7.045333333333288 ], [ 112.717333333332618, -7.04555555555551 ], [ 112.717555555554839, -7.04555555555551 ], [ 112.717555555554839, -7.045333333333288 ], [ 112.717333333332618, -7.045333333333288 ] ], [ [ 112.709111111110403, -7.046 ], [ 112.709111111110403, -7.046444444444398 ], [ 112.709333333332623, -7.046444444444398 ], [ 112.709333333332623, -7.04666666666662 ], [ 112.709555555554843, -7.04666666666662 ], [ 112.709555555554843, -7.046222222222176 ], [ 112.709333333332623, -7.046222222222176 ], [ 112.709333333332623, -7.046 ], [ 112.709111111110403, -7.046 ] ], [ [ 112.707555555554848, -7.04666666666662 ], [ 112.707555555554848, -7.047111111111064 ], [ 112.707777777777068, -7.047111111111064 ], [ 112.707777777777068, -7.04666666666662 ], [ 112.707555555554848, -7.04666666666662 ] ], [ [ 112.708444444443742, -7.04666666666662 ], [ 112.708444444443742, -7.047111111111064 ], [ 112.708666666665962, -7.047111111111064 ], [ 112.708666666665962, -7.04666666666662 ], [ 112.708444444443742, -7.04666666666662 ] ], [ [ 112.709999999999283, -7.04666666666662 ], [ 112.709999999999283, -7.046888888888842 ], [ 112.710666666665958, -7.046888888888842 ], [ 112.710666666665958, -7.04666666666662 ], [ 112.709999999999283, -7.04666666666662 ] ], [ [ 112.707999999999288, -7.047111111111064 ], [ 112.707999999999288, -7.047333333333286 ], [ 112.708222222221508, -7.047333333333286 ], [ 112.708222222221508, -7.047111111111064 ], [ 112.707999999999288, -7.047111111111064 ] ], [ [ 112.708888888888183, -7.047111111111064 ], [ 112.708888888888183, -7.047333333333286 ], [ 112.709111111110403, -7.047333333333286 ], [ 112.709111111110403, -7.047111111111064 ], [ 112.708888888888183, -7.047111111111064 ] ], [ [ 112.707777777777068, -7.04777777777773 ], [ 112.707777777777068, -7.048 ], [ 112.707999999999288, -7.048 ], [ 112.707999999999288, -7.048222222222174 ], [ 112.708444444443742, -7.048222222222174 ], [ 112.708444444443742, -7.048666666666618 ], [ 112.708666666665962, -7.048666666666618 ], [ 112.708666666665962, -7.04777777777773 ], [ 112.707777777777068, -7.04777777777773 ] ], [ [ 112.707555555554848, -7.048222222222174 ], [ 112.707555555554848, -7.048444444444396 ], [ 112.707777777777068, -7.048444444444396 ], [ 112.707777777777068, -7.048666666666618 ], [ 112.707999999999288, -7.048666666666618 ], [ 112.707999999999288, -7.048222222222174 ], [ 112.707555555554848, -7.048222222222174 ] ], [ [ 112.706666666665967, -7.050444444444394 ], [ 112.706666666665967, -7.05111111111106 ], [ 112.706222222221513, -7.05111111111106 ], [ 112.706222222221513, -7.051333333333282 ], [ 112.706444444443733, -7.051333333333282 ], [ 112.706444444443733, -7.05222222222217 ], [ 112.707555555554848, -7.05222222222217 ], [ 112.707555555554848, -7.052444444444392 ], [ 112.707777777777068, -7.052444444444392 ], [ 112.707777777777068, -7.051555555555504 ], [ 112.707555555554848, -7.051555555555504 ], [ 112.707555555554848, -7.05111111111106 ], [ 112.707333333332627, -7.05111111111106 ], [ 112.707333333332627, -7.050888888888838 ], [ 112.707555555554848, -7.050888888888838 ], [ 112.707555555554848, -7.050666666666616 ], [ 112.707111111110407, -7.050666666666616 ], [ 112.707111111110407, -7.050444444444394 ], [ 112.706666666665967, -7.050444444444394 ] ], [ [ 112.706666666665967, -7.052444444444392 ], [ 112.706666666665967, -7.052666666666614 ], [ 112.707333333332627, -7.052666666666614 ], [ 112.707333333332627, -7.052444444444392 ], [ 112.706666666665967, -7.052444444444392 ] ], [ [ 112.707111111110407, -7.053555555555502 ], [ 112.707111111110407, -7.05444444444439 ], [ 112.707333333332627, -7.05444444444439 ], [ 112.707333333332627, -7.054 ], [ 112.707555555554848, -7.054 ], [ 112.707555555554848, -7.053777777777724 ], [ 112.707333333332627, -7.053777777777724 ], [ 112.707333333332627, -7.053555555555502 ], [ 112.707111111110407, -7.053555555555502 ] ], [ [ 112.706888888888187, -7.054888888888834 ], [ 112.706888888888187, -7.055111111111056 ], [ 112.707111111110407, -7.055111111111056 ], [ 112.707111111110407, -7.054888888888834 ], [ 112.706888888888187, -7.054888888888834 ] ], [ [ 112.706222222221513, -7.055111111111056 ], [ 112.706222222221513, -7.0555555555555 ], [ 112.706666666665967, -7.0555555555555 ], [ 112.706666666665967, -7.055333333333278 ], [ 112.706444444443733, -7.055333333333278 ], [ 112.706444444443733, -7.055111111111056 ], [ 112.706222222221513, -7.055111111111056 ] ], [ [ 112.707555555554848, -7.055111111111056 ], [ 112.707555555554848, -7.055333333333278 ], [ 112.707777777777068, -7.055333333333278 ], [ 112.707777777777068, -7.055111111111056 ], [ 112.707555555554848, -7.055111111111056 ] ], [ [ 112.709777777777063, -7.056444444444388 ], [ 112.709777777777063, -7.05666666666661 ], [ 112.709999999999283, -7.05666666666661 ], [ 112.709999999999283, -7.056444444444388 ], [ 112.709777777777063, -7.056444444444388 ] ], [ [ 112.705777777777072, -7.05666666666661 ], [ 112.705777777777072, -7.057111111111054 ], [ 112.706222222221513, -7.057111111111054 ], [ 112.706222222221513, -7.05666666666661 ], [ 112.705777777777072, -7.05666666666661 ] ], [ [ 112.708666666665962, -7.05666666666661 ], [ 112.708666666665962, -7.056888888888832 ], [ 112.708888888888183, -7.056888888888832 ], [ 112.708888888888183, -7.05666666666661 ], [ 112.708666666665962, -7.05666666666661 ] ], [ [ 112.706888888888187, -7.057333333333276 ], [ 112.706888888888187, -7.057555555555498 ], [ 112.707111111110407, -7.057555555555498 ], [ 112.707111111110407, -7.057333333333276 ], [ 112.706888888888187, -7.057333333333276 ] ], [ [ 112.710666666665958, -7.057333333333276 ], [ 112.710666666665958, -7.057555555555498 ], [ 112.711111111110398, -7.057555555555498 ], [ 112.711111111110398, -7.057333333333276 ], [ 112.710666666665958, -7.057333333333276 ] ], [ [ 112.711555555554838, -7.057555555555498 ], [ 112.711555555554838, -7.05777777777772 ], [ 112.711777777777073, -7.05777777777772 ], [ 112.711777777777073, -7.057555555555498 ], [ 112.711555555554838, -7.057555555555498 ] ], [ [ 112.706666666665967, -7.05777777777772 ], [ 112.706666666665967, -7.058 ], [ 112.706444444443733, -7.058 ], [ 112.706444444443733, -7.058222222222164 ], [ 112.707111111110407, -7.058222222222164 ], [ 112.707111111110407, -7.05777777777772 ], [ 112.706666666665967, -7.05777777777772 ] ], [ [ 112.707777777777068, -7.058 ], [ 112.707777777777068, -7.058222222222164 ], [ 112.707999999999288, -7.058222222222164 ], [ 112.707999999999288, -7.058444444444386 ], [ 112.708222222221508, -7.058444444444386 ], [ 112.708222222221508, -7.058222222222164 ], [ 112.708444444443742, -7.058222222222164 ], [ 112.708444444443742, -7.058 ], [ 112.707777777777068, -7.058 ] ], [ [ 112.708666666665962, -7.058 ], [ 112.708666666665962, -7.058444444444386 ], [ 112.709111111110403, -7.058444444444386 ], [ 112.709111111110403, -7.058 ], [ 112.708666666665962, -7.058 ] ], [ [ 112.708222222221508, -7.059555555555496 ], [ 112.708222222221508, -7.059777777777718 ], [ 112.708444444443742, -7.059777777777718 ], [ 112.708444444443742, -7.059555555555496 ], [ 112.708222222221508, -7.059555555555496 ] ], [ [ 112.708666666665962, -7.059555555555496 ], [ 112.708666666665962, -7.060444444444384 ], [ 112.709111111110403, -7.060444444444384 ], [ 112.709111111110403, -7.060222222222162 ], [ 112.709333333332623, -7.060222222222162 ], [ 112.709333333332623, -7.059555555555496 ], [ 112.708666666665962, -7.059555555555496 ] ], [ [ 112.704666666665958, -7.059777777777718 ], [ 112.704666666665958, -7.06 ], [ 112.704888888888178, -7.06 ], [ 112.704888888888178, -7.059777777777718 ], [ 112.704666666665958, -7.059777777777718 ] ], [ [ 112.711999999999293, -7.059777777777718 ], [ 112.711999999999293, -7.06 ], [ 112.712222222221513, -7.06 ], [ 112.712222222221513, -7.059777777777718 ], [ 112.711999999999293, -7.059777777777718 ] ], [ [ 112.707333333332627, -7.060222222222162 ], [ 112.707333333332627, -7.060444444444384 ], [ 112.707111111110407, -7.060444444444384 ], [ 112.707111111110407, -7.060888888888828 ], [ 112.707333333332627, -7.060888888888828 ], [ 112.707333333332627, -7.060666666666606 ], [ 112.707999999999288, -7.060666666666606 ], [ 112.707999999999288, -7.060222222222162 ], [ 112.707333333332627, -7.060222222222162 ] ], [ [ 112.709333333332623, -7.060222222222162 ], [ 112.709333333332623, -7.060666666666606 ], [ 112.709777777777063, -7.060666666666606 ], [ 112.709777777777063, -7.060222222222162 ], [ 112.709333333332623, -7.060222222222162 ] ], [ [ 112.706666666665967, -7.061333333333272 ], [ 112.706666666665967, -7.061555555555494 ], [ 112.707111111110407, -7.061555555555494 ], [ 112.707111111110407, -7.061333333333272 ], [ 112.706666666665967, -7.061333333333272 ] ], [ [ 112.713555555554848, -7.061333333333272 ], [ 112.713555555554848, -7.061555555555494 ], [ 112.713777777777068, -7.061555555555494 ], [ 112.713777777777068, -7.061777777777716 ], [ 112.713999999999288, -7.061777777777716 ], [ 112.713999999999288, -7.061333333333272 ], [ 112.713555555554848, -7.061333333333272 ] ], [ [ 112.709111111110403, -7.061555555555494 ], [ 112.709111111110403, -7.061777777777716 ], [ 112.709333333332623, -7.061777777777716 ], [ 112.709333333332623, -7.061555555555494 ], [ 112.709111111110403, -7.061555555555494 ] ], [ [ 112.709999999999283, -7.061555555555494 ], [ 112.709999999999283, -7.062 ], [ 112.710666666665958, -7.062 ], [ 112.710666666665958, -7.061777777777716 ], [ 112.710444444443738, -7.061777777777716 ], [ 112.710444444443738, -7.061555555555494 ], [ 112.709999999999283, -7.061555555555494 ] ], [ [ 112.703333333332637, -7.061777777777716 ], [ 112.703333333332637, -7.062 ], [ 112.703555555554857, -7.062 ], [ 112.703555555554857, -7.061777777777716 ], [ 112.703333333332637, -7.061777777777716 ] ], [ [ 112.710666666665958, -7.062666666666604 ], [ 112.710666666665958, -7.063111111111048 ], [ 112.711111111110398, -7.063111111111048 ], [ 112.711111111110398, -7.062666666666604 ], [ 112.710666666665958, -7.062666666666604 ] ] ] } },
{ "type": "Feature", "properties": { "PXLVAL": 1 }, "geometry": { "type": "Polygon", "coordinates": [ [ [ 112.6333333333327, -7.064222222222158 ], [ 112.633555555554921, -7.064222222222158 ], [ 112.633555555554921, -7.064666666666602 ], [ 112.63311111111048, -7.064666666666602 ], [ 112.63311111111048, -7.06444444444438 ], [ 112.6333333333327, -7.06444444444438 ], [ 112.6333333333327, -7.064222222222158 ] ] ] } },
{ "type": "Feature", "properties": { "PXLVAL": 1 }, "geometry": { "type": "Polygon", "coordinates": [ [ [ 112.62999999999937, -7.064666666666602 ], [ 112.63022222222159, -7.064666666666602 ], [ 112.63022222222159, -7.064888888888824 ], [ 112.62999999999937, -7.064888888888824 ], [ 112.62999999999937, -7.064666666666602 ] ] ] } },
{ "type": "Feature", "properties": { "PXLVAL": 1 }, "geometry": { "type": "Polygon", "coordinates": [ [ [ 112.63022222222159, -7.064888888888824 ], [ 112.63044444444381, -7.064888888888824 ], [ 112.63044444444381, -7.065111111111046 ], [ 112.63022222222159, -7.065111111111046 ], [ 112.63022222222159, -7.064888888888824 ] ] ] } },
{ "type": "Feature", "properties": { "PXLVAL": 1 }, "geometry": { "type": "Polygon", "coordinates": [ [ [ 112.624444444443824, -7.064666666666602 ], [ 112.625777777777145, -7.064666666666602 ], [ 112.625777777777145, -7.065111111111046 ], [ 112.62644444444382, -7.065111111111046 ], [ 112.62644444444382, -7.065333333333268 ], [ 112.6273333333327, -7.065333333333268 ], [ 112.6273333333327, -7.06555555555549 ], [ 112.627777777777155, -7.06555555555549 ], [ 112.627777777777155, -7.066222222222156 ], [ 112.62711111111048, -7.066222222222156 ], [ 112.62711111111048, -7.065777777777712 ], [ 112.625999999999379, -7.065777777777712 ], [ 112.625999999999379, -7.065333333333268 ], [ 112.625777777777145, -7.065333333333268 ], [ 112.625777777777145, -7.06555555555549 ], [ 112.625555555554925, -7.06555555555549 ], [ 112.625555555554925, -7.065333333333268 ], [ 112.625333333332705, -7.065333333333268 ], [ 112.625333333332705, -7.065111111111046 ], [ 112.625111111110485, -7.065111111111046 ], [ 112.625111111110485, -7.064888888888824 ], [ 112.624444444443824, -7.064888888888824 ], [ 112.624444444443824, -7.064666666666602 ] ] ] } },
{ "type": "Feature", "properties": { "PXLVAL": 1 }, "geometry": { "type": "Polygon", "coordinates": [ [ [ 112.628222222221595, -7.064888888888824 ], [ 112.628444444443815, -7.064888888888824 ], [ 112.628444444443815, -7.065111111111046 ], [ 112.628666666666035, -7.065111111111046 ], [ 112.628666666666035, -7.065333333333268 ], [ 112.628888888888255, -7.065333333333268 ], [ 112.628888888888255, -7.06555555555549 ], [ 112.628222222221595, -7.06555555555549 ], [ 112.628222222221595, -7.064888888888824 ] ] ] } },
{ "type": "Feature", "properties": { "PXLVAL": 1 }, "geometry": { "type": "Polygon", "coordinates": [ [ [ 112.700666666665967, -7.065111111111046 ], [ 112.701111111110407, -7.065111111111046 ], [ 112.701111111110407, -7.065333333333268 ], [ 112.701333333332627, -7.065333333333268 ], [ 112.701333333332627, -7.065111111111046 ], [ 112.702222222221522, -7.065111111111046 ], [ 112.702222222221522, -7.066 ], [ 112.701777777777082, -7.066 ], [ 112.701777777777082, -7.066222222222156 ], [ 112.701333333332627, -7.066222222222156 ], [ 112.701333333332627, -7.066 ], [ 112.701111111110407, -7.066 ], [ 112.701111111110407, -7.066222222222156 ], [ 112.700888888888187, -7.066222222222156 ], [ 112.700888888888187, -7.065333333333268 ], [ 112.700666666665967, -7.065333333333268 ], [ 112.700666666665967, -7.065111111111046 ] ] ] } },
{ "type": "Feature", "properties": { "PXLVAL": 1 }, "geometry": { "type": "Polygon", "coordinates": [ [ [ 112.711555555554838, -7.064222222222158 ], [ 112.711999999999293, -7.064222222222158 ], [ 112.711999999999293, -7.06444444444438 ], [ 112.712222222221513, -7.06444444444438 ], [ 112.712222222221513, -7.064888888888824 ], [ 112.712444444443733, -7.064888888888824 ], [ 112.712444444443733, -7.065111111111046 ], [ 112.712666666665953, -7.065111111111046 ], [ 112.712666666665953, -7.064666666666602 ], [ 112.712888888888173, -7.064666666666602 ], [ 112.712888888888173, -7.064888888888824 ], [ 112.713111111110393, -7.064888888888824 ], [ 112.713111111110393, -7.065333333333268 ], [ 112.712888888888173, -7.065333333333268 ], [ 112.712888888888173, -7.065777777777712 ], [ 112.712444444443733, -7.065777777777712 ], [ 112.712444444443733, -7.066 ], [ 112.711999999999293, -7.066 ], [ 112.711999999999293, -7.065777777777712 ], [ 112.712222222221513, -7.065777777777712 ], [ 112.712222222221513, -7.065111111111046 ], [ 112.711999999999293, -7.065111111111046 ], [ 112.711999999999293, -7.065333333333268 ], [ 112.711777777777073, -7.065333333333268 ], [ 112.711777777777073, -7.065111111111046 ], [ 112.711555555554838, -7.065111111111046 ], [ 112.711555555554838, -7.064222222222158 ] ] ] } },
{ "type": "Feature", "properties": { "PXLVAL": 1 }, "geometry": { "type": "Polygon", "coordinates": [ [ [ 112.62399999999937, -7.066 ], [ 112.624444444443824, -7.066 ], [ 112.624444444443824, -7.066444444444378 ], [ 112.624222222221604, -7.066444444444378 ], [ 112.624222222221604, -7.066222222222156 ], [ 112.62399999999937, -7.066222222222156 ], [ 112.62399999999937, -7.066 ] ] ] } },
{ "type": "Feature", "properties": { "PXLVAL": 1 }, "geometry": { "type": "Polygon", "coordinates": [ [ [ 112.627999999999375, -7.066 ], [ 112.628666666666035, -7.066 ], [ 112.628666666666035, -7.066222222222156 ], [ 112.628888888888255, -7.066222222222156 ], [ 112.628888888888255, -7.066444444444378 ], [ 112.62977777777715, -7.066444444444378 ], [ 112.62977777777715, -7.0666666666666 ], [ 112.628666666666035, -7.0666666666666 ], [ 112.628666666666035, -7.066444444444378 ], [ 112.628444444443815, -7.066444444444378 ], [ 112.628444444443815, -7.066222222222156 ], [ 112.628222222221595, -7.066222222222156 ], [ 112.628222222221595, -7.066444444444378 ], [ 112.627999999999375, -7.066444444444378 ], [ 112.627999999999375, -7.066 ] ] ] } },
{ "type": "Feature", "properties": { "PXLVAL": 1 }, "geometry": { "type": "Polygon", "coordinates": [ [ [ 112.623111111110489, -7.0666666666666 ], [ 112.62333333333271, -7.0666666666666 ], [ 112.62333333333271, -7.066888888888822 ], [ 112.62355555555493, -7.066888888888822 ], [ 112.62355555555493, -7.067111111111044 ], [ 112.62333333333271, -7.067111111111044 ], [ 112.62333333333271, -7.067333333333266 ], [ 112.623111111110489, -7.067333333333266 ], [ 112.623111111110489, -7.0666666666666 ] ] ] } },
{ "type": "Feature", "properties": { "PXLVAL": 1 }, "geometry": { "type": "Polygon", "coordinates": [ [ [ 112.62999999999937, -7.0666666666666 ], [ 112.63044444444381, -7.0666666666666 ], [ 112.63044444444381, -7.066888888888822 ], [ 112.630666666666031, -7.066888888888822 ], [ 112.630666666666031, -7.067111111111044 ], [ 112.63022222222159, -7.067111111111044 ], [ 112.63022222222159, -7.066888888888822 ], [ 112.62999999999937, -7.066888888888822 ], [ 112.62999999999937, -7.0666666666666 ] ] ] } },
{ "type": "Feature", "properties": { "PXLVAL": 1 }, "geometry": { "type": "Polygon", "coordinates": [ [ [ 112.709777777777063, -7.0666666666666 ], [ 112.709999999999283, -7.0666666666666 ], [ 112.709999999999283, -7.067111111111044 ], [ 112.709777777777063, -7.067111111111044 ], [ 112.709777777777063, -7.0666666666666 ] ] ] } },
{ "type": "Feature", "properties": { "PXLVAL": 1 }, "geometry": { "type": "Polygon", "coordinates": [ [ [ 112.710666666665958, -7.066 ], [ 112.711111111110398, -7.066 ], [ 112.711111111110398, -7.0666666666666 ], [ 112.711333333332618, -7.0666666666666 ], [ 112.711333333332618, -7.066444444444378 ], [ 112.711555555554838, -7.066444444444378 ], [ 112.711555555554838, -7.0666666666666 ], [ 112.711777777777073, -7.0666666666666 ], [ 112.711777777777073, -7.066888888888822 ], [ 112.711555555554838, -7.066888888888822 ], [ 112.711555555554838, -7.067111111111044 ], [ 112.711777777777073, -7.067111111111044 ], [ 112.711777777777073, -7.067333333333266 ], [ 112.711333333332618, -7.067333333333266 ], [ 112.711333333332618, -7.066888888888822 ], [ 112.710444444443738, -7.066888888888822 ], [ 112.710444444443738, -7.0666666666666 ], [ 112.710888888888178, -7.0666666666666 ], [ 112.710888888888178, -7.066222222222156 ], [ 112.710666666665958, -7.066222222222156 ], [ 112.710666666665958, -7.066 ] ] ] } },
{ "type": "Feature", "properties": { "PXLVAL": 1 }, "geometry": { "type": "Polygon", "coordinates": [ [ [ 112.6262222222216, -7.068 ], [ 112.62644444444382, -7.068 ], [ 112.62644444444382, -7.068222222222154 ], [ 112.6262222222216, -7.068222222222154 ], [ 112.6262222222216, -7.068 ] ] ] } },
{ "type": "Feature", "properties": { "PXLVAL": 1 }, "geometry": { "type": "Polygon", "coordinates": [ [ [ 112.634444444443815, -7.06444444444438 ], [ 112.634666666666035, -7.06444444444438 ], [ 112.634666666666035, -7.064888888888824 ], [ 112.634888888888256, -7.064888888888824 ], [ 112.634888888888256, -7.065111111111046 ], [ 112.635111111110476, -7.065111111111046 ], [ 112.635111111110476, -7.066 ], [ 112.635333333332696, -7.066 ], [ 112.635333333332696, -7.065777777777712 ], [ 112.635555555554916, -7.065777777777712 ], [ 112.635555555554916, -7.066222222222156 ], [ 112.635777777777136, -7.066222222222156 ], [ 112.635777777777136, -7.0666666666666 ], [ 112.63599999999937, -7.0666666666666 ], [ 112.63599999999937, -7.067111111111044 ], [ 112.636222222221591, -7.067111111111044 ], [ 112.636222222221591, -7.068 ], [ 112.63599999999937, -7.068 ], [ 112.63599999999937, -7.068222222222154 ], [ 112.635777777777136, -7.068222222222154 ], [ 112.635777777777136, -7.068444444444376 ], [ 112.635555555554916, -7.068444444444376 ], [ 112.635555555554916, -7.068222222222154 ], [ 112.635333333332696, -7.068222222222154 ], [ 112.635333333332696, -7.068 ], [ 112.635555555554916, -7.068 ], [ 112.635555555554916, -7.06777777777771 ], [ 112.634666666666035, -7.06777777777771 ], [ 112.634666666666035, -7.0666666666666 ], [ 112.634888888888256, -7.0666666666666 ], [ 112.634888888888256, -7.066444444444378 ], [ 112.634666666666035, -7.066444444444378 ], [ 112.634666666666035, -7.066222222222156 ], [ 112.634222222221581, -7.066222222222156 ], [ 112.634222222221581, -7.066 ], [ 112.634444444443815, -7.066 ], [ 112.634444444443815, -7.06555555555549 ], [ 112.634222222221581, -7.06555555555549 ], [ 112.634222222221581, -7.064666666666602 ], [ 112.634444444443815, -7.064666666666602 ], [ 112.634444444443815, -7.06444444444438 ] ] ] } },
{ "type": "Feature", "properties": { "PXLVAL": 1 }, "geometry": { "type": "Polygon", "coordinates": [ [ [ 112.630666666666031, -7.067555555555488 ], [ 112.631333333332705, -7.067555555555488 ], [ 112.631333333332705, -7.068 ], [ 112.631555555554925, -7.068 ], [ 112.631555555554925, -7.068222222222154 ], [ 112.631777777777145, -7.068222222222154 ], [ 112.631777777777145, -7.068444444444376 ], [ 112.631999999999366, -7.068444444444376 ], [ 112.631999999999366, -7.068666666666598 ], [ 112.631777777777145, -7.068666666666598 ], [ 112.631777777777145, -7.06888888888882 ], [ 112.631555555554925, -7.06888888888882 ], [ 112.631555555554925, -7.068444444444376 ], [ 112.631333333332705, -7.068444444444376 ], [ 112.631333333332705, -7.068222222222154 ], [ 112.631111111110485, -7.068222222222154 ], [ 112.631111111110485, -7.068 ], [ 112.630888888888265, -7.068 ], [ 112.630888888888265, -7.06777777777771 ], [ 112.630666666666031, -7.06777777777771 ], [ 112.630666666666031, -7.067555555555488 ] ] ] } },
{ "type": "Feature", "properties": { "PXLVAL": 1 }, "geometry": { "type": "Polygon", "coordinates": [ [ [ 112.62711111111048, -7.066444444444378 ], [ 112.6273333333327, -7.066444444444378 ], [ 112.6273333333327, -7.0666666666666 ], [ 112.627555555554935, -7.0666666666666 ], [ 112.627555555554935, -7.066888888888822 ], [ 112.627777777777155, -7.066888888888822 ], [ 112.627777777777155, -7.067111111111044 ], [ 112.627555555554935, -7.067111111111044 ], [ 112.627555555554935, -7.067555555555488 ], [ 112.6273333333327, -7.067555555555488 ], [ 112.6273333333327, -7.068 ], [ 112.627777777777155, -7.068 ], [ 112.627777777777155, -7.068222222222154 ], [ 112.628222222221595, -7.068222222222154 ], [ 112.628222222221595, -7.068 ], [ 112.628666666666035, -7.068 ], [ 112.628666666666035, -7.068666666666598 ], [ 112.628222222221595, -7.068666666666598 ], [ 112.628222222221595, -7.06888888888882 ], [ 112.627777777777155, -7.06888888888882 ], [ 112.627777777777155, -7.069333333333264 ], [ 112.627999999999375, -7.069333333333264 ], [ 112.627999999999375, -7.070222222222152 ], [ 112.627555555554935, -7.070222222222152 ], [ 112.627555555554935, -7.069777777777708 ], [ 112.627777777777155, -7.069777777777708 ], [ 112.627777777777155, -7.069555555555486 ], [ 112.6273333333327, -7.069555555555486 ], [ 112.6273333333327, -7.068666666666598 ], [ 112.62711111111048, -7.068666666666598 ], [ 112.62711111111048, -7.069333333333264 ], [ 112.62666666666604, -7.069333333333264 ], [ 112.62666666666604, -7.068666666666598 ], [ 112.62644444444382, -7.068666666666598 ], [ 112.62644444444382, -7.068444444444376 ], [ 112.62688888888826, -7.068444444444376 ], [ 112.62688888888826, -7.068 ], [ 112.62711111111048, -7.068 ], [ 112.62711111111048, -7.06777777777771 ], [ 112.62666666666604, -7.06777777777771 ], [ 112.62666666666604, -7.068 ], [ 112.62644444444382, -7.068 ], [ 112.62644444444382, -7.067555555555488 ], [ 112.6262222222216, -7.067555555555488 ], [ 112.6262222222216, -7.06777777777771 ], [ 112.625999999999379, -7.06777777777771 ], [ 112.625999999999379, -7.068 ], [ 112.625333333332705, -7.068 ], [ 112.625333333332705, -7.068222222222154 ], [ 112.625111111110485, -7.068222222222154 ], [ 112.625111111110485, -7.068 ], [ 112.624888888888265, -7.068 ], [ 112.624888888888265, -7.067555555555488 ], [ 112.624666666666045, -7.067555555555488 ], [ 112.624666666666045, -7.067333333333266 ], [ 112.625111111110485, -7.067333333333266 ], [ 112.625111111110485, -7.067555555555488 ], [ 112.625333333332705, -7.067555555555488 ], [ 112.625333333332705, -7.06777777777771 ], [ 112.625777777777145, -7.06777777777771 ], [ 112.625777777777145, -7.067555555555488 ], [ 112.625555555554925, -7.067555555555488 ], [ 112.625555555554925, -7.067111111111044 ], [ 112.625777777777145, -7.067111111111044 ], [ 112.625777777777145, -7.067333333333266 ], [ 112.625999999999379, -7.067333333333266 ], [ 112.625999999999379, -7.067111111111044 ], [ 112.62644444444382, -7.067111111111044 ], [ 112.62644444444382, -7.067333333333266 ], [ 112.62666666666604, -7.067333333333266 ], [ 112.62666666666604, -7.067111111111044 ], [ 112.62711111111048, -7.067111111111044 ], [ 112.62711111111048, -7.066444444444378 ] ], [ [ 112.62711111111048, -7.068222222222154 ], [ 112.62711111111048, -7.068444444444376 ], [ 112.6273333333327, -7.068444444444376 ], [ 112.6273333333327, -7.068222222222154 ], [ 112.62711111111048, -7.068222222222154 ] ], [ [ 112.628222222221595, -7.068222222222154 ], [ 112.628222222221595, -7.068444444444376 ], [ 112.628444444443815, -7.068444444444376 ], [ 112.628444444443815, -7.068222222222154 ], [ 112.628222222221595, -7.068222222222154 ] ] ] } },
{ "type": "Feature", "properties": { "PXLVAL": 1 }, "geometry": { "type": "Polygon", "coordinates": [ [ [ 112.62644444444382, -7.070222222222152 ], [ 112.62711111111048, -7.070222222222152 ], [ 112.62711111111048, -7.070444444444374 ], [ 112.62644444444382, -7.070444444444374 ], [ 112.62644444444382, -7.070222222222152 ] ] ] } },
{ "type": "Feature", "properties": { "PXLVAL": 1 }, "geometry": { "type": "Polygon", "coordinates": [ [ [ 112.628888888888255, -7.070222222222152 ], [ 112.629111111110475, -7.070222222222152 ], [ 112.629111111110475, -7.070444444444374 ], [ 112.628888888888255, -7.070444444444374 ], [ 112.628888888888255, -7.070222222222152 ] ] ] } },
{ "type": "Feature", "properties": { "PXLVAL": 1 }, "geometry": { "type": "Polygon", "coordinates": [ [ [ 112.62933333333271, -7.069111111111042 ], [ 112.62955555555493, -7.069111111111042 ], [ 112.62955555555493, -7.071333333333262 ], [ 112.62933333333271, -7.071333333333262 ], [ 112.62933333333271, -7.070222222222152 ], [ 112.629111111110475, -7.070222222222152 ], [ 112.629111111110475, -7.069777777777708 ], [ 112.62933333333271, -7.069777777777708 ], [ 112.62933333333271, -7.069111111111042 ] ] ] } },
{ "type": "Feature", "properties": { "PXLVAL": 1 }, "geometry": { "type": "Polygon", "coordinates": [ [ [ 112.625555555554925, -7.070222222222152 ], [ 112.6262222222216, -7.070222222222152 ], [ 112.6262222222216, -7.070666666666596 ], [ 112.625777777777145, -7.070666666666596 ], [ 112.625777777777145, -7.070444444444374 ], [ 112.625555555554925, -7.070444444444374 ], [ 112.625555555554925, -7.070222222222152 ] ] ] } },
{ "type": "Feature", "properties": { "PXLVAL": 1 }, "geometry": { "type": "Polygon", "coordinates": [ [ [ 112.6262222222216, -7.070666666666596 ], [ 112.62666666666604, -7.070666666666596 ], [ 112.62666666666604, -7.071333333333262 ], [ 112.6262222222216, -7.071333333333262 ], [ 112.6262222222216, -7.070666666666596 ] ] ] } },
{ "type": "Feature", "properties": { "PXLVAL": 1 }, "geometry": { "type": "Polygon", "coordinates": [ [ [ 112.62666666666604, -7.071333333333262 ], [ 112.62688888888826, -7.071333333333262 ], [ 112.62688888888826, -7.071555555555484 ], [ 112.62666666666604, -7.071555555555484 ], [ 112.62666666666604, -7.071333333333262 ] ] ] } },
{ "type": "Feature", "properties": { "PXLVAL": 1 }, "geometry": { "type": "Polygon", "coordinates": [ [ [ 112.631777777777145, -7.072 ], [ 112.631999999999366, -7.072 ], [ 112.631999999999366, -7.072444444444372 ], [ 112.631777777777145, -7.072444444444372 ], [ 112.631777777777145, -7.072 ] ] ] } },
{ "type": "Feature", "properties": { "PXLVAL": 1 }, "geometry": { "type": "Polygon", "coordinates": [ [ [ 112.62377777777715, -7.072666666666594 ], [ 112.624222222221604, -7.072666666666594 ], [ 112.624222222221604, -7.072888888888816 ], [ 112.62377777777715, -7.072888888888816 ], [ 112.62377777777715, -7.072666666666594 ] ] ] } },
{ "type": "Feature", "properties": { "PXLVAL": 1 }, "geometry": { "type": "Polygon", "coordinates": [ [ [ 112.624888888888265, -7.07444444444437 ], [ 112.625111111110485, -7.07444444444437 ], [ 112.625111111110485, -7.074666666666592 ], [ 112.624888888888265, -7.074666666666592 ], [ 112.624888888888265, -7.07444444444437 ] ] ] } },
{ "type": "Feature", "properties": { "PXLVAL": 1 }, "geometry": { "type": "Polygon", "coordinates": [ [ [ 112.706666666665967, -7.064222222222158 ], [ 112.707555555554848, -7.064222222222158 ], [ 112.707555555554848, -7.06444444444438 ], [ 112.707111111110407, -7.06444444444438 ], [ 112.707111111110407, -7.064666666666602 ], [ 112.707333333332627, -7.064666666666602 ], [ 112.707333333332627, -7.065111111111046 ], [ 112.707555555554848, -7.065111111111046 ], [ 112.707555555554848, -7.064666666666602 ], [ 112.707777777777068, -7.064666666666602 ], [ 112.707777777777068, -7.06444444444438 ], [ 112.708444444443742, -7.06444444444438 ], [ 112.708444444443742, -7.065333333333268 ], [ 112.708666666665962, -7.065333333333268 ], [ 112.708666666665962, -7.06555555555549 ], [ 112.709333333332623, -7.06555555555549 ], [ 112.709333333332623, -7.065777777777712 ], [ 112.709111111110403, -7.065777777777712 ], [ 112.709111111110403, -7.066 ], [ 112.708666666665962, -7.066 ], [ 112.708666666665962, -7.066222222222156 ], [ 112.708888888888183, -7.066222222222156 ], [ 112.708888888888183, -7.066444444444378 ], [ 112.709111111110403, -7.066444444444378 ], [ 112.709111111110403, -7.0666666666666 ], [ 112.708888888888183, -7.0666666666666 ], [ 112.708888888888183, -7.066888888888822 ], [ 112.708666666665962, -7.066888888888822 ], [ 112.708666666665962, -7.067111111111044 ], [ 112.709555555554843, -7.067111111111044 ], [ 112.709555555554843, -7.067555555555488 ], [ 112.709333333332623, -7.067555555555488 ], [ 112.709333333332623, -7.06777777777771 ], [ 112.709777777777063, -7.06777777777771 ], [ 112.709777777777063, -7.068 ], [ 112.709999999999283, -7.068 ], [ 112.709999999999283, -7.068444444444376 ], [ 112.709777777777063, -7.068444444444376 ], [ 112.709777777777063, -7.068222222222154 ], [ 112.709111111110403, -7.068222222222154 ], [ 112.709111111110403, -7.068444444444376 ], [ 112.708444444443742, -7.068444444444376 ], [ 112.708444444443742, -7.068666666666598 ], [ 112.708666666665962, -7.068666666666598 ], [ 112.708666666665962, -7.069111111111042 ], [ 112.709333333332623, -7.069111111111042 ], [ 112.709333333332623, -7.069555555555486 ], [ 112.709111111110403, -7.069555555555486 ], [ 112.709111111110403, -7.07 ], [ 112.709333333332623, -7.07 ], [ 112.709333333332623, -7.069777777777708 ], [ 112.709999999999283, -7.069777777777708 ], [ 112.709999999999283, -7.070666666666596 ], [ 112.710222222221518, -7.070666666666596 ], [ 112.710222222221518, -7.072 ], [ 112.708888888888183, -7.072 ], [ 112.708888888888183, -7.071777777777706 ], [ 112.708444444443742, -7.071777777777706 ], [ 112.708444444443742, -7.072 ], [ 112.708666666665962, -7.072 ], [ 112.708666666665962, -7.072666666666594 ], [ 112.708888888888183, -7.072666666666594 ], [ 112.708888888888183, -7.072888888888816 ], [ 112.709111111110403, -7.072888888888816 ], [ 112.709111111110403, -7.073111111111038 ], [ 112.708666666665962, -7.073111111111038 ], [ 112.708666666665962, -7.07333333333326 ], [ 112.707999999999288, -7.07333333333326 ], [ 112.707999999999288, -7.073555555555482 ], [ 112.707777777777068, -7.073555555555482 ], [ 112.707777777777068, -7.074 ], [ 112.707333333332627, -7.074 ], [ 112.707333333332627, -7.074222222222148 ], [ 112.707777777777068, -7.074222222222148 ], [ 112.707777777777068, -7.074666666666592 ], [ 112.707555555554848, -7.074666666666592 ], [ 112.707555555554848, -7.075333333333258 ], [ 112.707333333332627, -7.075333333333258 ], [ 112.707333333332627, -7.075777777777702 ], [ 112.707111111110407, -7.075777777777702 ], [ 112.707111111110407, -7.076 ], [ 112.706666666665967, -7.076 ], [ 112.706666666665967, -7.07555555555548 ], [ 112.707111111110407, -7.07555555555548 ], [ 112.707111111110407, -7.074666666666592 ], [ 112.707333333332627, -7.074666666666592 ], [ 112.707333333332627, -7.07444444444437 ], [ 112.707111111110407, -7.07444444444437 ], [ 112.707111111110407, -7.073777777777704 ], [ 112.707333333332627, -7.073777777777704 ], [ 112.707333333332627, -7.073555555555482 ], [ 112.707555555554848, -7.073555555555482 ], [ 112.707555555554848, -7.07333333333326 ], [ 112.707777777777068, -7.07333333333326 ], [ 112.707777777777068, -7.071777777777706 ], [ 112.707999999999288, -7.071777777777706 ], [ 112.707999999999288, -7.07111111111104 ], [ 112.708222222221508, -7.07111111111104 ], [ 112.708222222221508, -7.069555555555486 ], [ 112.707999999999288, -7.069555555555486 ], [ 112.707999999999288, -7.069777777777708 ], [ 112.706888888888187, -7.069777777777708 ], [ 112.706888888888187, -7.069555555555486 ], [ 112.706222222221513, -7.069555555555486 ], [ 112.706222222221513, -7.069333333333264 ], [ 112.705999999999293, -7.069333333333264 ], [ 112.705999999999293, -7.069111111111042 ], [ 112.705777777777072, -7.069111111111042 ], [ 112.705777777777072, -7.068222222222154 ], [ 112.705999999999293, -7.068222222222154 ], [ 112.705999999999293, -7.068 ], [ 112.705555555554852, -7.068 ], [ 112.705555555554852, -7.06777777777771 ], [ 112.705111111110412, -7.06777777777771 ], [ 112.705111111110412, -7.067555555555488 ], [ 112.706222222221513, -7.067555555555488 ], [ 112.706222222221513, -7.066888888888822 ], [ 112.705999999999293, -7.066888888888822 ], [ 112.705999999999293, -7.066444444444378 ], [ 112.705777777777072, -7.066444444444378 ], [ 112.705777777777072, -7.06555555555549 ], [ 112.705999999999293, -7.06555555555549 ], [ 112.705999999999293, -7.065333333333268 ], [ 112.705777777777072, -7.065333333333268 ], [ 112.705777777777072, -7.064666666666602 ], [ 112.706222222221513, -7.064666666666602 ], [ 112.706222222221513, -7.06444444444438 ], [ 112.706444444443733, -7.06444444444438 ], [ 112.706444444443733, -7.064666666666602 ], [ 112.706666666665967, -7.064666666666602 ], [ 112.706666666665967, -7.064222222222158 ] ], [ [ 112.706444444443733, -7.06555555555549 ], [ 112.706444444443733, -7.066 ], [ 112.706888888888187, -7.066 ], [ 112.706888888888187, -7.06555555555549 ], [ 112.706444444443733, -7.06555555555549 ] ], [ [ 112.708444444443742, -7.06555555555549 ], [ 112.708444444443742, -7.065777777777712 ], [ 112.708666666665962, -7.065777777777712 ], [ 112.708666666665962, -7.06555555555549 ], [ 112.708444444443742, -7.06555555555549 ] ], [ [ 112.708444444443742, -7.070666666666596 ], [ 112.708444444443742, -7.07111111111104 ], [ 112.708666666665962, -7.07111111111104 ], [ 112.708666666665962, -7.070666666666596 ], [ 112.708444444443742, -7.070666666666596 ] ], [ [ 112.707999999999288, -7.072444444444372 ], [ 112.707999999999288, -7.073111111111038 ], [ 112.708222222221508, -7.073111111111038 ], [ 112.708222222221508, -7.072444444444372 ], [ 112.707999999999288, -7.072444444444372 ] ] ] } },
{ "type": "Feature", "properties": { "PXLVAL": 1 }, "geometry": { "type": "Polygon", "coordinates": [ [ [ 112.628666666666035, -7.07111111111104 ], [ 112.629111111110475, -7.07111111111104 ], [ 112.629111111110475, -7.071555555555484 ], [ 112.62955555555493, -7.071555555555484 ], [ 112.62955555555493, -7.071777777777706 ], [ 112.62977777777715, -7.071777777777706 ], [ 112.62977777777715, -7.072 ], [ 112.62999999999937, -7.072 ], [ 112.62999999999937, -7.07222222222215 ], [ 112.62955555555493, -7.07222222222215 ], [ 112.62955555555493, -7.072444444444372 ], [ 112.62977777777715, -7.072444444444372 ], [ 112.62977777777715, -7.072666666666594 ], [ 112.62999999999937, -7.072666666666594 ], [ 112.62999999999937, -7.072888888888816 ], [ 112.63022222222159, -7.072888888888816 ], [ 112.63022222222159, -7.072666666666594 ], [ 112.63044444444381, -7.072666666666594 ], [ 112.63044444444381, -7.072888888888816 ], [ 112.630666666666031, -7.072888888888816 ], [ 112.630666666666031, -7.073111111111038 ], [ 112.630888888888265, -7.073111111111038 ], [ 112.630888888888265, -7.07333333333326 ], [ 112.631111111110485, -7.07333333333326 ], [ 112.631111111110485, -7.073111111111038 ], [ 112.631555555554925, -7.073111111111038 ], [ 112.631555555554925, -7.072444444444372 ], [ 112.631777777777145, -7.072444444444372 ], [ 112.631777777777145, -7.072666666666594 ], [ 112.631999999999366, -7.072666666666594 ], [ 112.631999999999366, -7.07333333333326 ], [ 112.632222222221586, -7.07333333333326 ], [ 112.632222222221586, -7.073777777777704 ], [ 112.634666666666035, -7.073777777777704 ], [ 112.634666666666035, -7.074 ], [ 112.635333333332696, -7.074 ], [ 112.635333333332696, -7.073777777777704 ], [ 112.635777777777136, -7.073777777777704 ], [ 112.635777777777136, -7.075333333333258 ], [ 112.635555555554916, -7.075333333333258 ], [ 112.635555555554916, -7.075777777777702 ], [ 112.635333333332696, -7.075777777777702 ], [ 112.635333333332696, -7.076222222222146 ], [ 112.635111111110476, -7.076222222222146 ], [ 112.635111111110476, -7.07666666666659 ], [ 112.634888888888256, -7.07666666666659 ], [ 112.634888888888256, -7.076888888888812 ], [ 112.634666666666035, -7.076888888888812 ], [ 112.634666666666035, -7.077111111111034 ], [ 112.634444444443815, -7.077111111111034 ], [ 112.634444444443815, -7.077333333333256 ], [ 112.634222222221581, -7.077333333333256 ], [ 112.634222222221581, -7.077555555555478 ], [ 112.633777777777141, -7.077555555555478 ], [ 112.633777777777141, -7.0777777777777 ], [ 112.6333333333327, -7.0777777777777 ], [ 112.6333333333327, -7.078 ], [ 112.63288888888826, -7.078 ], [ 112.63288888888826, -7.078222222222144 ], [ 112.631555555554925, -7.078222222222144 ], [ 112.631555555554925, -7.078444444444366 ], [ 112.631111111110485, -7.078444444444366 ], [ 112.631111111110485, -7.078222222222144 ], [ 112.631333333332705, -7.078222222222144 ], [ 112.631333333332705, -7.077555555555478 ], [ 112.631111111110485, -7.077555555555478 ], [ 112.631111111110485, -7.077333333333256 ], [ 112.631333333332705, -7.077333333333256 ], [ 112.631333333332705, -7.076888888888812 ], [ 112.631555555554925, -7.076888888888812 ], [ 112.631555555554925, -7.07666666666659 ], [ 112.631333333332705, -7.07666666666659 ], [ 112.631333333332705, -7.076222222222146 ], [ 112.631111111110485, -7.076222222222146 ], [ 112.631111111110485, -7.076 ], [ 112.631555555554925, -7.076 ], [ 112.631555555554925, -7.075333333333258 ], [ 112.631777777777145, -7.075333333333258 ], [ 112.631777777777145, -7.074888888888814 ], [ 112.631555555554925, -7.074888888888814 ], [ 112.631555555554925, -7.074666666666592 ], [ 112.631333333332705, -7.074666666666592 ], [ 112.631333333332705, -7.07444444444437 ], [ 112.630888888888265, -7.07444444444437 ], [ 112.630888888888265, -7.074666666666592 ], [ 112.630666666666031, -7.074666666666592 ], [ 112.630666666666031, -7.07444444444437 ], [ 112.62999999999937, -7.07444444444437 ], [ 112.62999999999937, -7.073777777777704 ], [ 112.62955555555493, -7.073777777777704 ], [ 112.62955555555493, -7.073555555555482 ], [ 112.628666666666035, -7.073555555555482 ], [ 112.628666666666035, -7.07333333333326 ], [ 112.628222222221595, -7.07333333333326 ], [ 112.628222222221595, -7.073111111111038 ], [ 112.627777777777155, -7.073111111111038 ], [ 112.627777777777155, -7.072888888888816 ], [ 112.6273333333327, -7.072888888888816 ], [ 112.6273333333327, -7.072666666666594 ], [ 112.62688888888826, -7.072666666666594 ], [ 112.62688888888826, -7.072444444444372 ], [ 112.62644444444382, -7.072444444444372 ], [ 112.62644444444382, -7.07222222222215 ], [ 112.625111111110485, -7.07222222222215 ], [ 112.625111111110485, -7.072 ], [ 112.624444444443824, -7.072 ], [ 112.624444444443824, -7.071777777777706 ], [ 112.625111111110485, -7.071777777777706 ], [ 112.625111111110485, -7.071555555555484 ], [ 112.625333333332705, -7.071555555555484 ], [ 112.625333333332705, -7.071777777777706 ], [ 112.6262222222216, -7.071777777777706 ], [ 112.6262222222216, -7.072 ], [ 112.62666666666604, -7.072 ], [ 112.62666666666604, -7.071777777777706 ], [ 112.627555555554935, -7.071777777777706 ], [ 112.627555555554935, -7.071555555555484 ], [ 112.627999999999375, -7.071555555555484 ], [ 112.627999999999375, -7.071777777777706 ], [ 112.628222222221595, -7.071777777777706 ], [ 112.628222222221595, -7.071333333333262 ], [ 112.628666666666035, -7.071333333333262 ], [ 112.628666666666035, -7.07111111111104 ] ], [ [ 112.628444444443815, -7.071555555555484 ], [ 112.628444444443815, -7.071777777777706 ], [ 112.628666666666035, -7.071777777777706 ], [ 112.628666666666035, -7.071555555555484 ], [ 112.628444444443815, -7.071555555555484 ] ], [ [ 112.634666666666035, -7.075333333333258 ], [ 112.634666666666035, -7.07555555555548 ], [ 112.634888888888256, -7.07555555555548 ], [ 112.634888888888256, -7.075333333333258 ], [ 112.634666666666035, -7.075333333333258 ] ], [ [ 112.63266666666604, -7.077111111111034 ], [ 112.63266666666604, -7.077333333333256 ], [ 112.63311111111048, -7.077333333333256 ], [ 112.63311111111048, -7.077111111111034 ], [ 112.63266666666604, -7.077111111111034 ] ] ] } },
{ "type": "Feature", "properties": { "PXLVAL": 1 }, "geometry": { "type": "Polygon", "coordinates": [ [ [ 112.625999999999379, -7.078444444444366 ], [ 112.6262222222216, -7.078444444444366 ], [ 112.6262222222216, -7.078666666666588 ], [ 112.625999999999379, -7.078666666666588 ], [ 112.625999999999379, -7.078444444444366 ] ] ] } },
{ "type": "Feature", "properties": { "PXLVAL": 1 }, "geometry": { "type": "Polygon", "coordinates": [ [ [ 112.598444444443842, -7.079111111111032 ], [ 112.598666666666062, -7.079111111111032 ], [ 112.598666666666062, -7.079333333333254 ], [ 112.598444444443842, -7.079333333333254 ], [ 112.598444444443842, -7.079111111111032 ] ] ] } },
{ "type": "Feature", "properties": { "PXLVAL": 1 }, "geometry": { "type": "Polygon", "coordinates": [ [ [ 112.599333333332737, -7.078666666666588 ], [ 112.599777777777177, -7.078666666666588 ], [ 112.599777777777177, -7.07888888888881 ], [ 112.599999999999397, -7.07888888888881 ], [ 112.599999999999397, -7.079333333333254 ], [ 112.599777777777177, -7.079333333333254 ], [ 112.599777777777177, -7.079555555555476 ], [ 112.599555555554957, -7.079555555555476 ], [ 112.599555555554957, -7.07888888888881 ], [ 112.599333333332737, -7.07888888888881 ], [ 112.599333333332737, -7.078666666666588 ] ] ] } },
{ "type": "Feature", "properties": { "PXLVAL": 1 }, "geometry": { "type": "Polygon", "coordinates": [ [ [ 112.598888888888297, -7.079333333333254 ], [ 112.599333333332737, -7.079333333333254 ], [ 112.599333333332737, -7.079555555555476 ], [ 112.598888888888297, -7.079555555555476 ], [ 112.598888888888297, -7.079333333333254 ] ] ] } },
{ "type": "Feature", "properties": { "PXLVAL": 1 }, "geometry": { "type": "Polygon", "coordinates": [ [ [ 112.702666666665962, -7.067111111111044 ], [ 112.703111111110402, -7.067111111111044 ], [ 112.703111111110402, -7.068444444444376 ], [ 112.701777777777082, -7.068444444444376 ], [ 112.701777777777082, -7.068666666666598 ], [ 112.701555555554847, -7.068666666666598 ], [ 112.701555555554847, -7.069111111111042 ], [ 112.702666666665962, -7.069111111111042 ], [ 112.702666666665962, -7.068666666666598 ], [ 112.703555555554857, -7.068666666666598 ], [ 112.703555555554857, -7.068444444444376 ], [ 112.704222222221517, -7.068444444444376 ], [ 112.704222222221517, -7.068666666666598 ], [ 112.704444444443737, -7.068666666666598 ], [ 112.704444444443737, -7.068444444444376 ], [ 112.704666666665958, -7.068444444444376 ], [ 112.704666666665958, -7.068222222222154 ], [ 112.705555555554852, -7.068222222222154 ], [ 112.705555555554852, -7.069111111111042 ], [ 112.705333333332632, -7.069111111111042 ], [ 112.705333333332632, -7.068444444444376 ], [ 112.705111111110412, -7.068444444444376 ], [ 112.705111111110412, -7.069777777777708 ], [ 112.705333333332632, -7.069777777777708 ], [ 112.705333333332632, -7.070222222222152 ], [ 112.704222222221517, -7.070222222222152 ], [ 112.704222222221517, -7.070666666666596 ], [ 112.705111111110412, -7.070666666666596 ], [ 112.705111111110412, -7.070444444444374 ], [ 112.705777777777072, -7.070444444444374 ], [ 112.705777777777072, -7.070666666666596 ], [ 112.707111111110407, -7.070666666666596 ], [ 112.707111111110407, -7.07111111111104 ], [ 112.707555555554848, -7.07111111111104 ], [ 112.707555555554848, -7.071555555555484 ], [ 112.707333333332627, -7.071555555555484 ], [ 112.707333333332627, -7.073111111111038 ], [ 112.706888888888187, -7.073111111111038 ], [ 112.706888888888187, -7.07333333333326 ], [ 112.706666666665967, -7.07333333333326 ], [ 112.706666666665967, -7.073555555555482 ], [ 112.706222222221513, -7.073555555555482 ], [ 112.706222222221513, -7.07333333333326 ], [ 112.705555555554852, -7.07333333333326 ], [ 112.705555555554852, -7.073111111111038 ], [ 112.705333333332632, -7.073111111111038 ], [ 112.705333333332632, -7.072444444444372 ], [ 112.705555555554852, -7.072444444444372 ], [ 112.705555555554852, -7.07222222222215 ], [ 112.705333333332632, -7.07222222222215 ], [ 112.705333333332632, -7.072 ], [ 112.704666666665958, -7.072 ], [ 112.704666666665958, -7.07222222222215 ], [ 112.704888888888178, -7.07222222222215 ], [ 112.704888888888178, -7.072444444444372 ], [ 112.705111111110412, -7.072444444444372 ], [ 112.705111111110412, -7.072888888888816 ], [ 112.704666666665958, -7.072888888888816 ], [ 112.704666666665958, -7.072444444444372 ], [ 112.704444444443737, -7.072444444444372 ], [ 112.704444444443737, -7.073111111111038 ], [ 112.705111111110412, -7.073111111111038 ], [ 112.705111111110412, -7.07333333333326 ], [ 112.705333333332632, -7.07333333333326 ], [ 112.705333333332632, -7.073777777777704 ], [ 112.705555555554852, -7.073777777777704 ], [ 112.705555555554852, -7.073555555555482 ], [ 112.705777777777072, -7.073555555555482 ], [ 112.705777777777072, -7.074 ], [ 112.706444444443733, -7.074 ], [ 112.706444444443733, -7.07555555555548 ], [ 112.706222222221513, -7.07555555555548 ], [ 112.706222222221513, -7.076444444444368 ], [ 112.705777777777072, -7.076444444444368 ], [ 112.705777777777072, -7.07666666666659 ], [ 112.705111111110412, -7.07666666666659 ], [ 112.705111111110412, -7.077333333333256 ], [ 112.704444444443737, -7.077333333333256 ], [ 112.704444444443737, -7.077111111111034 ], [ 112.703999999999297, -7.077111111111034 ], [ 112.703999999999297, -7.077555555555478 ], [ 112.704444444443737, -7.077555555555478 ], [ 112.704444444443737, -7.0777777777777 ], [ 112.705111111110412, -7.0777777777777 ], [ 112.705111111110412, -7.079555555555476 ], [ 112.704666666665958, -7.079555555555476 ], [ 112.704666666665958, -7.08 ], [ 112.703999999999297, -7.08 ], [ 112.703999999999297, -7.080444444444364 ], [ 112.704222222221517, -7.080444444444364 ], [ 112.704222222221517, -7.080666666666586 ], [ 112.703777777777077, -7.080666666666586 ], [ 112.703777777777077, -7.079555555555476 ], [ 112.703999999999297, -7.079555555555476 ], [ 112.703999999999297, -7.079111111111032 ], [ 112.704666666665958, -7.079111111111032 ], [ 112.704666666665958, -7.078666666666588 ], [ 112.704444444443737, -7.078666666666588 ], [ 112.704444444443737, -7.078444444444366 ], [ 112.704222222221517, -7.078444444444366 ], [ 112.704222222221517, -7.078 ], [ 112.703777777777077, -7.078 ], [ 112.703777777777077, -7.0777777777777 ], [ 112.703555555554857, -7.0777777777777 ], [ 112.703555555554857, -7.077555555555478 ], [ 112.703777777777077, -7.077555555555478 ], [ 112.703777777777077, -7.077333333333256 ], [ 112.703555555554857, -7.077333333333256 ], [ 112.703555555554857, -7.077111111111034 ], [ 112.703111111110402, -7.077111111111034 ], [ 112.703111111110402, -7.07666666666659 ], [ 112.702222222221522, -7.07666666666659 ], [ 112.702222222221522, -7.077111111111034 ], [ 112.701999999999302, -7.077111111111034 ], [ 112.701999999999302, -7.076 ], [ 112.701777777777082, -7.076 ], [ 112.701777777777082, -7.076444444444368 ], [ 112.701333333332627, -7.076444444444368 ], [ 112.701333333332627, -7.076 ], [ 112.700666666665967, -7.076 ], [ 112.700666666665967, -7.075333333333258 ], [ 112.700444444443747, -7.075333333333258 ], [ 112.700444444443747, -7.075111111111036 ], [ 112.700222222221527, -7.075111111111036 ], [ 112.700222222221527, -7.07444444444437 ], [ 112.700444444443747, -7.07444444444437 ], [ 112.700444444443747, -7.074222222222148 ], [ 112.700222222221527, -7.074222222222148 ], [ 112.700222222221527, -7.074 ], [ 112.700444444443747, -7.074 ], [ 112.700444444443747, -7.07333333333326 ], [ 112.700666666665967, -7.07333333333326 ], [ 112.700666666665967, -7.073111111111038 ], [ 112.701111111110407, -7.073111111111038 ], [ 112.701111111110407, -7.072444444444372 ], [ 112.700666666665967, -7.072444444444372 ], [ 112.700666666665967, -7.071333333333262 ], [ 112.701111111110407, -7.071333333333262 ], [ 112.701111111110407, -7.071777777777706 ], [ 112.701555555554847, -7.071777777777706 ], [ 112.701555555554847, -7.071555555555484 ], [ 112.701333333332627, -7.071555555555484 ], [ 112.701333333332627, -7.07111111111104 ], [ 112.701555555554847, -7.07111111111104 ], [ 112.701555555554847, -7.071333333333262 ], [ 112.702222222221522, -7.071333333333262 ], [ 112.702222222221522, -7.071555555555484 ], [ 112.702666666665962, -7.071555555555484 ], [ 112.702666666665962, -7.071777777777706 ], [ 112.703555555554857, -7.071777777777706 ], [ 112.703555555554857, -7.071555555555484 ], [ 112.703111111110402, -7.071555555555484 ], [ 112.703111111110402, -7.071333333333262 ], [ 112.702444444443742, -7.071333333333262 ], [ 112.702444444443742, -7.07111111111104 ], [ 112.702222222221522, -7.07111111111104 ], [ 112.702222222221522, -7.070888888888818 ], [ 112.701777777777082, -7.070888888888818 ], [ 112.701777777777082, -7.070666666666596 ], [ 112.701111111110407, -7.070666666666596 ], [ 112.701111111110407, -7.07111111111104 ], [ 112.700666666665967, -7.07111111111104 ], [ 112.700666666665967, -7.070666666666596 ], [ 112.700444444443747, -7.070666666666596 ], [ 112.700444444443747, -7.070444444444374 ], [ 112.700222222221527, -7.070444444444374 ], [ 112.700222222221527, -7.070222222222152 ], [ 112.700666666665967, -7.070222222222152 ], [ 112.700666666665967, -7.069555555555486 ], [ 112.700444444443747, -7.069555555555486 ], [ 112.700444444443747, -7.068444444444376 ], [ 112.700222222221527, -7.068444444444376 ], [ 112.700222222221527, -7.068222222222154 ], [ 112.699999999999307, -7.068222222222154 ], [ 112.699999999999307, -7.068 ], [ 112.700222222221527, -7.068 ], [ 112.700222222221527, -7.06777777777771 ], [ 112.700444444443747, -7.06777777777771 ], [ 112.700444444443747, -7.067555555555488 ], [ 112.700666666665967, -7.067555555555488 ], [ 112.700666666665967, -7.06777777777771 ], [ 112.702222222221522, -7.06777777777771 ], [ 112.702222222221522, -7.067333333333266 ], [ 112.702666666665962, -7.067333333333266 ], [ 112.702666666665962, -7.067111111111044 ] ], [ [ 112.701333333332627, -7.069111111111042 ], [ 112.701333333332627, -7.07 ], [ 112.701555555554847, -7.07 ], [ 112.701555555554847, -7.069111111111042 ], [ 112.701333333332627, -7.069111111111042 ] ], [ [ 112.703111111110402, -7.069111111111042 ], [ 112.703111111110402, -7.069555555555486 ], [ 112.703333333332637, -7.069555555555486 ], [ 112.703333333332637, -7.069111111111042 ], [ 112.703111111110402, -7.069111111111042 ] ], [ [ 112.701777777777082, -7.069555555555486 ], [ 112.701777777777082, -7.07 ], [ 112.701999999999302, -7.07 ], [ 112.701999999999302, -7.070222222222152 ], [ 112.703111111110402, -7.070222222222152 ], [ 112.703111111110402, -7.07 ], [ 112.702222222221522, -7.07 ], [ 112.702222222221522, -7.069555555555486 ], [ 112.701777777777082, -7.069555555555486 ] ], [ [ 112.702666666665962, -7.069555555555486 ], [ 112.702666666665962, -7.069777777777708 ], [ 112.702888888888182, -7.069777777777708 ], [ 112.702888888888182, -7.069555555555486 ], [ 112.702666666665962, -7.069555555555486 ] ], [ [ 112.703777777777077, -7.069555555555486 ], [ 112.703777777777077, -7.069777777777708 ], [ 112.703999999999297, -7.069777777777708 ], [ 112.703999999999297, -7.069555555555486 ], [ 112.703777777777077, -7.069555555555486 ] ], [ [ 112.701999999999302, -7.070444444444374 ], [ 112.701999999999302, -7.070666666666596 ], [ 112.702222222221522, -7.070666666666596 ], [ 112.702222222221522, -7.070444444444374 ], [ 112.701999999999302, -7.070444444444374 ] ], [ [ 112.703777777777077, -7.070666666666596 ], [ 112.703777777777077, -7.071333333333262 ], [ 112.703999999999297, -7.071333333333262 ], [ 112.703999999999297, -7.070666666666596 ], [ 112.703777777777077, -7.070666666666596 ] ], [ [ 112.703111111110402, -7.07111111111104 ], [ 112.703111111110402, -7.071333333333262 ], [ 112.703333333332637, -7.071333333333262 ], [ 112.703333333332637, -7.07111111111104 ], [ 112.703111111110402, -7.07111111111104 ] ], [ [ 112.706444444443733, -7.07111111111104 ], [ 112.706444444443733, -7.071333333333262 ], [ 112.706666666665967, -7.071333333333262 ], [ 112.706666666665967, -7.07111111111104 ], [ 112.706444444443733, -7.07111111111104 ] ], [ [ 112.703999999999297, -7.071777777777706 ], [ 112.703999999999297, -7.072 ], [ 112.704444444443737, -7.072 ], [ 112.704444444443737, -7.071777777777706 ], [ 112.703999999999297, -7.071777777777706 ] ], [ [ 112.702666666665962, -7.072 ], [ 112.702666666665962, -7.072444444444372 ], [ 112.703111111110402, -7.072444444444372 ], [ 112.703111111110402, -7.072666666666594 ], [ 112.703777777777077, -7.072666666666594 ], [ 112.703777777777077, -7.072444444444372 ], [ 112.703999999999297, -7.072444444444372 ], [ 112.703999999999297, -7.072666666666594 ], [ 112.704222222221517, -7.072666666666594 ], [ 112.704222222221517, -7.07222222222215 ], [ 112.703555555554857, -7.07222222222215 ], [ 112.703555555554857, -7.072 ], [ 112.702666666665962, -7.072 ] ], [ [ 112.706444444443733, -7.072 ], [ 112.706444444443733, -7.07222222222215 ], [ 112.706666666665967, -7.07222222222215 ], [ 112.706666666665967, -7.072 ], [ 112.706444444443733, -7.072 ] ], [ [ 112.701555555554847, -7.07222222222215 ], [ 112.701555555554847, -7.072444444444372 ], [ 112.701333333332627, -7.072444444444372 ], [ 112.701333333332627, -7.072666666666594 ], [ 112.701555555554847, -7.072666666666594 ], [ 112.701555555554847, -7.073111111111038 ], [ 112.701777777777082, -7.073111111111038 ], [ 112.701777777777082, -7.07333333333326 ], [ 112.701111111110407, -7.07333333333326 ], [ 112.701111111110407, -7.073777777777704 ], [ 112.700888888888187, -7.073777777777704 ], [ 112.700888888888187, -7.074 ], [ 112.700666666665967, -7.074 ], [ 112.700666666665967, -7.075333333333258 ], [ 112.701111111110407, -7.075333333333258 ], [ 112.701111111110407, -7.074222222222148 ], [ 112.702444444443742, -7.074222222222148 ], [ 112.702444444443742, -7.074 ], [ 112.702666666665962, -7.074 ], [ 112.702666666665962, -7.073555555555482 ], [ 112.702222222221522, -7.073555555555482 ], [ 112.702222222221522, -7.073111111111038 ], [ 112.701999999999302, -7.073111111111038 ], [ 112.701999999999302, -7.072888888888816 ], [ 112.701777777777082, -7.072888888888816 ], [ 112.701777777777082, -7.07222222222215 ], [ 112.701555555554847, -7.07222222222215 ] ], [ [ 112.703333333332637, -7.07333333333326 ], [ 112.703333333332637, -7.073555555555482 ], [ 112.703555555554857, -7.073555555555482 ], [ 112.703555555554857, -7.07333333333326 ], [ 112.703333333332637, -7.07333333333326 ] ], [ [ 112.704444444443737, -7.073555555555482 ], [ 112.704444444443737, -7.073777777777704 ], [ 112.704666666665958, -7.073777777777704 ], [ 112.704666666665958, -7.073555555555482 ], [ 112.704444444443737, -7.073555555555482 ] ], [ [ 112.703777777777077, -7.073777777777704 ], [ 112.703777777777077, -7.074 ], [ 112.703555555554857, -7.074 ], [ 112.703555555554857, -7.074222222222148 ], [ 112.703999999999297, -7.074222222222148 ], [ 112.703999999999297, -7.073777777777704 ], [ 112.703777777777077, -7.073777777777704 ] ], [ [ 112.702666666665962, -7.074 ], [ 112.702666666665962, -7.074222222222148 ], [ 112.703111111110402, -7.074222222222148 ], [ 112.703111111110402, -7.074 ], [ 112.702666666665962, -7.074 ] ], [ [ 112.705555555554852, -7.074 ], [ 112.705555555554852, -7.074222222222148 ], [ 112.705777777777072, -7.074222222222148 ], [ 112.705777777777072, -7.074 ], [ 112.705555555554852, -7.074 ] ], [ [ 112.703111111110402, -7.074222222222148 ], [ 112.703111111110402, -7.07444444444437 ], [ 112.703333333332637, -7.07444444444437 ], [ 112.703333333332637, -7.074222222222148 ], [ 112.703111111110402, -7.074222222222148 ] ], [ [ 112.704222222221517, -7.074222222222148 ], [ 112.704222222221517, -7.07444444444437 ], [ 112.704444444443737, -7.07444444444437 ], [ 112.704444444443737, -7.074666666666592 ], [ 112.704666666665958, -7.074666666666592 ], [ 112.704666666665958, -7.07444444444437 ], [ 112.705333333332632, -7.07444444444437 ], [ 112.705333333332632, -7.074222222222148 ], [ 112.704222222221517, -7.074222222222148 ] ], [ [ 112.702666666665962, -7.07444444444437 ], [ 112.702666666665962, -7.074666666666592 ], [ 112.703111111110402, -7.074666666666592 ], [ 112.703111111110402, -7.07444444444437 ], [ 112.702666666665962, -7.07444444444437 ] ], [ [ 112.705333333332632, -7.07444444444437 ], [ 112.705333333332632, -7.074666666666592 ], [ 112.705555555554852, -7.074666666666592 ], [ 112.705555555554852, -7.07444444444437 ], [ 112.705333333332632, -7.07444444444437 ] ], [ [ 112.703555555554857, -7.074666666666592 ], [ 112.703555555554857, -7.075111111111036 ], [ 112.703777777777077, -7.075111111111036 ], [ 112.703777777777077, -7.074666666666592 ], [ 112.703555555554857, -7.074666666666592 ] ], [ [ 112.704222222221517, -7.074666666666592 ], [ 112.704222222221517, -7.075111111111036 ], [ 112.704444444443737, -7.075111111111036 ], [ 112.704444444443737, -7.074666666666592 ], [ 112.704222222221517, -7.074666666666592 ] ], [ [ 112.705111111110412, -7.074666666666592 ], [ 112.705111111110412, -7.075111111111036 ], [ 112.705333333332632, -7.075111111111036 ], [ 112.705333333332632, -7.074666666666592 ], [ 112.705111111110412, -7.074666666666592 ] ], [ [ 112.701333333332627, -7.075111111111036 ], [ 112.701333333332627, -7.075333333333258 ], [ 112.701555555554847, -7.075333333333258 ], [ 112.701555555554847, -7.075111111111036 ], [ 112.701333333332627, -7.075111111111036 ] ], [ [ 112.702222222221522, -7.075111111111036 ], [ 112.702222222221522, -7.075333333333258 ], [ 112.702666666665962, -7.075333333333258 ], [ 112.702666666665962, -7.075111111111036 ], [ 112.702222222221522, -7.075111111111036 ] ], [ [ 112.703111111110402, -7.075333333333258 ], [ 112.703111111110402, -7.07555555555548 ], [ 112.703333333332637, -7.07555555555548 ], [ 112.703333333332637, -7.075333333333258 ], [ 112.703111111110402, -7.075333333333258 ] ], [ [ 112.703777777777077, -7.075333333333258 ], [ 112.703777777777077, -7.07555555555548 ], [ 112.703999999999297, -7.07555555555548 ], [ 112.703999999999297, -7.075333333333258 ], [ 112.703777777777077, -7.075333333333258 ] ], [ [ 112.704222222221517, -7.07555555555548 ], [ 112.704222222221517, -7.075777777777702 ], [ 112.703555555554857, -7.075777777777702 ], [ 112.703555555554857, -7.076444444444368 ], [ 112.703777777777077, -7.076444444444368 ], [ 112.703777777777077, -7.076 ], [ 112.703999999999297, -7.076 ], [ 112.703999999999297, -7.076444444444368 ], [ 112.704666666665958, -7.076444444444368 ], [ 112.704666666665958, -7.076 ], [ 112.705111111110412, -7.076 ], [ 112.705111111110412, -7.075777777777702 ], [ 112.705555555554852, -7.075777777777702 ], [ 112.705555555554852, -7.07555555555548 ], [ 112.704222222221517, -7.07555555555548 ] ], [ [ 112.701333333332627, -7.075777777777702 ], [ 112.701333333332627, -7.076 ], [ 112.701555555554847, -7.076 ], [ 112.701555555554847, -7.075777777777702 ], [ 112.701333333332627, -7.075777777777702 ] ], [ [ 112.702666666665962, -7.076 ], [ 112.702666666665962, -7.076444444444368 ], [ 112.703111111110402, -7.076444444444368 ], [ 112.703111111110402, -7.076 ], [ 112.702666666665962, -7.076 ] ] ] } },
{ "type": "Feature", "properties": { "PXLVAL": 1 }, "geometry": { "type": "Polygon", "coordinates": [ [ [ 112.62711111111048, -7.079777777777698 ], [ 112.6273333333327, -7.079777777777698 ], [ 112.6273333333327, -7.08 ], [ 112.62711111111048, -7.08 ], [ 112.62711111111048, -7.079777777777698 ] ] ] } },
{ "type": "Feature", "properties": { "PXLVAL": 1 }, "geometry": { "type": "Polygon", "coordinates": [ [ [ 112.625999999999379, -7.08 ], [ 112.6262222222216, -7.08 ], [ 112.6262222222216, -7.080222222222142 ], [ 112.625999999999379, -7.080222222222142 ], [ 112.625999999999379, -7.08 ] ] ] } },
{ "type": "Feature", "properties": { "PXLVAL": 1 }, "geometry": { "type": "Polygon", "coordinates": [ [ [ 112.598222222221622, -7.080666666666586 ], [ 112.598888888888297, -7.080666666666586 ], [ 112.598888888888297, -7.08111111111103 ], [ 112.598666666666062, -7.08111111111103 ], [ 112.598666666666062, -7.080888888888808 ], [ 112.598222222221622, -7.080888888888808 ], [ 112.598222222221622, -7.080666666666586 ] ] ] } },
{ "type": "Feature", "properties": { "PXLVAL": 1 }, "geometry": { "type": "Polygon", "coordinates": [ [ [ 112.62933333333271, -7.080666666666586 ], [ 112.62955555555493, -7.080666666666586 ], [ 112.62955555555493, -7.08111111111103 ], [ 112.62933333333271, -7.08111111111103 ], [ 112.62933333333271, -7.080666666666586 ] ] ] } },
{ "type": "Feature", "properties": { "PXLVAL": 1 }, "geometry": { "type": "Polygon", "coordinates": [ [ [ 112.615111111110494, -7.080666666666586 ], [ 112.615777777777168, -7.080666666666586 ], [ 112.615777777777168, -7.081555555555474 ], [ 112.615555555554934, -7.081555555555474 ], [ 112.615555555554934, -7.081333333333252 ], [ 112.615333333332714, -7.081333333333252 ], [ 112.615333333332714, -7.08111111111103 ], [ 112.615111111110494, -7.08111111111103 ], [ 112.615111111110494, -7.080666666666586 ] ] ] } },
{ "type": "Feature", "properties": { "PXLVAL": 1 }, "geometry": { "type": "Polygon", "coordinates": [ [ [ 112.599111111110517, -7.080888888888808 ], [ 112.599555555554957, -7.080888888888808 ], [ 112.599555555554957, -7.081333333333252 ], [ 112.599333333332737, -7.081333333333252 ], [ 112.599333333332737, -7.08111111111103 ], [ 112.599111111110517, -7.08111111111103 ], [ 112.599111111110517, -7.080888888888808 ] ] ] } },
{ "type": "Feature", "properties": { "PXLVAL": 1 }, "geometry": { "type": "Polygon", "coordinates": [ [ [ 112.630666666666031, -7.08111111111103 ], [ 112.630888888888265, -7.08111111111103 ], [ 112.630888888888265, -7.081333333333252 ], [ 112.630666666666031, -7.081333333333252 ], [ 112.630666666666031, -7.08111111111103 ] ] ] } },
{ "type": "Feature", "properties": { "PXLVAL": 1 }, "geometry": { "type": "Polygon", "coordinates": [ [ [ 112.597999999999402, -7.08111111111103 ], [ 112.598222222221622, -7.08111111111103 ], [ 112.598222222221622, -7.081333333333252 ], [ 112.598666666666062, -7.081333333333252 ], [ 112.598666666666062, -7.081555555555474 ], [ 112.598888888888297, -7.081555555555474 ], [ 112.598888888888297, -7.081777777777696 ], [ 112.598222222221622, -7.081777777777696 ], [ 112.598222222221622, -7.082 ], [ 112.597999999999402, -7.082 ], [ 112.597999999999402, -7.08222222222214 ], [ 112.597333333332742, -7.08222222222214 ], [ 112.597333333332742, -7.081777777777696 ], [ 112.597555555554962, -7.081777777777696 ], [ 112.597555555554962, -7.081555555555474 ], [ 112.597777777777182, -7.081555555555474 ], [ 112.597777777777182, -7.081333333333252 ], [ 112.597999999999402, -7.081333333333252 ], [ 112.597999999999402, -7.08111111111103 ] ], [ [ 112.597555555554962, -7.081777777777696 ], [ 112.597555555554962, -7.082 ], [ 112.597777777777182, -7.082 ], [ 112.597777777777182, -7.081777777777696 ], [ 112.597555555554962, -7.081777777777696 ] ] ] } },
{ "type": "Feature", "properties": { "PXLVAL": 1 }, "geometry": { "type": "Polygon", "coordinates": [ [ [ 112.628444444443815, -7.081777777777696 ], [ 112.628666666666035, -7.081777777777696 ], [ 112.628666666666035, -7.082 ], [ 112.628444444443815, -7.082 ], [ 112.628444444443815, -7.081777777777696 ] ] ] } },
{ "type": "Feature", "properties": { "PXLVAL": 1 }, "geometry": { "type": "Polygon", "coordinates": [ [ [ 112.62933333333271, -7.08222222222214 ], [ 112.62955555555493, -7.08222222222214 ], [ 112.62955555555493, -7.082444444444362 ], [ 112.62933333333271, -7.082444444444362 ], [ 112.62933333333271, -7.08222222222214 ] ] ] } },
{ "type": "Feature", "properties": { "PXLVAL": 1 }, "geometry": { "type": "Polygon", "coordinates": [ [ [ 112.624222222221604, -7.079333333333254 ], [ 112.624444444443824, -7.079333333333254 ], [ 112.624444444443824, -7.079555555555476 ], [ 112.625333333332705, -7.079555555555476 ], [ 112.625333333332705, -7.079777777777698 ], [ 112.625111111110485, -7.079777777777698 ], [ 112.625111111110485, -7.080222222222142 ], [ 112.624888888888265, -7.080222222222142 ], [ 112.624888888888265, -7.079777777777698 ], [ 112.624444444443824, -7.079777777777698 ], [ 112.624444444443824, -7.08 ], [ 112.624222222221604, -7.08 ], [ 112.624222222221604, -7.079777777777698 ], [ 112.62377777777715, -7.079777777777698 ], [ 112.62377777777715, -7.080222222222142 ], [ 112.62399999999937, -7.080222222222142 ], [ 112.62399999999937, -7.080666666666586 ], [ 112.624222222221604, -7.080666666666586 ], [ 112.624222222221604, -7.080444444444364 ], [ 112.624666666666045, -7.080444444444364 ], [ 112.624666666666045, -7.080666666666586 ], [ 112.624888888888265, -7.080666666666586 ], [ 112.624888888888265, -7.080444444444364 ], [ 112.625777777777145, -7.080444444444364 ], [ 112.625777777777145, -7.080666666666586 ], [ 112.625999999999379, -7.080666666666586 ], [ 112.625999999999379, -7.081333333333252 ], [ 112.625777777777145, -7.081333333333252 ], [ 112.625777777777145, -7.081555555555474 ], [ 112.625555555554925, -7.081555555555474 ], [ 112.625555555554925, -7.081777777777696 ], [ 112.625333333332705, -7.081777777777696 ], [ 112.625333333332705, -7.082 ], [ 112.625555555554925, -7.082 ], [ 112.625555555554925, -7.08222222222214 ], [ 112.625333333332705, -7.08222222222214 ], [ 112.625333333332705, -7.082444444444362 ], [ 112.624444444443824, -7.082444444444362 ], [ 112.624444444443824, -7.08222222222214 ], [ 112.62377777777715, -7.08222222222214 ], [ 112.62377777777715, -7.082444444444362 ], [ 112.62333333333271, -7.082444444444362 ], [ 112.62333333333271, -7.082666666666584 ], [ 112.62355555555493, -7.082666666666584 ], [ 112.62355555555493, -7.08333333333325 ], [ 112.62377777777715, -7.08333333333325 ], [ 112.62377777777715, -7.083555555555472 ], [ 112.62399999999937, -7.083555555555472 ], [ 112.62399999999937, -7.083777777777694 ], [ 112.624666666666045, -7.083777777777694 ], [ 112.624666666666045, -7.084 ], [ 112.624444444443824, -7.084 ], [ 112.624444444443824, -7.084222222222138 ], [ 112.62377777777715, -7.084222222222138 ], [ 112.62377777777715, -7.083777777777694 ], [ 112.62355555555493, -7.083777777777694 ], [ 112.62355555555493, -7.083555555555472 ], [ 112.62333333333271, -7.083555555555472 ], [ 112.62333333333271, -7.08333333333325 ], [ 112.622888888888269, -7.08333333333325 ], [ 112.622888888888269, -7.083111111111028 ], [ 112.622666666666049, -7.083111111111028 ], [ 112.622666666666049, -7.082666666666584 ], [ 112.622444444443829, -7.082666666666584 ], [ 112.622444444443829, -7.082444444444362 ], [ 112.622222222221595, -7.082444444444362 ], [ 112.622222222221595, -7.082666666666584 ], [ 112.621777777777154, -7.082666666666584 ], [ 112.621777777777154, -7.082888888888806 ], [ 112.621999999999375, -7.082888888888806 ], [ 112.621999999999375, -7.08333333333325 ], [ 112.622222222221595, -7.08333333333325 ], [ 112.622222222221595, -7.083555555555472 ], [ 112.621999999999375, -7.083555555555472 ], [ 112.621999999999375, -7.083777777777694 ], [ 112.621777777777154, -7.083777777777694 ], [ 112.621777777777154, -7.084 ], [ 112.621555555554934, -7.084 ], [ 112.621555555554934, -7.084222222222138 ], [ 112.621777777777154, -7.084222222222138 ], [ 112.621777777777154, -7.08444444444436 ], [ 112.621333333332714, -7.08444444444436 ], [ 112.621333333332714, -7.084222222222138 ], [ 112.621111111110494, -7.084222222222138 ], [ 112.621111111110494, -7.084 ], [ 112.62066666666604, -7.084 ], [ 112.62066666666604, -7.082888888888806 ], [ 112.62044444444382, -7.082888888888806 ], [ 112.62044444444382, -7.083111111111028 ], [ 112.620222222221599, -7.083111111111028 ], [ 112.620222222221599, -7.083555555555472 ], [ 112.619999999999379, -7.083555555555472 ], [ 112.619999999999379, -7.083777777777694 ], [ 112.619777777777159, -7.083777777777694 ], [ 112.619777777777159, -7.08444444444436 ], [ 112.619555555554939, -7.08444444444436 ], [ 112.619555555554939, -7.082666666666584 ], [ 112.619777777777159, -7.082666666666584 ], [ 112.619777777777159, -7.08222222222214 ], [ 112.621111111110494, -7.08222222222214 ], [ 112.621111111110494, -7.081777777777696 ], [ 112.621333333332714, -7.081777777777696 ], [ 112.621333333332714, -7.081555555555474 ], [ 112.621111111110494, -7.081555555555474 ], [ 112.621111111110494, -7.081333333333252 ], [ 112.62066666666604, -7.081333333333252 ], [ 112.62066666666604, -7.080888888888808 ], [ 112.620888888888274, -7.080888888888808 ], [ 112.620888888888274, -7.080666666666586 ], [ 112.621111111110494, -7.080666666666586 ], [ 112.621111111110494, -7.080444444444364 ], [ 112.621333333332714, -7.080444444444364 ], [ 112.621333333332714, -7.080222222222142 ], [ 112.621777777777154, -7.080222222222142 ], [ 112.621777777777154, -7.08 ], [ 112.622222222221595, -7.08 ], [ 112.622222222221595, -7.079777777777698 ], [ 112.622888888888269, -7.079777777777698 ], [ 112.622888888888269, -7.079555555555476 ], [ 112.624222222221604, -7.079555555555476 ], [ 112.624222222221604, -7.079333333333254 ] ], [ [ 112.62377777777715, -7.080666666666586 ], [ 112.62377777777715, -7.08111111111103 ], [ 112.62399999999937, -7.08111111111103 ], [ 112.62399999999937, -7.080666666666586 ], [ 112.62377777777715, -7.080666666666586 ] ], [ [ 112.622666666666049, -7.081555555555474 ], [ 112.622666666666049, -7.081777777777696 ], [ 112.62333333333271, -7.081777777777696 ], [ 112.62333333333271, -7.081555555555474 ], [ 112.622666666666049, -7.081555555555474 ] ], [ [ 112.624222222221604, -7.081555555555474 ], [ 112.624222222221604, -7.081777777777696 ], [ 112.624444444443824, -7.081777777777696 ], [ 112.624444444443824, -7.081555555555474 ], [ 112.624222222221604, -7.081555555555474 ] ], [ [ 112.621555555554934, -7.082 ], [ 112.621555555554934, -7.08222222222214 ], [ 112.621777777777154, -7.08222222222214 ], [ 112.621777777777154, -7.082 ], [ 112.621555555554934, -7.082 ] ], [ [ 112.62333333333271, -7.082 ], [ 112.62333333333271, -7.08222222222214 ], [ 112.62355555555493, -7.08222222222214 ], [ 112.62355555555493, -7.082 ], [ 112.62333333333271, -7.082 ] ], [ [ 112.621777777777154, -7.08222222222214 ], [ 112.621777777777154, -7.082444444444362 ], [ 112.621999999999375, -7.082444444444362 ], [ 112.621999999999375, -7.08222222222214 ], [ 112.621777777777154, -7.08222222222214 ] ] ] } },
{ "type": "Feature", "properties": { "PXLVAL": 1 }, "geometry": { "type": "Polygon", "coordinates": [ [ [ 112.597111111110507, -7.08222222222214 ], [ 112.597333333332742, -7.08222222222214 ], [ 112.597333333332742, -7.082444444444362 ], [ 112.597555555554962, -7.082444444444362 ], [ 112.597555555554962, -7.082666666666584 ], [ 112.597111111110507, -7.082666666666584 ], [ 112.597111111110507, -7.08333333333325 ], [ 112.596888888888287, -7.08333333333325 ], [ 112.596888888888287, -7.083555555555472 ], [ 112.596444444443847, -7.083555555555472 ], [ 112.596444444443847, -7.082888888888806 ], [ 112.596666666666067, -7.082888888888806 ], [ 112.596666666666067, -7.082666666666584 ], [ 112.596888888888287, -7.082666666666584 ], [ 112.596888888888287, -7.082444444444362 ], [ 112.597111111110507, -7.082444444444362 ], [ 112.597111111110507, -7.08222222222214 ] ] ] } },
{ "type": "Feature", "properties": { "PXLVAL": 1 }, "geometry": { "type": "Polygon", "coordinates": [ [ [ 112.600222222221618, -7.08333333333325 ], [ 112.600666666666072, -7.08333333333325 ], [ 112.600666666666072, -7.083555555555472 ], [ 112.600888888888292, -7.083555555555472 ], [ 112.600888888888292, -7.083777777777694 ], [ 112.600444444443838, -7.083777777777694 ], [ 112.600444444443838, -7.083555555555472 ], [ 112.600222222221618, -7.083555555555472 ], [ 112.600222222221618, -7.08333333333325 ] ] ] } },
{ "type": "Feature", "properties": { "PXLVAL": 1 }, "geometry": { "type": "Polygon", "coordinates": [ [ [ 112.601111111110512, -7.08333333333325 ], [ 112.601555555554953, -7.08333333333325 ], [ 112.601555555554953, -7.083555555555472 ], [ 112.601777777777173, -7.083555555555472 ], [ 112.601777777777173, -7.083777777777694 ], [ 112.601333333332732, -7.083777777777694 ], [ 112.601333333332732, -7.083555555555472 ], [ 112.601111111110512, -7.083555555555472 ], [ 112.601111111110512, -7.08333333333325 ] ] ] } },
{ "type": "Feature", "properties": { "PXLVAL": 1 }, "geometry": { "type": "Polygon", "coordinates": [ [ [ 112.596444444443847, -7.084222222222138 ], [ 112.597333333332742, -7.084222222222138 ], [ 112.597333333332742, -7.08444444444436 ], [ 112.596444444443847, -7.08444444444436 ], [ 112.596444444443847, -7.084222222222138 ] ] ] } },
{ "type": "Feature", "properties": { "PXLVAL": 1 }, "geometry": { "type": "Polygon", "coordinates": [ [ [ 112.600888888888292, -7.079333333333254 ], [ 112.601333333332732, -7.079333333333254 ], [ 112.601333333332732, -7.08 ], [ 112.601777777777173, -7.08 ], [ 112.601777777777173, -7.079555555555476 ], [ 112.602444444443847, -7.079555555555476 ], [ 112.602444444443847, -7.079777777777698 ], [ 112.602666666666067, -7.079777777777698 ], [ 112.602666666666067, -7.08 ], [ 112.602888888888288, -7.08 ], [ 112.602888888888288, -7.080444444444364 ], [ 112.603111111110508, -7.080444444444364 ], [ 112.603111111110508, -7.080888888888808 ], [ 112.603333333332728, -7.080888888888808 ], [ 112.603333333332728, -7.081333333333252 ], [ 112.603555555554948, -7.081333333333252 ], [ 112.603555555554948, -7.081777777777696 ], [ 112.603111111110508, -7.081777777777696 ], [ 112.603111111110508, -7.081555555555474 ], [ 112.602666666666067, -7.081555555555474 ], [ 112.602666666666067, -7.082 ], [ 112.603111111110508, -7.082 ], [ 112.603111111110508, -7.082444444444362 ], [ 112.603333333332728, -7.082444444444362 ], [ 112.603333333332728, -7.082666666666584 ], [ 112.603555555554948, -7.082666666666584 ], [ 112.603555555554948, -7.08333333333325 ], [ 112.602888888888288, -7.08333333333325 ], [ 112.602888888888288, -7.083111111111028 ], [ 112.602666666666067, -7.083111111111028 ], [ 112.602666666666067, -7.082888888888806 ], [ 112.602444444443847, -7.082888888888806 ], [ 112.602444444443847, -7.083111111111028 ], [ 112.601999999999393, -7.083111111111028 ], [ 112.601999999999393, -7.08333333333325 ], [ 112.601777777777173, -7.08333333333325 ], [ 112.601777777777173, -7.083111111111028 ], [ 112.601555555554953, -7.083111111111028 ], [ 112.601555555554953, -7.082888888888806 ], [ 112.601333333332732, -7.082888888888806 ], [ 112.601333333332732, -7.082444444444362 ], [ 112.601111111110512, -7.082444444444362 ], [ 112.601111111110512, -7.082666666666584 ], [ 112.599999999999397, -7.082666666666584 ], [ 112.599999999999397, -7.08333333333325 ], [ 112.599777777777177, -7.08333333333325 ], [ 112.599777777777177, -7.083555555555472 ], [ 112.599555555554957, -7.083555555555472 ], [ 112.599555555554957, -7.083777777777694 ], [ 112.599999999999397, -7.083777777777694 ], [ 112.599999999999397, -7.083555555555472 ], [ 112.600222222221618, -7.083555555555472 ], [ 112.600222222221618, -7.084 ], [ 112.599555555554957, -7.084 ], [ 112.599555555554957, -7.084222222222138 ], [ 112.599333333332737, -7.084222222222138 ], [ 112.599333333332737, -7.084666666666582 ], [ 112.599555555554957, -7.084666666666582 ], [ 112.599555555554957, -7.08444444444436 ], [ 112.599999999999397, -7.08444444444436 ], [ 112.599999999999397, -7.084666666666582 ], [ 112.599777777777177, -7.084666666666582 ], [ 112.599777777777177, -7.084888888888804 ], [ 112.599999999999397, -7.084888888888804 ], [ 112.599999999999397, -7.085333333333248 ], [ 112.599555555554957, -7.085333333333248 ], [ 112.599555555554957, -7.085111111111026 ], [ 112.599333333332737, -7.085111111111026 ], [ 112.599333333332737, -7.084888888888804 ], [ 112.598888888888297, -7.084888888888804 ], [ 112.598888888888297, -7.084222222222138 ], [ 112.599111111110517, -7.084222222222138 ], [ 112.599111111110517, -7.083555555555472 ], [ 112.598888888888297, -7.083555555555472 ], [ 112.598888888888297, -7.083777777777694 ], [ 112.598444444443842, -7.083777777777694 ], [ 112.598444444443842, -7.08333333333325 ], [ 112.598222222221622, -7.08333333333325 ], [ 112.598222222221622, -7.083555555555472 ], [ 112.597777777777182, -7.083555555555472 ], [ 112.597777777777182, -7.08333333333325 ], [ 112.597333333332742, -7.08333333333325 ], [ 112.597333333332742, -7.083111111111028 ], [ 112.597777777777182, -7.083111111111028 ], [ 112.597777777777182, -7.082888888888806 ], [ 112.597999999999402, -7.082888888888806 ], [ 112.597999999999402, -7.082444444444362 ], [ 112.598222222221622, -7.082444444444362 ], [ 112.598222222221622, -7.08222222222214 ], [ 112.598666666666062, -7.08222222222214 ], [ 112.598666666666062, -7.082 ], [ 112.599555555554957, -7.082 ], [ 112.599555555554957, -7.08222222222214 ], [ 112.599777777777177, -7.08222222222214 ], [ 112.599777777777177, -7.082 ], [ 112.600444444443838, -7.082 ], [ 112.600444444443838, -7.08222222222214 ], [ 112.601999999999393, -7.08222222222214 ], [ 112.601999999999393, -7.082 ], [ 112.601555555554953, -7.082 ], [ 112.601555555554953, -7.081555555555474 ], [ 112.600444444443838, -7.081555555555474 ], [ 112.600444444443838, -7.081333333333252 ], [ 112.599777777777177, -7.081333333333252 ], [ 112.599777777777177, -7.080888888888808 ], [ 112.599999999999397, -7.080888888888808 ], [ 112.599999999999397, -7.080666666666586 ], [ 112.600222222221618, -7.080666666666586 ], [ 112.600222222221618, -7.080444444444364 ], [ 112.600444444443838, -7.080444444444364 ], [ 112.600444444443838, -7.079555555555476 ], [ 112.600888888888292, -7.079555555555476 ], [ 112.600888888888292, -7.079333333333254 ] ], [ [ 112.601111111110512, -7.080666666666586 ], [ 112.601111111110512, -7.080888888888808 ], [ 112.601333333332732, -7.080888888888808 ], [ 112.601333333332732, -7.080666666666586 ], [ 112.601111111110512, -7.080666666666586 ] ], [ [ 112.600888888888292, -7.080888888888808 ], [ 112.600888888888292, -7.08111111111103 ], [ 112.601111111110512, -7.08111111111103 ], [ 112.601111111110512, -7.080888888888808 ], [ 112.600888888888292, -7.080888888888808 ] ], [ [ 112.600444444443838, -7.08111111111103 ], [ 112.600444444443838, -7.081333333333252 ], [ 112.600666666666072, -7.081333333333252 ], [ 112.600666666666072, -7.08111111111103 ], [ 112.600444444443838, -7.08111111111103 ] ], [ [ 112.602444444443847, -7.08222222222214 ], [ 112.602444444443847, -7.082444444444362 ], [ 112.602666666666067, -7.082444444444362 ], [ 112.602666666666067, -7.08222222222214 ], [ 112.602444444443847, -7.08222222222214 ] ], [ [ 112.601555555554953, -7.082444444444362 ], [ 112.601555555554953, -7.082666666666584 ], [ 112.601777777777173, -7.082666666666584 ], [ 112.601777777777173, -7.082444444444362 ], [ 112.601555555554953, -7.082444444444362 ] ], [ [ 112.598444444443842, -7.082666666666584 ], [ 112.598444444443842, -7.082888888888806 ], [ 112.598666666666062, -7.082888888888806 ], [ 112.598666666666062, -7.082666666666584 ], [ 112.598444444443842, -7.082666666666584 ] ], [ [ 112.599111111110517, -7.08333333333325 ], [ 112.599111111110517, -7.083555555555472 ], [ 112.599333333332737, -7.083555555555472 ], [ 112.599333333332737, -7.08333333333325 ], [ 112.599111111110517, -7.08333333333325 ] ] ] } },
{ "type": "Feature", "properties": { "PXLVAL": 1 }, "geometry": { "type": "Polygon", "coordinates": [ [ [ 112.602666666666067, -7.08444444444436 ], [ 112.603333333332728, -7.08444444444436 ], [ 112.603333333332728, -7.084888888888804 ], [ 112.603111111110508, -7.084888888888804 ], [ 112.603111111110508, -7.085111111111026 ], [ 112.602666666666067, -7.085111111111026 ], [ 112.602666666666067, -7.08444444444436 ] ] ] } },
{ "type": "Feature", "properties": { "PXLVAL": 1 }, "geometry": { "type": "Polygon", "coordinates": [ [ [ 112.618666666666044, -7.084222222222138 ], [ 112.618888888888264, -7.084222222222138 ], [ 112.618888888888264, -7.08444444444436 ], [ 112.619111111110499, -7.08444444444436 ], [ 112.619111111110499, -7.084666666666582 ], [ 112.619333333332719, -7.084666666666582 ], [ 112.619333333332719, -7.084888888888804 ], [ 112.618888888888264, -7.084888888888804 ], [ 112.618888888888264, -7.084666666666582 ], [ 112.618666666666044, -7.084666666666582 ], [ 112.618666666666044, -7.084888888888804 ], [ 112.618222222221604, -7.084888888888804 ], [ 112.618222222221604, -7.085111111111026 ], [ 112.617999999999384, -7.085111111111026 ], [ 112.617999999999384, -7.08444444444436 ], [ 112.618666666666044, -7.08444444444436 ], [ 112.618666666666044, -7.084222222222138 ] ] ] } },
{ "type": "Feature", "properties": { "PXLVAL": 1 }, "geometry": { "type": "Polygon", "coordinates": [ [ [ 112.62044444444382, -7.08444444444436 ], [ 112.62066666666604, -7.08444444444436 ], [ 112.62066666666604, -7.084888888888804 ], [ 112.62044444444382, -7.084888888888804 ], [ 112.62044444444382, -7.08444444444436 ] ] ] } },
{ "type": "Feature", "properties": { "PXLVAL": 1 }, "geometry": { "type": "Polygon", "coordinates": [ [ [ 112.597777777777182, -7.084666666666582 ], [ 112.598444444443842, -7.084666666666582 ], [ 112.598444444443842, -7.084888888888804 ], [ 112.598666666666062, -7.084888888888804 ], [ 112.598666666666062, -7.085111111111026 ], [ 112.598444444443842, -7.085111111111026 ], [ 112.598444444443842, -7.085333333333248 ], [ 112.597777777777182, -7.085333333333248 ], [ 112.597777777777182, -7.084666666666582 ] ] ] } },
{ "type": "Feature", "properties": { "PXLVAL": 1 }, "geometry": { "type": "Polygon", "coordinates": [ [ [ 112.622666666666049, -7.083777777777694 ], [ 112.62355555555493, -7.083777777777694 ], [ 112.62355555555493, -7.084 ], [ 112.62333333333271, -7.084 ], [ 112.62333333333271, -7.08444444444436 ], [ 112.622666666666049, -7.08444444444436 ], [ 112.622666666666049, -7.084666666666582 ], [ 112.623111111110489, -7.084666666666582 ], [ 112.623111111110489, -7.084888888888804 ], [ 112.622888888888269, -7.084888888888804 ], [ 112.622888888888269, -7.085333333333248 ], [ 112.622666666666049, -7.085333333333248 ], [ 112.622666666666049, -7.085111111111026 ], [ 112.621999999999375, -7.085111111111026 ], [ 112.621999999999375, -7.084888888888804 ], [ 112.622222222221595, -7.084888888888804 ], [ 112.622222222221595, -7.08444444444436 ], [ 112.622444444443829, -7.08444444444436 ], [ 112.622444444443829, -7.084222222222138 ], [ 112.622666666666049, -7.084222222222138 ], [ 112.622666666666049, -7.083777777777694 ] ] ] } },
{ "type": "Feature", "properties": { "PXLVAL": 1 }, "geometry": { "type": "Polygon", "coordinates": [ [ [ 112.597111111110507, -7.084666666666582 ], [ 112.597555555554962, -7.084666666666582 ], [ 112.597555555554962, -7.085111111111026 ], [ 112.597333333332742, -7.085111111111026 ], [ 112.597333333332742, -7.085333333333248 ], [ 112.596666666666067, -7.085333333333248 ], [ 112.596666666666067, -7.085111111111026 ], [ 112.596888888888287, -7.085111111111026 ], [ 112.596888888888287, -7.084888888888804 ], [ 112.597111111110507, -7.084888888888804 ], [ 112.597111111110507, -7.084666666666582 ] ] ] } },
{ "type": "Feature", "properties": { "PXLVAL": 1 }, "geometry": { "type": "Polygon", "coordinates": [ [ [ 112.602444444443847, -7.08333333333325 ], [ 112.602666666666067, -7.08333333333325 ], [ 112.602666666666067, -7.083555555555472 ], [ 112.602888888888288, -7.083555555555472 ], [ 112.602888888888288, -7.083777777777694 ], [ 112.603555555554948, -7.083777777777694 ], [ 112.603555555554948, -7.08444444444436 ], [ 112.603333333332728, -7.08444444444436 ], [ 112.603333333332728, -7.084222222222138 ], [ 112.602666666666067, -7.084222222222138 ], [ 112.602666666666067, -7.08444444444436 ], [ 112.601999999999393, -7.08444444444436 ], [ 112.601999999999393, -7.084666666666582 ], [ 112.601777777777173, -7.084666666666582 ], [ 112.601777777777173, -7.085111111111026 ], [ 112.602444444443847, -7.085111111111026 ], [ 112.602444444443847, -7.085333333333248 ], [ 112.602222222221627, -7.085333333333248 ], [ 112.602222222221627, -7.08555555555547 ], [ 112.601555555554953, -7.08555555555547 ], [ 112.601555555554953, -7.085777777777692 ], [ 112.601333333332732, -7.085777777777692 ], [ 112.601333333332732, -7.086222222222136 ], [ 112.601111111110512, -7.086222222222136 ], [ 112.601111111110512, -7.085777777777692 ], [ 112.600666666666072, -7.085777777777692 ], [ 112.600666666666072, -7.08555555555547 ], [ 112.599999999999397, -7.08555555555547 ], [ 112.599999999999397, -7.085333333333248 ], [ 112.600444444443838, -7.085333333333248 ], [ 112.600444444443838, -7.085111111111026 ], [ 112.601111111110512, -7.085111111111026 ], [ 112.601111111110512, -7.084666666666582 ], [ 112.601333333332732, -7.084666666666582 ], [ 112.601333333332732, -7.08444444444436 ], [ 112.601555555554953, -7.08444444444436 ], [ 112.601555555554953, -7.084222222222138 ], [ 112.601777777777173, -7.084222222222138 ], [ 112.601777777777173, -7.084 ], [ 112.602666666666067, -7.084 ], [ 112.602666666666067, -7.083777777777694 ], [ 112.602444444443847, -7.083777777777694 ], [ 112.602444444443847, -7.08333333333325 ] ] ] } },
{ "type": "Feature", "properties": { "PXLVAL": 1 }, "geometry": { "type": "Polygon", "coordinates": [ [ [ 112.597111111110507, -7.08555555555547 ], [ 112.597333333332742, -7.08555555555547 ], [ 112.597333333332742, -7.086 ], [ 112.597111111110507, -7.086 ], [ 112.597111111110507, -7.08555555555547 ] ] ] } },
{ "type": "Feature", "properties": { "PXLVAL": 1 }, "geometry": { "type": "Polygon", "coordinates": [ [ [ 112.618444444443824, -7.08555555555547 ], [ 112.618666666666044, -7.08555555555547 ], [ 112.618666666666044, -7.085777777777692 ], [ 112.618888888888264, -7.085777777777692 ], [ 112.618888888888264, -7.086 ], [ 112.618444444443824, -7.086 ], [ 112.618444444443824, -7.08555555555547 ] ] ] } },
{ "type": "Feature", "properties": { "PXLVAL": 1 }, "geometry": { "type": "Polygon", "coordinates": [ [ [ 112.6262222222216, -7.081333333333252 ], [ 112.62644444444382, -7.081333333333252 ], [ 112.62644444444382, -7.081555555555474 ], [ 112.62711111111048, -7.081555555555474 ], [ 112.62711111111048, -7.081777777777696 ], [ 112.627555555554935, -7.081777777777696 ], [ 112.627555555554935, -7.082 ], [ 112.628444444443815, -7.082 ], [ 112.628444444443815, -7.082444444444362 ], [ 112.629111111110475, -7.082444444444362 ], [ 112.629111111110475, -7.082666666666584 ], [ 112.62933333333271, -7.082666666666584 ], [ 112.62933333333271, -7.08333333333325 ], [ 112.62955555555493, -7.08333333333325 ], [ 112.62955555555493, -7.083111111111028 ], [ 112.63022222222159, -7.083111111111028 ], [ 112.63022222222159, -7.08222222222214 ], [ 112.63044444444381, -7.08222222222214 ], [ 112.63044444444381, -7.082 ], [ 112.63022222222159, -7.082 ], [ 112.63022222222159, -7.081777777777696 ], [ 112.63044444444381, -7.081777777777696 ], [ 112.63044444444381, -7.081333333333252 ], [ 112.630666666666031, -7.081333333333252 ], [ 112.630666666666031, -7.081777777777696 ], [ 112.631111111110485, -7.081777777777696 ], [ 112.631111111110485, -7.082 ], [ 112.630888888888265, -7.082 ], [ 112.630888888888265, -7.083111111111028 ], [ 112.631111111110485, -7.083111111111028 ], [ 112.631111111110485, -7.08333333333325 ], [ 112.631333333332705, -7.08333333333325 ], [ 112.631333333332705, -7.083555555555472 ], [ 112.631777777777145, -7.083555555555472 ], [ 112.631777777777145, -7.083777777777694 ], [ 112.631999999999366, -7.083777777777694 ], [ 112.631999999999366, -7.084 ], [ 112.632444444443806, -7.084 ], [ 112.632444444443806, -7.083777777777694 ], [ 112.63288888888826, -7.083777777777694 ], [ 112.63288888888826, -7.084222222222138 ], [ 112.63266666666604, -7.084222222222138 ], [ 112.63266666666604, -7.08444444444436 ], [ 112.63288888888826, -7.08444444444436 ], [ 112.63288888888826, -7.086444444444358 ], [ 112.63266666666604, -7.086444444444358 ], [ 112.63266666666604, -7.08666666666658 ], [ 112.631999999999366, -7.08666666666658 ], [ 112.631999999999366, -7.086222222222136 ], [ 112.630666666666031, -7.086222222222136 ], [ 112.630666666666031, -7.086 ], [ 112.63044444444381, -7.086 ], [ 112.63044444444381, -7.085777777777692 ], [ 112.62999999999937, -7.085777777777692 ], [ 112.62999999999937, -7.085333333333248 ], [ 112.62933333333271, -7.085333333333248 ], [ 112.62933333333271, -7.085111111111026 ], [ 112.629111111110475, -7.085111111111026 ], [ 112.629111111110475, -7.08555555555547 ], [ 112.628444444443815, -7.08555555555547 ], [ 112.628444444443815, -7.085333333333248 ], [ 112.6273333333327, -7.085333333333248 ], [ 112.6273333333327, -7.085111111111026 ], [ 112.62666666666604, -7.085111111111026 ], [ 112.62666666666604, -7.084888888888804 ], [ 112.6262222222216, -7.084888888888804 ], [ 112.6262222222216, -7.084666666666582 ], [ 112.625999999999379, -7.084666666666582 ], [ 112.625999999999379, -7.08444444444436 ], [ 112.625777777777145, -7.08444444444436 ], [ 112.625777777777145, -7.084222222222138 ], [ 112.625555555554925, -7.084222222222138 ], [ 112.625555555554925, -7.08444444444436 ], [ 112.625333333332705, -7.08444444444436 ], [ 112.625333333332705, -7.08333333333325 ], [ 112.625555555554925, -7.08333333333325 ], [ 112.625555555554925, -7.08222222222214 ], [ 112.625777777777145, -7.08222222222214 ], [ 112.625777777777145, -7.082 ], [ 112.625999999999379, -7.082 ], [ 112.625999999999379, -7.081555555555474 ], [ 112.6262222222216, -7.081555555555474 ], [ 112.6262222222216, -7.081333333333252 ] ], [ [ 112.625999999999379, -7.083555555555472 ], [ 112.625999999999379, -7.083777777777694 ], [ 112.62644444444382, -7.083777777777694 ], [ 112.62644444444382, -7.083555555555472 ], [ 112.625999999999379, -7.083555555555472 ] ], [ [ 112.62666666666604, -7.083555555555472 ], [ 112.62666666666604, -7.083777777777694 ], [ 112.62688888888826, -7.083777777777694 ], [ 112.62688888888826, -7.084 ], [ 112.6273333333327, -7.084 ], [ 112.6273333333327, -7.084222222222138 ], [ 112.628222222221595, -7.084222222222138 ], [ 112.628222222221595, -7.08444444444436 ], [ 112.628888888888255, -7.08444444444436 ], [ 112.628888888888255, -7.084 ], [ 112.627999999999375, -7.084 ], [ 112.627999999999375, -7.083777777777694 ], [ 112.62711111111048, -7.083777777777694 ], [ 112.62711111111048, -7.083555555555472 ], [ 112.62666666666604, -7.083555555555472 ] ], [ [ 112.62955555555493, -7.083777777777694 ], [ 112.62955555555493, -7.084 ], [ 112.62977777777715, -7.084 ], [ 112.62977777777715, -7.083777777777694 ], [ 112.62955555555493, -7.083777777777694 ] ], [ [ 112.62933333333271, -7.08444444444436 ], [ 112.62933333333271, -7.084666666666582 ], [ 112.62955555555493, -7.084666666666582 ], [ 112.62955555555493, -7.08444444444436 ], [ 112.62933333333271, -7.08444444444436 ] ] ] } },
{ "type": "Feature", "properties": { "PXLVAL": 1 }, "geometry": { "type": "Polygon", "coordinates": [ [ [ 112.617555555554944, -7.086222222222136 ], [ 112.617777777777164, -7.086222222222136 ], [ 112.617777777777164, -7.086444444444358 ], [ 112.618222222221604, -7.086444444444358 ], [ 112.618222222221604, -7.086888888888802 ], [ 112.617777777777164, -7.086888888888802 ], [ 112.617777777777164, -7.08666666666658 ], [ 112.617555555554944, -7.08666666666658 ], [ 112.617555555554944, -7.086222222222136 ] ] ] } },
{ "type": "Feature", "properties": { "PXLVAL": 1 }, "geometry": { "type": "Polygon", "coordinates": [ [ [ 112.596222222221627, -7.086444444444358 ], [ 112.596444444443847, -7.086444444444358 ], [ 112.596444444443847, -7.08666666666658 ], [ 112.596222222221627, -7.08666666666658 ], [ 112.596222222221627, -7.086444444444358 ] ] ] } },
{ "type": "Feature", "properties": { "PXLVAL": 1 }, "geometry": { "type": "Polygon", "coordinates": [ [ [ 112.596888888888287, -7.086444444444358 ], [ 112.597333333332742, -7.086444444444358 ], [ 112.597333333332742, -7.086888888888802 ], [ 112.596666666666067, -7.086888888888802 ], [ 112.596666666666067, -7.08666666666658 ], [ 112.596888888888287, -7.08666666666658 ], [ 112.596888888888287, -7.086444444444358 ] ] ] } },
{ "type": "Feature", "properties": { "PXLVAL": 1 }, "geometry": { "type": "Polygon", "coordinates": [ [ [ 112.595999999999407, -7.087333333333246 ], [ 112.596222222221627, -7.087333333333246 ], [ 112.596222222221627, -7.087555555555468 ], [ 112.596444444443847, -7.087555555555468 ], [ 112.596444444443847, -7.08777777777769 ], [ 112.595999999999407, -7.08777777777769 ], [ 112.595999999999407, -7.087333333333246 ] ] ] } },
{ "type": "Feature", "properties": { "PXLVAL": 1 }, "geometry": { "type": "Polygon", "coordinates": [ [ [ 112.617999999999384, -7.087555555555468 ], [ 112.618222222221604, -7.087555555555468 ], [ 112.618222222221604, -7.08777777777769 ], [ 112.617999999999384, -7.08777777777769 ], [ 112.617999999999384, -7.087555555555468 ] ] ] } },
{ "type": "Feature", "properties": { "PXLVAL": 1 }, "geometry": { "type": "Polygon", "coordinates": [ [ [ 112.62044444444382, -7.086222222222136 ], [ 112.62066666666604, -7.086222222222136 ], [ 112.62066666666604, -7.08666666666658 ], [ 112.62044444444382, -7.08666666666658 ], [ 112.62044444444382, -7.087111111111024 ], [ 112.62066666666604, -7.087111111111024 ], [ 112.62066666666604, -7.087333333333246 ], [ 112.62044444444382, -7.087333333333246 ], [ 112.62044444444382, -7.087555555555468 ], [ 112.62066666666604, -7.087555555555468 ], [ 112.62066666666604, -7.088 ], [ 112.62044444444382, -7.088 ], [ 112.62044444444382, -7.08777777777769 ], [ 112.619777777777159, -7.08777777777769 ], [ 112.619777777777159, -7.087555555555468 ], [ 112.619999999999379, -7.087555555555468 ], [ 112.619999999999379, -7.087111111111024 ], [ 112.620222222221599, -7.087111111111024 ], [ 112.620222222221599, -7.086444444444358 ], [ 112.62044444444382, -7.086444444444358 ], [ 112.62044444444382, -7.086222222222136 ] ] ] } },
{ "type": "Feature", "properties": { "PXLVAL": 1 }, "geometry": { "type": "Polygon", "coordinates": [ [ [ 112.631111111110485, -7.087333333333246 ], [ 112.631555555554925, -7.087333333333246 ], [ 112.631555555554925, -7.08777777777769 ], [ 112.631777777777145, -7.08777777777769 ], [ 112.631777777777145, -7.088222222222134 ], [ 112.631555555554925, -7.088222222222134 ], [ 112.631555555554925, -7.088444444444356 ], [ 112.63044444444381, -7.088444444444356 ], [ 112.63044444444381, -7.088222222222134 ], [ 112.62977777777715, -7.088222222222134 ], [ 112.62977777777715, -7.088 ], [ 112.630666666666031, -7.088 ], [ 112.630666666666031, -7.087555555555468 ], [ 112.631111111110485, -7.087555555555468 ], [ 112.631111111110485, -7.087333333333246 ] ] ] } },
{ "type": "Feature", "properties": { "PXLVAL": 1 }, "geometry": { "type": "Polygon", "coordinates": [ [ [ 112.62333333333271, -7.088 ], [ 112.62377777777715, -7.088 ], [ 112.62377777777715, -7.088666666666578 ], [ 112.62333333333271, -7.088666666666578 ], [ 112.62333333333271, -7.088444444444356 ], [ 112.623111111110489, -7.088444444444356 ], [ 112.623111111110489, -7.088666666666578 ], [ 112.622666666666049, -7.088666666666578 ], [ 112.622666666666049, -7.088222222222134 ], [ 112.62333333333271, -7.088222222222134 ], [ 112.62333333333271, -7.088 ] ] ] } },
{ "type": "Feature", "properties": { "PXLVAL": 1 }, "geometry": { "type": "Polygon", "coordinates": [ [ [ 112.596222222221627, -7.088444444444356 ], [ 112.596444444443847, -7.088444444444356 ], [ 112.596444444443847, -7.088666666666578 ], [ 112.596666666666067, -7.088666666666578 ], [ 112.596666666666067, -7.0888888888888 ], [ 112.596222222221627, -7.0888888888888 ], [ 112.596222222221627, -7.088444444444356 ] ] ] } },
{ "type": "Feature", "properties": { "PXLVAL": 1 }, "geometry": { "type": "Polygon", "coordinates": [ [ [ 112.601111111110512, -7.088444444444356 ], [ 112.601333333332732, -7.088444444444356 ], [ 112.601333333332732, -7.089111111111022 ], [ 112.601111111110512, -7.089111111111022 ], [ 112.601111111110512, -7.088444444444356 ] ] ] } },
{ "type": "Feature", "properties": { "PXLVAL": 1 }, "geometry": { "type": "Polygon", "coordinates": [ [ [ 112.603111111110508, -7.089333333333244 ], [ 112.603333333332728, -7.089333333333244 ], [ 112.603333333332728, -7.089555555555466 ], [ 112.603555555554948, -7.089555555555466 ], [ 112.603555555554948, -7.089333333333244 ], [ 112.603999999999402, -7.089333333333244 ], [ 112.603999999999402, -7.089777777777688 ], [ 112.603111111110508, -7.089777777777688 ], [ 112.603111111110508, -7.089333333333244 ] ] ] } },
{ "type": "Feature", "properties": { "PXLVAL": 1 }, "geometry": { "type": "Polygon", "coordinates": [ [ [ 112.600888888888292, -7.089111111111022 ], [ 112.601111111110512, -7.089111111111022 ], [ 112.601111111110512, -7.089333333333244 ], [ 112.601555555554953, -7.089333333333244 ], [ 112.601555555554953, -7.089555555555466 ], [ 112.601777777777173, -7.089555555555466 ], [ 112.601777777777173, -7.089333333333244 ], [ 112.601999999999393, -7.089333333333244 ], [ 112.601999999999393, -7.089111111111022 ], [ 112.602666666666067, -7.089111111111022 ], [ 112.602666666666067, -7.089555555555466 ], [ 112.602444444443847, -7.089555555555466 ], [ 112.602444444443847, -7.09 ], [ 112.601777777777173, -7.09 ], [ 112.601777777777173, -7.090222222222132 ], [ 112.601999999999393, -7.090222222222132 ], [ 112.601999999999393, -7.090666666666576 ], [ 112.601777777777173, -7.090666666666576 ], [ 112.601777777777173, -7.090444444444354 ], [ 112.601555555554953, -7.090444444444354 ], [ 112.601555555554953, -7.09111111111102 ], [ 112.601333333332732, -7.09111111111102 ], [ 112.601333333332732, -7.090222222222132 ], [ 112.601111111110512, -7.090222222222132 ], [ 112.601111111110512, -7.089555555555466 ], [ 112.600666666666072, -7.089555555555466 ], [ 112.600666666666072, -7.089333333333244 ], [ 112.600888888888292, -7.089333333333244 ], [ 112.600888888888292, -7.089111111111022 ] ] ] } },
{ "type": "Feature", "properties": { "PXLVAL": 1 }, "geometry": { "type": "Polygon", "coordinates": [ [ [ 112.599555555554957, -7.09 ], [ 112.599777777777177, -7.09 ], [ 112.599777777777177, -7.090222222222132 ], [ 112.600666666666072, -7.090222222222132 ], [ 112.600666666666072, -7.090444444444354 ], [ 112.599555555554957, -7.090444444444354 ], [ 112.599555555554957, -7.09 ] ] ] } },
{ "type": "Feature", "properties": { "PXLVAL": 1 }, "geometry": { "type": "Polygon", "coordinates": [ [ [ 112.602666666666067, -7.089777777777688 ], [ 112.602888888888288, -7.089777777777688 ], [ 112.602888888888288, -7.09 ], [ 112.603111111110508, -7.09 ], [ 112.603111111110508, -7.090222222222132 ], [ 112.602666666666067, -7.090222222222132 ], [ 112.602666666666067, -7.090666666666576 ], [ 112.602444444443847, -7.090666666666576 ], [ 112.602444444443847, -7.09 ], [ 112.602666666666067, -7.09 ], [ 112.602666666666067, -7.089777777777688 ] ] ] } },
{ "type": "Feature", "properties": { "PXLVAL": 1 }, "geometry": { "type": "Polygon", "coordinates": [ [ [ 112.613555555554939, -7.089777777777688 ], [ 112.613777777777159, -7.089777777777688 ], [ 112.613777777777159, -7.090222222222132 ], [ 112.613333333332719, -7.090222222222132 ], [ 112.613333333332719, -7.09 ], [ 112.613555555554939, -7.09 ], [ 112.613555555554939, -7.089777777777688 ] ] ] } },
{ "type": "Feature", "properties": { "PXLVAL": 1 }, "geometry": { "type": "Polygon", "coordinates": [ [ [ 112.613111111110499, -7.090444444444354 ], [ 112.613555555554939, -7.090444444444354 ], [ 112.613555555554939, -7.090888888888798 ], [ 112.613333333332719, -7.090888888888798 ], [ 112.613333333332719, -7.09111111111102 ], [ 112.613111111110499, -7.09111111111102 ], [ 112.613111111110499, -7.090444444444354 ] ] ] } },
{ "type": "Feature", "properties": { "PXLVAL": 1 }, "geometry": { "type": "Polygon", "coordinates": [ [ [ 112.621333333332714, -7.090666666666576 ], [ 112.621999999999375, -7.090666666666576 ], [ 112.621999999999375, -7.09111111111102 ], [ 112.621777777777154, -7.09111111111102 ], [ 112.621777777777154, -7.090888888888798 ], [ 112.621555555554934, -7.090888888888798 ], [ 112.621555555554934, -7.09111111111102 ], [ 112.621333333332714, -7.09111111111102 ], [ 112.621333333332714, -7.090666666666576 ] ] ] } },
{ "type": "Feature", "properties": { "PXLVAL": 1 }, "geometry": { "type": "Polygon", "coordinates": [ [ [ 112.62688888888826, -7.090666666666576 ], [ 112.62711111111048, -7.090666666666576 ], [ 112.62711111111048, -7.09111111111102 ], [ 112.62688888888826, -7.09111111111102 ], [ 112.62688888888826, -7.090666666666576 ] ] ] } },
{ "type": "Feature", "properties": { "PXLVAL": 1 }, "geometry": { "type": "Polygon", "coordinates": [ [ [ 112.599333333332737, -7.090888888888798 ], [ 112.599777777777177, -7.090888888888798 ], [ 112.599777777777177, -7.091333333333242 ], [ 112.599555555554957, -7.091333333333242 ], [ 112.599555555554957, -7.091555555555464 ], [ 112.599111111110517, -7.091555555555464 ], [ 112.599111111110517, -7.09111111111102 ], [ 112.599333333332737, -7.09111111111102 ], [ 112.599333333332737, -7.090888888888798 ] ] ] } },
{ "type": "Feature", "properties": { "PXLVAL": 1 }, "geometry": { "type": "Polygon", "coordinates": [ [ [ 112.601999999999393, -7.090666666666576 ], [ 112.602222222221627, -7.090666666666576 ], [ 112.602222222221627, -7.091333333333242 ], [ 112.601999999999393, -7.091333333333242 ], [ 112.601999999999393, -7.091555555555464 ], [ 112.601777777777173, -7.091555555555464 ], [ 112.601777777777173, -7.09111111111102 ], [ 112.601999999999393, -7.09111111111102 ], [ 112.601999999999393, -7.090666666666576 ] ] ] } },
{ "type": "Feature", "properties": { "PXLVAL": 1 }, "geometry": { "type": "Polygon", "coordinates": [ [ [ 112.611777777777164, -7.09111111111102 ], [ 112.612222222221604, -7.09111111111102 ], [ 112.612222222221604, -7.091333333333242 ], [ 112.611999999999384, -7.091333333333242 ], [ 112.611999999999384, -7.091555555555464 ], [ 112.612666666666058, -7.091555555555464 ], [ 112.612666666666058, -7.091777777777686 ], [ 112.611777777777164, -7.091777777777686 ], [ 112.611777777777164, -7.09111111111102 ] ] ] } },
{ "type": "Feature", "properties": { "PXLVAL": 1 }, "geometry": { "type": "Polygon", "coordinates": [ [ [ 112.612888888888278, -7.09111111111102 ], [ 112.613111111110499, -7.09111111111102 ], [ 112.613111111110499, -7.091333333333242 ], [ 112.612888888888278, -7.091333333333242 ], [ 112.612888888888278, -7.09111111111102 ] ] ] } },
{ "type": "Feature", "properties": { "PXLVAL": 1 }, "geometry": { "type": "Polygon", "coordinates": [ [ [ 112.621555555554934, -7.09111111111102 ], [ 112.621777777777154, -7.09111111111102 ], [ 112.621777777777154, -7.091333333333242 ], [ 112.621999999999375, -7.091333333333242 ], [ 112.621999999999375, -7.091555555555464 ], [ 112.621555555554934, -7.091555555555464 ], [ 112.621555555554934, -7.09111111111102 ] ] ] } },
{ "type": "Feature", "properties": { "PXLVAL": 1 }, "geometry": { "type": "Polygon", "coordinates": [ [ [ 112.627777777777155, -7.09111111111102 ], [ 112.628444444443815, -7.09111111111102 ], [ 112.628444444443815, -7.091333333333242 ], [ 112.627999999999375, -7.091333333333242 ], [ 112.627999999999375, -7.091555555555464 ], [ 112.627777777777155, -7.091555555555464 ], [ 112.627777777777155, -7.09111111111102 ] ] ] } },
{ "type": "Feature", "properties": { "PXLVAL": 1 }, "geometry": { "type": "Polygon", "coordinates": [ [ [ 112.62066666666604, -7.091333333333242 ], [ 112.621111111110494, -7.091333333333242 ], [ 112.621111111110494, -7.091555555555464 ], [ 112.621333333332714, -7.091555555555464 ], [ 112.621333333332714, -7.091777777777686 ], [ 112.620888888888274, -7.091777777777686 ], [ 112.620888888888274, -7.091555555555464 ], [ 112.62066666666604, -7.091555555555464 ], [ 112.62066666666604, -7.091333333333242 ] ] ] } },
{ "type": "Feature", "properties": { "PXLVAL": 1 }, "geometry": { "type": "Polygon", "coordinates": [ [ [ 112.613333333332719, -7.091333333333242 ], [ 112.613777777777159, -7.091333333333242 ], [ 112.613777777777159, -7.091777777777686 ], [ 112.613111111110499, -7.091777777777686 ], [ 112.613111111110499, -7.091555555555464 ], [ 112.613333333332719, -7.091555555555464 ], [ 112.613333333332719, -7.091333333333242 ] ] ] } },
{ "type": "Feature", "properties": { "PXLVAL": 1 }, "geometry": { "type": "Polygon", "coordinates": [ [ [ 112.616222222221609, -7.082666666666584 ], [ 112.616444444443829, -7.082666666666584 ], [ 112.616444444443829, -7.082888888888806 ], [ 112.617111111110489, -7.082888888888806 ], [ 112.617111111110489, -7.08333333333325 ], [ 112.616666666666049, -7.08333333333325 ], [ 112.616666666666049, -7.083555555555472 ], [ 112.617111111110489, -7.083555555555472 ], [ 112.617111111110489, -7.083777777777694 ], [ 112.617333333332709, -7.083777777777694 ], [ 112.617333333332709, -7.082888888888806 ], [ 112.617777777777164, -7.082888888888806 ], [ 112.617777777777164, -7.083111111111028 ], [ 112.618222222221604, -7.083111111111028 ], [ 112.618222222221604, -7.08333333333325 ], [ 112.618666666666044, -7.08333333333325 ], [ 112.618666666666044, -7.083555555555472 ], [ 112.619111111110499, -7.083555555555472 ], [ 112.619111111110499, -7.083777777777694 ], [ 112.618666666666044, -7.083777777777694 ], [ 112.618666666666044, -7.084 ], [ 112.618444444443824, -7.084 ], [ 112.618444444443824, -7.084222222222138 ], [ 112.618222222221604, -7.084222222222138 ], [ 112.618222222221604, -7.084 ], [ 112.617999999999384, -7.084 ], [ 112.617999999999384, -7.083777777777694 ], [ 112.617555555554944, -7.083777777777694 ], [ 112.617555555554944, -7.085111111111026 ], [ 112.617999999999384, -7.085111111111026 ], [ 112.617999999999384, -7.08555555555547 ], [ 112.617777777777164, -7.08555555555547 ], [ 112.617777777777164, -7.085777777777692 ], [ 112.617999999999384, -7.085777777777692 ], [ 112.617999999999384, -7.086222222222136 ], [ 112.617777777777164, -7.086222222222136 ], [ 112.617777777777164, -7.086 ], [ 112.617111111110489, -7.086 ], [ 112.617111111110489, -7.085777777777692 ], [ 112.616666666666049, -7.085777777777692 ], [ 112.616666666666049, -7.08555555555547 ], [ 112.616222222221609, -7.08555555555547 ], [ 112.616222222221609, -7.086222222222136 ], [ 112.616444444443829, -7.086222222222136 ], [ 112.616444444443829, -7.08666666666658 ], [ 112.616666666666049, -7.08666666666658 ], [ 112.616666666666049, -7.087333333333246 ], [ 112.617333333332709, -7.087333333333246 ], [ 112.617333333332709, -7.08777777777769 ], [ 112.617777777777164, -7.08777777777769 ], [ 112.617777777777164, -7.088 ], [ 112.617333333332709, -7.088 ], [ 112.617333333332709, -7.088444444444356 ], [ 112.617555555554944, -7.088444444444356 ], [ 112.617555555554944, -7.088222222222134 ], [ 112.617999999999384, -7.088222222222134 ], [ 112.617999999999384, -7.088666666666578 ], [ 112.617777777777164, -7.088666666666578 ], [ 112.617777777777164, -7.089111111111022 ], [ 112.617555555554944, -7.089111111111022 ], [ 112.617555555554944, -7.089777777777688 ], [ 112.617777777777164, -7.089777777777688 ], [ 112.617777777777164, -7.09 ], [ 112.617999999999384, -7.09 ], [ 112.617999999999384, -7.089777777777688 ], [ 112.618222222221604, -7.089777777777688 ], [ 112.618222222221604, -7.09 ], [ 112.618444444443824, -7.09 ], [ 112.618444444443824, -7.09111111111102 ], [ 112.617999999999384, -7.09111111111102 ], [ 112.617999999999384, -7.090444444444354 ], [ 112.618222222221604, -7.090444444444354 ], [ 112.618222222221604, -7.090222222222132 ], [ 112.617777777777164, -7.090222222222132 ], [ 112.617777777777164, -7.090666666666576 ], [ 112.617555555554944, -7.090666666666576 ], [ 112.617555555554944, -7.09111111111102 ], [ 112.617333333332709, -7.09111111111102 ], [ 112.617333333332709, -7.091333333333242 ], [ 112.617111111110489, -7.091333333333242 ], [ 112.617111111110489, -7.091555555555464 ], [ 112.616888888888269, -7.091555555555464 ], [ 112.616888888888269, -7.090888888888798 ], [ 112.616444444443829, -7.090888888888798 ], [ 112.616444444443829, -7.091333333333242 ], [ 112.616222222221609, -7.091333333333242 ], [ 112.616222222221609, -7.09111111111102 ], [ 112.615999999999389, -7.09111111111102 ], [ 112.615999999999389, -7.090888888888798 ], [ 112.615777777777168, -7.090888888888798 ], [ 112.615777777777168, -7.09111111111102 ], [ 112.615555555554934, -7.09111111111102 ], [ 112.615555555554934, -7.091555555555464 ], [ 112.615333333332714, -7.091555555555464 ], [ 112.615333333332714, -7.091777777777686 ], [ 112.614888888888274, -7.091777777777686 ], [ 112.614888888888274, -7.09222222222213 ], [ 112.615111111110494, -7.09222222222213 ], [ 112.615111111110494, -7.092444444444352 ], [ 112.614666666666054, -7.092444444444352 ], [ 112.614666666666054, -7.092 ], [ 112.614444444443834, -7.092 ], [ 112.614444444443834, -7.091333333333242 ], [ 112.614888888888274, -7.091333333333242 ], [ 112.614888888888274, -7.090666666666576 ], [ 112.614666666666054, -7.090666666666576 ], [ 112.614666666666054, -7.090444444444354 ], [ 112.614444444443834, -7.090444444444354 ], [ 112.614444444443834, -7.089777777777688 ], [ 112.614222222221613, -7.089777777777688 ], [ 112.614222222221613, -7.09111111111102 ], [ 112.613999999999379, -7.09111111111102 ], [ 112.613999999999379, -7.090666666666576 ], [ 112.613777777777159, -7.090666666666576 ], [ 112.613777777777159, -7.090222222222132 ], [ 112.613999999999379, -7.090222222222132 ], [ 112.613999999999379, -7.089111111111022 ], [ 112.614222222221613, -7.089111111111022 ], [ 112.614222222221613, -7.0888888888888 ], [ 112.614444444443834, -7.0888888888888 ], [ 112.614444444443834, -7.088666666666578 ], [ 112.614666666666054, -7.088666666666578 ], [ 112.614666666666054, -7.088222222222134 ], [ 112.615555555554934, -7.088222222222134 ], [ 112.615555555554934, -7.08777777777769 ], [ 112.615999999999389, -7.08777777777769 ], [ 112.615999999999389, -7.088 ], [ 112.616222222221609, -7.088 ], [ 112.616222222221609, -7.088222222222134 ], [ 112.616444444443829, -7.088222222222134 ], [ 112.616444444443829, -7.088444444444356 ], [ 112.616888888888269, -7.088444444444356 ], [ 112.616888888888269, -7.088222222222134 ], [ 112.616666666666049, -7.088222222222134 ], [ 112.616666666666049, -7.08777777777769 ], [ 112.616444444443829, -7.08777777777769 ], [ 112.616444444443829, -7.087555555555468 ], [ 112.614444444443834, -7.087555555555468 ], [ 112.614444444443834, -7.087333333333246 ], [ 112.615111111110494, -7.087333333333246 ], [ 112.615111111110494, -7.087111111111024 ], [ 112.613777777777159, -7.087111111111024 ], [ 112.613777777777159, -7.087333333333246 ], [ 112.613999999999379, -7.087333333333246 ], [ 112.613999999999379, -7.087555555555468 ], [ 112.614222222221613, -7.087555555555468 ], [ 112.614222222221613, -7.088 ], [ 112.613999999999379, -7.088 ], [ 112.613999999999379, -7.088444444444356 ], [ 112.613777777777159, -7.088444444444356 ], [ 112.613777777777159, -7.088666666666578 ], [ 112.613555555554939, -7.088666666666578 ], [ 112.613555555554939, -7.0888888888888 ], [ 112.613333333332719, -7.0888888888888 ], [ 112.613333333332719, -7.089111111111022 ], [ 112.613111111110499, -7.089111111111022 ], [ 112.613111111110499, -7.089333333333244 ], [ 112.612222222221604, -7.089333333333244 ], [ 112.612222222221604, -7.089555555555466 ], [ 112.611999999999384, -7.089555555555466 ], [ 112.611999999999384, -7.090222222222132 ], [ 112.611777777777164, -7.090222222222132 ], [ 112.611777777777164, -7.090444444444354 ], [ 112.611555555554943, -7.090444444444354 ], [ 112.611555555554943, -7.090222222222132 ], [ 112.610666666666063, -7.090222222222132 ], [ 112.610666666666063, -7.089555555555466 ], [ 112.609999999999388, -7.089555555555466 ], [ 112.609999999999388, -7.089777777777688 ], [ 112.610222222221608, -7.089777777777688 ], [ 112.610222222221608, -7.090444444444354 ], [ 112.609999999999388, -7.090444444444354 ], [ 112.609999999999388, -7.091333333333242 ], [ 112.609111111110508, -7.091333333333242 ], [ 112.609111111110508, -7.090888888888798 ], [ 112.608888888888274, -7.090888888888798 ], [ 112.608888888888274, -7.090444444444354 ], [ 112.608666666666053, -7.090444444444354 ], [ 112.608666666666053, -7.09 ], [ 112.608444444443833, -7.09 ], [ 112.608444444443833, -7.0888888888888 ], [ 112.608666666666053, -7.0888888888888 ], [ 112.608666666666053, -7.088666666666578 ], [ 112.609111111110508, -7.088666666666578 ], [ 112.609111111110508, -7.088222222222134 ], [ 112.608666666666053, -7.088222222222134 ], [ 112.608666666666053, -7.08777777777769 ], [ 112.608444444443833, -7.08777777777769 ], [ 112.608444444443833, -7.08666666666658 ], [ 112.608666666666053, -7.08666666666658 ], [ 112.608666666666053, -7.086222222222136 ], [ 112.608888888888274, -7.086222222222136 ], [ 112.608888888888274, -7.085777777777692 ], [ 112.609111111110508, -7.085777777777692 ], [ 112.609111111110508, -7.085333333333248 ], [ 112.609333333332728, -7.085333333333248 ], [ 112.609333333332728, -7.085111111111026 ], [ 112.609555555554948, -7.085111111111026 ], [ 112.609555555554948, -7.084888888888804 ], [ 112.609777777777168, -7.084888888888804 ], [ 112.609777777777168, -7.084666666666582 ], [ 112.609999999999388, -7.084666666666582 ], [ 112.609999999999388, -7.08444444444436 ], [ 112.610666666666063, -7.08444444444436 ], [ 112.610666666666063, -7.08555555555547 ], [ 112.611111111110503, -7.08555555555547 ], [ 112.611111111110503, -7.086888888888802 ], [ 112.610888888888283, -7.086888888888802 ], [ 112.610888888888283, -7.087111111111024 ], [ 112.611111111110503, -7.087111111111024 ], [ 112.611111111110503, -7.087333333333246 ], [ 112.610666666666063, -7.087333333333246 ], [ 112.610666666666063, -7.088 ], [ 112.610222222221608, -7.088 ], [ 112.610222222221608, -7.088222222222134 ], [ 112.609999999999388, -7.088222222222134 ], [ 112.609999999999388, -7.088666666666578 ], [ 112.610222222221608, -7.088666666666578 ], [ 112.610222222221608, -7.088444444444356 ], [ 112.610444444443829, -7.088444444444356 ], [ 112.610444444443829, -7.088666666666578 ], [ 112.611111111110503, -7.088666666666578 ], [ 112.611111111110503, -7.088222222222134 ], [ 112.611333333332723, -7.088222222222134 ], [ 112.611333333332723, -7.08777777777769 ], [ 112.611555555554943, -7.08777777777769 ], [ 112.611555555554943, -7.08666666666658 ], [ 112.611777777777164, -7.08666666666658 ], [ 112.611777777777164, -7.086222222222136 ], [ 112.611555555554943, -7.086222222222136 ], [ 112.611555555554943, -7.085777777777692 ], [ 112.611333333332723, -7.085777777777692 ], [ 112.611333333332723, -7.083777777777694 ], [ 112.611555555554943, -7.083777777777694 ], [ 112.611555555554943, -7.083555555555472 ], [ 112.611777777777164, -7.083555555555472 ], [ 112.611777777777164, -7.083777777777694 ], [ 112.611999999999384, -7.083777777777694 ], [ 112.611999999999384, -7.084 ], [ 112.611777777777164, -7.084 ], [ 112.611777777777164, -7.084222222222138 ], [ 112.611555555554943, -7.084222222222138 ], [ 112.611555555554943, -7.08444444444436 ], [ 112.612222222221604, -7.08444444444436 ], [ 112.612222222221604, -7.084222222222138 ], [ 112.612444444443838, -7.084222222222138 ], [ 112.612444444443838, -7.084 ], [ 112.612666666666058, -7.084 ], [ 112.612666666666058, -7.083777777777694 ], [ 112.612888888888278, -7.083777777777694 ], [ 112.612888888888278, -7.083555555555472 ], [ 112.613111111110499, -7.083555555555472 ], [ 112.613111111110499, -7.08333333333325 ], [ 112.613333333332719, -7.08333333333325 ], [ 112.613333333332719, -7.083555555555472 ], [ 112.613999999999379, -7.083555555555472 ], [ 112.613999999999379, -7.08333333333325 ], [ 112.614444444443834, -7.08333333333325 ], [ 112.614444444443834, -7.083111111111028 ], [ 112.614888888888274, -7.083111111111028 ], [ 112.614888888888274, -7.082888888888806 ], [ 112.616222222221609, -7.082888888888806 ], [ 112.616222222221609, -7.082666666666584 ] ], [ [ 112.613555555554939, -7.083777777777694 ], [ 112.613555555554939, -7.084 ], [ 112.613333333332719, -7.084 ], [ 112.613333333332719, -7.084222222222138 ], [ 112.613777777777159, -7.084222222222138 ], [ 112.613777777777159, -7.083777777777694 ], [ 112.613555555554939, -7.083777777777694 ] ], [ [ 112.613999999999379, -7.083777777777694 ], [ 112.613999999999379, -7.084 ], [ 112.614222222221613, -7.084 ], [ 112.614222222221613, -7.083777777777694 ], [ 112.613999999999379, -7.083777777777694 ] ], [ [ 112.614444444443834, -7.083777777777694 ], [ 112.614444444443834, -7.084 ], [ 112.614666666666054, -7.084 ], [ 112.614666666666054, -7.083777777777694 ], [ 112.614444444443834, -7.083777777777694 ] ], [ [ 112.614222222221613, -7.084222222222138 ], [ 112.614222222221613, -7.084666666666582 ], [ 112.613999999999379, -7.084666666666582 ], [ 112.613999999999379, -7.084888888888804 ], [ 112.614222222221613, -7.084888888888804 ], [ 112.614222222221613, -7.085111111111026 ], [ 112.613999999999379, -7.085111111111026 ], [ 112.613999999999379, -7.085333333333248 ], [ 112.613777777777159, -7.085333333333248 ], [ 112.613777777777159, -7.08555555555547 ], [ 112.613555555554939, -7.08555555555547 ], [ 112.613555555554939, -7.085777777777692 ], [ 112.613777777777159, -7.085777777777692 ], [ 112.613777777777159, -7.086222222222136 ], [ 112.613999999999379, -7.086222222222136 ], [ 112.613999999999379, -7.086 ], [ 112.614222222221613, -7.086 ], [ 112.614222222221613, -7.08555555555547 ], [ 112.614444444443834, -7.08555555555547 ], [ 112.614444444443834, -7.085777777777692 ], [ 112.614666666666054, -7.085777777777692 ], [ 112.614666666666054, -7.086 ], [ 112.615111111110494, -7.086 ], [ 112.615111111110494, -7.086222222222136 ], [ 112.615777777777168, -7.086222222222136 ], [ 112.615777777777168, -7.085777777777692 ], [ 112.615555555554934, -7.085777777777692 ], [ 112.615555555554934, -7.084666666666582 ], [ 112.615333333332714, -7.084666666666582 ], [ 112.615333333332714, -7.08444444444436 ], [ 112.614444444443834, -7.08444444444436 ], [ 112.614444444443834, -7.084222222222138 ], [ 112.614222222221613, -7.084222222222138 ] ], [ [ 112.612888888888278, -7.08444444444436 ], [ 112.612888888888278, -7.085111111111026 ], [ 112.613333333332719, -7.085111111111026 ], [ 112.613333333332719, -7.08444444444436 ], [ 112.612888888888278, -7.08444444444436 ] ], [ [ 112.615777777777168, -7.08444444444436 ], [ 112.615777777777168, -7.084666666666582 ], [ 112.616222222221609, -7.084666666666582 ], [ 112.616222222221609, -7.08444444444436 ], [ 112.615777777777168, -7.08444444444436 ] ], [ [ 112.609999999999388, -7.084888888888804 ], [ 112.609999999999388, -7.085111111111026 ], [ 112.610222222221608, -7.085111111111026 ], [ 112.610222222221608, -7.084888888888804 ], [ 112.609999999999388, -7.084888888888804 ] ], [ [ 112.610444444443829, -7.08555555555547 ], [ 112.610444444443829, -7.086222222222136 ], [ 112.610222222221608, -7.086222222222136 ], [ 112.610222222221608, -7.087111111111024 ], [ 112.609999999999388, -7.087111111111024 ], [ 112.609999999999388, -7.087333333333246 ], [ 112.610444444443829, -7.087333333333246 ], [ 112.610444444443829, -7.087111111111024 ], [ 112.610666666666063, -7.087111111111024 ], [ 112.610666666666063, -7.086444444444358 ], [ 112.610888888888283, -7.086444444444358 ], [ 112.610888888888283, -7.086 ], [ 112.610666666666063, -7.086 ], [ 112.610666666666063, -7.08555555555547 ], [ 112.610444444443829, -7.08555555555547 ] ], [ [ 112.612222222221604, -7.085777777777692 ], [ 112.612222222221604, -7.086 ], [ 112.612444444443838, -7.086 ], [ 112.612444444443838, -7.085777777777692 ], [ 112.612222222221604, -7.085777777777692 ] ], [ [ 112.609111111110508, -7.08666666666658 ], [ 112.609111111110508, -7.087333333333246 ], [ 112.609555555554948, -7.087333333333246 ], [ 112.609555555554948, -7.08666666666658 ], [ 112.609111111110508, -7.08666666666658 ] ], [ [ 112.613333333332719, -7.08666666666658 ], [ 112.613333333332719, -7.087111111111024 ], [ 112.613555555554939, -7.087111111111024 ], [ 112.613555555554939, -7.08666666666658 ], [ 112.613333333332719, -7.08666666666658 ] ], [ [ 112.609555555554948, -7.087333333333246 ], [ 112.609555555554948, -7.08777777777769 ], [ 112.609999999999388, -7.08777777777769 ], [ 112.609999999999388, -7.087333333333246 ], [ 112.609555555554948, -7.087333333333246 ] ], [ [ 112.615555555554934, -7.088222222222134 ], [ 112.615555555554934, -7.088444444444356 ], [ 112.615111111110494, -7.088444444444356 ], [ 112.615111111110494, -7.089333333333244 ], [ 112.615555555554934, -7.089333333333244 ], [ 112.615555555554934, -7.089111111111022 ], [ 112.615777777777168, -7.089111111111022 ], [ 112.615777777777168, -7.089333333333244 ], [ 112.615999999999389, -7.089333333333244 ], [ 112.615999999999389, -7.088444444444356 ], [ 112.615777777777168, -7.088444444444356 ], [ 112.615777777777168, -7.088222222222134 ], [ 112.615555555554934, -7.088222222222134 ] ], [ [ 112.611333333332723, -7.088666666666578 ], [ 112.611333333332723, -7.089111111111022 ], [ 112.611111111110503, -7.089111111111022 ], [ 112.611111111110503, -7.089555555555466 ], [ 112.611555555554943, -7.089555555555466 ], [ 112.611555555554943, -7.089111111111022 ], [ 112.611999999999384, -7.089111111111022 ], [ 112.611999999999384, -7.088666666666578 ], [ 112.611333333332723, -7.088666666666578 ] ], [ [ 112.616888888888269, -7.088666666666578 ], [ 112.616888888888269, -7.089111111111022 ], [ 112.616666666666049, -7.089111111111022 ], [ 112.616666666666049, -7.089333333333244 ], [ 112.617111111110489, -7.089333333333244 ], [ 112.617111111110489, -7.088666666666578 ], [ 112.616888888888269, -7.088666666666578 ] ], [ [ 112.615333333332714, -7.089777777777688 ], [ 112.615333333332714, -7.09 ], [ 112.615555555554934, -7.09 ], [ 112.615555555554934, -7.090666666666576 ], [ 112.615777777777168, -7.090666666666576 ], [ 112.615777777777168, -7.089777777777688 ], [ 112.615333333332714, -7.089777777777688 ] ], [ [ 112.616666666666049, -7.089777777777688 ], [ 112.616666666666049, -7.09 ], [ 112.616888888888269, -7.09 ], [ 112.616888888888269, -7.090444444444354 ], [ 112.617333333332709, -7.090444444444354 ], [ 112.617333333332709, -7.089777777777688 ], [ 112.616666666666049, -7.089777777777688 ] ], [ [ 112.614666666666054, -7.09 ], [ 112.614666666666054, -7.090222222222132 ], [ 112.615111111110494, -7.090222222222132 ], [ 112.615111111110494, -7.09 ], [ 112.614666666666054, -7.09 ] ], [ [ 112.609777777777168, -7.090222222222132 ], [ 112.609777777777168, -7.090444444444354 ], [ 112.609999999999388, -7.090444444444354 ], [ 112.609999999999388, -7.090222222222132 ], [ 112.609777777777168, -7.090222222222132 ] ], [ [ 112.609555555554948, -7.090444444444354 ], [ 112.609555555554948, -7.09111111111102 ], [ 112.609777777777168, -7.09111111111102 ], [ 112.609777777777168, -7.090444444444354 ], [ 112.609555555554948, -7.090444444444354 ] ], [ [ 112.615111111110494, -7.090666666666576 ], [ 112.615111111110494, -7.09111111111102 ], [ 112.615333333332714, -7.09111111111102 ], [ 112.615333333332714, -7.090666666666576 ], [ 112.615111111110494, -7.090666666666576 ] ], [ [ 112.616888888888269, -7.090666666666576 ], [ 112.616888888888269, -7.090888888888798 ], [ 112.617111111110489, -7.090888888888798 ], [ 112.617111111110489, -7.090666666666576 ], [ 112.616888888888269, -7.090666666666576 ] ], [ [ 112.615111111110494, -7.091333333333242 ], [ 112.615111111110494, -7.091555555555464 ], [ 112.615333333332714, -7.091555555555464 ], [ 112.615333333332714, -7.091333333333242 ], [ 112.615111111110494, -7.091333333333242 ] ] ] } },
{ "type": "Feature", "properties": { "PXLVAL": 1 }, "geometry": { "type": "Polygon", "coordinates": [ [ [ 112.616888888888269, -7.091777777777686 ], [ 112.617111111110489, -7.091777777777686 ], [ 112.617111111110489, -7.092 ], [ 112.616888888888269, -7.092 ], [ 112.616888888888269, -7.091777777777686 ] ] ] } },
{ "type": "Feature", "properties": { "PXLVAL": 1 }, "geometry": { "type": "Polygon", "coordinates": [ [ [ 112.611999999999384, -7.092 ], [ 112.612222222221604, -7.092 ], [ 112.612222222221604, -7.092888888888796 ], [ 112.611999999999384, -7.092888888888796 ], [ 112.611999999999384, -7.092 ] ] ] } },
{ "type": "Feature", "properties": { "PXLVAL": 1 }, "geometry": { "type": "Polygon", "coordinates": [ [ [ 112.621777777777154, -7.085777777777692 ], [ 112.622222222221595, -7.085777777777692 ], [ 112.622222222221595, -7.08666666666658 ], [ 112.622444444443829, -7.08666666666658 ], [ 112.622444444443829, -7.087111111111024 ], [ 112.622222222221595, -7.087111111111024 ], [ 112.622222222221595, -7.08777777777769 ], [ 112.621999999999375, -7.08777777777769 ], [ 112.621999999999375, -7.087555555555468 ], [ 112.621777777777154, -7.087555555555468 ], [ 112.621777777777154, -7.08777777777769 ], [ 112.621555555554934, -7.08777777777769 ], [ 112.621555555554934, -7.088444444444356 ], [ 112.621333333332714, -7.088444444444356 ], [ 112.621333333332714, -7.089111111111022 ], [ 112.621777777777154, -7.089111111111022 ], [ 112.621777777777154, -7.089333333333244 ], [ 112.62066666666604, -7.089333333333244 ], [ 112.62066666666604, -7.089111111111022 ], [ 112.620222222221599, -7.089111111111022 ], [ 112.620222222221599, -7.089555555555466 ], [ 112.621777777777154, -7.089555555555466 ], [ 112.621777777777154, -7.089777777777688 ], [ 112.621555555554934, -7.089777777777688 ], [ 112.621555555554934, -7.090222222222132 ], [ 112.620222222221599, -7.090222222222132 ], [ 112.620222222221599, -7.090444444444354 ], [ 112.62044444444382, -7.090444444444354 ], [ 112.62044444444382, -7.09222222222213 ], [ 112.619999999999379, -7.09222222222213 ], [ 112.619999999999379, -7.092 ], [ 112.620222222221599, -7.092 ], [ 112.620222222221599, -7.091555555555464 ], [ 112.619777777777159, -7.091555555555464 ], [ 112.619777777777159, -7.090666666666576 ], [ 112.619333333332719, -7.090666666666576 ], [ 112.619333333332719, -7.090444444444354 ], [ 112.618666666666044, -7.090444444444354 ], [ 112.618666666666044, -7.090222222222132 ], [ 112.619777777777159, -7.090222222222132 ], [ 112.619777777777159, -7.09 ], [ 112.619999999999379, -7.09 ], [ 112.619999999999379, -7.089555555555466 ], [ 112.619333333332719, -7.089555555555466 ], [ 112.619333333332719, -7.089333333333244 ], [ 112.619111111110499, -7.089333333333244 ], [ 112.619111111110499, -7.089111111111022 ], [ 112.618666666666044, -7.089111111111022 ], [ 112.618666666666044, -7.088666666666578 ], [ 112.619111111110499, -7.088666666666578 ], [ 112.619111111110499, -7.088444444444356 ], [ 112.619777777777159, -7.088444444444356 ], [ 112.619777777777159, -7.088222222222134 ], [ 112.619999999999379, -7.088222222222134 ], [ 112.619999999999379, -7.088666666666578 ], [ 112.620222222221599, -7.088666666666578 ], [ 112.620222222221599, -7.0888888888888 ], [ 112.62044444444382, -7.0888888888888 ], [ 112.62044444444382, -7.088666666666578 ], [ 112.62066666666604, -7.088666666666578 ], [ 112.62066666666604, -7.088 ], [ 112.621333333332714, -7.088 ], [ 112.621333333332714, -7.08777777777769 ], [ 112.621111111110494, -7.08777777777769 ], [ 112.621111111110494, -7.087555555555468 ], [ 112.621555555554934, -7.087555555555468 ], [ 112.621555555554934, -7.087333333333246 ], [ 112.621111111110494, -7.087333333333246 ], [ 112.621111111110494, -7.087111111111024 ], [ 112.621333333332714, -7.087111111111024 ], [ 112.621333333332714, -7.086222222222136 ], [ 112.621777777777154, -7.086222222222136 ], [ 112.621777777777154, -7.085777777777692 ] ], [ [ 112.621555555554934, -7.08666666666658 ], [ 112.621555555554934, -7.087333333333246 ], [ 112.621999999999375, -7.087333333333246 ], [ 112.621999999999375, -7.087111111111024 ], [ 112.621777777777154, -7.087111111111024 ], [ 112.621777777777154, -7.08666666666658 ], [ 112.621555555554934, -7.08666666666658 ] ], [ [ 112.619333333332719, -7.088666666666578 ], [ 112.619333333332719, -7.089111111111022 ], [ 112.619777777777159, -7.089111111111022 ], [ 112.619777777777159, -7.088666666666578 ], [ 112.619333333332719, -7.088666666666578 ] ] ] } },
{ "type": "Feature", "properties": { "PXLVAL": 1 }, "geometry": { "type": "Polygon", "coordinates": [ [ [ 112.616666666666049, -7.09222222222213 ], [ 112.616888888888269, -7.09222222222213 ], [ 112.616888888888269, -7.092444444444352 ], [ 112.616666666666049, -7.092444444444352 ], [ 112.616666666666049, -7.09222222222213 ] ] ] } },
{ "type": "Feature", "properties": { "PXLVAL": 1 }, "geometry": { "type": "Polygon", "coordinates": [ [ [ 112.609555555554948, -7.093111111111018 ], [ 112.610222222221608, -7.093111111111018 ], [ 112.610222222221608, -7.09333333333324 ], [ 112.609555555554948, -7.09333333333324 ], [ 112.609555555554948, -7.093111111111018 ] ] ] } },
{ "type": "Feature", "properties": { "PXLVAL": 1 }, "geometry": { "type": "Polygon", "coordinates": [ [ [ 112.622222222221595, -7.092 ], [ 112.622666666666049, -7.092 ], [ 112.622666666666049, -7.092444444444352 ], [ 112.622444444443829, -7.092444444444352 ], [ 112.622444444443829, -7.094 ], [ 112.622222222221595, -7.094 ], [ 112.622222222221595, -7.093111111111018 ], [ 112.621999999999375, -7.093111111111018 ], [ 112.621999999999375, -7.092666666666574 ], [ 112.622222222221595, -7.092666666666574 ], [ 112.622222222221595, -7.092 ] ] ] } },
{ "type": "Feature", "properties": { "PXLVAL": 1 }, "geometry": { "type": "Polygon", "coordinates": [ [ [ 112.610666666666063, -7.093555555555462 ], [ 112.610888888888283, -7.093555555555462 ], [ 112.610888888888283, -7.093777777777684 ], [ 112.611111111110503, -7.093777777777684 ], [ 112.611111111110503, -7.094 ], [ 112.610666666666063, -7.094 ], [ 112.610666666666063, -7.093555555555462 ] ] ] } },
{ "type": "Feature", "properties": { "PXLVAL": 1 }, "geometry": { "type": "Polygon", "coordinates": [ [ [ 112.602888888888288, -7.093555555555462 ], [ 112.603111111110508, -7.093555555555462 ], [ 112.603111111110508, -7.093777777777684 ], [ 112.603333333332728, -7.093777777777684 ], [ 112.603333333332728, -7.094 ], [ 112.603111111110508, -7.094 ], [ 112.603111111110508, -7.094666666666572 ], [ 112.602666666666067, -7.094666666666572 ], [ 112.602666666666067, -7.093777777777684 ], [ 112.602888888888288, -7.093777777777684 ], [ 112.602888888888288, -7.093555555555462 ] ] ] } },
{ "type": "Feature", "properties": { "PXLVAL": 1 }, "geometry": { "type": "Polygon", "coordinates": [ [ [ 112.613111111110499, -7.093777777777684 ], [ 112.613333333332719, -7.093777777777684 ], [ 112.613333333332719, -7.094 ], [ 112.613111111110499, -7.094 ], [ 112.613111111110499, -7.093777777777684 ] ] ] } },
{ "type": "Feature", "properties": { "PXLVAL": 1 }, "geometry": { "type": "Polygon", "coordinates": [ [ [ 112.624888888888265, -7.085777777777692 ], [ 112.625555555554925, -7.085777777777692 ], [ 112.625555555554925, -7.086222222222136 ], [ 112.625777777777145, -7.086222222222136 ], [ 112.625777777777145, -7.085777777777692 ], [ 112.625999999999379, -7.085777777777692 ], [ 112.625999999999379, -7.086 ], [ 112.6262222222216, -7.086 ], [ 112.6262222222216, -7.086222222222136 ], [ 112.6273333333327, -7.086222222222136 ], [ 112.6273333333327, -7.08666666666658 ], [ 112.627555555554935, -7.08666666666658 ], [ 112.627555555554935, -7.086444444444358 ], [ 112.627999999999375, -7.086444444444358 ], [ 112.627999999999375, -7.088 ], [ 112.628444444443815, -7.088 ], [ 112.628444444443815, -7.088666666666578 ], [ 112.628666666666035, -7.088666666666578 ], [ 112.628666666666035, -7.088444444444356 ], [ 112.628888888888255, -7.088444444444356 ], [ 112.628888888888255, -7.088222222222134 ], [ 112.62955555555493, -7.088222222222134 ], [ 112.62955555555493, -7.088444444444356 ], [ 112.62977777777715, -7.088444444444356 ], [ 112.62977777777715, -7.089111111111022 ], [ 112.63044444444381, -7.089111111111022 ], [ 112.63044444444381, -7.089333333333244 ], [ 112.62977777777715, -7.089333333333244 ], [ 112.62977777777715, -7.089555555555466 ], [ 112.62933333333271, -7.089555555555466 ], [ 112.62933333333271, -7.090222222222132 ], [ 112.629111111110475, -7.090222222222132 ], [ 112.629111111110475, -7.090666666666576 ], [ 112.627777777777155, -7.090666666666576 ], [ 112.627777777777155, -7.090444444444354 ], [ 112.625999999999379, -7.090444444444354 ], [ 112.625999999999379, -7.090666666666576 ], [ 112.625555555554925, -7.090666666666576 ], [ 112.625555555554925, -7.090444444444354 ], [ 112.625333333332705, -7.090444444444354 ], [ 112.625333333332705, -7.090222222222132 ], [ 112.625111111110485, -7.090222222222132 ], [ 112.625111111110485, -7.090888888888798 ], [ 112.624888888888265, -7.090888888888798 ], [ 112.624888888888265, -7.091333333333242 ], [ 112.625111111110485, -7.091333333333242 ], [ 112.625111111110485, -7.09111111111102 ], [ 112.625555555554925, -7.09111111111102 ], [ 112.625555555554925, -7.091333333333242 ], [ 112.62666666666604, -7.091333333333242 ], [ 112.62666666666604, -7.091555555555464 ], [ 112.627777777777155, -7.091555555555464 ], [ 112.627777777777155, -7.091777777777686 ], [ 112.627999999999375, -7.091777777777686 ], [ 112.627999999999375, -7.091555555555464 ], [ 112.628222222221595, -7.091555555555464 ], [ 112.628222222221595, -7.091777777777686 ], [ 112.628666666666035, -7.091777777777686 ], [ 112.628666666666035, -7.092444444444352 ], [ 112.628888888888255, -7.092444444444352 ], [ 112.628888888888255, -7.092666666666574 ], [ 112.629111111110475, -7.092666666666574 ], [ 112.629111111110475, -7.092888888888796 ], [ 112.628888888888255, -7.092888888888796 ], [ 112.628888888888255, -7.09333333333324 ], [ 112.628222222221595, -7.09333333333324 ], [ 112.628222222221595, -7.093555555555462 ], [ 112.627999999999375, -7.093555555555462 ], [ 112.627999999999375, -7.093111111111018 ], [ 112.6273333333327, -7.093111111111018 ], [ 112.6273333333327, -7.092666666666574 ], [ 112.62711111111048, -7.092666666666574 ], [ 112.62711111111048, -7.092888888888796 ], [ 112.625555555554925, -7.092888888888796 ], [ 112.625555555554925, -7.092666666666574 ], [ 112.624666666666045, -7.092666666666574 ], [ 112.624666666666045, -7.092888888888796 ], [ 112.624444444443824, -7.092888888888796 ], [ 112.624444444443824, -7.09333333333324 ], [ 112.624222222221604, -7.09333333333324 ], [ 112.624222222221604, -7.093777777777684 ], [ 112.624666666666045, -7.093777777777684 ], [ 112.624666666666045, -7.093555555555462 ], [ 112.625999999999379, -7.093555555555462 ], [ 112.625999999999379, -7.09444444444435 ], [ 112.625777777777145, -7.09444444444435 ], [ 112.625777777777145, -7.093777777777684 ], [ 112.625555555554925, -7.093777777777684 ], [ 112.625555555554925, -7.094 ], [ 112.624222222221604, -7.094 ], [ 112.624222222221604, -7.09444444444435 ], [ 112.62399999999937, -7.09444444444435 ], [ 112.62399999999937, -7.094666666666572 ], [ 112.62377777777715, -7.094666666666572 ], [ 112.62377777777715, -7.09444444444435 ], [ 112.62355555555493, -7.09444444444435 ], [ 112.62355555555493, -7.094666666666572 ], [ 112.62333333333271, -7.094666666666572 ], [ 112.62333333333271, -7.09444444444435 ], [ 112.622888888888269, -7.09444444444435 ], [ 112.622888888888269, -7.093777777777684 ], [ 112.623111111110489, -7.093777777777684 ], [ 112.623111111110489, -7.093111111111018 ], [ 112.622888888888269, -7.093111111111018 ], [ 112.622888888888269, -7.092666666666574 ], [ 112.62355555555493, -7.092666666666574 ], [ 112.62355555555493, -7.091777777777686 ], [ 112.62377777777715, -7.091777777777686 ], [ 112.62377777777715, -7.09111111111102 ], [ 112.62355555555493, -7.09111111111102 ], [ 112.62355555555493, -7.090444444444354 ], [ 112.62399999999937, -7.090444444444354 ], [ 112.62399999999937, -7.090222222222132 ], [ 112.62377777777715, -7.090222222222132 ], [ 112.62377777777715, -7.089555555555466 ], [ 112.62399999999937, -7.089555555555466 ], [ 112.62399999999937, -7.089333333333244 ], [ 112.624222222221604, -7.089333333333244 ], [ 112.624222222221604, -7.089111111111022 ], [ 112.624666666666045, -7.089111111111022 ], [ 112.624666666666045, -7.0888888888888 ], [ 112.624444444443824, -7.0888888888888 ], [ 112.624444444443824, -7.088666666666578 ], [ 112.624666666666045, -7.088666666666578 ], [ 112.624666666666045, -7.087555555555468 ], [ 112.624888888888265, -7.087555555555468 ], [ 112.624888888888265, -7.085777777777692 ] ], [ [ 112.625111111110485, -7.086 ], [ 112.625111111110485, -7.086222222222136 ], [ 112.625333333332705, -7.086222222222136 ], [ 112.625333333332705, -7.086 ], [ 112.625111111110485, -7.086 ] ], [ [ 112.62666666666604, -7.086444444444358 ], [ 112.62666666666604, -7.08666666666658 ], [ 112.62688888888826, -7.08666666666658 ], [ 112.62688888888826, -7.086444444444358 ], [ 112.62666666666604, -7.086444444444358 ] ], [ [ 112.625333333332705, -7.08666666666658 ], [ 112.625333333332705, -7.087111111111024 ], [ 112.625111111110485, -7.087111111111024 ], [ 112.625111111110485, -7.087333333333246 ], [ 112.625999999999379, -7.087333333333246 ], [ 112.625999999999379, -7.087111111111024 ], [ 112.625777777777145, -7.087111111111024 ], [ 112.625777777777145, -7.08666666666658 ], [ 112.625333333332705, -7.08666666666658 ] ], [ [ 112.625333333332705, -7.087555555555468 ], [ 112.625333333332705, -7.08777777777769 ], [ 112.625555555554925, -7.08777777777769 ], [ 112.625555555554925, -7.088 ], [ 112.625777777777145, -7.088 ], [ 112.625777777777145, -7.088222222222134 ], [ 112.62666666666604, -7.088222222222134 ], [ 112.62666666666604, -7.088 ], [ 112.6262222222216, -7.088 ], [ 112.6262222222216, -7.08777777777769 ], [ 112.625777777777145, -7.08777777777769 ], [ 112.625777777777145, -7.087555555555468 ], [ 112.625333333332705, -7.087555555555468 ] ], [ [ 112.62666666666604, -7.088222222222134 ], [ 112.62666666666604, -7.088444444444356 ], [ 112.62711111111048, -7.088444444444356 ], [ 112.62711111111048, -7.088222222222134 ], [ 112.62666666666604, -7.088222222222134 ] ], [ [ 112.625777777777145, -7.088444444444356 ], [ 112.625777777777145, -7.088666666666578 ], [ 112.625999999999379, -7.088666666666578 ], [ 112.625999999999379, -7.088444444444356 ], [ 112.625777777777145, -7.088444444444356 ] ], [ [ 112.62688888888826, -7.088666666666578 ], [ 112.62688888888826, -7.089111111111022 ], [ 112.62711111111048, -7.089111111111022 ], [ 112.62711111111048, -7.088666666666578 ], [ 112.62688888888826, -7.088666666666578 ] ], [ [ 112.627555555554935, -7.088666666666578 ], [ 112.627555555554935, -7.089111111111022 ], [ 112.627777777777155, -7.089111111111022 ], [ 112.627777777777155, -7.088666666666578 ], [ 112.627555555554935, -7.088666666666578 ] ], [ [ 112.6262222222216, -7.089333333333244 ], [ 112.6262222222216, -7.089555555555466 ], [ 112.62666666666604, -7.089555555555466 ], [ 112.62666666666604, -7.089333333333244 ], [ 112.6262222222216, -7.089333333333244 ] ], [ [ 112.625333333332705, -7.089777777777688 ], [ 112.625333333332705, -7.090222222222132 ], [ 112.625555555554925, -7.090222222222132 ], [ 112.625555555554925, -7.089777777777688 ], [ 112.625333333332705, -7.089777777777688 ] ], [ [ 112.6262222222216, -7.089777777777688 ], [ 112.6262222222216, -7.090222222222132 ], [ 112.62666666666604, -7.090222222222132 ], [ 112.62666666666604, -7.089777777777688 ], [ 112.6262222222216, -7.089777777777688 ] ], [ [ 112.628444444443815, -7.09 ], [ 112.628444444443815, -7.090222222222132 ], [ 112.628666666666035, -7.090222222222132 ], [ 112.628666666666035, -7.09 ], [ 112.628444444443815, -7.09 ] ], [ [ 112.625777777777145, -7.090222222222132 ], [ 112.625777777777145, -7.090444444444354 ], [ 112.625999999999379, -7.090444444444354 ], [ 112.625999999999379, -7.090222222222132 ], [ 112.625777777777145, -7.090222222222132 ] ], [ [ 112.625111111110485, -7.091777777777686 ], [ 112.625111111110485, -7.092 ], [ 112.625333333332705, -7.092 ], [ 112.625333333332705, -7.091777777777686 ], [ 112.625111111110485, -7.091777777777686 ] ], [ [ 112.625555555554925, -7.092 ], [ 112.625555555554925, -7.09222222222213 ], [ 112.625777777777145, -7.09222222222213 ], [ 112.625777777777145, -7.092 ], [ 112.625555555554925, -7.092 ] ], [ [ 112.6262222222216, -7.092 ], [ 112.6262222222216, -7.09222222222213 ], [ 112.62711111111048, -7.09222222222213 ], [ 112.62711111111048, -7.092 ], [ 112.6262222222216, -7.092 ] ] ] } },
{ "type": "Feature", "properties": { "PXLVAL": 1 }, "geometry": { "type": "Polygon", "coordinates": [ [ [ 112.621333333332714, -7.094 ], [ 112.622222222221595, -7.094 ], [ 112.622222222221595, -7.094222222222128 ], [ 112.621999999999375, -7.094222222222128 ], [ 112.621999999999375, -7.094888888888794 ], [ 112.621777777777154, -7.094888888888794 ], [ 112.621777777777154, -7.094222222222128 ], [ 112.621333333332714, -7.094222222222128 ], [ 112.621333333332714, -7.094 ] ] ] } },
{ "type": "Feature", "properties": { "PXLVAL": 1 }, "geometry": { "type": "Polygon", "coordinates": [ [ [ 112.611777777777164, -7.094 ], [ 112.611999999999384, -7.094 ], [ 112.611999999999384, -7.09444444444435 ], [ 112.611555555554943, -7.09444444444435 ], [ 112.611555555554943, -7.094222222222128 ], [ 112.611777777777164, -7.094222222222128 ], [ 112.611777777777164, -7.094 ] ] ] } },
{ "type": "Feature", "properties": { "PXLVAL": 1 }, "geometry": { "type": "Polygon", "coordinates": [ [ [ 112.614666666666054, -7.092666666666574 ], [ 112.615333333332714, -7.092666666666574 ], [ 112.615333333332714, -7.092888888888796 ], [ 112.615111111110494, -7.092888888888796 ], [ 112.615111111110494, -7.093111111111018 ], [ 112.614888888888274, -7.093111111111018 ], [ 112.614888888888274, -7.09333333333324 ], [ 112.614666666666054, -7.09333333333324 ], [ 112.614666666666054, -7.093555555555462 ], [ 112.614444444443834, -7.093555555555462 ], [ 112.614444444443834, -7.093777777777684 ], [ 112.614222222221613, -7.093777777777684 ], [ 112.614222222221613, -7.094 ], [ 112.613777777777159, -7.094 ], [ 112.613777777777159, -7.094222222222128 ], [ 112.613555555554939, -7.094222222222128 ], [ 112.613555555554939, -7.09444444444435 ], [ 112.613333333332719, -7.09444444444435 ], [ 112.613333333332719, -7.094666666666572 ], [ 112.612222222221604, -7.094666666666572 ], [ 112.612222222221604, -7.094222222222128 ], [ 112.612444444443838, -7.094222222222128 ], [ 112.612444444443838, -7.09444444444435 ], [ 112.613111111110499, -7.09444444444435 ], [ 112.613111111110499, -7.094222222222128 ], [ 112.613333333332719, -7.094222222222128 ], [ 112.613333333332719, -7.094 ], [ 112.613555555554939, -7.094 ], [ 112.613555555554939, -7.093777777777684 ], [ 112.613777777777159, -7.093777777777684 ], [ 112.613777777777159, -7.093555555555462 ], [ 112.613999999999379, -7.093555555555462 ], [ 112.613999999999379, -7.09333333333324 ], [ 112.614222222221613, -7.09333333333324 ], [ 112.614222222221613, -7.093111111111018 ], [ 112.614444444443834, -7.093111111111018 ], [ 112.614444444443834, -7.092888888888796 ], [ 112.614666666666054, -7.092888888888796 ], [ 112.614666666666054, -7.092666666666574 ] ] ] } },
{ "type": "Feature", "properties": { "PXLVAL": 1 }, "geometry": { "type": "Polygon", "coordinates": [ [ [ 112.601333333332732, -7.093777777777684 ], [ 112.601555555554953, -7.093777777777684 ], [ 112.601555555554953, -7.094666666666572 ], [ 112.601777777777173, -7.094666666666572 ], [ 112.601777777777173, -7.094888888888794 ], [ 112.601555555554953, -7.094888888888794 ], [ 112.601555555554953, -7.095111111111016 ], [ 112.601333333332732, -7.095111111111016 ], [ 112.601333333332732, -7.094888888888794 ], [ 112.601111111110512, -7.094888888888794 ], [ 112.601111111110512, -7.094666666666572 ], [ 112.601333333332732, -7.094666666666572 ], [ 112.601333333332732, -7.093777777777684 ] ] ] } },
{ "type": "Feature", "properties": { "PXLVAL": 1 }, "geometry": { "type": "Polygon", "coordinates": [ [ [ 112.625999999999379, -7.095111111111016 ], [ 112.62666666666604, -7.095111111111016 ], [ 112.62666666666604, -7.095333333333238 ], [ 112.625999999999379, -7.095333333333238 ], [ 112.625999999999379, -7.095111111111016 ] ] ] } },
{ "type": "Feature", "properties": { "PXLVAL": 1 }, "geometry": { "type": "Polygon", "coordinates": [ [ [ 112.603777777777168, -7.093111111111018 ], [ 112.604222222221622, -7.093111111111018 ], [ 112.604222222221622, -7.09333333333324 ], [ 112.604444444443843, -7.09333333333324 ], [ 112.604444444443843, -7.093777777777684 ], [ 112.604666666666063, -7.093777777777684 ], [ 112.604666666666063, -7.094 ], [ 112.605111111110503, -7.094 ], [ 112.605111111110503, -7.09444444444435 ], [ 112.605333333332723, -7.09444444444435 ], [ 112.605333333332723, -7.094888888888794 ], [ 112.605555555554943, -7.094888888888794 ], [ 112.605555555554943, -7.095333333333238 ], [ 112.605333333332723, -7.095333333333238 ], [ 112.605333333332723, -7.096 ], [ 112.604888888888283, -7.096 ], [ 112.604888888888283, -7.095333333333238 ], [ 112.605111111110503, -7.095333333333238 ], [ 112.605111111110503, -7.094666666666572 ], [ 112.604666666666063, -7.094666666666572 ], [ 112.604666666666063, -7.09444444444435 ], [ 112.604444444443843, -7.09444444444435 ], [ 112.604444444443843, -7.094 ], [ 112.604222222221622, -7.094 ], [ 112.604222222221622, -7.093777777777684 ], [ 112.603999999999402, -7.093777777777684 ], [ 112.603999999999402, -7.093555555555462 ], [ 112.603777777777168, -7.093555555555462 ], [ 112.603777777777168, -7.093111111111018 ] ] ] } },
{ "type": "Feature", "properties": { "PXLVAL": 1 }, "geometry": { "type": "Polygon", "coordinates": [ [ [ 112.593999999999411, -7.09555555555546 ], [ 112.594222222221632, -7.09555555555546 ], [ 112.594222222221632, -7.095777777777682 ], [ 112.595111111110512, -7.095777777777682 ], [ 112.595111111110512, -7.09555555555546 ], [ 112.595777777777187, -7.09555555555546 ], [ 112.595777777777187, -7.096 ], [ 112.594444444443852, -7.096 ], [ 112.594444444443852, -7.096222222222126 ], [ 112.593999999999411, -7.096222222222126 ], [ 112.593999999999411, -7.09555555555546 ] ] ] } },
{ "type": "Feature", "properties": { "PXLVAL": 1 }, "geometry": { "type": "Polygon", "coordinates": [ [ [ 112.62066666666604, -7.095111111111016 ], [ 112.621333333332714, -7.095111111111016 ], [ 112.621333333332714, -7.095333333333238 ], [ 112.620888888888274, -7.095333333333238 ], [ 112.620888888888274, -7.095777777777682 ], [ 112.62066666666604, -7.095777777777682 ], [ 112.62066666666604, -7.09555555555546 ], [ 112.62044444444382, -7.09555555555546 ], [ 112.62044444444382, -7.096 ], [ 112.620222222221599, -7.096 ], [ 112.620222222221599, -7.095777777777682 ], [ 112.619999999999379, -7.095777777777682 ], [ 112.619999999999379, -7.09555555555546 ], [ 112.620222222221599, -7.09555555555546 ], [ 112.620222222221599, -7.095333333333238 ], [ 112.62066666666604, -7.095333333333238 ], [ 112.62066666666604, -7.095111111111016 ] ] ] } },
{ "type": "Feature", "properties": { "PXLVAL": 1 }, "geometry": { "type": "Polygon", "coordinates": [ [ [ 112.595999999999407, -7.095777777777682 ], [ 112.596222222221627, -7.095777777777682 ], [ 112.596222222221627, -7.096 ], [ 112.596666666666067, -7.096 ], [ 112.596666666666067, -7.096222222222126 ], [ 112.596888888888287, -7.096222222222126 ], [ 112.596888888888287, -7.096444444444348 ], [ 112.595999999999407, -7.096444444444348 ], [ 112.595999999999407, -7.095777777777682 ] ] ] } },
{ "type": "Feature", "properties": { "PXLVAL": 1 }, "geometry": { "type": "Polygon", "coordinates": [ [ [ 112.609555555554948, -7.095777777777682 ], [ 112.610666666666063, -7.095777777777682 ], [ 112.610666666666063, -7.096222222222126 ], [ 112.609555555554948, -7.096222222222126 ], [ 112.609555555554948, -7.095777777777682 ] ] ] } },
{ "type": "Feature", "properties": { "PXLVAL": 1 }, "geometry": { "type": "Polygon", "coordinates": [ [ [ 112.593777777777177, -7.096444444444348 ], [ 112.594222222221632, -7.096444444444348 ], [ 112.594222222221632, -7.09666666666657 ], [ 112.593777777777177, -7.09666666666657 ], [ 112.593777777777177, -7.096444444444348 ] ] ] } },
{ "type": "Feature", "properties": { "PXLVAL": 1 }, "geometry": { "type": "Polygon", "coordinates": [ [ [ 112.604666666666063, -7.096444444444348 ], [ 112.604888888888283, -7.096444444444348 ], [ 112.604888888888283, -7.09666666666657 ], [ 112.604666666666063, -7.09666666666657 ], [ 112.604666666666063, -7.096444444444348 ] ] ] } },
{ "type": "Feature", "properties": { "PXLVAL": 1 }, "geometry": { "type": "Polygon", "coordinates": [ [ [ 112.62666666666604, -7.095333333333238 ], [ 112.627555555554935, -7.095333333333238 ], [ 112.627555555554935, -7.095777777777682 ], [ 112.6273333333327, -7.095777777777682 ], [ 112.6273333333327, -7.096 ], [ 112.62711111111048, -7.096 ], [ 112.62711111111048, -7.09666666666657 ], [ 112.62688888888826, -7.09666666666657 ], [ 112.62688888888826, -7.096888888888792 ], [ 112.62666666666604, -7.096888888888792 ], [ 112.62666666666604, -7.097111111111014 ], [ 112.62644444444382, -7.097111111111014 ], [ 112.62644444444382, -7.097333333333236 ], [ 112.625777777777145, -7.097333333333236 ], [ 112.625777777777145, -7.096222222222126 ], [ 112.625999999999379, -7.096222222222126 ], [ 112.625999999999379, -7.096444444444348 ], [ 112.6262222222216, -7.096444444444348 ], [ 112.6262222222216, -7.09666666666657 ], [ 112.62666666666604, -7.09666666666657 ], [ 112.62666666666604, -7.096 ], [ 112.625999999999379, -7.096 ], [ 112.625999999999379, -7.09555555555546 ], [ 112.6262222222216, -7.09555555555546 ], [ 112.6262222222216, -7.095777777777682 ], [ 112.62666666666604, -7.095777777777682 ], [ 112.62666666666604, -7.095333333333238 ] ] ] } },
{ "type": "Feature", "properties": { "PXLVAL": 1 }, "geometry": { "type": "Polygon", "coordinates": [ [ [ 112.616444444443829, -7.096222222222126 ], [ 112.616666666666049, -7.096222222222126 ], [ 112.616666666666049, -7.09666666666657 ], [ 112.617111111110489, -7.09666666666657 ], [ 112.617111111110489, -7.096444444444348 ], [ 112.617333333332709, -7.096444444444348 ], [ 112.617333333332709, -7.097111111111014 ], [ 112.617111111110489, -7.097111111111014 ], [ 112.617111111110489, -7.097333333333236 ], [ 112.616444444443829, -7.097333333333236 ], [ 112.616444444443829, -7.09666666666657 ], [ 112.616222222221609, -7.09666666666657 ], [ 112.616222222221609, -7.097111111111014 ], [ 112.615777777777168, -7.097111111111014 ], [ 112.615777777777168, -7.097333333333236 ], [ 112.615333333332714, -7.097333333333236 ], [ 112.615333333332714, -7.09666666666657 ], [ 112.615777777777168, -7.09666666666657 ], [ 112.615777777777168, -7.096444444444348 ], [ 112.616444444443829, -7.096444444444348 ], [ 112.616444444443829, -7.096222222222126 ] ] ] } },
{ "type": "Feature", "properties": { "PXLVAL": 1 }, "geometry": { "type": "Polygon", "coordinates": [ [ [ 112.617555555554944, -7.096 ], [ 112.617999999999384, -7.096 ], [ 112.617999999999384, -7.09666666666657 ], [ 112.618222222221604, -7.09666666666657 ], [ 112.618222222221604, -7.097111111111014 ], [ 112.617999999999384, -7.097111111111014 ], [ 112.617999999999384, -7.097333333333236 ], [ 112.617555555554944, -7.097333333333236 ], [ 112.617555555554944, -7.09666666666657 ], [ 112.617777777777164, -7.09666666666657 ], [ 112.617777777777164, -7.096444444444348 ], [ 112.617555555554944, -7.096444444444348 ], [ 112.617555555554944, -7.096 ] ] ] } },
{ "type": "Feature", "properties": { "PXLVAL": 1 }, "geometry": { "type": "Polygon", "coordinates": [ [ [ 112.593999999999411, -7.097111111111014 ], [ 112.594222222221632, -7.097111111111014 ], [ 112.594222222221632, -7.097333333333236 ], [ 112.594444444443852, -7.097333333333236 ], [ 112.594444444443852, -7.097555555555458 ], [ 112.594222222221632, -7.097555555555458 ], [ 112.594222222221632, -7.09777777777768 ], [ 112.593999999999411, -7.09777777777768 ], [ 112.593999999999411, -7.097111111111014 ] ] ] } },
{ "type": "Feature", "properties": { "PXLVAL": 1 }, "geometry": { "type": "Polygon", "coordinates": [ [ [ 112.594888888888292, -7.096444444444348 ], [ 112.595777777777187, -7.096444444444348 ], [ 112.595777777777187, -7.09666666666657 ], [ 112.595111111110512, -7.09666666666657 ], [ 112.595111111110512, -7.097333333333236 ], [ 112.594444444443852, -7.097333333333236 ], [ 112.594444444443852, -7.097111111111014 ], [ 112.594666666666072, -7.097111111111014 ], [ 112.594666666666072, -7.09666666666657 ], [ 112.594888888888292, -7.09666666666657 ], [ 112.594888888888292, -7.096444444444348 ] ] ] } },
{ "type": "Feature", "properties": { "PXLVAL": 1 }, "geometry": { "type": "Polygon", "coordinates": [ [ [ 112.602666666666067, -7.097111111111014 ], [ 112.602888888888288, -7.097111111111014 ], [ 112.602888888888288, -7.097333333333236 ], [ 112.602666666666067, -7.097333333333236 ], [ 112.602666666666067, -7.097111111111014 ] ] ] } },
{ "type": "Feature", "properties": { "PXLVAL": 1 }, "geometry": { "type": "Polygon", "coordinates": [ [ [ 112.615555555554934, -7.093111111111018 ], [ 112.616222222221609, -7.093111111111018 ], [ 112.616222222221609, -7.09333333333324 ], [ 112.615999999999389, -7.09333333333324 ], [ 112.615999999999389, -7.093555555555462 ], [ 112.615777777777168, -7.093555555555462 ], [ 112.615777777777168, -7.094666666666572 ], [ 112.615333333332714, -7.094666666666572 ], [ 112.615333333332714, -7.094888888888794 ], [ 112.615111111110494, -7.094888888888794 ], [ 112.615111111110494, -7.095111111111016 ], [ 112.614888888888274, -7.095111111111016 ], [ 112.614888888888274, -7.095333333333238 ], [ 112.614222222221613, -7.095333333333238 ], [ 112.614222222221613, -7.095777777777682 ], [ 112.613999999999379, -7.095777777777682 ], [ 112.613999999999379, -7.09666666666657 ], [ 112.614222222221613, -7.09666666666657 ], [ 112.614222222221613, -7.096888888888792 ], [ 112.614444444443834, -7.096888888888792 ], [ 112.614444444443834, -7.097333333333236 ], [ 112.613777777777159, -7.097333333333236 ], [ 112.613777777777159, -7.097111111111014 ], [ 112.613555555554939, -7.097111111111014 ], [ 112.613555555554939, -7.09666666666657 ], [ 112.613333333332719, -7.09666666666657 ], [ 112.613333333332719, -7.096444444444348 ], [ 112.613111111110499, -7.096444444444348 ], [ 112.613111111110499, -7.095777777777682 ], [ 112.613333333332719, -7.095777777777682 ], [ 112.613333333332719, -7.096222222222126 ], [ 112.613555555554939, -7.096222222222126 ], [ 112.613555555554939, -7.095777777777682 ], [ 112.613777777777159, -7.095777777777682 ], [ 112.613777777777159, -7.09555555555546 ], [ 112.613555555554939, -7.09555555555546 ], [ 112.613555555554939, -7.095333333333238 ], [ 112.613777777777159, -7.095333333333238 ], [ 112.613777777777159, -7.094888888888794 ], [ 112.613999999999379, -7.094888888888794 ], [ 112.613999999999379, -7.094666666666572 ], [ 112.614222222221613, -7.094666666666572 ], [ 112.614222222221613, -7.09444444444435 ], [ 112.614444444443834, -7.09444444444435 ], [ 112.614444444443834, -7.094222222222128 ], [ 112.614666666666054, -7.094222222222128 ], [ 112.614666666666054, -7.094 ], [ 112.614888888888274, -7.094 ], [ 112.614888888888274, -7.093777777777684 ], [ 112.615111111110494, -7.093777777777684 ], [ 112.615111111110494, -7.093555555555462 ], [ 112.615333333332714, -7.093555555555462 ], [ 112.615333333332714, -7.09333333333324 ], [ 112.615555555554934, -7.09333333333324 ], [ 112.615555555554934, -7.093111111111018 ] ], [ [ 112.613777777777159, -7.096888888888792 ], [ 112.613777777777159, -7.097111111111014 ], [ 112.613999999999379, -7.097111111111014 ], [ 112.613999999999379, -7.096888888888792 ], [ 112.613777777777159, -7.096888888888792 ] ] ] } },
{ "type": "Feature", "properties": { "PXLVAL": 1 }, "geometry": { "type": "Polygon", "coordinates": [ [ [ 112.603111111110508, -7.097333333333236 ], [ 112.603555555554948, -7.097333333333236 ], [ 112.603555555554948, -7.097555555555458 ], [ 112.603777777777168, -7.097555555555458 ], [ 112.603777777777168, -7.09777777777768 ], [ 112.603333333332728, -7.09777777777768 ], [ 112.603333333332728, -7.097555555555458 ], [ 112.603111111110508, -7.097555555555458 ], [ 112.603111111110508, -7.097333333333236 ] ] ] } },
{ "type": "Feature", "properties": { "PXLVAL": 1 }, "geometry": { "type": "Polygon", "coordinates": [ [ [ 112.611999999999384, -7.097333333333236 ], [ 112.612888888888278, -7.097333333333236 ], [ 112.612888888888278, -7.09777777777768 ], [ 112.612666666666058, -7.09777777777768 ], [ 112.612666666666058, -7.097555555555458 ], [ 112.612444444443838, -7.097555555555458 ], [ 112.612444444443838, -7.098 ], [ 112.611999999999384, -7.098 ], [ 112.611999999999384, -7.097333333333236 ] ] ] } },
{ "type": "Feature", "properties": { "PXLVAL": 1 }, "geometry": { "type": "Polygon", "coordinates": [ [ [ 112.615777777777168, -7.097333333333236 ], [ 112.616222222221609, -7.097333333333236 ], [ 112.616222222221609, -7.09777777777768 ], [ 112.615999999999389, -7.09777777777768 ], [ 112.615999999999389, -7.098 ], [ 112.615777777777168, -7.098 ], [ 112.615777777777168, -7.097333333333236 ] ] ] } },
{ "type": "Feature", "properties": { "PXLVAL": 1 }, "geometry": { "type": "Polygon", "coordinates": [ [ [ 112.617999999999384, -7.097333333333236 ], [ 112.618222222221604, -7.097333333333236 ], [ 112.618222222221604, -7.097555555555458 ], [ 112.617999999999384, -7.097555555555458 ], [ 112.617999999999384, -7.097333333333236 ] ] ] } },
{ "type": "Feature", "properties": { "PXLVAL": 1 }, "geometry": { "type": "Polygon", "coordinates": [ [ [ 112.600222222221618, -7.097555555555458 ], [ 112.600666666666072, -7.097555555555458 ], [ 112.600666666666072, -7.09777777777768 ], [ 112.600222222221618, -7.09777777777768 ], [ 112.600222222221618, -7.097555555555458 ] ] ] } },
{ "type": "Feature", "properties": { "PXLVAL": 1 }, "geometry": { "type": "Polygon", "coordinates": [ [ [ 112.604444444443843, -7.096888888888792 ], [ 112.604666666666063, -7.096888888888792 ], [ 112.604666666666063, -7.09777777777768 ], [ 112.605555555554943, -7.09777777777768 ], [ 112.605555555554943, -7.098 ], [ 112.605777777777178, -7.098 ], [ 112.605777777777178, -7.098222222222124 ], [ 112.605333333332723, -7.098222222222124 ], [ 112.605333333332723, -7.098 ], [ 112.604444444443843, -7.098 ], [ 112.604444444443843, -7.09777777777768 ], [ 112.603999999999402, -7.09777777777768 ], [ 112.603999999999402, -7.097555555555458 ], [ 112.604444444443843, -7.097555555555458 ], [ 112.604444444443843, -7.096888888888792 ] ] ] } },
{ "type": "Feature", "properties": { "PXLVAL": 1 }, "geometry": { "type": "Polygon", "coordinates": [ [ [ 112.610888888888283, -7.097333333333236 ], [ 112.611111111110503, -7.097333333333236 ], [ 112.611111111110503, -7.09777777777768 ], [ 112.610666666666063, -7.09777777777768 ], [ 112.610666666666063, -7.097555555555458 ], [ 112.610888888888283, -7.097555555555458 ], [ 112.610888888888283, -7.097333333333236 ] ] ] } },
{ "type": "Feature", "properties": { "PXLVAL": 1 }, "geometry": { "type": "Polygon", "coordinates": [ [ [ 112.594222222221632, -7.098 ], [ 112.594444444443852, -7.098 ], [ 112.594444444443852, -7.098222222222124 ], [ 112.594222222221632, -7.098222222222124 ], [ 112.594222222221632, -7.098 ] ] ] } },
{ "type": "Feature", "properties": { "PXLVAL": 1 }, "geometry": { "type": "Polygon", "coordinates": [ [ [ 112.612444444443838, -7.098222222222124 ], [ 112.612888888888278, -7.098222222222124 ], [ 112.612888888888278, -7.09888888888879 ], [ 112.612666666666058, -7.09888888888879 ], [ 112.612666666666058, -7.099111111111012 ], [ 112.612444444443838, -7.099111111111012 ], [ 112.612444444443838, -7.098222222222124 ] ] ] } },
{ "type": "Feature", "properties": { "PXLVAL": 1 }, "geometry": { "type": "Polygon", "coordinates": [ [ [ 112.611777777777164, -7.09888888888879 ], [ 112.611999999999384, -7.09888888888879 ], [ 112.611999999999384, -7.099555555555456 ], [ 112.611777777777164, -7.099555555555456 ], [ 112.611777777777164, -7.09888888888879 ] ] ] } },
{ "type": "Feature", "properties": { "PXLVAL": 1 }, "geometry": { "type": "Polygon", "coordinates": [ [ [ 112.603999999999402, -7.099555555555456 ], [ 112.604222222221622, -7.099555555555456 ], [ 112.604222222221622, -7.099777777777678 ], [ 112.603999999999402, -7.099777777777678 ], [ 112.603999999999402, -7.099555555555456 ] ] ] } },
{ "type": "Feature", "properties": { "PXLVAL": 1 }, "geometry": { "type": "Polygon", "coordinates": [ [ [ 112.611999999999384, -7.099555555555456 ], [ 112.612222222221604, -7.099555555555456 ], [ 112.612222222221604, -7.099777777777678 ], [ 112.611999999999384, -7.099777777777678 ], [ 112.611999999999384, -7.099555555555456 ] ] ] } },
{ "type": "Feature", "properties": { "PXLVAL": 1 }, "geometry": { "type": "Polygon", "coordinates": [ [ [ 112.604444444443843, -7.099777777777678 ], [ 112.604666666666063, -7.099777777777678 ], [ 112.604666666666063, -7.1 ], [ 112.604444444443843, -7.1 ], [ 112.604444444443843, -7.099777777777678 ] ] ] } },
{ "type": "Feature", "properties": { "PXLVAL": 1 }, "geometry": { "type": "Polygon", "coordinates": [ [ [ 112.601111111110512, -7.09111111111102 ], [ 112.601333333332732, -7.09111111111102 ], [ 112.601333333332732, -7.091333333333242 ], [ 112.601555555554953, -7.091333333333242 ], [ 112.601555555554953, -7.091555555555464 ], [ 112.601777777777173, -7.091555555555464 ], [ 112.601777777777173, -7.091777777777686 ], [ 112.601999999999393, -7.091777777777686 ], [ 112.601999999999393, -7.092 ], [ 112.602222222221627, -7.092 ], [ 112.602222222221627, -7.09222222222213 ], [ 112.602444444443847, -7.09222222222213 ], [ 112.602444444443847, -7.092444444444352 ], [ 112.602888888888288, -7.092444444444352 ], [ 112.602888888888288, -7.092666666666574 ], [ 112.603333333332728, -7.092666666666574 ], [ 112.603333333332728, -7.09333333333324 ], [ 112.602888888888288, -7.09333333333324 ], [ 112.602888888888288, -7.093555555555462 ], [ 112.601555555554953, -7.093555555555462 ], [ 112.601555555554953, -7.092444444444352 ], [ 112.601333333332732, -7.092444444444352 ], [ 112.601333333332732, -7.092666666666574 ], [ 112.601111111110512, -7.092666666666574 ], [ 112.601111111110512, -7.09333333333324 ], [ 112.600888888888292, -7.09333333333324 ], [ 112.600888888888292, -7.094 ], [ 112.601111111110512, -7.094 ], [ 112.601111111110512, -7.094222222222128 ], [ 112.600888888888292, -7.094222222222128 ], [ 112.600888888888292, -7.095111111111016 ], [ 112.600666666666072, -7.095111111111016 ], [ 112.600666666666072, -7.096 ], [ 112.600444444443838, -7.096 ], [ 112.600444444443838, -7.096888888888792 ], [ 112.600222222221618, -7.096888888888792 ], [ 112.600222222221618, -7.097111111111014 ], [ 112.599999999999397, -7.097111111111014 ], [ 112.599999999999397, -7.098666666666568 ], [ 112.600222222221618, -7.098666666666568 ], [ 112.600222222221618, -7.098444444444346 ], [ 112.600444444443838, -7.098444444444346 ], [ 112.600444444443838, -7.09888888888879 ], [ 112.600666666666072, -7.09888888888879 ], [ 112.600666666666072, -7.099111111111012 ], [ 112.600888888888292, -7.099111111111012 ], [ 112.600888888888292, -7.098222222222124 ], [ 112.601333333332732, -7.098222222222124 ], [ 112.601333333332732, -7.098 ], [ 112.601111111110512, -7.098 ], [ 112.601111111110512, -7.09777777777768 ], [ 112.600888888888292, -7.09777777777768 ], [ 112.600888888888292, -7.097333333333236 ], [ 112.600666666666072, -7.097333333333236 ], [ 112.600666666666072, -7.096444444444348 ], [ 112.600888888888292, -7.096444444444348 ], [ 112.600888888888292, -7.096222222222126 ], [ 112.601111111110512, -7.096222222222126 ], [ 112.601111111110512, -7.096444444444348 ], [ 112.601999999999393, -7.096444444444348 ], [ 112.601999999999393, -7.095777777777682 ], [ 112.602222222221627, -7.095777777777682 ], [ 112.602222222221627, -7.095333333333238 ], [ 112.602444444443847, -7.095333333333238 ], [ 112.602444444443847, -7.094888888888794 ], [ 112.602666666666067, -7.094888888888794 ], [ 112.602666666666067, -7.095111111111016 ], [ 112.602888888888288, -7.095111111111016 ], [ 112.602888888888288, -7.095333333333238 ], [ 112.602666666666067, -7.095333333333238 ], [ 112.602666666666067, -7.096 ], [ 112.602444444443847, -7.096 ], [ 112.602444444443847, -7.09666666666657 ], [ 112.602222222221627, -7.09666666666657 ], [ 112.602222222221627, -7.097333333333236 ], [ 112.601333333332732, -7.097333333333236 ], [ 112.601333333332732, -7.097555555555458 ], [ 112.601555555554953, -7.097555555555458 ], [ 112.601555555554953, -7.09777777777768 ], [ 112.601999999999393, -7.09777777777768 ], [ 112.601999999999393, -7.098222222222124 ], [ 112.602222222221627, -7.098222222222124 ], [ 112.602222222221627, -7.098444444444346 ], [ 112.602444444443847, -7.098444444444346 ], [ 112.602444444443847, -7.098222222222124 ], [ 112.602666666666067, -7.098222222222124 ], [ 112.602666666666067, -7.098444444444346 ], [ 112.602888888888288, -7.098444444444346 ], [ 112.602888888888288, -7.098666666666568 ], [ 112.603555555554948, -7.098666666666568 ], [ 112.603555555554948, -7.09888888888879 ], [ 112.603777777777168, -7.09888888888879 ], [ 112.603777777777168, -7.098666666666568 ], [ 112.603999999999402, -7.098666666666568 ], [ 112.603999999999402, -7.098222222222124 ], [ 112.604666666666063, -7.098222222222124 ], [ 112.604666666666063, -7.098444444444346 ], [ 112.605555555554943, -7.098444444444346 ], [ 112.605555555554943, -7.09888888888879 ], [ 112.605333333332723, -7.09888888888879 ], [ 112.605333333332723, -7.098666666666568 ], [ 112.605111111110503, -7.098666666666568 ], [ 112.605111111110503, -7.099111111111012 ], [ 112.605333333332723, -7.099111111111012 ], [ 112.605333333332723, -7.099333333333234 ], [ 112.605111111110503, -7.099333333333234 ], [ 112.605111111110503, -7.099555555555456 ], [ 112.604222222221622, -7.099555555555456 ], [ 112.604222222221622, -7.099333333333234 ], [ 112.603333333332728, -7.099333333333234 ], [ 112.603333333332728, -7.099111111111012 ], [ 112.602666666666067, -7.099111111111012 ], [ 112.602666666666067, -7.099333333333234 ], [ 112.601111111110512, -7.099333333333234 ], [ 112.601111111110512, -7.099555555555456 ], [ 112.600666666666072, -7.099555555555456 ], [ 112.600666666666072, -7.100666666666566 ], [ 112.600444444443838, -7.100666666666566 ], [ 112.600444444443838, -7.1 ], [ 112.600222222221618, -7.1 ], [ 112.600222222221618, -7.101333333333232 ], [ 112.599777777777177, -7.101333333333232 ], [ 112.599777777777177, -7.10111111111101 ], [ 112.598444444443842, -7.10111111111101 ], [ 112.598444444443842, -7.100888888888788 ], [ 112.597999999999402, -7.100888888888788 ], [ 112.597999999999402, -7.1 ], [ 112.597777777777182, -7.1 ], [ 112.597777777777182, -7.099777777777678 ], [ 112.597999999999402, -7.099777777777678 ], [ 112.597999999999402, -7.099555555555456 ], [ 112.597777777777182, -7.099555555555456 ], [ 112.597777777777182, -7.099333333333234 ], [ 112.597999999999402, -7.099333333333234 ], [ 112.597999999999402, -7.099111111111012 ], [ 112.597777777777182, -7.099111111111012 ], [ 112.597777777777182, -7.09888888888879 ], [ 112.597555555554962, -7.09888888888879 ], [ 112.597555555554962, -7.098666666666568 ], [ 112.597333333332742, -7.098666666666568 ], [ 112.597333333332742, -7.099111111111012 ], [ 112.597111111110507, -7.099111111111012 ], [ 112.597111111110507, -7.099333333333234 ], [ 112.596444444443847, -7.099333333333234 ], [ 112.596444444443847, -7.099555555555456 ], [ 112.596222222221627, -7.099555555555456 ], [ 112.596222222221627, -7.099777777777678 ], [ 112.595777777777187, -7.099777777777678 ], [ 112.595777777777187, -7.1 ], [ 112.595333333332732, -7.1 ], [ 112.595333333332732, -7.099777777777678 ], [ 112.595555555554967, -7.099777777777678 ], [ 112.595555555554967, -7.099333333333234 ], [ 112.595333333332732, -7.099333333333234 ], [ 112.595333333332732, -7.099111111111012 ], [ 112.595111111110512, -7.099111111111012 ], [ 112.595111111110512, -7.099555555555456 ], [ 112.594888888888292, -7.099555555555456 ], [ 112.594888888888292, -7.099333333333234 ], [ 112.594666666666072, -7.099333333333234 ], [ 112.594666666666072, -7.09888888888879 ], [ 112.594444444443852, -7.09888888888879 ], [ 112.594444444443852, -7.098444444444346 ], [ 112.594888888888292, -7.098444444444346 ], [ 112.594888888888292, -7.098666666666568 ], [ 112.595777777777187, -7.098666666666568 ], [ 112.595777777777187, -7.098 ], [ 112.594888888888292, -7.098 ], [ 112.594888888888292, -7.09777777777768 ], [ 112.595111111110512, -7.09777777777768 ], [ 112.595111111110512, -7.097555555555458 ], [ 112.595999999999407, -7.097555555555458 ], [ 112.595999999999407, -7.097333333333236 ], [ 112.596222222221627, -7.097333333333236 ], [ 112.596222222221627, -7.09666666666657 ], [ 112.596666666666067, -7.09666666666657 ], [ 112.596666666666067, -7.096888888888792 ], [ 112.596444444443847, -7.096888888888792 ], [ 112.596444444443847, -7.097111111111014 ], [ 112.596888888888287, -7.097111111111014 ], [ 112.596888888888287, -7.096888888888792 ], [ 112.597111111110507, -7.096888888888792 ], [ 112.597111111110507, -7.097333333333236 ], [ 112.597333333332742, -7.097333333333236 ], [ 112.597333333332742, -7.09777777777768 ], [ 112.596666666666067, -7.09777777777768 ], [ 112.596666666666067, -7.098 ], [ 112.596444444443847, -7.098 ], [ 112.596444444443847, -7.098222222222124 ], [ 112.597555555554962, -7.098222222222124 ], [ 112.597555555554962, -7.09777777777768 ], [ 112.597777777777182, -7.09777777777768 ], [ 112.597777777777182, -7.097333333333236 ], [ 112.597999999999402, -7.097333333333236 ], [ 112.597999999999402, -7.096444444444348 ], [ 112.598222222221622, -7.096444444444348 ], [ 112.598222222221622, -7.096222222222126 ], [ 112.597999999999402, -7.096222222222126 ], [ 112.597999999999402, -7.095777777777682 ], [ 112.598888888888297, -7.095777777777682 ], [ 112.598888888888297, -7.09555555555546 ], [ 112.599111111110517, -7.09555555555546 ], [ 112.599111111110517, -7.095333333333238 ], [ 112.599333333332737, -7.095333333333238 ], [ 112.599333333332737, -7.095777777777682 ], [ 112.599555555554957, -7.095777777777682 ], [ 112.599555555554957, -7.096 ], [ 112.599777777777177, -7.096 ], [ 112.599777777777177, -7.095777777777682 ], [ 112.599999999999397, -7.095777777777682 ], [ 112.599999999999397, -7.09555555555546 ], [ 112.600222222221618, -7.09555555555546 ], [ 112.600222222221618, -7.095333333333238 ], [ 112.599555555554957, -7.095333333333238 ], [ 112.599555555554957, -7.09444444444435 ], [ 112.599333333332737, -7.09444444444435 ], [ 112.599333333332737, -7.093555555555462 ], [ 112.599111111110517, -7.093555555555462 ], [ 112.599111111110517, -7.09333333333324 ], [ 112.598888888888297, -7.09333333333324 ], [ 112.598888888888297, -7.092888888888796 ], [ 112.599111111110517, -7.092888888888796 ], [ 112.599111111110517, -7.092666666666574 ], [ 112.598888888888297, -7.092666666666574 ], [ 112.598888888888297, -7.092444444444352 ], [ 112.599111111110517, -7.092444444444352 ], [ 112.599111111110517, -7.09222222222213 ], [ 112.598888888888297, -7.09222222222213 ], [ 112.598888888888297, -7.092 ], [ 112.599333333332737, -7.092 ], [ 112.599333333332737, -7.091777777777686 ], [ 112.599555555554957, -7.091777777777686 ], [ 112.599555555554957, -7.092 ], [ 112.601111111110512, -7.092 ], [ 112.601111111110512, -7.09222222222213 ], [ 112.601555555554953, -7.09222222222213 ], [ 112.601555555554953, -7.091777777777686 ], [ 112.601111111110512, -7.091777777777686 ], [ 112.601111111110512, -7.09111111111102 ] ], [ [ 112.599555555554957, -7.09222222222213 ], [ 112.599555555554957, -7.092444444444352 ], [ 112.599999999999397, -7.092444444444352 ], [ 112.599999999999397, -7.09222222222213 ], [ 112.599555555554957, -7.09222222222213 ] ], [ [ 112.600222222221618, -7.093111111111018 ], [ 112.600222222221618, -7.09333333333324 ], [ 112.600444444443838, -7.09333333333324 ], [ 112.600444444443838, -7.093111111111018 ], [ 112.600222222221618, -7.093111111111018 ] ], [ [ 112.600444444443838, -7.093777777777684 ], [ 112.600444444443838, -7.094 ], [ 112.600666666666072, -7.094 ], [ 112.600666666666072, -7.093777777777684 ], [ 112.600444444443838, -7.093777777777684 ] ], [ [ 112.599999999999397, -7.094 ], [ 112.599999999999397, -7.094222222222128 ], [ 112.600222222221618, -7.094222222222128 ], [ 112.600222222221618, -7.094 ], [ 112.599999999999397, -7.094 ] ], [ [ 112.600222222221618, -7.09444444444435 ], [ 112.600222222221618, -7.094666666666572 ], [ 112.600444444443838, -7.094666666666572 ], [ 112.600444444443838, -7.09444444444435 ], [ 112.600222222221618, -7.09444444444435 ] ], [ [ 112.599333333332737, -7.097555555555458 ], [ 112.599333333332737, -7.098 ], [ 112.599555555554957, -7.098 ], [ 112.599555555554957, -7.098222222222124 ], [ 112.599777777777177, -7.098222222222124 ], [ 112.599777777777177, -7.097555555555458 ], [ 112.599333333332737, -7.097555555555458 ] ], [ [ 112.597999999999402, -7.09777777777768 ], [ 112.597999999999402, -7.098 ], [ 112.598222222221622, -7.098 ], [ 112.598222222221622, -7.09777777777768 ], [ 112.597999999999402, -7.09777777777768 ] ], [ [ 112.598666666666062, -7.09777777777768 ], [ 112.598666666666062, -7.098 ], [ 112.598888888888297, -7.098 ], [ 112.598888888888297, -7.09777777777768 ], [ 112.598666666666062, -7.09777777777768 ] ], [ [ 112.597999999999402, -7.098444444444346 ], [ 112.597999999999402, -7.098666666666568 ], [ 112.598222222221622, -7.098666666666568 ], [ 112.598222222221622, -7.09888888888879 ], [ 112.598444444443842, -7.09888888888879 ], [ 112.598444444443842, -7.099111111111012 ], [ 112.598666666666062, -7.099111111111012 ], [ 112.598666666666062, -7.099555555555456 ], [ 112.599111111110517, -7.099555555555456 ], [ 112.599111111110517, -7.09888888888879 ], [ 112.598888888888297, -7.09888888888879 ], [ 112.598888888888297, -7.098666666666568 ], [ 112.598444444443842, -7.098666666666568 ], [ 112.598444444443842, -7.098444444444346 ], [ 112.597999999999402, -7.098444444444346 ] ], [ [ 112.604444444443843, -7.098444444444346 ], [ 112.604444444443843, -7.098666666666568 ], [ 112.604666666666063, -7.098666666666568 ], [ 112.604666666666063, -7.098444444444346 ], [ 112.604444444443843, -7.098444444444346 ] ], [ [ 112.595777777777187, -7.098666666666568 ], [ 112.595777777777187, -7.099111111111012 ], [ 112.595999999999407, -7.099111111111012 ], [ 112.595999999999407, -7.098666666666568 ], [ 112.595777777777187, -7.098666666666568 ] ], [ [ 112.599999999999397, -7.09888888888879 ], [ 112.599999999999397, -7.099111111111012 ], [ 112.600222222221618, -7.099111111111012 ], [ 112.600222222221618, -7.09888888888879 ], [ 112.599999999999397, -7.09888888888879 ] ] ] } },
{ "type": "Feature", "properties": { "PXLVAL": 1 }, "geometry": { "type": "Polygon", "coordinates": [ [ [ 112.611999999999384, -7.103555555555452 ], [ 112.612666666666058, -7.103555555555452 ], [ 112.612666666666058, -7.103999999999896 ], [ 112.612888888888278, -7.103999999999896 ], [ 112.612888888888278, -7.103555555555452 ], [ 112.613111111110499, -7.103555555555452 ], [ 112.613111111110499, -7.103999999999896 ], [ 112.613555555554939, -7.103999999999896 ], [ 112.613555555554939, -7.104222222222118 ], [ 112.612666666666058, -7.104222222222118 ], [ 112.612666666666058, -7.104666666666562 ], [ 112.613111111110499, -7.104666666666562 ], [ 112.613111111110499, -7.104888888888784 ], [ 112.612444444443838, -7.104888888888784 ], [ 112.612444444443838, -7.104666666666562 ], [ 112.611777777777164, -7.104666666666562 ], [ 112.611777777777164, -7.103777777777674 ], [ 112.611999999999384, -7.103777777777674 ], [ 112.611999999999384, -7.103555555555452 ] ] ] } },
{ "type": "Feature", "properties": { "PXLVAL": 1 }, "geometry": { "type": "Polygon", "coordinates": [ [ [ 112.615777777777168, -7.104888888888784 ], [ 112.615999999999389, -7.104888888888784 ], [ 112.615999999999389, -7.105333333333228 ], [ 112.616444444443829, -7.105333333333228 ], [ 112.616444444443829, -7.10555555555545 ], [ 112.616666666666049, -7.10555555555545 ], [ 112.616666666666049, -7.105777777777672 ], [ 112.615333333332714, -7.105777777777672 ], [ 112.615333333332714, -7.105333333333228 ], [ 112.615777777777168, -7.105333333333228 ], [ 112.615777777777168, -7.104888888888784 ] ] ] } },
{ "type": "Feature", "properties": { "PXLVAL": 1 }, "geometry": { "type": "Polygon", "coordinates": [ [ [ 112.617999999999384, -7.104888888888784 ], [ 112.618222222221604, -7.104888888888784 ], [ 112.618222222221604, -7.105333333333228 ], [ 112.618444444443824, -7.105333333333228 ], [ 112.618444444443824, -7.10555555555545 ], [ 112.618222222221604, -7.10555555555545 ], [ 112.618222222221604, -7.105777777777672 ], [ 112.617777777777164, -7.105777777777672 ], [ 112.617777777777164, -7.10555555555545 ], [ 112.617555555554944, -7.10555555555545 ], [ 112.617555555554944, -7.105777777777672 ], [ 112.617111111110489, -7.105777777777672 ], [ 112.617111111110489, -7.105333333333228 ], [ 112.617777777777164, -7.105333333333228 ], [ 112.617777777777164, -7.105111111111006 ], [ 112.617999999999384, -7.105111111111006 ], [ 112.617999999999384, -7.104888888888784 ] ] ] } },
{ "type": "Feature", "properties": { "PXLVAL": 1 }, "geometry": { "type": "Polygon", "coordinates": [ [ [ 112.705555555554852, -7.123555555555432 ], [ 112.705777777777072, -7.123555555555432 ], [ 112.705777777777072, -7.123999999999876 ], [ 112.705333333332632, -7.123999999999876 ], [ 112.705333333332632, -7.123777777777654 ], [ 112.705555555554852, -7.123777777777654 ], [ 112.705555555554852, -7.123555555555432 ] ] ] } },
{ "type": "Feature", "properties": { "PXLVAL": 1 }, "geometry": { "type": "Polygon", "coordinates": [ [ [ 112.704666666665958, -7.125111111110986 ], [ 112.704888888888178, -7.125111111110986 ], [ 112.704888888888178, -7.125333333333208 ], [ 112.704666666665958, -7.125333333333208 ], [ 112.704666666665958, -7.125111111110986 ] ] ] } },
{ "type": "Feature", "properties": { "PXLVAL": 1 }, "geometry": { "type": "Polygon", "coordinates": [ [ [ 112.702444444443742, -7.137333333333196 ], [ 112.703333333332637, -7.137333333333196 ], [ 112.703333333332637, -7.137555555555418 ], [ 112.703555555554857, -7.137555555555418 ], [ 112.703555555554857, -7.13777777777764 ], [ 112.703111111110402, -7.13777777777764 ], [ 112.703111111110402, -7.137999999999862 ], [ 112.703333333332637, -7.137999999999862 ], [ 112.703333333332637, -7.138666666666528 ], [ 112.703111111110402, -7.138666666666528 ], [ 112.703111111110402, -7.139111111110972 ], [ 112.702888888888182, -7.139111111110972 ], [ 112.702888888888182, -7.138222222222084 ], [ 112.702666666665962, -7.138222222222084 ], [ 112.702666666665962, -7.137999999999862 ], [ 112.702444444443742, -7.137999999999862 ], [ 112.702444444443742, -7.137333333333196 ] ] ] } },
{ "type": "Feature", "properties": { "PXLVAL": 1 }, "geometry": { "type": "Polygon", "coordinates": [ [ [ 112.699555555554852, -7.13999999999986 ], [ 112.699777777777072, -7.13999999999986 ], [ 112.699777777777072, -7.140444444444304 ], [ 112.699555555554852, -7.140444444444304 ], [ 112.699555555554852, -7.13999999999986 ] ] ] } },
{ "type": "Feature", "properties": { "PXLVAL": 1 }, "geometry": { "type": "Polygon", "coordinates": [ [ [ 112.699111111110412, -7.140222222222082 ], [ 112.699333333332632, -7.140222222222082 ], [ 112.699333333332632, -7.140444444444304 ], [ 112.699555555554852, -7.140444444444304 ], [ 112.699555555554852, -7.140666666666526 ], [ 112.699111111110412, -7.140666666666526 ], [ 112.699111111110412, -7.140222222222082 ] ] ] } },
{ "type": "Feature", "properties": { "PXLVAL": 1 }, "geometry": { "type": "Polygon", "coordinates": [ [ [ 112.699999999999307, -7.140666666666526 ], [ 112.700222222221527, -7.140666666666526 ], [ 112.700222222221527, -7.140888888888748 ], [ 112.699999999999307, -7.140888888888748 ], [ 112.699999999999307, -7.140666666666526 ] ] ] } },
{ "type": "Feature", "properties": { "PXLVAL": 1 }, "geometry": { "type": "Polygon", "coordinates": [ [ [ 112.696222222221522, -7.14999999999985 ], [ 112.696444444443742, -7.14999999999985 ], [ 112.696444444443742, -7.150222222222072 ], [ 112.696222222221522, -7.150222222222072 ], [ 112.696222222221522, -7.14999999999985 ] ] ] } },
{ "type": "Feature", "properties": { "PXLVAL": 1 }, "geometry": { "type": "Polygon", "coordinates": [ [ [ 112.697111111110416, -7.14999999999985 ], [ 112.697333333332637, -7.14999999999985 ], [ 112.697333333332637, -7.150444444444294 ], [ 112.697111111110416, -7.150444444444294 ], [ 112.697111111110416, -7.14999999999985 ] ] ] } },
{ "type": "Feature", "properties": { "PXLVAL": 1 }, "geometry": { "type": "Polygon", "coordinates": [ [ [ 112.695999999999302, -7.150444444444294 ], [ 112.696222222221522, -7.150444444444294 ], [ 112.696222222221522, -7.150666666666516 ], [ 112.695999999999302, -7.150666666666516 ], [ 112.695999999999302, -7.150444444444294 ] ] ] } },
{ "type": "Feature", "properties": { "PXLVAL": 1 }, "geometry": { "type": "Polygon", "coordinates": [ [ [ 112.696888888888196, -7.150444444444294 ], [ 112.697111111110416, -7.150444444444294 ], [ 112.697111111110416, -7.150666666666516 ], [ 112.697333333332637, -7.150666666666516 ], [ 112.697333333332637, -7.151333333333182 ], [ 112.697555555554857, -7.151333333333182 ], [ 112.697555555554857, -7.151555555555404 ], [ 112.697111111110416, -7.151555555555404 ], [ 112.697111111110416, -7.151333333333182 ], [ 112.696888888888196, -7.151333333333182 ], [ 112.696888888888196, -7.150444444444294 ] ] ] } },
{ "type": "Feature", "properties": { "PXLVAL": 1 }, "geometry": { "type": "Polygon", "coordinates": [ [ [ 112.697777777777077, -7.152888888888736 ], [ 112.698666666665972, -7.152888888888736 ], [ 112.698666666665972, -7.153777777777624 ], [ 112.699111111110412, -7.153777777777624 ], [ 112.699111111110412, -7.153555555555402 ], [ 112.699333333332632, -7.153555555555402 ], [ 112.699333333332632, -7.153999999999846 ], [ 112.699555555554852, -7.153999999999846 ], [ 112.699555555554852, -7.154222222222068 ], [ 112.699777777777072, -7.154222222222068 ], [ 112.699777777777072, -7.15444444444429 ], [ 112.699111111110412, -7.15444444444429 ], [ 112.699111111110412, -7.154222222222068 ], [ 112.698888888888192, -7.154222222222068 ], [ 112.698888888888192, -7.153999999999846 ], [ 112.698222222221517, -7.153999999999846 ], [ 112.698222222221517, -7.153777777777624 ], [ 112.697555555554857, -7.153777777777624 ], [ 112.697555555554857, -7.15333333333318 ], [ 112.697777777777077, -7.15333333333318 ], [ 112.697777777777077, -7.152888888888736 ] ] ] } },
{ "type": "Feature", "properties": { "PXLVAL": 1 }, "geometry": { "type": "Polygon", "coordinates": [ [ [ 112.699999999999307, -7.154666666666512 ], [ 112.700444444443747, -7.154666666666512 ], [ 112.700444444443747, -7.154888888888734 ], [ 112.699999999999307, -7.154888888888734 ], [ 112.699999999999307, -7.154666666666512 ] ] ] } },
{ "type": "Feature", "properties": { "PXLVAL": 1 }, "geometry": { "type": "Polygon", "coordinates": [ [ [ 112.700888888888187, -7.154666666666512 ], [ 112.701111111110407, -7.154666666666512 ], [ 112.701111111110407, -7.155111111110956 ], [ 112.700888888888187, -7.155111111110956 ], [ 112.700888888888187, -7.154666666666512 ] ] ] } },
{ "type": "Feature", "properties": { "PXLVAL": 1 }, "geometry": { "type": "Polygon", "coordinates": [ [ [ 112.701111111110407, -7.155111111110956 ], [ 112.701333333332627, -7.155111111110956 ], [ 112.701333333332627, -7.155333333333178 ], [ 112.701555555554847, -7.155333333333178 ], [ 112.701555555554847, -7.1555555555554 ], [ 112.701333333332627, -7.1555555555554 ], [ 112.701333333332627, -7.155777777777622 ], [ 112.701111111110407, -7.155777777777622 ], [ 112.701111111110407, -7.155111111110956 ] ] ] } },
{ "type": "Feature", "properties": { "PXLVAL": 1 }, "geometry": { "type": "Polygon", "coordinates": [ [ [ 112.705555555554852, -7.157555555555398 ], [ 112.705777777777072, -7.157555555555398 ], [ 112.705777777777072, -7.157999999999842 ], [ 112.705555555554852, -7.157999999999842 ], [ 112.705555555554852, -7.158222222222064 ], [ 112.705333333332632, -7.158222222222064 ], [ 112.705333333332632, -7.158444444444286 ], [ 112.705111111110412, -7.158444444444286 ], [ 112.705111111110412, -7.158222222222064 ], [ 112.704888888888178, -7.158222222222064 ], [ 112.704888888888178, -7.15777777777762 ], [ 112.705555555554852, -7.15777777777762 ], [ 112.705555555554852, -7.157555555555398 ] ] ] } },
{ "type": "Feature", "properties": { "PXLVAL": 1 }, "geometry": { "type": "Polygon", "coordinates": [ [ [ 112.702666666665962, -7.158222222222064 ], [ 112.702888888888182, -7.158222222222064 ], [ 112.702888888888182, -7.15888888888873 ], [ 112.702666666665962, -7.15888888888873 ], [ 112.702666666665962, -7.158222222222064 ] ] ] } },
{ "type": "Feature", "properties": { "PXLVAL": 1 }, "geometry": { "type": "Polygon", "coordinates": [ [ [ 112.704666666665958, -7.15888888888873 ], [ 112.705111111110412, -7.15888888888873 ], [ 112.705111111110412, -7.159555555555396 ], [ 112.704888888888178, -7.159555555555396 ], [ 112.704888888888178, -7.159777777777618 ], [ 112.704666666665958, -7.159777777777618 ], [ 112.704666666665958, -7.15888888888873 ] ] ] } },
{ "type": "Feature", "properties": { "PXLVAL": 1 }, "geometry": { "type": "Polygon", "coordinates": [ [ [ 112.705111111110412, -7.159555555555396 ], [ 112.705333333332632, -7.159555555555396 ], [ 112.705333333332632, -7.15999999999984 ], [ 112.705111111110412, -7.15999999999984 ], [ 112.705111111110412, -7.160222222222062 ], [ 112.704888888888178, -7.160222222222062 ], [ 112.704888888888178, -7.159777777777618 ], [ 112.705111111110412, -7.159777777777618 ], [ 112.705111111110412, -7.159555555555396 ] ] ] } },
{ "type": "Feature", "properties": { "PXLVAL": 1 }, "geometry": { "type": "Polygon", "coordinates": [ [ [ 112.703999999999297, -7.160666666666506 ], [ 112.704222222221517, -7.160666666666506 ], [ 112.704222222221517, -7.160888888888728 ], [ 112.703999999999297, -7.160888888888728 ], [ 112.703999999999297, -7.160666666666506 ] ] ] } },
{ "type": "Feature", "properties": { "PXLVAL": 1 }, "geometry": { "type": "Polygon", "coordinates": [ [ [ 112.705333333332632, -7.158666666666508 ], [ 112.705555555554852, -7.158666666666508 ], [ 112.705555555554852, -7.159111111110952 ], [ 112.705999999999293, -7.159111111110952 ], [ 112.705999999999293, -7.158666666666508 ], [ 112.706666666665967, -7.158666666666508 ], [ 112.706666666665967, -7.159555555555396 ], [ 112.707111111110407, -7.159555555555396 ], [ 112.707111111110407, -7.159777777777618 ], [ 112.707555555554848, -7.159777777777618 ], [ 112.707555555554848, -7.15999999999984 ], [ 112.707777777777068, -7.15999999999984 ], [ 112.707777777777068, -7.160666666666506 ], [ 112.707999999999288, -7.160666666666506 ], [ 112.707999999999288, -7.16111111111095 ], [ 112.708444444443742, -7.16111111111095 ], [ 112.708444444443742, -7.161555555555394 ], [ 112.708222222221508, -7.161555555555394 ], [ 112.708222222221508, -7.16222222222206 ], [ 112.707999999999288, -7.16222222222206 ], [ 112.707999999999288, -7.162444444444282 ], [ 112.707777777777068, -7.162444444444282 ], [ 112.707777777777068, -7.160888888888728 ], [ 112.707555555554848, -7.160888888888728 ], [ 112.707555555554848, -7.161555555555394 ], [ 112.707111111110407, -7.161555555555394 ], [ 112.707111111110407, -7.161333333333172 ], [ 112.706666666665967, -7.161333333333172 ], [ 112.706666666665967, -7.16111111111095 ], [ 112.706444444443733, -7.16111111111095 ], [ 112.706444444443733, -7.160888888888728 ], [ 112.706666666665967, -7.160888888888728 ], [ 112.706666666665967, -7.160222222222062 ], [ 112.706444444443733, -7.160222222222062 ], [ 112.706444444443733, -7.160444444444284 ], [ 112.705777777777072, -7.160444444444284 ], [ 112.705777777777072, -7.160666666666506 ], [ 112.705555555554852, -7.160666666666506 ], [ 112.705555555554852, -7.160444444444284 ], [ 112.705333333332632, -7.160444444444284 ], [ 112.705333333332632, -7.160666666666506 ], [ 112.705111111110412, -7.160666666666506 ], [ 112.705111111110412, -7.160222222222062 ], [ 112.705555555554852, -7.160222222222062 ], [ 112.705555555554852, -7.15999999999984 ], [ 112.705777777777072, -7.15999999999984 ], [ 112.705777777777072, -7.159555555555396 ], [ 112.705555555554852, -7.159555555555396 ], [ 112.705555555554852, -7.159333333333174 ], [ 112.705333333332632, -7.159333333333174 ], [ 112.705333333332632, -7.158666666666508 ] ], [ [ 112.706222222221513, -7.159777777777618 ], [ 112.706222222221513, -7.15999999999984 ], [ 112.706666666665967, -7.15999999999984 ], [ 112.706666666665967, -7.159777777777618 ], [ 112.706222222221513, -7.159777777777618 ] ], [ [ 112.707111111110407, -7.15999999999984 ], [ 112.707111111110407, -7.160222222222062 ], [ 112.707333333332627, -7.160222222222062 ], [ 112.707333333332627, -7.15999999999984 ], [ 112.707111111110407, -7.15999999999984 ] ] ] } },
{ "type": "Feature", "properties": { "PXLVAL": 1 }, "geometry": { "type": "Polygon", "coordinates": [ [ [ 112.702666666665962, -7.161555555555394 ], [ 112.703111111110402, -7.161555555555394 ], [ 112.703111111110402, -7.161777777777616 ], [ 112.702666666665962, -7.161777777777616 ], [ 112.702666666665962, -7.161555555555394 ] ] ] } },
{ "type": "Feature", "properties": { "PXLVAL": 1 }, "geometry": { "type": "Polygon", "coordinates": [ [ [ 112.704444444443737, -7.164222222222058 ], [ 112.704666666665958, -7.164222222222058 ], [ 112.704666666665958, -7.16444444444428 ], [ 112.704444444443737, -7.16444444444428 ], [ 112.704444444443737, -7.164222222222058 ] ] ] } },
{ "type": "Feature", "properties": { "PXLVAL": 1 }, "geometry": { "type": "Polygon", "coordinates": [ [ [ 112.667111111110444, -7.164666666666502 ], [ 112.667333333332664, -7.164666666666502 ], [ 112.667333333332664, -7.164888888888724 ], [ 112.667111111110444, -7.164888888888724 ], [ 112.667111111110444, -7.164666666666502 ] ] ] } },
{ "type": "Feature", "properties": { "PXLVAL": 1 }, "geometry": { "type": "Polygon", "coordinates": [ [ [ 112.666444444443783, -7.165333333333168 ], [ 112.666666666666003, -7.165333333333168 ], [ 112.666666666666003, -7.16555555555539 ], [ 112.666444444443783, -7.16555555555539 ], [ 112.666444444443783, -7.165333333333168 ] ] ] } },
{ "type": "Feature", "properties": { "PXLVAL": 1 }, "geometry": { "type": "Polygon", "coordinates": [ [ [ 112.701999999999302, -7.12111111111099 ], [ 112.703111111110402, -7.12111111111099 ], [ 112.703111111110402, -7.121333333333212 ], [ 112.703333333332637, -7.121333333333212 ], [ 112.703333333332637, -7.121777777777656 ], [ 112.703555555554857, -7.121777777777656 ], [ 112.703555555554857, -7.121999999999878 ], [ 112.703777777777077, -7.121999999999878 ], [ 112.703777777777077, -7.121777777777656 ], [ 112.704222222221517, -7.121777777777656 ], [ 112.704222222221517, -7.1222222222221 ], [ 112.704888888888178, -7.1222222222221 ], [ 112.704888888888178, -7.122444444444322 ], [ 112.705111111110412, -7.122444444444322 ], [ 112.705111111110412, -7.122666666666544 ], [ 112.705333333332632, -7.122666666666544 ], [ 112.705333333332632, -7.123111111110988 ], [ 112.705555555554852, -7.123111111110988 ], [ 112.705555555554852, -7.123555555555432 ], [ 112.705333333332632, -7.123555555555432 ], [ 112.705333333332632, -7.123777777777654 ], [ 112.705111111110412, -7.123777777777654 ], [ 112.705111111110412, -7.123999999999876 ], [ 112.704444444443737, -7.123999999999876 ], [ 112.704444444443737, -7.124222222222098 ], [ 112.704222222221517, -7.124222222222098 ], [ 112.704222222221517, -7.123999999999876 ], [ 112.703999999999297, -7.123999999999876 ], [ 112.703999999999297, -7.12444444444432 ], [ 112.704222222221517, -7.12444444444432 ], [ 112.704222222221517, -7.124666666666542 ], [ 112.703999999999297, -7.124666666666542 ], [ 112.703999999999297, -7.124888888888764 ], [ 112.704222222221517, -7.124888888888764 ], [ 112.704222222221517, -7.12555555555543 ], [ 112.703999999999297, -7.12555555555543 ], [ 112.703999999999297, -7.125777777777652 ], [ 112.704222222221517, -7.125777777777652 ], [ 112.704222222221517, -7.126222222222096 ], [ 112.703999999999297, -7.126222222222096 ], [ 112.703999999999297, -7.127111111110984 ], [ 112.703777777777077, -7.127111111110984 ], [ 112.703777777777077, -7.12666666666654 ], [ 112.703333333332637, -7.12666666666654 ], [ 112.703333333332637, -7.127333333333206 ], [ 112.703777777777077, -7.127333333333206 ], [ 112.703777777777077, -7.127555555555428 ], [ 112.704444444443737, -7.127555555555428 ], [ 112.704444444443737, -7.12777777777765 ], [ 112.704666666665958, -7.12777777777765 ], [ 112.704666666665958, -7.128222222222094 ], [ 112.705111111110412, -7.128222222222094 ], [ 112.705111111110412, -7.12777777777765 ], [ 112.705333333332632, -7.12777777777765 ], [ 112.705333333332632, -7.127555555555428 ], [ 112.705555555554852, -7.127555555555428 ], [ 112.705555555554852, -7.127333333333206 ], [ 112.705777777777072, -7.127333333333206 ], [ 112.705777777777072, -7.12666666666654 ], [ 112.706222222221513, -7.12666666666654 ], [ 112.706222222221513, -7.128222222222094 ], [ 112.705999999999293, -7.128222222222094 ], [ 112.705999999999293, -7.128444444444316 ], [ 112.705777777777072, -7.128444444444316 ], [ 112.705777777777072, -7.128666666666538 ], [ 112.706444444443733, -7.128666666666538 ], [ 112.706444444443733, -7.129111111110982 ], [ 112.706222222221513, -7.129111111110982 ], [ 112.706222222221513, -7.129333333333204 ], [ 112.705777777777072, -7.129333333333204 ], [ 112.705777777777072, -7.129777777777648 ], [ 112.705333333332632, -7.129777777777648 ], [ 112.705333333332632, -7.129555555555426 ], [ 112.705111111110412, -7.129555555555426 ], [ 112.705111111110412, -7.129777777777648 ], [ 112.704222222221517, -7.129777777777648 ], [ 112.704222222221517, -7.130222222222092 ], [ 112.703999999999297, -7.130222222222092 ], [ 112.703999999999297, -7.130444444444314 ], [ 112.703777777777077, -7.130444444444314 ], [ 112.703777777777077, -7.130666666666536 ], [ 112.703111111110402, -7.130666666666536 ], [ 112.703111111110402, -7.130888888888758 ], [ 112.703333333332637, -7.130888888888758 ], [ 112.703333333332637, -7.13111111111098 ], [ 112.703555555554857, -7.13111111111098 ], [ 112.703555555554857, -7.131777777777646 ], [ 112.703333333332637, -7.131777777777646 ], [ 112.703333333332637, -7.13222222222209 ], [ 112.703555555554857, -7.13222222222209 ], [ 112.703555555554857, -7.132666666666534 ], [ 112.702222222221522, -7.132666666666534 ], [ 112.702222222221522, -7.133777777777644 ], [ 112.701555555554847, -7.133777777777644 ], [ 112.701555555554847, -7.133999999999866 ], [ 112.701111111110407, -7.133999999999866 ], [ 112.701111111110407, -7.134666666666532 ], [ 112.701333333332627, -7.134666666666532 ], [ 112.701333333332627, -7.13444444444431 ], [ 112.701555555554847, -7.13444444444431 ], [ 112.701555555554847, -7.135333333333198 ], [ 112.701111111110407, -7.135333333333198 ], [ 112.701111111110407, -7.135777777777642 ], [ 112.701777777777082, -7.135777777777642 ], [ 112.701777777777082, -7.13444444444431 ], [ 112.701999999999302, -7.13444444444431 ], [ 112.701999999999302, -7.134666666666532 ], [ 112.703111111110402, -7.134666666666532 ], [ 112.703111111110402, -7.135333333333198 ], [ 112.702666666665962, -7.135333333333198 ], [ 112.702666666665962, -7.13555555555542 ], [ 112.703333333332637, -7.13555555555542 ], [ 112.703333333332637, -7.136222222222086 ], [ 112.703111111110402, -7.136222222222086 ], [ 112.703111111110402, -7.136444444444308 ], [ 112.703333333332637, -7.136444444444308 ], [ 112.703333333332637, -7.13666666666653 ], [ 112.703111111110402, -7.13666666666653 ], [ 112.703111111110402, -7.136888888888752 ], [ 112.702888888888182, -7.136888888888752 ], [ 112.702888888888182, -7.137111111110974 ], [ 112.702666666665962, -7.137111111110974 ], [ 112.702666666665962, -7.136888888888752 ], [ 112.702444444443742, -7.136888888888752 ], [ 112.702444444443742, -7.136222222222086 ], [ 112.701999999999302, -7.136222222222086 ], [ 112.701999999999302, -7.137333333333196 ], [ 112.701777777777082, -7.137333333333196 ], [ 112.701777777777082, -7.138222222222084 ], [ 112.702666666665962, -7.138222222222084 ], [ 112.702666666665962, -7.138666666666528 ], [ 112.702222222221522, -7.138666666666528 ], [ 112.702222222221522, -7.139111111110972 ], [ 112.702666666665962, -7.139111111110972 ], [ 112.702666666665962, -7.139333333333194 ], [ 112.702222222221522, -7.139333333333194 ], [ 112.702222222221522, -7.139777777777638 ], [ 112.701999999999302, -7.139777777777638 ], [ 112.701999999999302, -7.13999999999986 ], [ 112.701777777777082, -7.13999999999986 ], [ 112.701777777777082, -7.140444444444304 ], [ 112.701333333332627, -7.140444444444304 ], [ 112.701333333332627, -7.140222222222082 ], [ 112.701111111110407, -7.140222222222082 ], [ 112.701111111110407, -7.140444444444304 ], [ 112.700444444443747, -7.140444444444304 ], [ 112.700444444443747, -7.140666666666526 ], [ 112.700222222221527, -7.140666666666526 ], [ 112.700222222221527, -7.13999999999986 ], [ 112.699777777777072, -7.13999999999986 ], [ 112.699777777777072, -7.139777777777638 ], [ 112.699555555554852, -7.139777777777638 ], [ 112.699555555554852, -7.13999999999986 ], [ 112.699111111110412, -7.13999999999986 ], [ 112.699111111110412, -7.139777777777638 ], [ 112.698888888888192, -7.139777777777638 ], [ 112.698888888888192, -7.140444444444304 ], [ 112.698666666665972, -7.140444444444304 ], [ 112.698666666665972, -7.140222222222082 ], [ 112.698444444443751, -7.140222222222082 ], [ 112.698444444443751, -7.140666666666526 ], [ 112.698222222221517, -7.140666666666526 ], [ 112.698222222221517, -7.14111111111097 ], [ 112.697999999999297, -7.14111111111097 ], [ 112.697999999999297, -7.141333333333192 ], [ 112.698444444443751, -7.141333333333192 ], [ 112.698444444443751, -7.140888888888748 ], [ 112.699111111110412, -7.140888888888748 ], [ 112.699111111110412, -7.14111111111097 ], [ 112.699333333332632, -7.14111111111097 ], [ 112.699333333332632, -7.141333333333192 ], [ 112.699555555554852, -7.141333333333192 ], [ 112.699555555554852, -7.14111111111097 ], [ 112.699777777777072, -7.14111111111097 ], [ 112.699777777777072, -7.141555555555414 ], [ 112.700222222221527, -7.141555555555414 ], [ 112.700222222221527, -7.141333333333192 ], [ 112.700666666665967, -7.141333333333192 ], [ 112.700666666665967, -7.14111111111097 ], [ 112.700444444443747, -7.14111111111097 ], [ 112.700444444443747, -7.140888888888748 ], [ 112.700888888888187, -7.140888888888748 ], [ 112.700888888888187, -7.14111111111097 ], [ 112.701333333332627, -7.14111111111097 ], [ 112.701333333332627, -7.140888888888748 ], [ 112.701555555554847, -7.140888888888748 ], [ 112.701555555554847, -7.141333333333192 ], [ 112.701111111110407, -7.141333333333192 ], [ 112.701111111110407, -7.141777777777636 ], [ 112.701777777777082, -7.141777777777636 ], [ 112.701777777777082, -7.141999999999858 ], [ 112.701999999999302, -7.141999999999858 ], [ 112.701999999999302, -7.14222222222208 ], [ 112.701777777777082, -7.14222222222208 ], [ 112.701777777777082, -7.142444444444302 ], [ 112.701555555554847, -7.142444444444302 ], [ 112.701555555554847, -7.141999999999858 ], [ 112.701111111110407, -7.141999999999858 ], [ 112.701111111110407, -7.142444444444302 ], [ 112.700666666665967, -7.142444444444302 ], [ 112.700666666665967, -7.142666666666524 ], [ 112.700222222221527, -7.142666666666524 ], [ 112.700222222221527, -7.142444444444302 ], [ 112.699999999999307, -7.142444444444302 ], [ 112.699999999999307, -7.14222222222208 ], [ 112.699777777777072, -7.14222222222208 ], [ 112.699777777777072, -7.142666666666524 ], [ 112.699333333332632, -7.142666666666524 ], [ 112.699333333332632, -7.143111111110968 ], [ 112.699999999999307, -7.143111111110968 ], [ 112.699999999999307, -7.142888888888746 ], [ 112.700222222221527, -7.142888888888746 ], [ 112.700222222221527, -7.14333333333319 ], [ 112.699777777777072, -7.14333333333319 ], [ 112.699777777777072, -7.143777777777634 ], [ 112.699555555554852, -7.143777777777634 ], [ 112.699555555554852, -7.1444444444443 ], [ 112.699333333332632, -7.1444444444443 ], [ 112.699333333332632, -7.144666666666522 ], [ 112.698666666665972, -7.144666666666522 ], [ 112.698666666665972, -7.1444444444443 ], [ 112.698444444443751, -7.1444444444443 ], [ 112.698444444443751, -7.144666666666522 ], [ 112.698222222221517, -7.144666666666522 ], [ 112.698222222221517, -7.145333333333188 ], [ 112.697777777777077, -7.145333333333188 ], [ 112.697777777777077, -7.14555555555541 ], [ 112.697999999999297, -7.14555555555541 ], [ 112.697999999999297, -7.145777777777632 ], [ 112.698222222221517, -7.145777777777632 ], [ 112.698222222221517, -7.14555555555541 ], [ 112.698444444443751, -7.14555555555541 ], [ 112.698444444443751, -7.145777777777632 ], [ 112.698666666665972, -7.145777777777632 ], [ 112.698666666665972, -7.146222222222076 ], [ 112.698222222221517, -7.146222222222076 ], [ 112.698222222221517, -7.145999999999854 ], [ 112.697999999999297, -7.145999999999854 ], [ 112.697999999999297, -7.146444444444298 ], [ 112.697555555554857, -7.146444444444298 ], [ 112.697555555554857, -7.147333333333186 ], [ 112.697333333332637, -7.147333333333186 ], [ 112.697333333332637, -7.147999999999852 ], [ 112.696888888888196, -7.147999999999852 ], [ 112.696888888888196, -7.14777777777763 ], [ 112.696444444443742, -7.14777777777763 ], [ 112.696444444443742, -7.147555555555408 ], [ 112.695777777777081, -7.147555555555408 ], [ 112.695777777777081, -7.14777777777763 ], [ 112.695555555554861, -7.14777777777763 ], [ 112.695555555554861, -7.148222222222074 ], [ 112.696222222221522, -7.148222222222074 ], [ 112.696222222221522, -7.147999999999852 ], [ 112.696666666665976, -7.147999999999852 ], [ 112.696666666665976, -7.148444444444296 ], [ 112.697333333332637, -7.148444444444296 ], [ 112.697333333332637, -7.148666666666518 ], [ 112.697555555554857, -7.148666666666518 ], [ 112.697555555554857, -7.149111111110962 ], [ 112.697333333332637, -7.149111111110962 ], [ 112.697333333332637, -7.149555555555406 ], [ 112.697111111110416, -7.149555555555406 ], [ 112.697111111110416, -7.14999999999985 ], [ 112.696444444443742, -7.14999999999985 ], [ 112.696444444443742, -7.149555555555406 ], [ 112.695999999999302, -7.149555555555406 ], [ 112.695999999999302, -7.14999999999985 ], [ 112.695333333332641, -7.14999999999985 ], [ 112.695333333332641, -7.150222222222072 ], [ 112.695555555554861, -7.150222222222072 ], [ 112.695555555554861, -7.150666666666516 ], [ 112.695777777777081, -7.150666666666516 ], [ 112.695777777777081, -7.15111111111096 ], [ 112.696222222221522, -7.15111111111096 ], [ 112.696222222221522, -7.151333333333182 ], [ 112.695777777777081, -7.151333333333182 ], [ 112.695777777777081, -7.151777777777626 ], [ 112.696222222221522, -7.151777777777626 ], [ 112.696222222221522, -7.151555555555404 ], [ 112.696666666665976, -7.151555555555404 ], [ 112.696666666665976, -7.151777777777626 ], [ 112.696888888888196, -7.151777777777626 ], [ 112.696888888888196, -7.151999999999848 ], [ 112.696666666665976, -7.151999999999848 ], [ 112.696666666665976, -7.152444444444292 ], [ 112.697111111110416, -7.152444444444292 ], [ 112.697111111110416, -7.153111111110958 ], [ 112.696888888888196, -7.153111111110958 ], [ 112.696888888888196, -7.15333333333318 ], [ 112.697333333332637, -7.15333333333318 ], [ 112.697333333332637, -7.153777777777624 ], [ 112.697111111110416, -7.153777777777624 ], [ 112.697111111110416, -7.153999999999846 ], [ 112.697333333332637, -7.153999999999846 ], [ 112.697333333332637, -7.15444444444429 ], [ 112.697555555554857, -7.15444444444429 ], [ 112.697555555554857, -7.154666666666512 ], [ 112.698666666665972, -7.154666666666512 ], [ 112.698666666665972, -7.154888888888734 ], [ 112.698888888888192, -7.154888888888734 ], [ 112.698888888888192, -7.155333333333178 ], [ 112.698666666665972, -7.155333333333178 ], [ 112.698666666665972, -7.1555555555554 ], [ 112.699111111110412, -7.1555555555554 ], [ 112.699111111110412, -7.155777777777622 ], [ 112.699777777777072, -7.155777777777622 ], [ 112.699777777777072, -7.155333333333178 ], [ 112.699555555554852, -7.155333333333178 ], [ 112.699555555554852, -7.1555555555554 ], [ 112.699333333332632, -7.1555555555554 ], [ 112.699333333332632, -7.155333333333178 ], [ 112.699111111110412, -7.155333333333178 ], [ 112.699111111110412, -7.155111111110956 ], [ 112.699777777777072, -7.155111111110956 ], [ 112.699777777777072, -7.154888888888734 ], [ 112.699999999999307, -7.154888888888734 ], [ 112.699999999999307, -7.155333333333178 ], [ 112.700222222221527, -7.155333333333178 ], [ 112.700222222221527, -7.155777777777622 ], [ 112.699999999999307, -7.155777777777622 ], [ 112.699999999999307, -7.156444444444288 ], [ 112.700222222221527, -7.156444444444288 ], [ 112.700222222221527, -7.15666666666651 ], [ 112.700444444443747, -7.15666666666651 ], [ 112.700444444443747, -7.157333333333176 ], [ 112.700888888888187, -7.157333333333176 ], [ 112.700888888888187, -7.157555555555398 ], [ 112.701111111110407, -7.157555555555398 ], [ 112.701111111110407, -7.157333333333176 ], [ 112.701333333332627, -7.157333333333176 ], [ 112.701333333332627, -7.157111111110954 ], [ 112.701999999999302, -7.157111111110954 ], [ 112.701999999999302, -7.157333333333176 ], [ 112.702222222221522, -7.157333333333176 ], [ 112.702222222221522, -7.157111111110954 ], [ 112.703333333332637, -7.157111111110954 ], [ 112.703333333332637, -7.157333333333176 ], [ 112.703777777777077, -7.157333333333176 ], [ 112.703777777777077, -7.157555555555398 ], [ 112.703555555554857, -7.157555555555398 ], [ 112.703555555554857, -7.157999999999842 ], [ 112.703999999999297, -7.157999999999842 ], [ 112.703999999999297, -7.15777777777762 ], [ 112.704666666665958, -7.15777777777762 ], [ 112.704666666665958, -7.158666666666508 ], [ 112.704444444443737, -7.158666666666508 ], [ 112.704444444443737, -7.15999999999984 ], [ 112.704222222221517, -7.15999999999984 ], [ 112.704222222221517, -7.160222222222062 ], [ 112.703999999999297, -7.160222222222062 ], [ 112.703999999999297, -7.160444444444284 ], [ 112.703777777777077, -7.160444444444284 ], [ 112.703777777777077, -7.16111111111095 ], [ 112.703999999999297, -7.16111111111095 ], [ 112.703999999999297, -7.161333333333172 ], [ 112.704222222221517, -7.161333333333172 ], [ 112.704222222221517, -7.16111111111095 ], [ 112.704666666665958, -7.16111111111095 ], [ 112.704666666665958, -7.160888888888728 ], [ 112.705111111110412, -7.160888888888728 ], [ 112.705111111110412, -7.16111111111095 ], [ 112.705777777777072, -7.16111111111095 ], [ 112.705777777777072, -7.161777777777616 ], [ 112.706222222221513, -7.161777777777616 ], [ 112.706222222221513, -7.161333333333172 ], [ 112.706666666665967, -7.161333333333172 ], [ 112.706666666665967, -7.161555555555394 ], [ 112.706888888888187, -7.161555555555394 ], [ 112.706888888888187, -7.161999999999838 ], [ 112.706666666665967, -7.161999999999838 ], [ 112.706666666665967, -7.161777777777616 ], [ 112.706444444443733, -7.161777777777616 ], [ 112.706444444443733, -7.162444444444282 ], [ 112.706666666665967, -7.162444444444282 ], [ 112.706666666665967, -7.16222222222206 ], [ 112.706888888888187, -7.16222222222206 ], [ 112.706888888888187, -7.162888888888726 ], [ 112.707111111110407, -7.162888888888726 ], [ 112.707111111110407, -7.16222222222206 ], [ 112.707555555554848, -7.16222222222206 ], [ 112.707555555554848, -7.162888888888726 ], [ 112.707333333332627, -7.162888888888726 ], [ 112.707333333332627, -7.16333333333317 ], [ 112.707111111110407, -7.16333333333317 ], [ 112.707111111110407, -7.163555555555392 ], [ 112.706444444443733, -7.163555555555392 ], [ 112.706444444443733, -7.16444444444428 ], [ 112.706666666665967, -7.16444444444428 ], [ 112.706666666665967, -7.164888888888724 ], [ 112.707555555554848, -7.164888888888724 ], [ 112.707555555554848, -7.165333333333168 ], [ 112.707777777777068, -7.165333333333168 ], [ 112.707777777777068, -7.164888888888724 ], [ 112.707999999999288, -7.164888888888724 ], [ 112.707999999999288, -7.16333333333317 ], [ 112.708444444443742, -7.16333333333317 ], [ 112.708444444443742, -7.162888888888726 ], [ 112.709777777777063, -7.162888888888726 ], [ 112.709777777777063, -7.163111111110948 ], [ 112.709555555554843, -7.163111111110948 ], [ 112.709555555554843, -7.16333333333317 ], [ 112.709999999999283, -7.16333333333317 ], [ 112.709999999999283, -7.16444444444428 ], [ 112.709777777777063, -7.16444444444428 ], [ 112.709777777777063, -7.164888888888724 ], [ 112.710222222221518, -7.164888888888724 ], [ 112.710222222221518, -7.165111111110946 ], [ 112.710444444443738, -7.165111111110946 ], [ 112.710444444443738, -7.164888888888724 ], [ 112.710666666665958, -7.164888888888724 ], [ 112.710666666665958, -7.164666666666502 ], [ 112.710222222221518, -7.164666666666502 ], [ 112.710222222221518, -7.16444444444428 ], [ 112.710444444443738, -7.16444444444428 ], [ 112.710444444443738, -7.163555555555392 ], [ 112.711333333332618, -7.163555555555392 ], [ 112.711333333332618, -7.163777777777614 ], [ 112.711555555554838, -7.163777777777614 ], [ 112.711555555554838, -7.163999999999836 ], [ 112.711777777777073, -7.163999999999836 ], [ 112.711777777777073, -7.164222222222058 ], [ 112.712444444443733, -7.164222222222058 ], [ 112.712444444443733, -7.16444444444428 ], [ 112.713333333332614, -7.16444444444428 ], [ 112.713333333332614, -7.164666666666502 ], [ 112.713999999999288, -7.164666666666502 ], [ 112.713999999999288, -7.16444444444428 ], [ 112.714222222221508, -7.16444444444428 ], [ 112.714222222221508, -7.164222222222058 ], [ 112.714444444443728, -7.164222222222058 ], [ 112.714444444443728, -7.16444444444428 ], [ 112.715111111110403, -7.16444444444428 ], [ 112.715111111110403, -7.164222222222058 ], [ 112.715555555554843, -7.164222222222058 ], [ 112.715555555554843, -7.16444444444428 ], [ 112.715777777777063, -7.16444444444428 ], [ 112.715777777777063, -7.164666666666502 ], [ 112.715555555554843, -7.164666666666502 ], [ 112.715555555554843, -7.165111111110946 ], [ 112.715333333332623, -7.165111111110946 ], [ 112.715333333332623, -7.16555555555539 ], [ 112.715999999999283, -7.16555555555539 ], [ 112.715999999999283, -7.165777777777612 ], [ 112.715777777777063, -7.165777777777612 ], [ 112.715777777777063, -7.166222222222056 ], [ 112.716222222221504, -7.166222222222056 ], [ 112.716222222221504, -7.166444444444278 ], [ 112.716444444443724, -7.166444444444278 ], [ 112.716444444443724, -7.167333333333166 ], [ 112.716666666665944, -7.167333333333166 ], [ 112.716666666665944, -7.167555555555388 ], [ 112.717333333332618, -7.167555555555388 ], [ 112.717333333332618, -7.16777777777761 ], [ 112.717111111110398, -7.16777777777761 ], [ 112.717111111110398, -7.167999999999832 ], [ 112.717555555554839, -7.167999999999832 ], [ 112.717555555554839, -7.168222222222054 ], [ 112.717777777777059, -7.168222222222054 ], [ 112.717777777777059, -7.168666666666498 ], [ 112.717999999999279, -7.168666666666498 ], [ 112.717999999999279, -7.169111111110942 ], [ 112.718888888888173, -7.169111111110942 ], [ 112.718888888888173, -7.169333333333164 ], [ 112.719111111110394, -7.169333333333164 ], [ 112.719111111110394, -7.169555555555386 ], [ 112.719333333332614, -7.169555555555386 ], [ 112.719333333332614, -7.169777777777608 ], [ 112.719999999999274, -7.169777777777608 ], [ 112.719999999999274, -7.16999999999983 ], [ 112.720222222221508, -7.16999999999983 ], [ 112.720222222221508, -7.170222222222052 ], [ 112.720444444443729, -7.170222222222052 ], [ 112.720444444443729, -7.171333333333162 ], [ 112.720666666665949, -7.171333333333162 ], [ 112.720666666665949, -7.171555555555384 ], [ 112.720888888888169, -7.171555555555384 ], [ 112.720888888888169, -7.171777777777606 ], [ 112.721111111110389, -7.171777777777606 ], [ 112.721111111110389, -7.17222222222205 ], [ 112.721333333332609, -7.17222222222205 ], [ 112.721333333332609, -7.172444444444272 ], [ 112.721111111110389, -7.172444444444272 ], [ 112.721111111110389, -7.17333333333316 ], [ 112.720666666665949, -7.17333333333316 ], [ 112.720666666665949, -7.173555555555382 ], [ 112.720444444443729, -7.173555555555382 ], [ 112.720444444443729, -7.173777777777604 ], [ 112.720666666665949, -7.173777777777604 ], [ 112.720666666665949, -7.173999999999826 ], [ 112.721111111110389, -7.173999999999826 ], [ 112.721111111110389, -7.17444444444427 ], [ 112.721333333332609, -7.17444444444427 ], [ 112.721333333332609, -7.175333333333158 ], [ 112.720666666665949, -7.175333333333158 ], [ 112.720666666665949, -7.175111111110936 ], [ 112.720444444443729, -7.175111111110936 ], [ 112.720444444443729, -7.174666666666492 ], [ 112.719555555554834, -7.174666666666492 ], [ 112.719555555554834, -7.173777777777604 ], [ 112.719333333332614, -7.173777777777604 ], [ 112.719333333332614, -7.173999999999826 ], [ 112.718666666665953, -7.173999999999826 ], [ 112.718666666665953, -7.172666666666494 ], [ 112.718222222221499, -7.172666666666494 ], [ 112.718222222221499, -7.171777777777606 ], [ 112.717999999999279, -7.171777777777606 ], [ 112.717999999999279, -7.171555555555384 ], [ 112.716888888888178, -7.171555555555384 ], [ 112.716888888888178, -7.171333333333162 ], [ 112.716666666665944, -7.171333333333162 ], [ 112.716666666665944, -7.17111111111094 ], [ 112.716222222221504, -7.17111111111094 ], [ 112.716222222221504, -7.170888888888718 ], [ 112.715777777777063, -7.170888888888718 ], [ 112.715777777777063, -7.170444444444274 ], [ 112.715333333332623, -7.170444444444274 ], [ 112.715333333332623, -7.170222222222052 ], [ 112.714222222221508, -7.170222222222052 ], [ 112.714222222221508, -7.16999999999983 ], [ 112.713999999999288, -7.16999999999983 ], [ 112.713999999999288, -7.169777777777608 ], [ 112.713555555554848, -7.169777777777608 ], [ 112.713555555554848, -7.169555555555386 ], [ 112.713111111110393, -7.169555555555386 ], [ 112.713111111110393, -7.169333333333164 ], [ 112.711777777777073, -7.169333333333164 ], [ 112.711777777777073, -7.169111111110942 ], [ 112.710666666665958, -7.169111111110942 ], [ 112.710666666665958, -7.16888888888872 ], [ 112.710444444443738, -7.16888888888872 ], [ 112.710444444443738, -7.168666666666498 ], [ 112.709999999999283, -7.168666666666498 ], [ 112.709999999999283, -7.168444444444276 ], [ 112.708444444443742, -7.168444444444276 ], [ 112.708444444443742, -7.168222222222054 ], [ 112.707777777777068, -7.168222222222054 ], [ 112.707777777777068, -7.167999999999832 ], [ 112.707555555554848, -7.167999999999832 ], [ 112.707555555554848, -7.167555555555388 ], [ 112.707111111110407, -7.167555555555388 ], [ 112.707111111110407, -7.167333333333166 ], [ 112.706666666665967, -7.167333333333166 ], [ 112.706666666665967, -7.167111111110944 ], [ 112.705777777777072, -7.167111111110944 ], [ 112.705777777777072, -7.1666666666665 ], [ 112.705333333332632, -7.1666666666665 ], [ 112.705333333332632, -7.166888888888722 ], [ 112.705111111110412, -7.166888888888722 ], [ 112.705111111110412, -7.1666666666665 ], [ 112.704444444443737, -7.1666666666665 ], [ 112.704444444443737, -7.166444444444278 ], [ 112.704222222221517, -7.166444444444278 ], [ 112.704222222221517, -7.166222222222056 ], [ 112.703999999999297, -7.166222222222056 ], [ 112.703999999999297, -7.165999999999834 ], [ 112.703555555554857, -7.165999999999834 ], [ 112.703555555554857, -7.165777777777612 ], [ 112.703333333332637, -7.165777777777612 ], [ 112.703333333332637, -7.16555555555539 ], [ 112.703111111110402, -7.16555555555539 ], [ 112.703111111110402, -7.164888888888724 ], [ 112.702666666665962, -7.164888888888724 ], [ 112.702666666665962, -7.164666666666502 ], [ 112.702222222221522, -7.164666666666502 ], [ 112.702222222221522, -7.16444444444428 ], [ 112.701999999999302, -7.16444444444428 ], [ 112.701999999999302, -7.164222222222058 ], [ 112.701777777777082, -7.164222222222058 ], [ 112.701777777777082, -7.163999999999836 ], [ 112.701555555554847, -7.163999999999836 ], [ 112.701555555554847, -7.163111111110948 ], [ 112.701777777777082, -7.163111111110948 ], [ 112.701777777777082, -7.162888888888726 ], [ 112.701999999999302, -7.162888888888726 ], [ 112.701999999999302, -7.162666666666504 ], [ 112.702222222221522, -7.162666666666504 ], [ 112.702222222221522, -7.163111111110948 ], [ 112.702888888888182, -7.163111111110948 ], [ 112.702888888888182, -7.16333333333317 ], [ 112.703555555554857, -7.16333333333317 ], [ 112.703555555554857, -7.162666666666504 ], [ 112.702888888888182, -7.162666666666504 ], [ 112.702888888888182, -7.162444444444282 ], [ 112.702666666665962, -7.162444444444282 ], [ 112.702666666665962, -7.161999999999838 ], [ 112.703333333332637, -7.161999999999838 ], [ 112.703333333332637, -7.161555555555394 ], [ 112.703555555554857, -7.161555555555394 ], [ 112.703555555554857, -7.16111111111095 ], [ 112.703111111110402, -7.16111111111095 ], [ 112.703111111110402, -7.160666666666506 ], [ 112.702444444443742, -7.160666666666506 ], [ 112.702444444443742, -7.160888888888728 ], [ 112.702222222221522, -7.160888888888728 ], [ 112.702222222221522, -7.16111111111095 ], [ 112.702444444443742, -7.16111111111095 ], [ 112.702444444443742, -7.161333333333172 ], [ 112.702222222221522, -7.161333333333172 ], [ 112.702222222221522, -7.161555555555394 ], [ 112.701777777777082, -7.161555555555394 ], [ 112.701777777777082, -7.161333333333172 ], [ 112.701555555554847, -7.161333333333172 ], [ 112.701555555554847, -7.161555555555394 ], [ 112.701333333332627, -7.161555555555394 ], [ 112.701333333332627, -7.161777777777616 ], [ 112.701111111110407, -7.161777777777616 ], [ 112.701111111110407, -7.161999999999838 ], [ 112.700666666665967, -7.161999999999838 ], [ 112.700666666665967, -7.161777777777616 ], [ 112.700222222221527, -7.161777777777616 ], [ 112.700222222221527, -7.161555555555394 ], [ 112.699999999999307, -7.161555555555394 ], [ 112.699999999999307, -7.161333333333172 ], [ 112.699777777777072, -7.161333333333172 ], [ 112.699777777777072, -7.16111111111095 ], [ 112.699555555554852, -7.16111111111095 ], [ 112.699555555554852, -7.160666666666506 ], [ 112.698888888888192, -7.160666666666506 ], [ 112.698888888888192, -7.160222222222062 ], [ 112.699777777777072, -7.160222222222062 ], [ 112.699777777777072, -7.15999999999984 ], [ 112.699555555554852, -7.15999999999984 ], [ 112.699555555554852, -7.159777777777618 ], [ 112.699333333332632, -7.159777777777618 ], [ 112.699333333332632, -7.159333333333174 ], [ 112.699555555554852, -7.159333333333174 ], [ 112.699555555554852, -7.15888888888873 ], [ 112.699111111110412, -7.15888888888873 ], [ 112.699111111110412, -7.159333333333174 ], [ 112.698888888888192, -7.159333333333174 ], [ 112.698888888888192, -7.159555555555396 ], [ 112.698666666665972, -7.159555555555396 ], [ 112.698666666665972, -7.15999999999984 ], [ 112.698222222221517, -7.15999999999984 ], [ 112.698222222221517, -7.159777777777618 ], [ 112.697999999999297, -7.159777777777618 ], [ 112.697999999999297, -7.159555555555396 ], [ 112.697777777777077, -7.159555555555396 ], [ 112.697777777777077, -7.159111111110952 ], [ 112.697111111110416, -7.159111111110952 ], [ 112.697111111110416, -7.158666666666508 ], [ 112.696888888888196, -7.158666666666508 ], [ 112.696888888888196, -7.158444444444286 ], [ 112.696444444443742, -7.158444444444286 ], [ 112.696444444443742, -7.15777777777762 ], [ 112.695999999999302, -7.15777777777762 ], [ 112.695999999999302, -7.157555555555398 ], [ 112.695777777777081, -7.157555555555398 ], [ 112.695777777777081, -7.157333333333176 ], [ 112.695999999999302, -7.157333333333176 ], [ 112.695999999999302, -7.157111111110954 ], [ 112.695777777777081, -7.157111111110954 ], [ 112.695777777777081, -7.156888888888732 ], [ 112.695999999999302, -7.156888888888732 ], [ 112.695999999999302, -7.15666666666651 ], [ 112.695777777777081, -7.15666666666651 ], [ 112.695777777777081, -7.156222222222066 ], [ 112.695555555554861, -7.156222222222066 ], [ 112.695555555554861, -7.155333333333178 ], [ 112.695333333332641, -7.155333333333178 ], [ 112.695333333332641, -7.155111111110956 ], [ 112.695111111110421, -7.155111111110956 ], [ 112.695111111110421, -7.154666666666512 ], [ 112.695333333332641, -7.154666666666512 ], [ 112.695333333332641, -7.15444444444429 ], [ 112.695555555554861, -7.15444444444429 ], [ 112.695555555554861, -7.154222222222068 ], [ 112.694444444443747, -7.154222222222068 ], [ 112.694444444443747, -7.153999999999846 ], [ 112.693777777777086, -7.153999999999846 ], [ 112.693777777777086, -7.154222222222068 ], [ 112.693333333332646, -7.154222222222068 ], [ 112.693333333332646, -7.153999999999846 ], [ 112.692666666665971, -7.153999999999846 ], [ 112.692666666665971, -7.153555555555402 ], [ 112.691777777777091, -7.153555555555402 ], [ 112.691777777777091, -7.153111111110958 ], [ 112.692222222221531, -7.153111111110958 ], [ 112.692222222221531, -7.151777777777626 ], [ 112.691999999999311, -7.151777777777626 ], [ 112.691999999999311, -7.151333333333182 ], [ 112.692222222221531, -7.151333333333182 ], [ 112.692222222221531, -7.15111111111096 ], [ 112.691999999999311, -7.15111111111096 ], [ 112.691999999999311, -7.150222222222072 ], [ 112.692222222221531, -7.150222222222072 ], [ 112.692222222221531, -7.149555555555406 ], [ 112.691999999999311, -7.149555555555406 ], [ 112.691999999999311, -7.14888888888874 ], [ 112.692222222221531, -7.14888888888874 ], [ 112.692222222221531, -7.148444444444296 ], [ 112.691999999999311, -7.148444444444296 ], [ 112.691999999999311, -7.147555555555408 ], [ 112.692222222221531, -7.147555555555408 ], [ 112.692222222221531, -7.147111111110964 ], [ 112.692444444443751, -7.147111111110964 ], [ 112.692444444443751, -7.14666666666652 ], [ 112.692666666665971, -7.14666666666652 ], [ 112.692666666665971, -7.146444444444298 ], [ 112.692444444443751, -7.146444444444298 ], [ 112.692444444443751, -7.146222222222076 ], [ 112.692666666665971, -7.146222222222076 ], [ 112.692666666665971, -7.145777777777632 ], [ 112.692888888888191, -7.145777777777632 ], [ 112.692888888888191, -7.14555555555541 ], [ 112.693111111110412, -7.14555555555541 ], [ 112.693111111110412, -7.144888888888744 ], [ 112.693333333332646, -7.144888888888744 ], [ 112.693333333332646, -7.143777777777634 ], [ 112.693555555554866, -7.143777777777634 ], [ 112.693555555554866, -7.143555555555412 ], [ 112.693777777777086, -7.143555555555412 ], [ 112.693777777777086, -7.143111111110968 ], [ 112.694222222221526, -7.143111111110968 ], [ 112.694222222221526, -7.142666666666524 ], [ 112.694444444443747, -7.142666666666524 ], [ 112.694444444443747, -7.142444444444302 ], [ 112.693999999999306, -7.142444444444302 ], [ 112.693999999999306, -7.14222222222208 ], [ 112.694222222221526, -7.14222222222208 ], [ 112.694222222221526, -7.141999999999858 ], [ 112.694444444443747, -7.141999999999858 ], [ 112.694444444443747, -7.141777777777636 ], [ 112.694666666665967, -7.141777777777636 ], [ 112.694666666665967, -7.141999999999858 ], [ 112.695111111110421, -7.141999999999858 ], [ 112.695111111110421, -7.140888888888748 ], [ 112.695777777777081, -7.140888888888748 ], [ 112.695777777777081, -7.140666666666526 ], [ 112.695999999999302, -7.140666666666526 ], [ 112.695999999999302, -7.140222222222082 ], [ 112.695777777777081, -7.140222222222082 ], [ 112.695777777777081, -7.13999999999986 ], [ 112.695333333332641, -7.13999999999986 ], [ 112.695333333332641, -7.139555555555416 ], [ 112.695555555554861, -7.139555555555416 ], [ 112.695555555554861, -7.139111111110972 ], [ 112.696444444443742, -7.139111111110972 ], [ 112.696444444443742, -7.138666666666528 ], [ 112.696888888888196, -7.138666666666528 ], [ 112.696888888888196, -7.138222222222084 ], [ 112.696666666665976, -7.138222222222084 ], [ 112.696666666665976, -7.137333333333196 ], [ 112.696888888888196, -7.137333333333196 ], [ 112.696888888888196, -7.137111111110974 ], [ 112.697333333332637, -7.137111111110974 ], [ 112.697333333332637, -7.136888888888752 ], [ 112.697777777777077, -7.136888888888752 ], [ 112.697777777777077, -7.13666666666653 ], [ 112.698222222221517, -7.13666666666653 ], [ 112.698222222221517, -7.136444444444308 ], [ 112.697999999999297, -7.136444444444308 ], [ 112.697999999999297, -7.135777777777642 ], [ 112.697777777777077, -7.135777777777642 ], [ 112.697777777777077, -7.13555555555542 ], [ 112.697555555554857, -7.13555555555542 ], [ 112.697555555554857, -7.135333333333198 ], [ 112.697333333332637, -7.135333333333198 ], [ 112.697333333332637, -7.13444444444431 ], [ 112.697555555554857, -7.13444444444431 ], [ 112.697555555554857, -7.134222222222088 ], [ 112.697333333332637, -7.134222222222088 ], [ 112.697333333332637, -7.133777777777644 ], [ 112.697555555554857, -7.133777777777644 ], [ 112.697555555554857, -7.133111111110978 ], [ 112.697777777777077, -7.133111111110978 ], [ 112.697777777777077, -7.132888888888756 ], [ 112.698222222221517, -7.132888888888756 ], [ 112.698222222221517, -7.132666666666534 ], [ 112.697999999999297, -7.132666666666534 ], [ 112.697999999999297, -7.13222222222209 ], [ 112.698222222221517, -7.13222222222209 ], [ 112.698222222221517, -7.131999999999868 ], [ 112.698666666665972, -7.131999999999868 ], [ 112.698666666665972, -7.13111111111098 ], [ 112.698888888888192, -7.13111111111098 ], [ 112.698888888888192, -7.130666666666536 ], [ 112.699333333332632, -7.130666666666536 ], [ 112.699333333332632, -7.130222222222092 ], [ 112.699555555554852, -7.130222222222092 ], [ 112.699555555554852, -7.12999999999987 ], [ 112.699777777777072, -7.12999999999987 ], [ 112.699777777777072, -7.129111111110982 ], [ 112.699555555554852, -7.129111111110982 ], [ 112.699555555554852, -7.128444444444316 ], [ 112.699777777777072, -7.128444444444316 ], [ 112.699777777777072, -7.127111111110984 ], [ 112.699999999999307, -7.127111111110984 ], [ 112.699999999999307, -7.125999999999874 ], [ 112.700222222221527, -7.125999999999874 ], [ 112.700222222221527, -7.125777777777652 ], [ 112.700444444443747, -7.125777777777652 ], [ 112.700444444443747, -7.125111111110986 ], [ 112.700666666665967, -7.125111111110986 ], [ 112.700666666665967, -7.125333333333208 ], [ 112.700888888888187, -7.125333333333208 ], [ 112.700888888888187, -7.124666666666542 ], [ 112.700666666665967, -7.124666666666542 ], [ 112.700666666665967, -7.123999999999876 ], [ 112.700888888888187, -7.123999999999876 ], [ 112.700888888888187, -7.12333333333321 ], [ 112.701111111110407, -7.12333333333321 ], [ 112.701111111110407, -7.123111111110988 ], [ 112.701333333332627, -7.123111111110988 ], [ 112.701333333332627, -7.122666666666544 ], [ 112.701555555554847, -7.122666666666544 ], [ 112.701555555554847, -7.121777777777656 ], [ 112.701777777777082, -7.121777777777656 ], [ 112.701777777777082, -7.121555555555434 ], [ 112.701999999999302, -7.121555555555434 ], [ 112.701999999999302, -7.12111111111099 ] ], [ [ 112.703555555554857, -7.122444444444322 ], [ 112.703555555554857, -7.122666666666544 ], [ 112.703777777777077, -7.122666666666544 ], [ 112.703777777777077, -7.122444444444322 ], [ 112.703555555554857, -7.122444444444322 ] ], [ [ 112.704444444443737, -7.122666666666544 ], [ 112.704444444443737, -7.123111111110988 ], [ 112.705111111110412, -7.123111111110988 ], [ 112.705111111110412, -7.122666666666544 ], [ 112.704444444443737, -7.122666666666544 ] ], [ [ 112.701999999999302, -7.123111111110988 ], [ 112.701999999999302, -7.12333333333321 ], [ 112.702222222221522, -7.12333333333321 ], [ 112.702222222221522, -7.123111111110988 ], [ 112.701999999999302, -7.123111111110988 ] ], [ [ 112.703999999999297, -7.12333333333321 ], [ 112.703999999999297, -7.123555555555432 ], [ 112.704222222221517, -7.123555555555432 ], [ 112.704222222221517, -7.12333333333321 ], [ 112.703999999999297, -7.12333333333321 ] ], [ [ 112.702222222221522, -7.123555555555432 ], [ 112.702222222221522, -7.123999999999876 ], [ 112.702666666665962, -7.123999999999876 ], [ 112.702666666665962, -7.124222222222098 ], [ 112.701999999999302, -7.124222222222098 ], [ 112.701999999999302, -7.124666666666542 ], [ 112.702222222221522, -7.124666666666542 ], [ 112.702222222221522, -7.125111111110986 ], [ 112.702444444443742, -7.125111111110986 ], [ 112.702444444443742, -7.125999999999874 ], [ 112.702666666665962, -7.125999999999874 ], [ 112.702666666665962, -7.125777777777652 ], [ 112.703333333332637, -7.125777777777652 ], [ 112.703333333332637, -7.125999999999874 ], [ 112.703777777777077, -7.125999999999874 ], [ 112.703777777777077, -7.12555555555543 ], [ 112.703999999999297, -7.12555555555543 ], [ 112.703999999999297, -7.125111111110986 ], [ 112.703777777777077, -7.125111111110986 ], [ 112.703777777777077, -7.124222222222098 ], [ 112.703555555554857, -7.124222222222098 ], [ 112.703555555554857, -7.123999999999876 ], [ 112.703333333332637, -7.123999999999876 ], [ 112.703333333332637, -7.123555555555432 ], [ 112.702222222221522, -7.123555555555432 ] ], [ [ 112.702666666665962, -7.125999999999874 ], [ 112.702666666665962, -7.126222222222096 ], [ 112.703111111110402, -7.126222222222096 ], [ 112.703111111110402, -7.125999999999874 ], [ 112.702666666665962, -7.125999999999874 ] ], [ [ 112.702666666665962, -7.126444444444318 ], [ 112.702666666665962, -7.12666666666654 ], [ 112.703111111110402, -7.12666666666654 ], [ 112.703111111110402, -7.126444444444318 ], [ 112.702666666665962, -7.126444444444318 ] ], [ [ 112.701777777777082, -7.127555555555428 ], [ 112.701777777777082, -7.128222222222094 ], [ 112.701333333332627, -7.128222222222094 ], [ 112.701333333332627, -7.128444444444316 ], [ 112.701555555554847, -7.128444444444316 ], [ 112.701555555554847, -7.129111111110982 ], [ 112.701777777777082, -7.129111111110982 ], [ 112.701777777777082, -7.128666666666538 ], [ 112.701999999999302, -7.128666666666538 ], [ 112.701999999999302, -7.127555555555428 ], [ 112.701777777777082, -7.127555555555428 ] ], [ [ 112.699999999999307, -7.12777777777765 ], [ 112.699999999999307, -7.128222222222094 ], [ 112.700222222221527, -7.128222222222094 ], [ 112.700222222221527, -7.12777777777765 ], [ 112.699999999999307, -7.12777777777765 ] ], [ [ 112.703999999999297, -7.12777777777765 ], [ 112.703999999999297, -7.128222222222094 ], [ 112.703777777777077, -7.128222222222094 ], [ 112.703777777777077, -7.128444444444316 ], [ 112.704222222221517, -7.128444444444316 ], [ 112.704222222221517, -7.12777777777765 ], [ 112.703999999999297, -7.12777777777765 ] ], [ [ 112.700444444443747, -7.128666666666538 ], [ 112.700444444443747, -7.129111111110982 ], [ 112.700666666665967, -7.129111111110982 ], [ 112.700666666665967, -7.128666666666538 ], [ 112.700444444443747, -7.128666666666538 ] ], [ [ 112.702444444443742, -7.128666666666538 ], [ 112.702444444443742, -7.129333333333204 ], [ 112.702222222221522, -7.129333333333204 ], [ 112.702222222221522, -7.129777777777648 ], [ 112.702666666665962, -7.129777777777648 ], [ 112.702666666665962, -7.12999999999987 ], [ 112.702222222221522, -7.12999999999987 ], [ 112.702222222221522, -7.130222222222092 ], [ 112.703333333332637, -7.130222222222092 ], [ 112.703333333332637, -7.12999999999987 ], [ 112.703555555554857, -7.12999999999987 ], [ 112.703555555554857, -7.129111111110982 ], [ 112.703111111110402, -7.129111111110982 ], [ 112.703111111110402, -7.12888888888876 ], [ 112.702888888888182, -7.12888888888876 ], [ 112.702888888888182, -7.128666666666538 ], [ 112.702444444443742, -7.128666666666538 ] ], [ [ 112.704444444443737, -7.128666666666538 ], [ 112.704444444443737, -7.129111111110982 ], [ 112.704666666665958, -7.129111111110982 ], [ 112.704666666665958, -7.128666666666538 ], [ 112.704444444443737, -7.128666666666538 ] ], [ [ 112.705111111110412, -7.128666666666538 ], [ 112.705111111110412, -7.129111111110982 ], [ 112.705333333332632, -7.129111111110982 ], [ 112.705333333332632, -7.128666666666538 ], [ 112.705111111110412, -7.128666666666538 ] ], [ [ 112.699999999999307, -7.129111111110982 ], [ 112.699999999999307, -7.129333333333204 ], [ 112.700222222221527, -7.129333333333204 ], [ 112.700222222221527, -7.129111111110982 ], [ 112.699999999999307, -7.129111111110982 ] ], [ [ 112.701777777777082, -7.129111111110982 ], [ 112.701777777777082, -7.129333333333204 ], [ 112.702222222221522, -7.129333333333204 ], [ 112.702222222221522, -7.129111111110982 ], [ 112.701777777777082, -7.129111111110982 ] ], [ [ 112.701333333332627, -7.129333333333204 ], [ 112.701333333332627, -7.129555555555426 ], [ 112.701555555554847, -7.129555555555426 ], [ 112.701555555554847, -7.129333333333204 ], [ 112.701333333332627, -7.129333333333204 ] ], [ [ 112.700444444443747, -7.131333333333202 ], [ 112.700444444443747, -7.131777777777646 ], [ 112.699999999999307, -7.131777777777646 ], [ 112.699999999999307, -7.13222222222209 ], [ 112.700222222221527, -7.13222222222209 ], [ 112.700222222221527, -7.131999999999868 ], [ 112.700666666665967, -7.131999999999868 ], [ 112.700666666665967, -7.131333333333202 ], [ 112.700444444443747, -7.131333333333202 ] ], [ [ 112.699777777777072, -7.131555555555424 ], [ 112.699777777777072, -7.131777777777646 ], [ 112.699999999999307, -7.131777777777646 ], [ 112.699999999999307, -7.131555555555424 ], [ 112.699777777777072, -7.131555555555424 ] ], [ [ 112.701111111110407, -7.131777777777646 ], [ 112.701111111110407, -7.131999999999868 ], [ 112.701333333332627, -7.131999999999868 ], [ 112.701333333332627, -7.131777777777646 ], [ 112.701111111110407, -7.131777777777646 ] ], [ [ 112.701555555554847, -7.13222222222209 ], [ 112.701555555554847, -7.132444444444312 ], [ 112.701777777777082, -7.132444444444312 ], [ 112.701777777777082, -7.13222222222209 ], [ 112.701555555554847, -7.13222222222209 ] ], [ [ 112.698666666665972, -7.132666666666534 ], [ 112.698666666665972, -7.133111111110978 ], [ 112.699333333332632, -7.133111111110978 ], [ 112.699333333332632, -7.132666666666534 ], [ 112.698666666665972, -7.132666666666534 ] ], [ [ 112.698444444443751, -7.133111111110978 ], [ 112.698444444443751, -7.1333333333332 ], [ 112.698222222221517, -7.1333333333332 ], [ 112.698222222221517, -7.133555555555422 ], [ 112.698666666665972, -7.133555555555422 ], [ 112.698666666665972, -7.133111111110978 ], [ 112.698444444443751, -7.133111111110978 ] ], [ [ 112.697777777777077, -7.133555555555422 ], [ 112.697777777777077, -7.133777777777644 ], [ 112.697999999999297, -7.133777777777644 ], [ 112.697999999999297, -7.133555555555422 ], [ 112.697777777777077, -7.133555555555422 ] ], [ [ 112.698666666665972, -7.133555555555422 ], [ 112.698666666665972, -7.133777777777644 ], [ 112.699111111110412, -7.133777777777644 ], [ 112.699111111110412, -7.133555555555422 ], [ 112.698666666665972, -7.133555555555422 ] ], [ [ 112.698222222221517, -7.133777777777644 ], [ 112.698222222221517, -7.133999999999866 ], [ 112.698444444443751, -7.133999999999866 ], [ 112.698444444443751, -7.133777777777644 ], [ 112.698222222221517, -7.133777777777644 ] ], [ [ 112.699111111110412, -7.133777777777644 ], [ 112.699111111110412, -7.133999999999866 ], [ 112.699333333332632, -7.133999999999866 ], [ 112.699333333332632, -7.134222222222088 ], [ 112.699555555554852, -7.134222222222088 ], [ 112.699555555554852, -7.133777777777644 ], [ 112.699111111110412, -7.133777777777644 ] ], [ [ 112.699333333332632, -7.135333333333198 ], [ 112.699333333332632, -7.13555555555542 ], [ 112.699111111110412, -7.13555555555542 ], [ 112.699111111110412, -7.135777777777642 ], [ 112.698888888888192, -7.135777777777642 ], [ 112.698888888888192, -7.135999999999864 ], [ 112.698666666665972, -7.135999999999864 ], [ 112.698666666665972, -7.136222222222086 ], [ 112.699111111110412, -7.136222222222086 ], [ 112.699111111110412, -7.136444444444308 ], [ 112.699999999999307, -7.136444444444308 ], [ 112.699999999999307, -7.13666666666653 ], [ 112.700222222221527, -7.13666666666653 ], [ 112.700222222221527, -7.137111111110974 ], [ 112.700444444443747, -7.137111111110974 ], [ 112.700444444443747, -7.137333333333196 ], [ 112.701333333332627, -7.137333333333196 ], [ 112.701333333332627, -7.13666666666653 ], [ 112.701555555554847, -7.13666666666653 ], [ 112.701555555554847, -7.136222222222086 ], [ 112.701333333332627, -7.136222222222086 ], [ 112.701333333332627, -7.135999999999864 ], [ 112.700222222221527, -7.135999999999864 ], [ 112.700222222221527, -7.135333333333198 ], [ 112.699333333332632, -7.135333333333198 ] ], [ [ 112.702444444443742, -7.135777777777642 ], [ 112.702444444443742, -7.136222222222086 ], [ 112.702888888888182, -7.136222222222086 ], [ 112.702888888888182, -7.135999999999864 ], [ 112.703111111110402, -7.135999999999864 ], [ 112.703111111110402, -7.135777777777642 ], [ 112.702444444443742, -7.135777777777642 ] ], [ [ 112.699555555554852, -7.137111111110974 ], [ 112.699555555554852, -7.137333333333196 ], [ 112.699777777777072, -7.137333333333196 ], [ 112.699777777777072, -7.137111111110974 ], [ 112.699555555554852, -7.137111111110974 ] ], [ [ 112.699777777777072, -7.137999999999862 ], [ 112.699777777777072, -7.138222222222084 ], [ 112.699999999999307, -7.138222222222084 ], [ 112.699999999999307, -7.137999999999862 ], [ 112.699777777777072, -7.137999999999862 ] ], [ [ 112.700444444443747, -7.137999999999862 ], [ 112.700444444443747, -7.138222222222084 ], [ 112.700666666665967, -7.138222222222084 ], [ 112.700666666665967, -7.137999999999862 ], [ 112.700444444443747, -7.137999999999862 ] ], [ [ 112.699999999999307, -7.138222222222084 ], [ 112.699999999999307, -7.138666666666528 ], [ 112.700222222221527, -7.138666666666528 ], [ 112.700222222221527, -7.138222222222084 ], [ 112.699999999999307, -7.138222222222084 ] ], [ [ 112.701111111110407, -7.138222222222084 ], [ 112.701111111110407, -7.138666666666528 ], [ 112.701555555554847, -7.138666666666528 ], [ 112.701555555554847, -7.138222222222084 ], [ 112.701111111110407, -7.138222222222084 ] ], [ [ 112.699111111110412, -7.138666666666528 ], [ 112.699111111110412, -7.139333333333194 ], [ 112.699555555554852, -7.139333333333194 ], [ 112.699555555554852, -7.139111111110972 ], [ 112.699333333332632, -7.139111111110972 ], [ 112.699333333332632, -7.138666666666528 ], [ 112.699111111110412, -7.138666666666528 ] ], [ [ 112.700222222221527, -7.138666666666528 ], [ 112.700222222221527, -7.139111111110972 ], [ 112.700444444443747, -7.139111111110972 ], [ 112.700444444443747, -7.138666666666528 ], [ 112.700222222221527, -7.138666666666528 ] ], [ [ 112.697111111110416, -7.13888888888875 ], [ 112.697111111110416, -7.139333333333194 ], [ 112.696888888888196, -7.139333333333194 ], [ 112.696888888888196, -7.139555555555416 ], [ 112.697333333332637, -7.139555555555416 ], [ 112.697333333332637, -7.139333333333194 ], [ 112.697555555554857, -7.139333333333194 ], [ 112.697555555554857, -7.139111111110972 ], [ 112.697333333332637, -7.139111111110972 ], [ 112.697333333332637, -7.13888888888875 ], [ 112.697111111110416, -7.13888888888875 ] ], [ [ 112.699999999999307, -7.139111111110972 ], [ 112.699999999999307, -7.139333333333194 ], [ 112.699777777777072, -7.139333333333194 ], [ 112.699777777777072, -7.139777777777638 ], [ 112.700222222221527, -7.139777777777638 ], [ 112.700222222221527, -7.139111111110972 ], [ 112.699999999999307, -7.139111111110972 ] ], [ [ 112.701111111110407, -7.139111111110972 ], [ 112.701111111110407, -7.139333333333194 ], [ 112.701555555554847, -7.139333333333194 ], [ 112.701555555554847, -7.139111111110972 ], [ 112.701111111110407, -7.139111111110972 ] ], [ [ 112.699111111110412, -7.139555555555416 ], [ 112.699111111110412, -7.139777777777638 ], [ 112.699333333332632, -7.139777777777638 ], [ 112.699333333332632, -7.139555555555416 ], [ 112.699111111110412, -7.139555555555416 ] ], [ [ 112.700444444443747, -7.13999999999986 ], [ 112.700444444443747, -7.140222222222082 ], [ 112.701111111110407, -7.140222222222082 ], [ 112.701111111110407, -7.13999999999986 ], [ 112.700444444443747, -7.13999999999986 ] ], [ [ 112.697999999999297, -7.140444444444304 ], [ 112.697999999999297, -7.140666666666526 ], [ 112.698222222221517, -7.140666666666526 ], [ 112.698222222221517, -7.140444444444304 ], [ 112.697999999999297, -7.140444444444304 ] ], [ [ 112.698666666665972, -7.141555555555414 ], [ 112.698666666665972, -7.14222222222208 ], [ 112.699333333332632, -7.14222222222208 ], [ 112.699333333332632, -7.142444444444302 ], [ 112.699555555554852, -7.142444444444302 ], [ 112.699555555554852, -7.141555555555414 ], [ 112.698666666665972, -7.141555555555414 ] ], [ [ 112.698222222221517, -7.141999999999858 ], [ 112.698222222221517, -7.14222222222208 ], [ 112.698444444443751, -7.14222222222208 ], [ 112.698444444443751, -7.141999999999858 ], [ 112.698222222221517, -7.141999999999858 ] ], [ [ 112.694444444443747, -7.14222222222208 ], [ 112.694444444443747, -7.142444444444302 ], [ 112.694666666665967, -7.142444444444302 ], [ 112.694666666665967, -7.14222222222208 ], [ 112.694444444443747, -7.14222222222208 ] ], [ [ 112.697777777777077, -7.14222222222208 ], [ 112.697777777777077, -7.142444444444302 ], [ 112.697999999999297, -7.142444444444302 ], [ 112.697999999999297, -7.14222222222208 ], [ 112.697777777777077, -7.14222222222208 ] ], [ [ 112.694666666665967, -7.142444444444302 ], [ 112.694666666665967, -7.142666666666524 ], [ 112.695111111110421, -7.142666666666524 ], [ 112.695111111110421, -7.142444444444302 ], [ 112.694666666665967, -7.142444444444302 ] ], [ [ 112.698666666665972, -7.142444444444302 ], [ 112.698666666665972, -7.142666666666524 ], [ 112.699333333332632, -7.142666666666524 ], [ 112.699333333332632, -7.142444444444302 ], [ 112.698666666665972, -7.142444444444302 ] ], [ [ 112.697999999999297, -7.142666666666524 ], [ 112.697999999999297, -7.143111111110968 ], [ 112.698444444443751, -7.143111111110968 ], [ 112.698444444443751, -7.14333333333319 ], [ 112.698666666665972, -7.14333333333319 ], [ 112.698666666665972, -7.142888888888746 ], [ 112.698444444443751, -7.142888888888746 ], [ 112.698444444443751, -7.142666666666524 ], [ 112.697999999999297, -7.142666666666524 ] ], [ [ 112.697333333332637, -7.143111111110968 ], [ 112.697333333332637, -7.143555555555412 ], [ 112.697777777777077, -7.143555555555412 ], [ 112.697777777777077, -7.14333333333319 ], [ 112.697555555554857, -7.14333333333319 ], [ 112.697555555554857, -7.143111111110968 ], [ 112.697333333332637, -7.143111111110968 ] ], [ [ 112.693555555554866, -7.144222222222078 ], [ 112.693555555554866, -7.1444444444443 ], [ 112.693777777777086, -7.1444444444443 ], [ 112.693777777777086, -7.144222222222078 ], [ 112.693555555554866, -7.144222222222078 ] ], [ [ 112.695111111110421, -7.144888888888744 ], [ 112.695111111110421, -7.145111111110966 ], [ 112.695333333332641, -7.145111111110966 ], [ 112.695333333332641, -7.144888888888744 ], [ 112.695111111110421, -7.144888888888744 ] ], [ [ 112.694888888888201, -7.145111111110966 ], [ 112.694888888888201, -7.145333333333188 ], [ 112.695111111110421, -7.145333333333188 ], [ 112.695111111110421, -7.145111111110966 ], [ 112.694888888888201, -7.145111111110966 ] ], [ [ 112.694444444443747, -7.145999999999854 ], [ 112.694444444443747, -7.146222222222076 ], [ 112.694222222221526, -7.146222222222076 ], [ 112.694222222221526, -7.14666666666652 ], [ 112.695111111110421, -7.14666666666652 ], [ 112.695111111110421, -7.146222222222076 ], [ 112.694666666665967, -7.146222222222076 ], [ 112.694666666665967, -7.145999999999854 ], [ 112.694444444443747, -7.145999999999854 ] ], [ [ 112.694666666665967, -7.147111111110964 ], [ 112.694666666665967, -7.147555555555408 ], [ 112.695111111110421, -7.147555555555408 ], [ 112.695111111110421, -7.147333333333186 ], [ 112.695333333332641, -7.147333333333186 ], [ 112.695333333332641, -7.147111111110964 ], [ 112.694666666665967, -7.147111111110964 ] ], [ [ 112.694222222221526, -7.147333333333186 ], [ 112.694222222221526, -7.147555555555408 ], [ 112.694444444443747, -7.147555555555408 ], [ 112.694444444443747, -7.147333333333186 ], [ 112.694222222221526, -7.147333333333186 ] ], [ [ 112.696222222221522, -7.148222222222074 ], [ 112.696222222221522, -7.148444444444296 ], [ 112.696444444443742, -7.148444444444296 ], [ 112.696444444443742, -7.148222222222074 ], [ 112.696222222221522, -7.148222222222074 ] ], [ [ 112.694888888888201, -7.149333333333184 ], [ 112.694888888888201, -7.149555555555406 ], [ 112.694666666665967, -7.149555555555406 ], [ 112.694666666665967, -7.149777777777628 ], [ 112.694444444443747, -7.149777777777628 ], [ 112.694444444443747, -7.14999999999985 ], [ 112.694222222221526, -7.14999999999985 ], [ 112.694222222221526, -7.150444444444294 ], [ 112.694444444443747, -7.150444444444294 ], [ 112.694444444443747, -7.150666666666516 ], [ 112.694666666665967, -7.150666666666516 ], [ 112.694666666665967, -7.150222222222072 ], [ 112.695111111110421, -7.150222222222072 ], [ 112.695111111110421, -7.149333333333184 ], [ 112.694888888888201, -7.149333333333184 ] ], [ [ 112.694222222221526, -7.15111111111096 ], [ 112.694222222221526, -7.151333333333182 ], [ 112.693999999999306, -7.151333333333182 ], [ 112.693999999999306, -7.151555555555404 ], [ 112.694444444443747, -7.151555555555404 ], [ 112.694444444443747, -7.15111111111096 ], [ 112.694222222221526, -7.15111111111096 ] ], [ [ 112.695111111110421, -7.15111111111096 ], [ 112.695111111110421, -7.151333333333182 ], [ 112.694888888888201, -7.151333333333182 ], [ 112.694888888888201, -7.151555555555404 ], [ 112.695555555554861, -7.151555555555404 ], [ 112.695555555554861, -7.15111111111096 ], [ 112.695111111110421, -7.15111111111096 ] ], [ [ 112.692444444443751, -7.151555555555404 ], [ 112.692444444443751, -7.151999999999848 ], [ 112.692666666665971, -7.151999999999848 ], [ 112.692666666665971, -7.152444444444292 ], [ 112.693111111110412, -7.152444444444292 ], [ 112.693111111110412, -7.152666666666514 ], [ 112.693555555554866, -7.152666666666514 ], [ 112.693555555554866, -7.151999999999848 ], [ 112.693333333332646, -7.151999999999848 ], [ 112.693333333332646, -7.151777777777626 ], [ 112.692666666665971, -7.151777777777626 ], [ 112.692666666665971, -7.151555555555404 ], [ 112.692444444443751, -7.151555555555404 ] ], [ [ 112.694222222221526, -7.151777777777626 ], [ 112.694222222221526, -7.152444444444292 ], [ 112.694444444443747, -7.152444444444292 ], [ 112.694444444443747, -7.151999999999848 ], [ 112.694666666665967, -7.151999999999848 ], [ 112.694666666665967, -7.151777777777626 ], [ 112.694222222221526, -7.151777777777626 ] ], [ [ 112.695333333332641, -7.151777777777626 ], [ 112.695333333332641, -7.151999999999848 ], [ 112.695555555554861, -7.151999999999848 ], [ 112.695555555554861, -7.151777777777626 ], [ 112.695333333332641, -7.151777777777626 ] ], [ [ 112.694444444443747, -7.152444444444292 ], [ 112.694444444443747, -7.152666666666514 ], [ 112.694666666665967, -7.152666666666514 ], [ 112.694666666665967, -7.152444444444292 ], [ 112.694444444443747, -7.152444444444292 ] ], [ [ 112.695111111110421, -7.152444444444292 ], [ 112.695111111110421, -7.152666666666514 ], [ 112.695333333332641, -7.152666666666514 ], [ 112.695333333332641, -7.152444444444292 ], [ 112.695111111110421, -7.152444444444292 ] ], [ [ 112.693777777777086, -7.152666666666514 ], [ 112.693777777777086, -7.15333333333318 ], [ 112.693999999999306, -7.15333333333318 ], [ 112.693999999999306, -7.152666666666514 ], [ 112.693777777777086, -7.152666666666514 ] ], [ [ 112.693111111110412, -7.153111111110958 ], [ 112.693111111110412, -7.15333333333318 ], [ 112.693333333332646, -7.15333333333318 ], [ 112.693333333332646, -7.153111111110958 ], [ 112.693111111110412, -7.153111111110958 ] ], [ [ 112.694444444443747, -7.153111111110958 ], [ 112.694444444443747, -7.15333333333318 ], [ 112.694666666665967, -7.15333333333318 ], [ 112.694666666665967, -7.153111111110958 ], [ 112.694444444443747, -7.153111111110958 ] ], [ [ 112.695777777777081, -7.15333333333318 ], [ 112.695777777777081, -7.153555555555402 ], [ 112.695999999999302, -7.153555555555402 ], [ 112.695999999999302, -7.153777777777624 ], [ 112.696222222221522, -7.153777777777624 ], [ 112.696222222221522, -7.15333333333318 ], [ 112.695777777777081, -7.15333333333318 ] ], [ [ 112.696666666665976, -7.15333333333318 ], [ 112.696666666665976, -7.153555555555402 ], [ 112.696888888888196, -7.153555555555402 ], [ 112.696888888888196, -7.15333333333318 ], [ 112.696666666665976, -7.15333333333318 ] ], [ [ 112.693333333332646, -7.153555555555402 ], [ 112.693333333332646, -7.153777777777624 ], [ 112.693555555554866, -7.153777777777624 ], [ 112.693555555554866, -7.153555555555402 ], [ 112.693333333332646, -7.153555555555402 ] ], [ [ 112.695111111110421, -7.153777777777624 ], [ 112.695111111110421, -7.153999999999846 ], [ 112.695333333332641, -7.153999999999846 ], [ 112.695333333332641, -7.153777777777624 ], [ 112.695111111110421, -7.153777777777624 ] ], [ [ 112.695777777777081, -7.153999999999846 ], [ 112.695777777777081, -7.15444444444429 ], [ 112.695999999999302, -7.15444444444429 ], [ 112.695999999999302, -7.153999999999846 ], [ 112.695777777777081, -7.153999999999846 ] ], [ [ 112.698444444443751, -7.155111111110956 ], [ 112.698444444443751, -7.155333333333178 ], [ 112.698666666665972, -7.155333333333178 ], [ 112.698666666665972, -7.155111111110956 ], [ 112.698444444443751, -7.155111111110956 ] ], [ [ 112.696444444443742, -7.155333333333178 ], [ 112.696444444443742, -7.1555555555554 ], [ 112.696666666665976, -7.1555555555554 ], [ 112.696666666665976, -7.155999999999844 ], [ 112.697111111110416, -7.155999999999844 ], [ 112.697111111110416, -7.155333333333178 ], [ 112.696444444443742, -7.155333333333178 ] ], [ [ 112.697999999999297, -7.155333333333178 ], [ 112.697999999999297, -7.1555555555554 ], [ 112.698222222221517, -7.1555555555554 ], [ 112.698222222221517, -7.155333333333178 ], [ 112.697999999999297, -7.155333333333178 ] ], [ [ 112.699555555554852, -7.155999999999844 ], [ 112.699555555554852, -7.156222222222066 ], [ 112.699777777777072, -7.156222222222066 ], [ 112.699777777777072, -7.155999999999844 ], [ 112.699555555554852, -7.155999999999844 ] ], [ [ 112.697333333332637, -7.156222222222066 ], [ 112.697333333332637, -7.15666666666651 ], [ 112.697777777777077, -7.15666666666651 ], [ 112.697777777777077, -7.156444444444288 ], [ 112.697555555554857, -7.156444444444288 ], [ 112.697555555554857, -7.156222222222066 ], [ 112.697333333332637, -7.156222222222066 ] ], [ [ 112.697999999999297, -7.156222222222066 ], [ 112.697999999999297, -7.156444444444288 ], [ 112.698222222221517, -7.156444444444288 ], [ 112.698222222221517, -7.156222222222066 ], [ 112.697999999999297, -7.156222222222066 ] ], [ [ 112.696222222221522, -7.156444444444288 ], [ 112.696222222221522, -7.157333333333176 ], [ 112.696444444443742, -7.157333333333176 ], [ 112.696444444443742, -7.157111111110954 ], [ 112.696666666665976, -7.157111111110954 ], [ 112.696666666665976, -7.156444444444288 ], [ 112.696222222221522, -7.156444444444288 ] ], [ [ 112.698222222221517, -7.15666666666651 ], [ 112.698222222221517, -7.156888888888732 ], [ 112.698444444443751, -7.156888888888732 ], [ 112.698444444443751, -7.15666666666651 ], [ 112.698222222221517, -7.15666666666651 ] ], [ [ 112.699999999999307, -7.15666666666651 ], [ 112.699999999999307, -7.157111111110954 ], [ 112.700222222221527, -7.157111111110954 ], [ 112.700222222221527, -7.15666666666651 ], [ 112.699999999999307, -7.15666666666651 ] ], [ [ 112.696666666665976, -7.157111111110954 ], [ 112.696666666665976, -7.157333333333176 ], [ 112.697111111110416, -7.157333333333176 ], [ 112.697111111110416, -7.157111111110954 ], [ 112.696666666665976, -7.157111111110954 ] ], [ [ 112.702222222221522, -7.157555555555398 ], [ 112.702222222221522, -7.15777777777762 ], [ 112.701777777777082, -7.15777777777762 ], [ 112.701777777777082, -7.157999999999842 ], [ 112.701555555554847, -7.157999999999842 ], [ 112.701555555554847, -7.158222222222064 ], [ 112.701999999999302, -7.158222222222064 ], [ 112.701999999999302, -7.158666666666508 ], [ 112.702222222221522, -7.158666666666508 ], [ 112.702222222221522, -7.15888888888873 ], [ 112.701999999999302, -7.15888888888873 ], [ 112.701999999999302, -7.159333333333174 ], [ 112.701777777777082, -7.159333333333174 ], [ 112.701777777777082, -7.159777777777618 ], [ 112.702222222221522, -7.159777777777618 ], [ 112.702222222221522, -7.15999999999984 ], [ 112.702444444443742, -7.15999999999984 ], [ 112.702444444443742, -7.159555555555396 ], [ 112.702666666665962, -7.159555555555396 ], [ 112.702666666665962, -7.159777777777618 ], [ 112.702888888888182, -7.159777777777618 ], [ 112.702888888888182, -7.159111111110952 ], [ 112.703333333332637, -7.159111111110952 ], [ 112.703333333332637, -7.157999999999842 ], [ 112.703111111110402, -7.157999999999842 ], [ 112.703111111110402, -7.157555555555398 ], [ 112.702222222221522, -7.157555555555398 ] ], [ [ 112.699777777777072, -7.15777777777762 ], [ 112.699777777777072, -7.157999999999842 ], [ 112.699999999999307, -7.157999999999842 ], [ 112.699999999999307, -7.15777777777762 ], [ 112.699777777777072, -7.15777777777762 ] ], [ [ 112.698444444443751, -7.158666666666508 ], [ 112.698444444443751, -7.159111111110952 ], [ 112.698666666665972, -7.159111111110952 ], [ 112.698666666665972, -7.158666666666508 ], [ 112.698444444443751, -7.158666666666508 ] ], [ [ 112.698222222221517, -7.159111111110952 ], [ 112.698222222221517, -7.159777777777618 ], [ 112.698444444443751, -7.159777777777618 ], [ 112.698444444443751, -7.159111111110952 ], [ 112.698222222221517, -7.159111111110952 ] ], [ [ 112.700666666665967, -7.160444444444284 ], [ 112.700666666665967, -7.16111111111095 ], [ 112.701111111110407, -7.16111111111095 ], [ 112.701111111110407, -7.160444444444284 ], [ 112.700666666665967, -7.160444444444284 ] ], [ [ 112.701333333332627, -7.160444444444284 ], [ 112.701333333332627, -7.160666666666506 ], [ 112.701555555554847, -7.160666666666506 ], [ 112.701555555554847, -7.160888888888728 ], [ 112.701777777777082, -7.160888888888728 ], [ 112.701777777777082, -7.16111111111095 ], [ 112.701999999999302, -7.16111111111095 ], [ 112.701999999999302, -7.160444444444284 ], [ 112.701333333332627, -7.160444444444284 ] ], [ [ 112.700222222221527, -7.161333333333172 ], [ 112.700222222221527, -7.161555555555394 ], [ 112.700444444443747, -7.161555555555394 ], [ 112.700444444443747, -7.161333333333172 ], [ 112.700222222221527, -7.161333333333172 ] ], [ [ 112.705111111110412, -7.161555555555394 ], [ 112.705111111110412, -7.161777777777616 ], [ 112.705333333332632, -7.161777777777616 ], [ 112.705333333332632, -7.161555555555394 ], [ 112.705111111110412, -7.161555555555394 ] ], [ [ 112.705777777777072, -7.16222222222206 ], [ 112.705777777777072, -7.162666666666504 ], [ 112.706222222221513, -7.162666666666504 ], [ 112.706222222221513, -7.16222222222206 ], [ 112.705777777777072, -7.16222222222206 ] ], [ [ 112.705111111110412, -7.162666666666504 ], [ 112.705111111110412, -7.163111111110948 ], [ 112.705333333332632, -7.163111111110948 ], [ 112.705333333332632, -7.162666666666504 ], [ 112.705111111110412, -7.162666666666504 ] ], [ [ 112.705555555554852, -7.162666666666504 ], [ 112.705555555554852, -7.163111111110948 ], [ 112.705777777777072, -7.163111111110948 ], [ 112.705777777777072, -7.162666666666504 ], [ 112.705555555554852, -7.162666666666504 ] ], [ [ 112.706666666665967, -7.162888888888726 ], [ 112.706666666665967, -7.163111111110948 ], [ 112.706888888888187, -7.163111111110948 ], [ 112.706888888888187, -7.162888888888726 ], [ 112.706666666665967, -7.162888888888726 ] ], [ [ 112.705333333332632, -7.163111111110948 ], [ 112.705333333332632, -7.16333333333317 ], [ 112.705555555554852, -7.16333333333317 ], [ 112.705555555554852, -7.163111111110948 ], [ 112.705333333332632, -7.163111111110948 ] ], [ [ 112.703555555554857, -7.163555555555392 ], [ 112.703555555554857, -7.163777777777614 ], [ 112.703333333332637, -7.163777777777614 ], [ 112.703333333332637, -7.163999999999836 ], [ 112.703777777777077, -7.163999999999836 ], [ 112.703777777777077, -7.164666666666502 ], [ 112.703999999999297, -7.164666666666502 ], [ 112.703999999999297, -7.16444444444428 ], [ 112.704222222221517, -7.16444444444428 ], [ 112.704222222221517, -7.165111111110946 ], [ 112.704444444443737, -7.165111111110946 ], [ 112.704444444443737, -7.164888888888724 ], [ 112.704666666665958, -7.164888888888724 ], [ 112.704666666665958, -7.164666666666502 ], [ 112.704888888888178, -7.164666666666502 ], [ 112.704888888888178, -7.16444444444428 ], [ 112.705111111110412, -7.16444444444428 ], [ 112.705111111110412, -7.163999999999836 ], [ 112.704444444443737, -7.163999999999836 ], [ 112.704444444443737, -7.163777777777614 ], [ 112.704222222221517, -7.163777777777614 ], [ 112.704222222221517, -7.163555555555392 ], [ 112.703555555554857, -7.163555555555392 ] ], [ [ 112.708444444443742, -7.163555555555392 ], [ 112.708444444443742, -7.163999999999836 ], [ 112.708666666665962, -7.163999999999836 ], [ 112.708666666665962, -7.163555555555392 ], [ 112.708444444443742, -7.163555555555392 ] ], [ [ 112.709111111110403, -7.163555555555392 ], [ 112.709111111110403, -7.163777777777614 ], [ 112.709333333332623, -7.163777777777614 ], [ 112.709333333332623, -7.163555555555392 ], [ 112.709111111110403, -7.163555555555392 ] ], [ [ 112.709333333332623, -7.163777777777614 ], [ 112.709333333332623, -7.16444444444428 ], [ 112.709777777777063, -7.16444444444428 ], [ 112.709777777777063, -7.163777777777614 ], [ 112.709333333332623, -7.163777777777614 ] ], [ [ 112.710666666665958, -7.163999999999836 ], [ 112.710666666665958, -7.164222222222058 ], [ 112.711111111110398, -7.164222222222058 ], [ 112.711111111110398, -7.163999999999836 ], [ 112.710666666665958, -7.163999999999836 ] ], [ [ 112.712222222221513, -7.16444444444428 ], [ 112.712222222221513, -7.164666666666502 ], [ 112.711333333332618, -7.164666666666502 ], [ 112.711333333332618, -7.165333333333168 ], [ 112.712222222221513, -7.165333333333168 ], [ 112.712222222221513, -7.165111111110946 ], [ 112.712444444443733, -7.165111111110946 ], [ 112.712444444443733, -7.16444444444428 ], [ 112.712222222221513, -7.16444444444428 ] ], [ [ 112.715111111110403, -7.16444444444428 ], [ 112.715111111110403, -7.164666666666502 ], [ 112.715333333332623, -7.164666666666502 ], [ 112.715333333332623, -7.16444444444428 ], [ 112.715111111110403, -7.16444444444428 ] ], [ [ 112.705333333332632, -7.164666666666502 ], [ 112.705333333332632, -7.165111111110946 ], [ 112.705111111110412, -7.165111111110946 ], [ 112.705111111110412, -7.165333333333168 ], [ 112.705555555554852, -7.165333333333168 ], [ 112.705555555554852, -7.165777777777612 ], [ 112.706222222221513, -7.165777777777612 ], [ 112.706222222221513, -7.165999999999834 ], [ 112.706444444443733, -7.165999999999834 ], [ 112.706444444443733, -7.165777777777612 ], [ 112.706888888888187, -7.165777777777612 ], [ 112.706888888888187, -7.165111111110946 ], [ 112.706444444443733, -7.165111111110946 ], [ 112.706444444443733, -7.165333333333168 ], [ 112.706222222221513, -7.165333333333168 ], [ 112.706222222221513, -7.165111111110946 ], [ 112.705777777777072, -7.165111111110946 ], [ 112.705777777777072, -7.164666666666502 ], [ 112.705333333332632, -7.164666666666502 ] ], [ [ 112.714222222221508, -7.164666666666502 ], [ 112.714222222221508, -7.16555555555539 ], [ 112.714666666665948, -7.16555555555539 ], [ 112.714666666665948, -7.165333333333168 ], [ 112.715111111110403, -7.165333333333168 ], [ 112.715111111110403, -7.165111111110946 ], [ 112.714666666665948, -7.165111111110946 ], [ 112.714666666665948, -7.164666666666502 ], [ 112.714222222221508, -7.164666666666502 ] ], [ [ 112.704666666665958, -7.164888888888724 ], [ 112.704666666665958, -7.165111111110946 ], [ 112.704888888888178, -7.165111111110946 ], [ 112.704888888888178, -7.164888888888724 ], [ 112.704666666665958, -7.164888888888724 ] ], [ [ 112.709111111110403, -7.165111111110946 ], [ 112.709111111110403, -7.165333333333168 ], [ 112.709333333332623, -7.165333333333168 ], [ 112.709333333332623, -7.165111111110946 ], [ 112.709111111110403, -7.165111111110946 ] ], [ [ 112.713777777777068, -7.165111111110946 ], [ 112.713777777777068, -7.16555555555539 ], [ 112.713999999999288, -7.16555555555539 ], [ 112.713999999999288, -7.165111111110946 ], [ 112.713777777777068, -7.165111111110946 ] ], [ [ 112.712222222221513, -7.165333333333168 ], [ 112.712222222221513, -7.16555555555539 ], [ 112.712444444443733, -7.16555555555539 ], [ 112.712444444443733, -7.165333333333168 ], [ 112.712222222221513, -7.165333333333168 ] ], [ [ 112.704666666665958, -7.165777777777612 ], [ 112.704666666665958, -7.166222222222056 ], [ 112.705333333332632, -7.166222222222056 ], [ 112.705333333332632, -7.165999999999834 ], [ 112.705111111110412, -7.165999999999834 ], [ 112.705111111110412, -7.165777777777612 ], [ 112.704666666665958, -7.165777777777612 ] ], [ [ 112.707333333332627, -7.165777777777612 ], [ 112.707333333332627, -7.166444444444278 ], [ 112.707999999999288, -7.166444444444278 ], [ 112.707999999999288, -7.165999999999834 ], [ 112.707777777777068, -7.165999999999834 ], [ 112.707777777777068, -7.165777777777612 ], [ 112.707333333332627, -7.165777777777612 ] ], [ [ 112.711999999999293, -7.165777777777612 ], [ 112.711999999999293, -7.166222222222056 ], [ 112.712222222221513, -7.166222222222056 ], [ 112.712222222221513, -7.165777777777612 ], [ 112.711999999999293, -7.165777777777612 ] ], [ [ 112.712444444443733, -7.165777777777612 ], [ 112.712444444443733, -7.166222222222056 ], [ 112.713111111110393, -7.166222222222056 ], [ 112.713111111110393, -7.165777777777612 ], [ 112.712444444443733, -7.165777777777612 ] ], [ [ 112.714444444443728, -7.165777777777612 ], [ 112.714444444443728, -7.166222222222056 ], [ 112.714666666665948, -7.166222222222056 ], [ 112.714666666665948, -7.166444444444278 ], [ 112.715111111110403, -7.166444444444278 ], [ 112.715111111110403, -7.1666666666665 ], [ 112.715777777777063, -7.1666666666665 ], [ 112.715777777777063, -7.166222222222056 ], [ 112.715111111110403, -7.166222222222056 ], [ 112.715111111110403, -7.165777777777612 ], [ 112.714444444443728, -7.165777777777612 ] ], [ [ 112.712222222221513, -7.166222222222056 ], [ 112.712222222221513, -7.166444444444278 ], [ 112.712444444443733, -7.166444444444278 ], [ 112.712444444443733, -7.166222222222056 ], [ 112.712222222221513, -7.166222222222056 ] ], [ [ 112.713111111110393, -7.166222222222056 ], [ 112.713111111110393, -7.1666666666665 ], [ 112.713333333332614, -7.1666666666665 ], [ 112.713333333332614, -7.166222222222056 ], [ 112.713111111110393, -7.166222222222056 ] ], [ [ 112.707111111110407, -7.1666666666665 ], [ 112.707111111110407, -7.167111111110944 ], [ 112.707333333332627, -7.167111111110944 ], [ 112.707333333332627, -7.1666666666665 ], [ 112.707111111110407, -7.1666666666665 ] ], [ [ 112.710222222221518, -7.1666666666665 ], [ 112.710222222221518, -7.167111111110944 ], [ 112.710444444443738, -7.167111111110944 ], [ 112.710444444443738, -7.1666666666665 ], [ 112.710222222221518, -7.1666666666665 ] ], [ [ 112.711999999999293, -7.1666666666665 ], [ 112.711999999999293, -7.167111111110944 ], [ 112.712222222221513, -7.167111111110944 ], [ 112.712222222221513, -7.1666666666665 ], [ 112.711999999999293, -7.1666666666665 ] ], [ [ 112.713555555554848, -7.1666666666665 ], [ 112.713555555554848, -7.167333333333166 ], [ 112.713999999999288, -7.167333333333166 ], [ 112.713999999999288, -7.1666666666665 ], [ 112.713555555554848, -7.1666666666665 ] ], [ [ 112.714666666665948, -7.1666666666665 ], [ 112.714666666665948, -7.167111111110944 ], [ 112.715111111110403, -7.167111111110944 ], [ 112.715111111110403, -7.1666666666665 ], [ 112.714666666665948, -7.1666666666665 ] ], [ [ 112.709333333332623, -7.167111111110944 ], [ 112.709333333332623, -7.167333333333166 ], [ 112.709111111110403, -7.167333333333166 ], [ 112.709111111110403, -7.167555555555388 ], [ 112.709555555554843, -7.167555555555388 ], [ 112.709555555554843, -7.167111111110944 ], [ 112.709333333332623, -7.167111111110944 ] ], [ [ 112.713999999999288, -7.167333333333166 ], [ 112.713999999999288, -7.167555555555388 ], [ 112.713777777777068, -7.167555555555388 ], [ 112.713777777777068, -7.16777777777761 ], [ 112.713555555554848, -7.16777777777761 ], [ 112.713555555554848, -7.168222222222054 ], [ 112.714222222221508, -7.168222222222054 ], [ 112.714222222221508, -7.167999999999832 ], [ 112.714666666665948, -7.167999999999832 ], [ 112.714666666665948, -7.167555555555388 ], [ 112.714444444443728, -7.167555555555388 ], [ 112.714444444443728, -7.167333333333166 ], [ 112.713999999999288, -7.167333333333166 ] ], [ [ 112.715555555554843, -7.167333333333166 ], [ 112.715555555554843, -7.16777777777761 ], [ 112.715777777777063, -7.16777777777761 ], [ 112.715777777777063, -7.167333333333166 ], [ 112.715555555554843, -7.167333333333166 ] ], [ [ 112.716666666665944, -7.168222222222054 ], [ 112.716666666665944, -7.168444444444276 ], [ 112.716444444443724, -7.168444444444276 ], [ 112.716444444443724, -7.169111111110942 ], [ 112.717111111110398, -7.169111111110942 ], [ 112.717111111110398, -7.168666666666498 ], [ 112.717333333332618, -7.168666666666498 ], [ 112.717333333332618, -7.168222222222054 ], [ 112.716666666665944, -7.168222222222054 ] ], [ [ 112.711777777777073, -7.168666666666498 ], [ 112.711777777777073, -7.169111111110942 ], [ 112.712222222221513, -7.169111111110942 ], [ 112.712222222221513, -7.168666666666498 ], [ 112.711777777777073, -7.168666666666498 ] ], [ [ 112.713777777777068, -7.168666666666498 ], [ 112.713777777777068, -7.16888888888872 ], [ 112.713999999999288, -7.16888888888872 ], [ 112.713999999999288, -7.168666666666498 ], [ 112.713777777777068, -7.168666666666498 ] ], [ [ 112.713111111110393, -7.169111111110942 ], [ 112.713111111110393, -7.169333333333164 ], [ 112.713333333332614, -7.169333333333164 ], [ 112.713333333332614, -7.169111111110942 ], [ 112.713111111110393, -7.169111111110942 ] ], [ [ 112.719333333332614, -7.170444444444274 ], [ 112.719333333332614, -7.17111111111094 ], [ 112.719111111110394, -7.17111111111094 ], [ 112.719111111110394, -7.171333333333162 ], [ 112.719555555554834, -7.171333333333162 ], [ 112.719555555554834, -7.170444444444274 ], [ 112.719333333332614, -7.170444444444274 ] ], [ [ 112.718444444443719, -7.171555555555384 ], [ 112.718444444443719, -7.172444444444272 ], [ 112.718888888888173, -7.172444444444272 ], [ 112.718888888888173, -7.171777777777606 ], [ 112.719111111110394, -7.171777777777606 ], [ 112.719111111110394, -7.171555555555384 ], [ 112.718444444443719, -7.171555555555384 ] ] ] } },
{ "type": "Feature", "properties": { "PXLVAL": 1 }, "geometry": { "type": "Polygon", "coordinates": [ [ [ 112.660222222221563, -7.192444444444252 ], [ 112.660444444443783, -7.192444444444252 ], [ 112.660444444443783, -7.192666666666474 ], [ 112.660666666666003, -7.192666666666474 ], [ 112.660666666666003, -7.192444444444252 ], [ 112.662222222221558, -7.192444444444252 ], [ 112.662222222221558, -7.192666666666474 ], [ 112.661555555554898, -7.192666666666474 ], [ 112.661555555554898, -7.193111111110918 ], [ 112.660222222221563, -7.193111111110918 ], [ 112.660222222221563, -7.192444444444252 ] ] ] } },
{ "type": "Feature", "properties": { "PXLVAL": 1 }, "geometry": { "type": "Polygon", "coordinates": [ [ [ 112.663555555554893, -7.19222222222203 ], [ 112.663999999999334, -7.19222222222203 ], [ 112.663999999999334, -7.192444444444252 ], [ 112.663777777777113, -7.192444444444252 ], [ 112.663777777777113, -7.192888888888696 ], [ 112.663555555554893, -7.192888888888696 ], [ 112.663555555554893, -7.192666666666474 ], [ 112.663111111110453, -7.192666666666474 ], [ 112.663111111110453, -7.192444444444252 ], [ 112.663555555554893, -7.192444444444252 ], [ 112.663555555554893, -7.19222222222203 ] ] ] } },
{ "type": "Feature", "properties": { "PXLVAL": 1 }, "geometry": { "type": "Polygon", "coordinates": [ [ [ 112.659777777777123, -7.192666666666474 ], [ 112.659999999999343, -7.192666666666474 ], [ 112.659999999999343, -7.193111111110918 ], [ 112.659777777777123, -7.193111111110918 ], [ 112.659777777777123, -7.192666666666474 ] ] ] } },
{ "type": "Feature", "properties": { "PXLVAL": 1 }, "geometry": { "type": "Polygon", "coordinates": [ [ [ 112.662444444443778, -7.192666666666474 ], [ 112.662666666665999, -7.192666666666474 ], [ 112.662666666665999, -7.193111111110918 ], [ 112.662444444443778, -7.193111111110918 ], [ 112.662444444443778, -7.192666666666474 ] ] ] } },
{ "type": "Feature", "properties": { "PXLVAL": 1 }, "geometry": { "type": "Polygon", "coordinates": [ [ [ 112.659333333332668, -7.193111111110918 ], [ 112.659777777777123, -7.193111111110918 ], [ 112.659777777777123, -7.19333333333314 ], [ 112.659333333332668, -7.19333333333314 ], [ 112.659333333332668, -7.193111111110918 ] ] ] } },
{ "type": "Feature", "properties": { "PXLVAL": 1 }, "geometry": { "type": "Polygon", "coordinates": [ [ [ 112.661555555554898, -7.19333333333314 ], [ 112.662666666665999, -7.19333333333314 ], [ 112.662666666665999, -7.193555555555362 ], [ 112.663111111110453, -7.193555555555362 ], [ 112.663111111110453, -7.193999999999806 ], [ 112.662666666665999, -7.193999999999806 ], [ 112.662666666665999, -7.194222222222028 ], [ 112.663111111110453, -7.194222222222028 ], [ 112.663111111110453, -7.19444444444425 ], [ 112.662222222221558, -7.19444444444425 ], [ 112.662222222221558, -7.194222222222028 ], [ 112.661777777777118, -7.194222222222028 ], [ 112.661777777777118, -7.193999999999806 ], [ 112.661333333332678, -7.193999999999806 ], [ 112.661333333332678, -7.193555555555362 ], [ 112.661555555554898, -7.193555555555362 ], [ 112.661555555554898, -7.19333333333314 ] ] ] } },
{ "type": "Feature", "properties": { "PXLVAL": 1 }, "geometry": { "type": "Polygon", "coordinates": [ [ [ 112.655333333332678, -7.19555555555536 ], [ 112.655555555554898, -7.19555555555536 ], [ 112.655555555554898, -7.195999999999804 ], [ 112.655111111110458, -7.195999999999804 ], [ 112.655111111110458, -7.196444444444248 ], [ 112.654888888888237, -7.196444444444248 ], [ 112.654888888888237, -7.196222222222026 ], [ 112.654666666666017, -7.196222222222026 ], [ 112.654666666666017, -7.195777777777582 ], [ 112.655333333332678, -7.195777777777582 ], [ 112.655333333332678, -7.19555555555536 ] ] ] } },
{ "type": "Feature", "properties": { "PXLVAL": 1 }, "geometry": { "type": "Polygon", "coordinates": [ [ [ 112.659111111110448, -7.193555555555362 ], [ 112.660444444443783, -7.193555555555362 ], [ 112.660444444443783, -7.194222222222028 ], [ 112.660666666666003, -7.194222222222028 ], [ 112.660666666666003, -7.193999999999806 ], [ 112.660888888888223, -7.193999999999806 ], [ 112.660888888888223, -7.194222222222028 ], [ 112.661333333332678, -7.194222222222028 ], [ 112.661333333332678, -7.195111111110916 ], [ 112.660666666666003, -7.195111111110916 ], [ 112.660666666666003, -7.195333333333138 ], [ 112.661111111110444, -7.195333333333138 ], [ 112.661111111110444, -7.19555555555536 ], [ 112.660666666666003, -7.19555555555536 ], [ 112.660666666666003, -7.195777777777582 ], [ 112.660222222221563, -7.195777777777582 ], [ 112.660222222221563, -7.195333333333138 ], [ 112.659999999999343, -7.195333333333138 ], [ 112.659999999999343, -7.194666666666472 ], [ 112.659777777777123, -7.194666666666472 ], [ 112.659777777777123, -7.195777777777582 ], [ 112.659999999999343, -7.195777777777582 ], [ 112.659999999999343, -7.195999999999804 ], [ 112.658888888888228, -7.195999999999804 ], [ 112.658888888888228, -7.195777777777582 ], [ 112.659111111110448, -7.195777777777582 ], [ 112.659111111110448, -7.195333333333138 ], [ 112.658888888888228, -7.195333333333138 ], [ 112.658888888888228, -7.194222222222028 ], [ 112.659111111110448, -7.194222222222028 ], [ 112.659111111110448, -7.193555555555362 ] ], [ [ 112.659555555554903, -7.194222222222028 ], [ 112.659555555554903, -7.19444444444425 ], [ 112.659777777777123, -7.19444444444425 ], [ 112.659777777777123, -7.194222222222028 ], [ 112.659555555554903, -7.194222222222028 ] ] ] } },
{ "type": "Feature", "properties": { "PXLVAL": 1 }, "geometry": { "type": "Polygon", "coordinates": [ [ [ 112.662444444443778, -7.195999999999804 ], [ 112.662888888888233, -7.195999999999804 ], [ 112.662888888888233, -7.196444444444248 ], [ 112.662444444443778, -7.196444444444248 ], [ 112.662444444443778, -7.195999999999804 ] ] ] } },
{ "type": "Feature", "properties": { "PXLVAL": 1 }, "geometry": { "type": "Polygon", "coordinates": [ [ [ 112.761555555554793, -7.195999999999804 ], [ 112.764444444443683, -7.195999999999804 ], [ 112.764444444443683, -7.196222222222026 ], [ 112.764666666665903, -7.196222222222026 ], [ 112.764666666665903, -7.196444444444248 ], [ 112.764222222221463, -7.196444444444248 ], [ 112.764222222221463, -7.197111111110914 ], [ 112.763999999999243, -7.197111111110914 ], [ 112.763999999999243, -7.196888888888692 ], [ 112.762222222221453, -7.196888888888692 ], [ 112.762222222221453, -7.19666666666647 ], [ 112.761555555554793, -7.19666666666647 ], [ 112.761555555554793, -7.197111111110914 ], [ 112.760444444443678, -7.197111111110914 ], [ 112.760444444443678, -7.197333333333136 ], [ 112.760222222221458, -7.197333333333136 ], [ 112.760222222221458, -7.197111111110914 ], [ 112.759777777777018, -7.197111111110914 ], [ 112.759777777777018, -7.196888888888692 ], [ 112.759555555554797, -7.196888888888692 ], [ 112.759555555554797, -7.197111111110914 ], [ 112.759111111110357, -7.197111111110914 ], [ 112.759111111110357, -7.197333333333136 ], [ 112.758666666665903, -7.197333333333136 ], [ 112.758666666665903, -7.196888888888692 ], [ 112.759333333332577, -7.196888888888692 ], [ 112.759333333332577, -7.19666666666647 ], [ 112.759555555554797, -7.19666666666647 ], [ 112.759555555554797, -7.196444444444248 ], [ 112.760444444443678, -7.196444444444248 ], [ 112.760444444443678, -7.196222222222026 ], [ 112.761555555554793, -7.196222222222026 ], [ 112.761555555554793, -7.195999999999804 ] ] ] } },
{ "type": "Feature", "properties": { "PXLVAL": 1 }, "geometry": { "type": "Polygon", "coordinates": [ [ [ 112.765111111110343, -7.19777777777758 ], [ 112.765555555554783, -7.19777777777758 ], [ 112.765555555554783, -7.198222222222024 ], [ 112.765333333332563, -7.198222222222024 ], [ 112.765333333332563, -7.197999999999802 ], [ 112.765111111110343, -7.197999999999802 ], [ 112.765111111110343, -7.19777777777758 ] ] ] } },
{ "type": "Feature", "properties": { "PXLVAL": 1 }, "geometry": { "type": "Polygon", "coordinates": [ [ [ 112.762444444443688, -7.197111111110914 ], [ 112.762888888888128, -7.197111111110914 ], [ 112.762888888888128, -7.197333333333136 ], [ 112.763111111110348, -7.197333333333136 ], [ 112.763111111110348, -7.198222222222024 ], [ 112.762666666665908, -7.198222222222024 ], [ 112.762666666665908, -7.198666666666468 ], [ 112.762444444443688, -7.198666666666468 ], [ 112.762444444443688, -7.198222222222024 ], [ 112.762222222221453, -7.198222222222024 ], [ 112.762222222221453, -7.197333333333136 ], [ 112.762444444443688, -7.197333333333136 ], [ 112.762444444443688, -7.197111111110914 ] ], [ [ 112.762444444443688, -7.197333333333136 ], [ 112.762444444443688, -7.197555555555358 ], [ 112.762666666665908, -7.197555555555358 ], [ 112.762666666665908, -7.197333333333136 ], [ 112.762444444443688, -7.197333333333136 ] ] ] } },
{ "type": "Feature", "properties": { "PXLVAL": 1 }, "geometry": { "type": "Polygon", "coordinates": [ [ [ 112.765555555554783, -7.198444444444246 ], [ 112.765999999999238, -7.198444444444246 ], [ 112.765999999999238, -7.198666666666468 ], [ 112.765555555554783, -7.198666666666468 ], [ 112.765555555554783, -7.198444444444246 ] ] ] } },
{ "type": "Feature", "properties": { "PXLVAL": 1 }, "geometry": { "type": "Polygon", "coordinates": [ [ [ 112.752888888888137, -7.199111111110912 ], [ 112.753111111110357, -7.199111111110912 ], [ 112.753111111110357, -7.199333333333134 ], [ 112.752888888888137, -7.199333333333134 ], [ 112.752888888888137, -7.199111111110912 ] ] ] } },
{ "type": "Feature", "properties": { "PXLVAL": 1 }, "geometry": { "type": "Polygon", "coordinates": [ [ [ 112.762444444443688, -7.19888888888869 ], [ 112.762666666665908, -7.19888888888869 ], [ 112.762666666665908, -7.199555555555356 ], [ 112.762222222221453, -7.199555555555356 ], [ 112.762222222221453, -7.199333333333134 ], [ 112.761999999999233, -7.199333333333134 ], [ 112.761999999999233, -7.199111111110912 ], [ 112.762444444443688, -7.199111111110912 ], [ 112.762444444443688, -7.19888888888869 ] ] ] } },
{ "type": "Feature", "properties": { "PXLVAL": 1 }, "geometry": { "type": "Polygon", "coordinates": [ [ [ 112.764888888888123, -7.199111111110912 ], [ 112.765333333332563, -7.199111111110912 ], [ 112.765333333332563, -7.199333333333134 ], [ 112.765111111110343, -7.199333333333134 ], [ 112.765111111110343, -7.199777777777578 ], [ 112.764888888888123, -7.199777777777578 ], [ 112.764888888888123, -7.199555555555356 ], [ 112.764666666665903, -7.199555555555356 ], [ 112.764666666665903, -7.199333333333134 ], [ 112.764888888888123, -7.199333333333134 ], [ 112.764888888888123, -7.199111111110912 ] ] ] } },
{ "type": "Feature", "properties": { "PXLVAL": 1 }, "geometry": { "type": "Polygon", "coordinates": [ [ [ 112.765555555554783, -7.199111111110912 ], [ 112.765777777777018, -7.199111111110912 ], [ 112.765777777777018, -7.199555555555356 ], [ 112.765333333332563, -7.199555555555356 ], [ 112.765333333332563, -7.199333333333134 ], [ 112.765555555554783, -7.199333333333134 ], [ 112.765555555554783, -7.199111111110912 ] ] ] } },
{ "type": "Feature", "properties": { "PXLVAL": 1 }, "geometry": { "type": "Polygon", "coordinates": [ [ [ 112.765111111110343, -7.19666666666647 ], [ 112.765777777777018, -7.19666666666647 ], [ 112.765777777777018, -7.196888888888692 ], [ 112.765999999999238, -7.196888888888692 ], [ 112.765999999999238, -7.197111111110914 ], [ 112.766222222221458, -7.197111111110914 ], [ 112.766222222221458, -7.197555555555358 ], [ 112.766888888888118, -7.197555555555358 ], [ 112.766888888888118, -7.19777777777758 ], [ 112.767111111110339, -7.19777777777758 ], [ 112.767111111110339, -7.197999999999802 ], [ 112.767555555554793, -7.197999999999802 ], [ 112.767555555554793, -7.198222222222024 ], [ 112.767777777777013, -7.198222222222024 ], [ 112.767777777777013, -7.198444444444246 ], [ 112.767999999999233, -7.198444444444246 ], [ 112.767999999999233, -7.198666666666468 ], [ 112.767777777777013, -7.198666666666468 ], [ 112.767777777777013, -7.19888888888869 ], [ 112.767999999999233, -7.19888888888869 ], [ 112.767999999999233, -7.199111111110912 ], [ 112.767555555554793, -7.199111111110912 ], [ 112.767555555554793, -7.199555555555356 ], [ 112.767111111110339, -7.199555555555356 ], [ 112.767111111110339, -7.199333333333134 ], [ 112.767333333332573, -7.199333333333134 ], [ 112.767333333332573, -7.19888888888869 ], [ 112.767111111110339, -7.19888888888869 ], [ 112.767111111110339, -7.198666666666468 ], [ 112.766888888888118, -7.198666666666468 ], [ 112.766888888888118, -7.199333333333134 ], [ 112.766444444443678, -7.199333333333134 ], [ 112.766444444443678, -7.199111111110912 ], [ 112.766222222221458, -7.199111111110912 ], [ 112.766222222221458, -7.198666666666468 ], [ 112.766444444443678, -7.198666666666468 ], [ 112.766444444443678, -7.19888888888869 ], [ 112.766666666665898, -7.19888888888869 ], [ 112.766666666665898, -7.198444444444246 ], [ 112.765999999999238, -7.198444444444246 ], [ 112.765999999999238, -7.198222222222024 ], [ 112.766222222221458, -7.198222222222024 ], [ 112.766222222221458, -7.197999999999802 ], [ 112.765999999999238, -7.197999999999802 ], [ 112.765999999999238, -7.197555555555358 ], [ 112.765777777777018, -7.197555555555358 ], [ 112.765777777777018, -7.19777777777758 ], [ 112.765555555554783, -7.19777777777758 ], [ 112.765555555554783, -7.197555555555358 ], [ 112.764666666665903, -7.197555555555358 ], [ 112.764666666665903, -7.197999999999802 ], [ 112.764444444443683, -7.197999999999802 ], [ 112.764444444443683, -7.19777777777758 ], [ 112.764222222221463, -7.19777777777758 ], [ 112.764222222221463, -7.197555555555358 ], [ 112.764444444443683, -7.197555555555358 ], [ 112.764444444443683, -7.196888888888692 ], [ 112.765111111110343, -7.196888888888692 ], [ 112.765111111110343, -7.19666666666647 ] ] ] } },
{ "type": "Feature", "properties": { "PXLVAL": 1 }, "geometry": { "type": "Polygon", "coordinates": [ [ [ 112.660222222221563, -7.199555555555356 ], [ 112.660444444443783, -7.199555555555356 ], [ 112.660444444443783, -7.199777777777578 ], [ 112.660222222221563, -7.199777777777578 ], [ 112.660222222221563, -7.199555555555356 ] ] ] } },
{ "type": "Feature", "properties": { "PXLVAL": 1 }, "geometry": { "type": "Polygon", "coordinates": [ [ [ 112.760444444443678, -7.199555555555356 ], [ 112.760888888888132, -7.199555555555356 ], [ 112.760888888888132, -7.199777777777578 ], [ 112.760666666665912, -7.199777777777578 ], [ 112.760666666665912, -7.1999999999998 ], [ 112.760444444443678, -7.1999999999998 ], [ 112.760444444443678, -7.199555555555356 ] ] ] } },
{ "type": "Feature", "properties": { "PXLVAL": 1 }, "geometry": { "type": "Polygon", "coordinates": [ [ [ 112.767999999999233, -7.199555555555356 ], [ 112.768666666665894, -7.199555555555356 ], [ 112.768666666665894, -7.1999999999998 ], [ 112.767999999999233, -7.1999999999998 ], [ 112.767999999999233, -7.199555555555356 ] ] ] } },
{ "type": "Feature", "properties": { "PXLVAL": 1 }, "geometry": { "type": "Polygon", "coordinates": [ [ [ 112.665111111110448, -7.199333333333134 ], [ 112.665333333332669, -7.199333333333134 ], [ 112.665333333332669, -7.199555555555356 ], [ 112.665555555554889, -7.199555555555356 ], [ 112.665555555554889, -7.1999999999998 ], [ 112.664666666666008, -7.1999999999998 ], [ 112.664666666666008, -7.199777777777578 ], [ 112.665111111110448, -7.199777777777578 ], [ 112.665111111110448, -7.199333333333134 ] ] ] } },
{ "type": "Feature", "properties": { "PXLVAL": 1 }, "geometry": { "type": "Polygon", "coordinates": [ [ [ 112.761333333332573, -7.199555555555356 ], [ 112.761555555554793, -7.199555555555356 ], [ 112.761555555554793, -7.1999999999998 ], [ 112.761111111110353, -7.1999999999998 ], [ 112.761111111110353, -7.199777777777578 ], [ 112.761333333332573, -7.199777777777578 ], [ 112.761333333332573, -7.199555555555356 ] ] ] } },
{ "type": "Feature", "properties": { "PXLVAL": 1 }, "geometry": { "type": "Polygon", "coordinates": [ [ [ 112.761999999999233, -7.199555555555356 ], [ 112.762222222221453, -7.199555555555356 ], [ 112.762222222221453, -7.1999999999998 ], [ 112.761777777777013, -7.1999999999998 ], [ 112.761777777777013, -7.199777777777578 ], [ 112.761999999999233, -7.199777777777578 ], [ 112.761999999999233, -7.199555555555356 ] ] ] } },
{ "type": "Feature", "properties": { "PXLVAL": 1 }, "geometry": { "type": "Polygon", "coordinates": [ [ [ 112.765777777777018, -7.199777777777578 ], [ 112.765999999999238, -7.199777777777578 ], [ 112.765999999999238, -7.1999999999998 ], [ 112.765777777777018, -7.1999999999998 ], [ 112.765777777777018, -7.199777777777578 ] ] ] } },
{ "type": "Feature", "properties": { "PXLVAL": 1 }, "geometry": { "type": "Polygon", "coordinates": [ [ [ 112.757555555554802, -7.199777777777578 ], [ 112.758222222221463, -7.199777777777578 ], [ 112.758222222221463, -7.1999999999998 ], [ 112.757999999999242, -7.1999999999998 ], [ 112.757999999999242, -7.200222222222022 ], [ 112.758222222221463, -7.200222222222022 ], [ 112.758222222221463, -7.200444444444244 ], [ 112.757777777777022, -7.200444444444244 ], [ 112.757777777777022, -7.200222222222022 ], [ 112.757555555554802, -7.200222222222022 ], [ 112.757555555554802, -7.199777777777578 ] ] ] } },
{ "type": "Feature", "properties": { "PXLVAL": 1 }, "geometry": { "type": "Polygon", "coordinates": [ [ [ 112.763555555554788, -7.1999999999998 ], [ 112.763777777777008, -7.1999999999998 ], [ 112.763777777777008, -7.200666666666466 ], [ 112.763555555554788, -7.200666666666466 ], [ 112.763555555554788, -7.1999999999998 ] ] ] } },
{ "type": "Feature", "properties": { "PXLVAL": 1 }, "geometry": { "type": "Polygon", "coordinates": [ [ [ 112.761777777777013, -7.200222222222022 ], [ 112.761999999999233, -7.200222222222022 ], [ 112.761999999999233, -7.200444444444244 ], [ 112.762222222221453, -7.200444444444244 ], [ 112.762222222221453, -7.200666666666466 ], [ 112.761777777777013, -7.200666666666466 ], [ 112.761777777777013, -7.200222222222022 ] ] ] } },
{ "type": "Feature", "properties": { "PXLVAL": 1 }, "geometry": { "type": "Polygon", "coordinates": [ [ [ 112.764666666665903, -7.200222222222022 ], [ 112.765111111110343, -7.200222222222022 ], [ 112.765111111110343, -7.200444444444244 ], [ 112.764888888888123, -7.200444444444244 ], [ 112.764888888888123, -7.200666666666466 ], [ 112.764666666665903, -7.200666666666466 ], [ 112.764666666665903, -7.200222222222022 ] ] ] } },
{ "type": "Feature", "properties": { "PXLVAL": 1 }, "geometry": { "type": "Polygon", "coordinates": [ [ [ 112.765555555554783, -7.200222222222022 ], [ 112.765777777777018, -7.200222222222022 ], [ 112.765777777777018, -7.200888888888688 ], [ 112.765555555554783, -7.200888888888688 ], [ 112.765555555554783, -7.200222222222022 ] ] ] } },
{ "type": "Feature", "properties": { "PXLVAL": 1 }, "geometry": { "type": "Polygon", "coordinates": [ [ [ 112.761111111110353, -7.200666666666466 ], [ 112.761777777777013, -7.200666666666466 ], [ 112.761777777777013, -7.200888888888688 ], [ 112.761555555554793, -7.200888888888688 ], [ 112.761555555554793, -7.20111111111091 ], [ 112.761111111110353, -7.20111111111091 ], [ 112.761111111110353, -7.200666666666466 ] ] ] } },
{ "type": "Feature", "properties": { "PXLVAL": 1 }, "geometry": { "type": "Polygon", "coordinates": [ [ [ 112.658666666666008, -7.1999999999998 ], [ 112.659111111110448, -7.1999999999998 ], [ 112.659111111110448, -7.200888888888688 ], [ 112.658666666666008, -7.200888888888688 ], [ 112.658666666666008, -7.20111111111091 ], [ 112.658222222221568, -7.20111111111091 ], [ 112.658222222221568, -7.201333333333132 ], [ 112.658444444443788, -7.201333333333132 ], [ 112.658444444443788, -7.201777777777576 ], [ 112.658222222221568, -7.201777777777576 ], [ 112.658222222221568, -7.201555555555354 ], [ 112.657999999999348, -7.201555555555354 ], [ 112.657999999999348, -7.201333333333132 ], [ 112.657777777777113, -7.201333333333132 ], [ 112.657777777777113, -7.20111111111091 ], [ 112.657999999999348, -7.20111111111091 ], [ 112.657999999999348, -7.200666666666466 ], [ 112.658666666666008, -7.200666666666466 ], [ 112.658666666666008, -7.1999999999998 ] ] ] } },
{ "type": "Feature", "properties": { "PXLVAL": 1 }, "geometry": { "type": "Polygon", "coordinates": [ [ [ 112.747777777777031, -7.200444444444244 ], [ 112.747999999999251, -7.200444444444244 ], [ 112.747999999999251, -7.20111111111091 ], [ 112.747777777777031, -7.20111111111091 ], [ 112.747777777777031, -7.201333333333132 ], [ 112.747111111110371, -7.201333333333132 ], [ 112.747111111110371, -7.20111111111091 ], [ 112.747333333332591, -7.20111111111091 ], [ 112.747333333332591, -7.200666666666466 ], [ 112.747777777777031, -7.200666666666466 ], [ 112.747777777777031, -7.200444444444244 ] ] ] } },
{ "type": "Feature", "properties": { "PXLVAL": 1 }, "geometry": { "type": "Polygon", "coordinates": [ [ [ 112.748666666665912, -7.200666666666466 ], [ 112.749333333332586, -7.200666666666466 ], [ 112.749333333332586, -7.200888888888688 ], [ 112.749555555554807, -7.200888888888688 ], [ 112.749555555554807, -7.20111111111091 ], [ 112.749333333332586, -7.20111111111091 ], [ 112.749333333332586, -7.201555555555354 ], [ 112.749111111110366, -7.201555555555354 ], [ 112.749111111110366, -7.201777777777576 ], [ 112.748666666665912, -7.201777777777576 ], [ 112.748666666665912, -7.201999999999798 ], [ 112.748444444443692, -7.201999999999798 ], [ 112.748444444443692, -7.20111111111091 ], [ 112.748666666665912, -7.20111111111091 ], [ 112.748666666665912, -7.200666666666466 ] ] ] } },
{ "type": "Feature", "properties": { "PXLVAL": 1 }, "geometry": { "type": "Polygon", "coordinates": [ [ [ 112.767777777777013, -7.20111111111091 ], [ 112.768888888888114, -7.20111111111091 ], [ 112.768888888888114, -7.201333333333132 ], [ 112.767999999999233, -7.201333333333132 ], [ 112.767999999999233, -7.201777777777576 ], [ 112.767777777777013, -7.201777777777576 ], [ 112.767777777777013, -7.20111111111091 ] ] ] } },
{ "type": "Feature", "properties": { "PXLVAL": 1 }, "geometry": { "type": "Polygon", "coordinates": [ [ [ 112.751555555554802, -7.201333333333132 ], [ 112.751777777777022, -7.201333333333132 ], [ 112.751777777777022, -7.201555555555354 ], [ 112.751999999999242, -7.201555555555354 ], [ 112.751999999999242, -7.201777777777576 ], [ 112.751777777777022, -7.201777777777576 ], [ 112.751777777777022, -7.201999999999798 ], [ 112.751555555554802, -7.201999999999798 ], [ 112.751555555554802, -7.201333333333132 ] ] ] } },
{ "type": "Feature", "properties": { "PXLVAL": 1 }, "geometry": { "type": "Polygon", "coordinates": [ [ [ 112.659333333332668, -7.201555555555354 ], [ 112.659555555554903, -7.201555555555354 ], [ 112.659555555554903, -7.201777777777576 ], [ 112.659333333332668, -7.201777777777576 ], [ 112.659333333332668, -7.201555555555354 ] ] ] } },
{ "type": "Feature", "properties": { "PXLVAL": 1 }, "geometry": { "type": "Polygon", "coordinates": [ [ [ 112.757555555554802, -7.201555555555354 ], [ 112.757999999999242, -7.201555555555354 ], [ 112.757999999999242, -7.201777777777576 ], [ 112.757555555554802, -7.201777777777576 ], [ 112.757555555554802, -7.201555555555354 ] ] ] } },
{ "type": "Feature", "properties": { "PXLVAL": 1 }, "geometry": { "type": "Polygon", "coordinates": [ [ [ 112.758444444443683, -7.201555555555354 ], [ 112.758666666665903, -7.201555555555354 ], [ 112.758666666665903, -7.201777777777576 ], [ 112.758444444443683, -7.201777777777576 ], [ 112.758444444443683, -7.201555555555354 ] ] ] } },
{ "type": "Feature", "properties": { "PXLVAL": 1 }, "geometry": { "type": "Polygon", "coordinates": [ [ [ 112.756666666665907, -7.201333333333132 ], [ 112.757333333332582, -7.201333333333132 ], [ 112.757333333332582, -7.201777777777576 ], [ 112.757111111110348, -7.201777777777576 ], [ 112.757111111110348, -7.201999999999798 ], [ 112.756666666665907, -7.201999999999798 ], [ 112.756666666665907, -7.20222222222202 ], [ 112.756444444443687, -7.20222222222202 ], [ 112.756444444443687, -7.201555555555354 ], [ 112.756666666665907, -7.201555555555354 ], [ 112.756666666665907, -7.201333333333132 ] ] ] } },
{ "type": "Feature", "properties": { "PXLVAL": 1 }, "geometry": { "type": "Polygon", "coordinates": [ [ [ 112.752666666665917, -7.201555555555354 ], [ 112.753111111110357, -7.201555555555354 ], [ 112.753111111110357, -7.201777777777576 ], [ 112.753555555554797, -7.201777777777576 ], [ 112.753555555554797, -7.20222222222202 ], [ 112.753333333332577, -7.20222222222202 ], [ 112.753333333332577, -7.201999999999798 ], [ 112.753111111110357, -7.201999999999798 ], [ 112.753111111110357, -7.20222222222202 ], [ 112.752666666665917, -7.20222222222202 ], [ 112.752666666665917, -7.201999999999798 ], [ 112.752444444443697, -7.201999999999798 ], [ 112.752444444443697, -7.201777777777576 ], [ 112.752666666665917, -7.201777777777576 ], [ 112.752666666665917, -7.201555555555354 ] ] ] } },
{ "type": "Feature", "properties": { "PXLVAL": 1 }, "geometry": { "type": "Polygon", "coordinates": [ [ [ 112.748222222221472, -7.196444444444248 ], [ 112.748444444443692, -7.196444444444248 ], [ 112.748444444443692, -7.197555555555358 ], [ 112.748888888888146, -7.197555555555358 ], [ 112.748888888888146, -7.197999999999802 ], [ 112.748666666665912, -7.197999999999802 ], [ 112.748666666665912, -7.198666666666468 ], [ 112.748888888888146, -7.198666666666468 ], [ 112.748888888888146, -7.198444444444246 ], [ 112.749111111110366, -7.198444444444246 ], [ 112.749111111110366, -7.198222222222024 ], [ 112.749333333332586, -7.198222222222024 ], [ 112.749333333332586, -7.19888888888869 ], [ 112.749777777777027, -7.19888888888869 ], [ 112.749777777777027, -7.199111111110912 ], [ 112.749999999999247, -7.199111111110912 ], [ 112.749999999999247, -7.19888888888869 ], [ 112.750222222221467, -7.19888888888869 ], [ 112.750222222221467, -7.199111111110912 ], [ 112.750444444443687, -7.199111111110912 ], [ 112.750444444443687, -7.199333333333134 ], [ 112.750222222221467, -7.199333333333134 ], [ 112.750222222221467, -7.199777777777578 ], [ 112.750444444443687, -7.199777777777578 ], [ 112.750444444443687, -7.1999999999998 ], [ 112.750666666665921, -7.1999999999998 ], [ 112.750666666665921, -7.199555555555356 ], [ 112.751555555554802, -7.199555555555356 ], [ 112.751555555554802, -7.199333333333134 ], [ 112.752222222221476, -7.199333333333134 ], [ 112.752222222221476, -7.199555555555356 ], [ 112.752444444443697, -7.199555555555356 ], [ 112.752444444443697, -7.199777777777578 ], [ 112.753333333332577, -7.199777777777578 ], [ 112.753333333332577, -7.199555555555356 ], [ 112.754222222221472, -7.199555555555356 ], [ 112.754222222221472, -7.199333333333134 ], [ 112.754888888888132, -7.199333333333134 ], [ 112.754888888888132, -7.199111111110912 ], [ 112.755333333332572, -7.199111111110912 ], [ 112.755333333332572, -7.19888888888869 ], [ 112.755555555554807, -7.19888888888869 ], [ 112.755555555554807, -7.198666666666468 ], [ 112.756222222221467, -7.198666666666468 ], [ 112.756222222221467, -7.198222222222024 ], [ 112.756666666665907, -7.198222222222024 ], [ 112.756666666665907, -7.198444444444246 ], [ 112.756888888888128, -7.198444444444246 ], [ 112.756888888888128, -7.198222222222024 ], [ 112.757111111110348, -7.198222222222024 ], [ 112.757111111110348, -7.197999999999802 ], [ 112.756888888888128, -7.197999999999802 ], [ 112.756888888888128, -7.197555555555358 ], [ 112.757111111110348, -7.197555555555358 ], [ 112.757111111110348, -7.197333333333136 ], [ 112.757333333332582, -7.197333333333136 ], [ 112.757333333332582, -7.197111111110914 ], [ 112.757555555554802, -7.197111111110914 ], [ 112.757555555554802, -7.196888888888692 ], [ 112.758222222221463, -7.196888888888692 ], [ 112.758222222221463, -7.197111111110914 ], [ 112.758444444443683, -7.197111111110914 ], [ 112.758444444443683, -7.197555555555358 ], [ 112.759111111110357, -7.197555555555358 ], [ 112.759111111110357, -7.19777777777758 ], [ 112.758666666665903, -7.19777777777758 ], [ 112.758666666665903, -7.197999999999802 ], [ 112.758444444443683, -7.197999999999802 ], [ 112.758444444443683, -7.198444444444246 ], [ 112.758222222221463, -7.198444444444246 ], [ 112.758222222221463, -7.19888888888869 ], [ 112.757999999999242, -7.19888888888869 ], [ 112.757999999999242, -7.199555555555356 ], [ 112.757555555554802, -7.199555555555356 ], [ 112.757555555554802, -7.199111111110912 ], [ 112.757333333332582, -7.199111111110912 ], [ 112.757333333332582, -7.199333333333134 ], [ 112.756888888888128, -7.199333333333134 ], [ 112.756888888888128, -7.199555555555356 ], [ 112.756666666665907, -7.199555555555356 ], [ 112.756666666665907, -7.200222222222022 ], [ 112.756444444443687, -7.200222222222022 ], [ 112.756444444443687, -7.1999999999998 ], [ 112.755999999999247, -7.1999999999998 ], [ 112.755999999999247, -7.200222222222022 ], [ 112.756222222221467, -7.200222222222022 ], [ 112.756222222221467, -7.200444444444244 ], [ 112.756444444443687, -7.200444444444244 ], [ 112.756444444443687, -7.200666666666466 ], [ 112.755999999999247, -7.200666666666466 ], [ 112.755999999999247, -7.20111111111091 ], [ 112.755777777777027, -7.20111111111091 ], [ 112.755777777777027, -7.201555555555354 ], [ 112.755111111110352, -7.201555555555354 ], [ 112.755111111110352, -7.201777777777576 ], [ 112.754666666665912, -7.201777777777576 ], [ 112.754666666665912, -7.201999999999798 ], [ 112.754444444443692, -7.201999999999798 ], [ 112.754444444443692, -7.20222222222202 ], [ 112.753777777777017, -7.20222222222202 ], [ 112.753777777777017, -7.201777777777576 ], [ 112.754222222221472, -7.201777777777576 ], [ 112.754222222221472, -7.201333333333132 ], [ 112.753999999999252, -7.201333333333132 ], [ 112.753999999999252, -7.201555555555354 ], [ 112.753777777777017, -7.201555555555354 ], [ 112.753777777777017, -7.201333333333132 ], [ 112.753111111110357, -7.201333333333132 ], [ 112.753111111110357, -7.20111111111091 ], [ 112.753333333332577, -7.20111111111091 ], [ 112.753333333332577, -7.200888888888688 ], [ 112.752888888888137, -7.200888888888688 ], [ 112.752888888888137, -7.201333333333132 ], [ 112.752222222221476, -7.201333333333132 ], [ 112.752222222221476, -7.20111111111091 ], [ 112.750222222221467, -7.20111111111091 ], [ 112.750222222221467, -7.200888888888688 ], [ 112.749999999999247, -7.200888888888688 ], [ 112.749999999999247, -7.200666666666466 ], [ 112.749555555554807, -7.200666666666466 ], [ 112.749555555554807, -7.200444444444244 ], [ 112.749111111110366, -7.200444444444244 ], [ 112.749111111110366, -7.200222222222022 ], [ 112.748444444443692, -7.200222222222022 ], [ 112.748444444443692, -7.1999999999998 ], [ 112.748222222221472, -7.1999999999998 ], [ 112.748222222221472, -7.199777777777578 ], [ 112.747111111110371, -7.199777777777578 ], [ 112.747111111110371, -7.1999999999998 ], [ 112.746888888888137, -7.1999999999998 ], [ 112.746888888888137, -7.199555555555356 ], [ 112.747111111110371, -7.199555555555356 ], [ 112.747111111110371, -7.198222222222024 ], [ 112.747333333332591, -7.198222222222024 ], [ 112.747333333332591, -7.19777777777758 ], [ 112.747777777777031, -7.19777777777758 ], [ 112.747777777777031, -7.197111111110914 ], [ 112.747999999999251, -7.197111111110914 ], [ 112.747999999999251, -7.19666666666647 ], [ 112.748222222221472, -7.19666666666647 ], [ 112.748222222221472, -7.196444444444248 ] ], [ [ 112.754444444443692, -7.20111111111091 ], [ 112.754444444443692, -7.201333333333132 ], [ 112.754888888888132, -7.201333333333132 ], [ 112.754888888888132, -7.20111111111091 ], [ 112.754444444443692, -7.20111111111091 ] ] ] } },
{ "type": "Feature", "properties": { "PXLVAL": 1 }, "geometry": { "type": "Polygon", "coordinates": [ [ [ 112.758666666665903, -7.201777777777576 ], [ 112.759111111110357, -7.201777777777576 ], [ 112.759111111110357, -7.202444444444242 ], [ 112.758666666665903, -7.202444444444242 ], [ 112.758666666665903, -7.201777777777576 ] ] ] } },
{ "type": "Feature", "properties": { "PXLVAL": 1 }, "geometry": { "type": "Polygon", "coordinates": [ [ [ 112.767999999999233, -7.201777777777576 ], [ 112.768444444443674, -7.201777777777576 ], [ 112.768444444443674, -7.20222222222202 ], [ 112.767999999999233, -7.20222222222202 ], [ 112.767999999999233, -7.201777777777576 ] ] ] } },
{ "type": "Feature", "properties": { "PXLVAL": 1 }, "geometry": { "type": "Polygon", "coordinates": [ [ [ 112.749777777777027, -7.201777777777576 ], [ 112.749999999999247, -7.201777777777576 ], [ 112.749999999999247, -7.201999999999798 ], [ 112.750222222221467, -7.201999999999798 ], [ 112.750222222221467, -7.202444444444242 ], [ 112.749999999999247, -7.202444444444242 ], [ 112.749999999999247, -7.20222222222202 ], [ 112.749555555554807, -7.20222222222202 ], [ 112.749555555554807, -7.201999999999798 ], [ 112.749777777777027, -7.201999999999798 ], [ 112.749777777777027, -7.201777777777576 ] ] ] } },
{ "type": "Feature", "properties": { "PXLVAL": 1 }, "geometry": { "type": "Polygon", "coordinates": [ [ [ 112.750666666665921, -7.201777777777576 ], [ 112.750888888888142, -7.201777777777576 ], [ 112.750888888888142, -7.20222222222202 ], [ 112.750444444443687, -7.20222222222202 ], [ 112.750444444443687, -7.201999999999798 ], [ 112.750666666665921, -7.201999999999798 ], [ 112.750666666665921, -7.201777777777576 ] ] ] } },
{ "type": "Feature", "properties": { "PXLVAL": 1 }, "geometry": { "type": "Polygon", "coordinates": [ [ [ 112.757555555554802, -7.201999999999798 ], [ 112.757777777777022, -7.201999999999798 ], [ 112.757777777777022, -7.20222222222202 ], [ 112.757555555554802, -7.20222222222202 ], [ 112.757555555554802, -7.201999999999798 ] ] ] } },
{ "type": "Feature", "properties": { "PXLVAL": 1 }, "geometry": { "type": "Polygon", "coordinates": [ [ [ 112.767111111110339, -7.201999999999798 ], [ 112.767333333332573, -7.201999999999798 ], [ 112.767333333332573, -7.202666666666464 ], [ 112.767111111110339, -7.202666666666464 ], [ 112.767111111110339, -7.201999999999798 ] ] ] } },
{ "type": "Feature", "properties": { "PXLVAL": 1 }, "geometry": { "type": "Polygon", "coordinates": [ [ [ 112.757111111110348, -7.20222222222202 ], [ 112.757555555554802, -7.20222222222202 ], [ 112.757555555554802, -7.202444444444242 ], [ 112.757333333332582, -7.202444444444242 ], [ 112.757333333332582, -7.202666666666464 ], [ 112.757111111110348, -7.202666666666464 ], [ 112.757111111110348, -7.20222222222202 ] ] ] } },
{ "type": "Feature", "properties": { "PXLVAL": 1 }, "geometry": { "type": "Polygon", "coordinates": [ [ [ 112.758444444443683, -7.202444444444242 ], [ 112.758666666665903, -7.202444444444242 ], [ 112.758666666665903, -7.202888888888686 ], [ 112.758444444443683, -7.202888888888686 ], [ 112.758444444443683, -7.202444444444242 ] ] ] } },
{ "type": "Feature", "properties": { "PXLVAL": 1 }, "geometry": { "type": "Polygon", "coordinates": [ [ [ 112.770444444443669, -7.201999999999798 ], [ 112.770666666665889, -7.201999999999798 ], [ 112.770666666665889, -7.20222222222202 ], [ 112.770888888888123, -7.20222222222202 ], [ 112.770888888888123, -7.202888888888686 ], [ 112.770666666665889, -7.202888888888686 ], [ 112.770666666665889, -7.202666666666464 ], [ 112.770222222221449, -7.202666666666464 ], [ 112.770222222221449, -7.202444444444242 ], [ 112.770444444443669, -7.202444444444242 ], [ 112.770444444443669, -7.201999999999798 ] ] ] } },
{ "type": "Feature", "properties": { "PXLVAL": 1 }, "geometry": { "type": "Polygon", "coordinates": [ [ [ 112.769111111110348, -7.202666666666464 ], [ 112.769333333332568, -7.202666666666464 ], [ 112.769333333332568, -7.203111111110908 ], [ 112.769111111110348, -7.203111111110908 ], [ 112.769111111110348, -7.202666666666464 ] ] ] } },
{ "type": "Feature", "properties": { "PXLVAL": 1 }, "geometry": { "type": "Polygon", "coordinates": [ [ [ 112.768222222221453, -7.202888888888686 ], [ 112.768666666665894, -7.202888888888686 ], [ 112.768666666665894, -7.203555555555352 ], [ 112.768444444443674, -7.203555555555352 ], [ 112.768444444443674, -7.20333333333313 ], [ 112.768222222221453, -7.20333333333313 ], [ 112.768222222221453, -7.202888888888686 ] ] ] } },
{ "type": "Feature", "properties": { "PXLVAL": 1 }, "geometry": { "type": "Polygon", "coordinates": [ [ [ 112.655777777777118, -7.203111111110908 ], [ 112.656222222221572, -7.203111111110908 ], [ 112.656222222221572, -7.203555555555352 ], [ 112.655999999999338, -7.203555555555352 ], [ 112.655999999999338, -7.20333333333313 ], [ 112.655777777777118, -7.20333333333313 ], [ 112.655777777777118, -7.203111111110908 ] ] ] } },
{ "type": "Feature", "properties": { "PXLVAL": 1 }, "geometry": { "type": "Polygon", "coordinates": [ [ [ 112.756444444443687, -7.203111111110908 ], [ 112.756666666665907, -7.203111111110908 ], [ 112.756666666665907, -7.20333333333313 ], [ 112.756444444443687, -7.20333333333313 ], [ 112.756444444443687, -7.203111111110908 ] ] ] } },
{ "type": "Feature", "properties": { "PXLVAL": 1 }, "geometry": { "type": "Polygon", "coordinates": [ [ [ 112.766222222221458, -7.20333333333313 ], [ 112.766444444443678, -7.20333333333313 ], [ 112.766444444443678, -7.203777777777574 ], [ 112.765999999999238, -7.203777777777574 ], [ 112.765999999999238, -7.203555555555352 ], [ 112.766222222221458, -7.203555555555352 ], [ 112.766222222221458, -7.20333333333313 ] ] ] } },
{ "type": "Feature", "properties": { "PXLVAL": 1 }, "geometry": { "type": "Polygon", "coordinates": [ [ [ 112.764666666665903, -7.203777777777574 ], [ 112.764888888888123, -7.203777777777574 ], [ 112.764888888888123, -7.203999999999796 ], [ 112.764666666665903, -7.203999999999796 ], [ 112.764666666665903, -7.203777777777574 ] ] ] } },
{ "type": "Feature", "properties": { "PXLVAL": 1 }, "geometry": { "type": "Polygon", "coordinates": [ [ [ 112.765111111110343, -7.203777777777574 ], [ 112.765333333332563, -7.203777777777574 ], [ 112.765333333332563, -7.204666666666462 ], [ 112.765111111110343, -7.204666666666462 ], [ 112.765111111110343, -7.203777777777574 ] ] ] } },
{ "type": "Feature", "properties": { "PXLVAL": 1 }, "geometry": { "type": "Polygon", "coordinates": [ [ [ 112.658222222221568, -7.204222222222018 ], [ 112.658444444443788, -7.204222222222018 ], [ 112.658444444443788, -7.204666666666462 ], [ 112.658222222221568, -7.204666666666462 ], [ 112.658222222221568, -7.204222222222018 ] ] ] } },
{ "type": "Feature", "properties": { "PXLVAL": 1 }, "geometry": { "type": "Polygon", "coordinates": [ [ [ 112.752222222221476, -7.204222222222018 ], [ 112.753555555554797, -7.204222222222018 ], [ 112.753555555554797, -7.204666666666462 ], [ 112.753111111110357, -7.204666666666462 ], [ 112.753111111110357, -7.20444444444424 ], [ 112.752888888888137, -7.20444444444424 ], [ 112.752888888888137, -7.204888888888684 ], [ 112.752444444443697, -7.204888888888684 ], [ 112.752444444443697, -7.204666666666462 ], [ 112.751333333332582, -7.204666666666462 ], [ 112.751333333332582, -7.20444444444424 ], [ 112.752222222221476, -7.20444444444424 ], [ 112.752222222221476, -7.204222222222018 ] ] ] } },
{ "type": "Feature", "properties": { "PXLVAL": 1 }, "geometry": { "type": "Polygon", "coordinates": [ [ [ 112.753999999999252, -7.20444444444424 ], [ 112.754444444443692, -7.20444444444424 ], [ 112.754444444443692, -7.204666666666462 ], [ 112.753999999999252, -7.204666666666462 ], [ 112.753999999999252, -7.20444444444424 ] ] ] } },
{ "type": "Feature", "properties": { "PXLVAL": 1 }, "geometry": { "type": "Polygon", "coordinates": [ [ [ 112.754888888888132, -7.20444444444424 ], [ 112.755111111110352, -7.20444444444424 ], [ 112.755111111110352, -7.204666666666462 ], [ 112.754888888888132, -7.204666666666462 ], [ 112.754888888888132, -7.20444444444424 ] ] ] } },
{ "type": "Feature", "properties": { "PXLVAL": 1 }, "geometry": { "type": "Polygon", "coordinates": [ [ [ 112.767555555554793, -7.20444444444424 ], [ 112.767777777777013, -7.20444444444424 ], [ 112.767777777777013, -7.204666666666462 ], [ 112.767999999999233, -7.204666666666462 ], [ 112.767999999999233, -7.204888888888684 ], [ 112.767555555554793, -7.204888888888684 ], [ 112.767555555554793, -7.20444444444424 ] ] ] } },
{ "type": "Feature", "properties": { "PXLVAL": 1 }, "geometry": { "type": "Polygon", "coordinates": [ [ [ 112.770888888888123, -7.20444444444424 ], [ 112.771111111110343, -7.20444444444424 ], [ 112.771111111110343, -7.204666666666462 ], [ 112.770888888888123, -7.204666666666462 ], [ 112.770888888888123, -7.20444444444424 ] ] ] } },
{ "type": "Feature", "properties": { "PXLVAL": 1 }, "geometry": { "type": "Polygon", "coordinates": [ [ [ 112.765333333332563, -7.204666666666462 ], [ 112.765555555554783, -7.204666666666462 ], [ 112.765555555554783, -7.204888888888684 ], [ 112.765777777777018, -7.204888888888684 ], [ 112.765777777777018, -7.205111111110906 ], [ 112.765333333332563, -7.205111111110906 ], [ 112.765333333332563, -7.204666666666462 ] ] ] } },
{ "type": "Feature", "properties": { "PXLVAL": 1 }, "geometry": { "type": "Polygon", "coordinates": [ [ [ 112.657111111110453, -7.204888888888684 ], [ 112.657333333332673, -7.204888888888684 ], [ 112.657333333332673, -7.205111111110906 ], [ 112.657111111110453, -7.205111111110906 ], [ 112.657111111110453, -7.204888888888684 ] ] ] } },
{ "type": "Feature", "properties": { "PXLVAL": 1 }, "geometry": { "type": "Polygon", "coordinates": [ [ [ 112.657777777777113, -7.204666666666462 ], [ 112.657999999999348, -7.204666666666462 ], [ 112.657999999999348, -7.205111111110906 ], [ 112.657555555554893, -7.205111111110906 ], [ 112.657555555554893, -7.204888888888684 ], [ 112.657777777777113, -7.204888888888684 ], [ 112.657777777777113, -7.204666666666462 ] ] ] } },
{ "type": "Feature", "properties": { "PXLVAL": 1 }, "geometry": { "type": "Polygon", "coordinates": [ [ [ 112.770222222221449, -7.204888888888684 ], [ 112.770666666665889, -7.204888888888684 ], [ 112.770666666665889, -7.205111111110906 ], [ 112.770222222221449, -7.205111111110906 ], [ 112.770222222221449, -7.204888888888684 ] ] ] } },
{ "type": "Feature", "properties": { "PXLVAL": 1 }, "geometry": { "type": "Polygon", "coordinates": [ [ [ 112.657333333332673, -7.205333333333128 ], [ 112.657555555554893, -7.205333333333128 ], [ 112.657555555554893, -7.20555555555535 ], [ 112.657333333332673, -7.20555555555535 ], [ 112.657333333332673, -7.205333333333128 ] ] ] } },
{ "type": "Feature", "properties": { "PXLVAL": 1 }, "geometry": { "type": "Polygon", "coordinates": [ [ [ 112.764444444443683, -7.205111111110906 ], [ 112.765333333332563, -7.205111111110906 ], [ 112.765333333332563, -7.205777777777572 ], [ 112.765111111110343, -7.205777777777572 ], [ 112.765111111110343, -7.205999999999794 ], [ 112.764444444443683, -7.205999999999794 ], [ 112.764444444443683, -7.205111111110906 ] ] ] } },
{ "type": "Feature", "properties": { "PXLVAL": 1 }, "geometry": { "type": "Polygon", "coordinates": [ [ [ 112.767777777777013, -7.205333333333128 ], [ 112.768222222221453, -7.205333333333128 ], [ 112.768222222221453, -7.20555555555535 ], [ 112.768444444443674, -7.20555555555535 ], [ 112.768444444443674, -7.206222222222016 ], [ 112.768222222221453, -7.206222222222016 ], [ 112.768222222221453, -7.205999999999794 ], [ 112.767999999999233, -7.205999999999794 ], [ 112.767999999999233, -7.205777777777572 ], [ 112.767777777777013, -7.205777777777572 ], [ 112.767777777777013, -7.205333333333128 ] ] ] } },
{ "type": "Feature", "properties": { "PXLVAL": 1 }, "geometry": { "type": "Polygon", "coordinates": [ [ [ 112.771333333332564, -7.205333333333128 ], [ 112.771777777777004, -7.205333333333128 ], [ 112.771777777777004, -7.205777777777572 ], [ 112.771555555554784, -7.205777777777572 ], [ 112.771555555554784, -7.20555555555535 ], [ 112.771333333332564, -7.20555555555535 ], [ 112.771333333332564, -7.205333333333128 ] ] ] } },
{ "type": "Feature", "properties": { "PXLVAL": 1 }, "geometry": { "type": "Polygon", "coordinates": [ [ [ 112.769555555554788, -7.20555555555535 ], [ 112.769777777777009, -7.20555555555535 ], [ 112.769777777777009, -7.205777777777572 ], [ 112.769555555554788, -7.205777777777572 ], [ 112.769555555554788, -7.20555555555535 ] ] ] } },
{ "type": "Feature", "properties": { "PXLVAL": 1 }, "geometry": { "type": "Polygon", "coordinates": [ [ [ 112.658444444443788, -7.20555555555535 ], [ 112.658666666666008, -7.20555555555535 ], [ 112.658666666666008, -7.205999999999794 ], [ 112.658222222221568, -7.205999999999794 ], [ 112.658222222221568, -7.205777777777572 ], [ 112.658444444443788, -7.205777777777572 ], [ 112.658444444443788, -7.20555555555535 ] ] ] } },
{ "type": "Feature", "properties": { "PXLVAL": 1 }, "geometry": { "type": "Polygon", "coordinates": [ [ [ 112.767111111110339, -7.205777777777572 ], [ 112.767333333332573, -7.205777777777572 ], [ 112.767333333332573, -7.205999999999794 ], [ 112.767555555554793, -7.205999999999794 ], [ 112.767555555554793, -7.206222222222016 ], [ 112.767111111110339, -7.206222222222016 ], [ 112.767111111110339, -7.205777777777572 ] ] ] } },
{ "type": "Feature", "properties": { "PXLVAL": 1 }, "geometry": { "type": "Polygon", "coordinates": [ [ [ 112.770888888888123, -7.205777777777572 ], [ 112.771111111110343, -7.205777777777572 ], [ 112.771111111110343, -7.206222222222016 ], [ 112.770888888888123, -7.206222222222016 ], [ 112.770888888888123, -7.205777777777572 ] ] ] } },
{ "type": "Feature", "properties": { "PXLVAL": 1 }, "geometry": { "type": "Polygon", "coordinates": [ [ [ 112.657777777777113, -7.205999999999794 ], [ 112.657999999999348, -7.205999999999794 ], [ 112.657999999999348, -7.206222222222016 ], [ 112.658222222221568, -7.206222222222016 ], [ 112.658222222221568, -7.20666666666646 ], [ 112.657777777777113, -7.20666666666646 ], [ 112.657777777777113, -7.205999999999794 ] ] ] } },
{ "type": "Feature", "properties": { "PXLVAL": 1 }, "geometry": { "type": "Polygon", "coordinates": [ [ [ 112.658666666666008, -7.206444444444238 ], [ 112.658888888888228, -7.206444444444238 ], [ 112.658888888888228, -7.20666666666646 ], [ 112.658666666666008, -7.20666666666646 ], [ 112.658666666666008, -7.206444444444238 ] ] ] } },
{ "type": "Feature", "properties": { "PXLVAL": 1 }, "geometry": { "type": "Polygon", "coordinates": [ [ [ 112.768222222221453, -7.19888888888869 ], [ 112.768888888888114, -7.19888888888869 ], [ 112.768888888888114, -7.199111111110912 ], [ 112.769111111110348, -7.199111111110912 ], [ 112.769111111110348, -7.199333333333134 ], [ 112.769555555554788, -7.199333333333134 ], [ 112.769555555554788, -7.199555555555356 ], [ 112.769999999999229, -7.199555555555356 ], [ 112.769999999999229, -7.199777777777578 ], [ 112.770222222221449, -7.199777777777578 ], [ 112.770222222221449, -7.1999999999998 ], [ 112.770444444443669, -7.1999999999998 ], [ 112.770444444443669, -7.200222222222022 ], [ 112.770888888888123, -7.200222222222022 ], [ 112.770888888888123, -7.200444444444244 ], [ 112.771111111110343, -7.200444444444244 ], [ 112.771111111110343, -7.200888888888688 ], [ 112.771333333332564, -7.200888888888688 ], [ 112.771333333332564, -7.20111111111091 ], [ 112.771555555554784, -7.20111111111091 ], [ 112.771555555554784, -7.201333333333132 ], [ 112.771999999999224, -7.201333333333132 ], [ 112.771999999999224, -7.201555555555354 ], [ 112.772444444443678, -7.201555555555354 ], [ 112.772444444443678, -7.201777777777576 ], [ 112.772666666665899, -7.201777777777576 ], [ 112.772666666665899, -7.201999999999798 ], [ 112.773333333332559, -7.201999999999798 ], [ 112.773333333332559, -7.202444444444242 ], [ 112.773555555554779, -7.202444444444242 ], [ 112.773555555554779, -7.20222222222202 ], [ 112.773777777776999, -7.20222222222202 ], [ 112.773777777776999, -7.201999999999798 ], [ 112.773555555554779, -7.201999999999798 ], [ 112.773555555554779, -7.201777777777576 ], [ 112.774222222221454, -7.201777777777576 ], [ 112.774222222221454, -7.20222222222202 ], [ 112.774444444443674, -7.20222222222202 ], [ 112.774444444443674, -7.203555555555352 ], [ 112.774222222221454, -7.203555555555352 ], [ 112.774222222221454, -7.205999999999794 ], [ 112.774444444443674, -7.205999999999794 ], [ 112.774444444443674, -7.20666666666646 ], [ 112.773777777776999, -7.20666666666646 ], [ 112.773777777776999, -7.206444444444238 ], [ 112.773999999999219, -7.206444444444238 ], [ 112.773999999999219, -7.206222222222016 ], [ 112.773777777776999, -7.206222222222016 ], [ 112.773777777776999, -7.205777777777572 ], [ 112.773555555554779, -7.205777777777572 ], [ 112.773555555554779, -7.20555555555535 ], [ 112.772666666665899, -7.20555555555535 ], [ 112.772666666665899, -7.205777777777572 ], [ 112.772444444443678, -7.205777777777572 ], [ 112.772444444443678, -7.20555555555535 ], [ 112.772222222221444, -7.20555555555535 ], [ 112.772222222221444, -7.205333333333128 ], [ 112.772444444443678, -7.205333333333128 ], [ 112.772444444443678, -7.205111111110906 ], [ 112.772222222221444, -7.205111111110906 ], [ 112.772222222221444, -7.204888888888684 ], [ 112.771777777777004, -7.204888888888684 ], [ 112.771777777777004, -7.204666666666462 ], [ 112.771999999999224, -7.204666666666462 ], [ 112.771999999999224, -7.20444444444424 ], [ 112.772222222221444, -7.20444444444424 ], [ 112.772222222221444, -7.204222222222018 ], [ 112.771999999999224, -7.204222222222018 ], [ 112.771999999999224, -7.202888888888686 ], [ 112.771777777777004, -7.202888888888686 ], [ 112.771777777777004, -7.20333333333313 ], [ 112.771555555554784, -7.20333333333313 ], [ 112.771555555554784, -7.203111111110908 ], [ 112.771111111110343, -7.203111111110908 ], [ 112.771111111110343, -7.202888888888686 ], [ 112.771555555554784, -7.202888888888686 ], [ 112.771555555554784, -7.202666666666464 ], [ 112.771777777777004, -7.202666666666464 ], [ 112.771777777777004, -7.202444444444242 ], [ 112.771999999999224, -7.202444444444242 ], [ 112.771999999999224, -7.20222222222202 ], [ 112.772222222221444, -7.20222222222202 ], [ 112.772222222221444, -7.201777777777576 ], [ 112.771555555554784, -7.201777777777576 ], [ 112.771555555554784, -7.201555555555354 ], [ 112.770666666665889, -7.201555555555354 ], [ 112.770666666665889, -7.201777777777576 ], [ 112.770444444443669, -7.201777777777576 ], [ 112.770444444443669, -7.201555555555354 ], [ 112.770222222221449, -7.201555555555354 ], [ 112.770222222221449, -7.20111111111091 ], [ 112.769777777777009, -7.20111111111091 ], [ 112.769777777777009, -7.200888888888688 ], [ 112.769555555554788, -7.200888888888688 ], [ 112.769555555554788, -7.200666666666466 ], [ 112.768666666665894, -7.200666666666466 ], [ 112.768666666665894, -7.200444444444244 ], [ 112.768444444443674, -7.200444444444244 ], [ 112.768444444443674, -7.200666666666466 ], [ 112.767777777777013, -7.200666666666466 ], [ 112.767777777777013, -7.1999999999998 ], [ 112.767999999999233, -7.1999999999998 ], [ 112.767999999999233, -7.200222222222022 ], [ 112.769333333332568, -7.200222222222022 ], [ 112.769333333332568, -7.200444444444244 ], [ 112.769777777777009, -7.200444444444244 ], [ 112.769777777777009, -7.200222222222022 ], [ 112.769555555554788, -7.200222222222022 ], [ 112.769555555554788, -7.1999999999998 ], [ 112.768888888888114, -7.1999999999998 ], [ 112.768888888888114, -7.199333333333134 ], [ 112.768222222221453, -7.199333333333134 ], [ 112.768222222221453, -7.19888888888869 ] ], [ [ 112.773111111110339, -7.202444444444242 ], [ 112.773111111110339, -7.202666666666464 ], [ 112.773333333332559, -7.202666666666464 ], [ 112.773333333332559, -7.202444444444242 ], [ 112.773111111110339, -7.202444444444242 ] ], [ [ 112.772888888888119, -7.203111111110908 ], [ 112.772888888888119, -7.20333333333313 ], [ 112.772666666665899, -7.20333333333313 ], [ 112.772666666665899, -7.203555555555352 ], [ 112.772444444443678, -7.203555555555352 ], [ 112.772444444443678, -7.204222222222018 ], [ 112.773111111110339, -7.204222222222018 ], [ 112.773111111110339, -7.203111111110908 ], [ 112.772888888888119, -7.203111111110908 ] ], [ [ 112.773111111110339, -7.204222222222018 ], [ 112.773111111110339, -7.20444444444424 ], [ 112.773333333332559, -7.20444444444424 ], [ 112.773333333332559, -7.204222222222018 ], [ 112.773111111110339, -7.204222222222018 ] ] ] } },
{ "type": "Feature", "properties": { "PXLVAL": 1 }, "geometry": { "type": "Polygon", "coordinates": [ [ [ 112.665111111110448, -7.189555555555366 ], [ 112.665999999999329, -7.189555555555366 ], [ 112.665999999999329, -7.189777777777588 ], [ 112.665777777777109, -7.189777777777588 ], [ 112.665777777777109, -7.18999999999981 ], [ 112.665999999999329, -7.18999999999981 ], [ 112.665999999999329, -7.190222222222032 ], [ 112.666222222221549, -7.190222222222032 ], [ 112.666222222221549, -7.190666666666476 ], [ 112.665999999999329, -7.190666666666476 ], [ 112.665999999999329, -7.190888888888698 ], [ 112.666444444443783, -7.190888888888698 ], [ 112.666444444443783, -7.19111111111092 ], [ 112.666666666666003, -7.19111111111092 ], [ 112.666666666666003, -7.191999999999808 ], [ 112.666444444443783, -7.191999999999808 ], [ 112.666444444443783, -7.19222222222203 ], [ 112.666888888888224, -7.19222222222203 ], [ 112.666888888888224, -7.192666666666474 ], [ 112.667111111110444, -7.192666666666474 ], [ 112.667111111110444, -7.193777777777584 ], [ 112.666888888888224, -7.193777777777584 ], [ 112.666888888888224, -7.193999999999806 ], [ 112.666444444443783, -7.193999999999806 ], [ 112.666444444443783, -7.194666666666472 ], [ 112.666888888888224, -7.194666666666472 ], [ 112.666888888888224, -7.195333333333138 ], [ 112.666444444443783, -7.195333333333138 ], [ 112.666444444443783, -7.195999999999804 ], [ 112.666222222221549, -7.195999999999804 ], [ 112.666222222221549, -7.196222222222026 ], [ 112.666444444443783, -7.196222222222026 ], [ 112.666444444443783, -7.196444444444248 ], [ 112.666666666666003, -7.196444444444248 ], [ 112.666666666666003, -7.196222222222026 ], [ 112.667111111110444, -7.196222222222026 ], [ 112.667111111110444, -7.19666666666647 ], [ 112.666666666666003, -7.19666666666647 ], [ 112.666666666666003, -7.197555555555358 ], [ 112.666444444443783, -7.197555555555358 ], [ 112.666444444443783, -7.197999999999802 ], [ 112.665333333332669, -7.197999999999802 ], [ 112.665333333332669, -7.19777777777758 ], [ 112.665111111110448, -7.19777777777758 ], [ 112.665111111110448, -7.197555555555358 ], [ 112.664888888888228, -7.197555555555358 ], [ 112.664888888888228, -7.197333333333136 ], [ 112.664666666666008, -7.197333333333136 ], [ 112.664666666666008, -7.197111111110914 ], [ 112.664222222221554, -7.197111111110914 ], [ 112.664222222221554, -7.197555555555358 ], [ 112.664666666666008, -7.197555555555358 ], [ 112.664666666666008, -7.19777777777758 ], [ 112.664888888888228, -7.19777777777758 ], [ 112.664888888888228, -7.197999999999802 ], [ 112.665111111110448, -7.197999999999802 ], [ 112.665111111110448, -7.198222222222024 ], [ 112.665333333332669, -7.198222222222024 ], [ 112.665333333332669, -7.19888888888869 ], [ 112.664666666666008, -7.19888888888869 ], [ 112.664666666666008, -7.199333333333134 ], [ 112.663999999999334, -7.199333333333134 ], [ 112.663999999999334, -7.1999999999998 ], [ 112.664666666666008, -7.1999999999998 ], [ 112.664666666666008, -7.200666666666466 ], [ 112.664222222221554, -7.200666666666466 ], [ 112.664222222221554, -7.20111111111091 ], [ 112.663999999999334, -7.20111111111091 ], [ 112.663999999999334, -7.201555555555354 ], [ 112.663555555554893, -7.201555555555354 ], [ 112.663555555554893, -7.201333333333132 ], [ 112.663333333332673, -7.201333333333132 ], [ 112.663333333332673, -7.201555555555354 ], [ 112.663111111110453, -7.201555555555354 ], [ 112.663111111110453, -7.201777777777576 ], [ 112.662666666665999, -7.201777777777576 ], [ 112.662666666665999, -7.202666666666464 ], [ 112.662888888888233, -7.202666666666464 ], [ 112.662888888888233, -7.203111111110908 ], [ 112.662666666665999, -7.203111111110908 ], [ 112.662666666665999, -7.203555555555352 ], [ 112.662444444443778, -7.203555555555352 ], [ 112.662444444443778, -7.20333333333313 ], [ 112.662222222221558, -7.20333333333313 ], [ 112.662222222221558, -7.203777777777574 ], [ 112.661999999999338, -7.203777777777574 ], [ 112.661999999999338, -7.204222222222018 ], [ 112.661777777777118, -7.204222222222018 ], [ 112.661777777777118, -7.204666666666462 ], [ 112.661333333332678, -7.204666666666462 ], [ 112.661333333332678, -7.205333333333128 ], [ 112.660666666666003, -7.205333333333128 ], [ 112.660666666666003, -7.20555555555535 ], [ 112.661111111110444, -7.20555555555535 ], [ 112.661111111110444, -7.205777777777572 ], [ 112.660444444443783, -7.205777777777572 ], [ 112.660444444443783, -7.205999999999794 ], [ 112.660666666666003, -7.205999999999794 ], [ 112.660666666666003, -7.207111111110904 ], [ 112.660222222221563, -7.207111111110904 ], [ 112.660222222221563, -7.20777777777757 ], [ 112.659999999999343, -7.20777777777757 ], [ 112.659999999999343, -7.20666666666646 ], [ 112.659333333332668, -7.20666666666646 ], [ 112.659333333332668, -7.207333333333126 ], [ 112.658888888888228, -7.207333333333126 ], [ 112.658888888888228, -7.207555555555348 ], [ 112.658444444443788, -7.207555555555348 ], [ 112.658444444443788, -7.207333333333126 ], [ 112.658222222221568, -7.207333333333126 ], [ 112.658222222221568, -7.207111111110904 ], [ 112.658444444443788, -7.207111111110904 ], [ 112.658444444443788, -7.206888888888682 ], [ 112.658888888888228, -7.206888888888682 ], [ 112.658888888888228, -7.20666666666646 ], [ 112.659111111110448, -7.20666666666646 ], [ 112.659111111110448, -7.205111111110906 ], [ 112.658666666666008, -7.205111111110906 ], [ 112.658666666666008, -7.20444444444424 ], [ 112.658888888888228, -7.20444444444424 ], [ 112.658888888888228, -7.203999999999796 ], [ 112.658666666666008, -7.203999999999796 ], [ 112.658666666666008, -7.204222222222018 ], [ 112.658444444443788, -7.204222222222018 ], [ 112.658444444443788, -7.203555555555352 ], [ 112.658222222221568, -7.203555555555352 ], [ 112.658222222221568, -7.20333333333313 ], [ 112.658666666666008, -7.20333333333313 ], [ 112.658666666666008, -7.203111111110908 ], [ 112.659111111110448, -7.203111111110908 ], [ 112.659111111110448, -7.202888888888686 ], [ 112.659333333332668, -7.202888888888686 ], [ 112.659333333332668, -7.202666666666464 ], [ 112.659555555554903, -7.202666666666464 ], [ 112.659555555554903, -7.202444444444242 ], [ 112.658888888888228, -7.202444444444242 ], [ 112.658888888888228, -7.202666666666464 ], [ 112.657999999999348, -7.202666666666464 ], [ 112.657999999999348, -7.203111111110908 ], [ 112.657555555554893, -7.203111111110908 ], [ 112.657555555554893, -7.20333333333313 ], [ 112.657999999999348, -7.20333333333313 ], [ 112.657999999999348, -7.203777777777574 ], [ 112.657333333332673, -7.203777777777574 ], [ 112.657333333332673, -7.203111111110908 ], [ 112.656888888888233, -7.203111111110908 ], [ 112.656888888888233, -7.203555555555352 ], [ 112.656666666666013, -7.203555555555352 ], [ 112.656666666666013, -7.203777777777574 ], [ 112.656444444443792, -7.203777777777574 ], [ 112.656444444443792, -7.203111111110908 ], [ 112.656222222221572, -7.203111111110908 ], [ 112.656222222221572, -7.202888888888686 ], [ 112.656666666666013, -7.202888888888686 ], [ 112.656666666666013, -7.202666666666464 ], [ 112.655999999999338, -7.202666666666464 ], [ 112.655999999999338, -7.202888888888686 ], [ 112.655333333332678, -7.202888888888686 ], [ 112.655333333332678, -7.20333333333313 ], [ 112.655555555554898, -7.20333333333313 ], [ 112.655555555554898, -7.203555555555352 ], [ 112.654888888888237, -7.203555555555352 ], [ 112.654888888888237, -7.203111111110908 ], [ 112.654666666666017, -7.203111111110908 ], [ 112.654666666666017, -7.202666666666464 ], [ 112.654888888888237, -7.202666666666464 ], [ 112.654888888888237, -7.20222222222202 ], [ 112.655111111110458, -7.20222222222202 ], [ 112.655111111110458, -7.201999999999798 ], [ 112.654888888888237, -7.201999999999798 ], [ 112.654888888888237, -7.201333333333132 ], [ 112.655111111110458, -7.201333333333132 ], [ 112.655111111110458, -7.200888888888688 ], [ 112.655333333332678, -7.200888888888688 ], [ 112.655333333332678, -7.200444444444244 ], [ 112.655555555554898, -7.200444444444244 ], [ 112.655555555554898, -7.1999999999998 ], [ 112.655777777777118, -7.1999999999998 ], [ 112.655777777777118, -7.199777777777578 ], [ 112.655999999999338, -7.199777777777578 ], [ 112.655999999999338, -7.199555555555356 ], [ 112.656222222221572, -7.199555555555356 ], [ 112.656222222221572, -7.199333333333134 ], [ 112.656444444443792, -7.199333333333134 ], [ 112.656444444443792, -7.199111111110912 ], [ 112.656888888888233, -7.199111111110912 ], [ 112.656888888888233, -7.19888888888869 ], [ 112.657333333332673, -7.19888888888869 ], [ 112.657333333332673, -7.198666666666468 ], [ 112.657777777777113, -7.198666666666468 ], [ 112.657777777777113, -7.198444444444246 ], [ 112.658666666666008, -7.198444444444246 ], [ 112.658666666666008, -7.198666666666468 ], [ 112.658222222221568, -7.198666666666468 ], [ 112.658222222221568, -7.199111111110912 ], [ 112.659333333332668, -7.199111111110912 ], [ 112.659333333332668, -7.198444444444246 ], [ 112.659111111110448, -7.198444444444246 ], [ 112.659111111110448, -7.198222222222024 ], [ 112.659333333332668, -7.198222222222024 ], [ 112.659333333332668, -7.197999999999802 ], [ 112.659999999999343, -7.197999999999802 ], [ 112.659999999999343, -7.198444444444246 ], [ 112.660444444443783, -7.198444444444246 ], [ 112.660444444443783, -7.19888888888869 ], [ 112.660666666666003, -7.19888888888869 ], [ 112.660666666666003, -7.198666666666468 ], [ 112.660888888888223, -7.198666666666468 ], [ 112.660888888888223, -7.199111111110912 ], [ 112.660666666666003, -7.199111111110912 ], [ 112.660666666666003, -7.199333333333134 ], [ 112.661111111110444, -7.199333333333134 ], [ 112.661111111110444, -7.199777777777578 ], [ 112.661333333332678, -7.199777777777578 ], [ 112.661333333332678, -7.199555555555356 ], [ 112.661777777777118, -7.199555555555356 ], [ 112.661777777777118, -7.199777777777578 ], [ 112.661555555554898, -7.199777777777578 ], [ 112.661555555554898, -7.1999999999998 ], [ 112.661333333332678, -7.1999999999998 ], [ 112.661333333332678, -7.200222222222022 ], [ 112.661777777777118, -7.200222222222022 ], [ 112.661777777777118, -7.1999999999998 ], [ 112.662222222221558, -7.1999999999998 ], [ 112.662222222221558, -7.199333333333134 ], [ 112.662666666665999, -7.199333333333134 ], [ 112.662666666665999, -7.199111111110912 ], [ 112.662444444443778, -7.199111111110912 ], [ 112.662444444443778, -7.198666666666468 ], [ 112.662222222221558, -7.198666666666468 ], [ 112.662222222221558, -7.198222222222024 ], [ 112.661999999999338, -7.198222222222024 ], [ 112.661999999999338, -7.19888888888869 ], [ 112.661777777777118, -7.19888888888869 ], [ 112.661777777777118, -7.19777777777758 ], [ 112.661555555554898, -7.19777777777758 ], [ 112.661555555554898, -7.197333333333136 ], [ 112.661333333332678, -7.197333333333136 ], [ 112.661333333332678, -7.197111111110914 ], [ 112.661111111110444, -7.197111111110914 ], [ 112.661111111110444, -7.19666666666647 ], [ 112.660888888888223, -7.19666666666647 ], [ 112.660888888888223, -7.197111111110914 ], [ 112.660666666666003, -7.197111111110914 ], [ 112.660666666666003, -7.196444444444248 ], [ 112.660444444443783, -7.196444444444248 ], [ 112.660444444443783, -7.19666666666647 ], [ 112.660222222221563, -7.19666666666647 ], [ 112.660222222221563, -7.197555555555358 ], [ 112.659999999999343, -7.197555555555358 ], [ 112.659999999999343, -7.197111111110914 ], [ 112.659555555554903, -7.197111111110914 ], [ 112.659555555554903, -7.197555555555358 ], [ 112.659777777777123, -7.197555555555358 ], [ 112.659777777777123, -7.19777777777758 ], [ 112.659333333332668, -7.19777777777758 ], [ 112.659333333332668, -7.197555555555358 ], [ 112.658888888888228, -7.197555555555358 ], [ 112.658888888888228, -7.19666666666647 ], [ 112.659555555554903, -7.19666666666647 ], [ 112.659555555554903, -7.196444444444248 ], [ 112.659777777777123, -7.196444444444248 ], [ 112.659777777777123, -7.196222222222026 ], [ 112.660666666666003, -7.196222222222026 ], [ 112.660666666666003, -7.195777777777582 ], [ 112.661333333332678, -7.195777777777582 ], [ 112.661333333332678, -7.19666666666647 ], [ 112.661555555554898, -7.19666666666647 ], [ 112.661555555554898, -7.197111111110914 ], [ 112.661999999999338, -7.197111111110914 ], [ 112.661999999999338, -7.19777777777758 ], [ 112.662444444443778, -7.19777777777758 ], [ 112.662444444443778, -7.197999999999802 ], [ 112.662666666665999, -7.197999999999802 ], [ 112.662666666665999, -7.198222222222024 ], [ 112.663111111110453, -7.198222222222024 ], [ 112.663111111110453, -7.197999999999802 ], [ 112.663333333332673, -7.197999999999802 ], [ 112.663333333332673, -7.197333333333136 ], [ 112.663999999999334, -7.197333333333136 ], [ 112.663999999999334, -7.196888888888692 ], [ 112.663111111110453, -7.196888888888692 ], [ 112.663111111110453, -7.195999999999804 ], [ 112.663555555554893, -7.195999999999804 ], [ 112.663555555554893, -7.195333333333138 ], [ 112.663333333332673, -7.195333333333138 ], [ 112.663333333332673, -7.19555555555536 ], [ 112.662666666665999, -7.19555555555536 ], [ 112.662666666665999, -7.195333333333138 ], [ 112.662444444443778, -7.195333333333138 ], [ 112.662444444443778, -7.195111111110916 ], [ 112.662666666665999, -7.195111111110916 ], [ 112.662666666665999, -7.194888888888694 ], [ 112.662888888888233, -7.194888888888694 ], [ 112.662888888888233, -7.194666666666472 ], [ 112.663333333332673, -7.194666666666472 ], [ 112.663333333332673, -7.19444444444425 ], [ 112.663555555554893, -7.19444444444425 ], [ 112.663555555554893, -7.194222222222028 ], [ 112.663333333332673, -7.194222222222028 ], [ 112.663333333332673, -7.193555555555362 ], [ 112.663777777777113, -7.193555555555362 ], [ 112.663777777777113, -7.193777777777584 ], [ 112.664222222221554, -7.193777777777584 ], [ 112.664222222221554, -7.193999999999806 ], [ 112.664444444443774, -7.193999999999806 ], [ 112.664444444443774, -7.195111111110916 ], [ 112.664222222221554, -7.195111111110916 ], [ 112.664222222221554, -7.19555555555536 ], [ 112.664444444443774, -7.19555555555536 ], [ 112.664444444443774, -7.195333333333138 ], [ 112.664666666666008, -7.195333333333138 ], [ 112.664666666666008, -7.193777777777584 ], [ 112.664444444443774, -7.193777777777584 ], [ 112.664444444443774, -7.193555555555362 ], [ 112.664222222221554, -7.193555555555362 ], [ 112.664222222221554, -7.193111111110918 ], [ 112.665555555554889, -7.193111111110918 ], [ 112.665555555554889, -7.19222222222203 ], [ 112.664888888888228, -7.19222222222203 ], [ 112.664888888888228, -7.191999999999808 ], [ 112.664666666666008, -7.191999999999808 ], [ 112.664666666666008, -7.191333333333142 ], [ 112.665111111110448, -7.191333333333142 ], [ 112.665111111110448, -7.19111111111092 ], [ 112.664666666666008, -7.19111111111092 ], [ 112.664666666666008, -7.189777777777588 ], [ 112.665111111110448, -7.189777777777588 ], [ 112.665111111110448, -7.189555555555366 ] ], [ [ 112.665777777777109, -7.190444444444254 ], [ 112.665777777777109, -7.190666666666476 ], [ 112.665999999999329, -7.190666666666476 ], [ 112.665999999999329, -7.190444444444254 ], [ 112.665777777777109, -7.190444444444254 ] ], [ [ 112.665555555554889, -7.191777777777586 ], [ 112.665555555554889, -7.191999999999808 ], [ 112.665999999999329, -7.191999999999808 ], [ 112.665999999999329, -7.191777777777586 ], [ 112.665555555554889, -7.191777777777586 ] ], [ [ 112.666222222221549, -7.191777777777586 ], [ 112.666222222221549, -7.191999999999808 ], [ 112.666444444443783, -7.191999999999808 ], [ 112.666444444443783, -7.191777777777586 ], [ 112.666222222221549, -7.191777777777586 ] ], [ [ 112.665555555554889, -7.193111111110918 ], [ 112.665555555554889, -7.19333333333314 ], [ 112.665777777777109, -7.19333333333314 ], [ 112.665777777777109, -7.193111111110918 ], [ 112.665555555554889, -7.193111111110918 ] ], [ [ 112.665777777777109, -7.19333333333314 ], [ 112.665777777777109, -7.193555555555362 ], [ 112.665999999999329, -7.193555555555362 ], [ 112.665999999999329, -7.19333333333314 ], [ 112.665777777777109, -7.19333333333314 ] ], [ [ 112.665777777777109, -7.195111111110916 ], [ 112.665777777777109, -7.195333333333138 ], [ 112.665555555554889, -7.195333333333138 ], [ 112.665555555554889, -7.19555555555536 ], [ 112.665333333332669, -7.19555555555536 ], [ 112.665333333332669, -7.196222222222026 ], [ 112.665111111110448, -7.196222222222026 ], [ 112.665111111110448, -7.19666666666647 ], [ 112.665777777777109, -7.19666666666647 ], [ 112.665777777777109, -7.196444444444248 ], [ 112.665999999999329, -7.196444444444248 ], [ 112.665999999999329, -7.195111111110916 ], [ 112.665777777777109, -7.195111111110916 ] ], [ [ 112.664222222221554, -7.195999999999804 ], [ 112.664222222221554, -7.196444444444248 ], [ 112.664444444443774, -7.196444444444248 ], [ 112.664444444443774, -7.19666666666647 ], [ 112.664666666666008, -7.19666666666647 ], [ 112.664666666666008, -7.196222222222026 ], [ 112.664444444443774, -7.196222222222026 ], [ 112.664444444443774, -7.195999999999804 ], [ 112.664222222221554, -7.195999999999804 ] ], [ [ 112.659555555554903, -7.198444444444246 ], [ 112.659555555554903, -7.198666666666468 ], [ 112.659777777777123, -7.198666666666468 ], [ 112.659777777777123, -7.198444444444246 ], [ 112.659555555554903, -7.198444444444246 ] ], [ [ 112.663111111110453, -7.198444444444246 ], [ 112.663111111110453, -7.198666666666468 ], [ 112.663333333332673, -7.198666666666468 ], [ 112.663333333332673, -7.198444444444246 ], [ 112.663111111110453, -7.198444444444246 ] ], [ [ 112.657777777777113, -7.198666666666468 ], [ 112.657777777777113, -7.19888888888869 ], [ 112.657999999999348, -7.19888888888869 ], [ 112.657999999999348, -7.198666666666468 ], [ 112.657777777777113, -7.198666666666468 ] ], [ [ 112.659777777777123, -7.198666666666468 ], [ 112.659777777777123, -7.199111111110912 ], [ 112.659999999999343, -7.199111111110912 ], [ 112.659999999999343, -7.198666666666468 ], [ 112.659777777777123, -7.198666666666468 ] ], [ [ 112.657555555554893, -7.19888888888869 ], [ 112.657555555554893, -7.199111111110912 ], [ 112.657777777777113, -7.199111111110912 ], [ 112.657777777777113, -7.19888888888869 ], [ 112.657555555554893, -7.19888888888869 ] ], [ [ 112.657111111110453, -7.199111111110912 ], [ 112.657111111110453, -7.199333333333134 ], [ 112.657555555554893, -7.199333333333134 ], [ 112.657555555554893, -7.199111111110912 ], [ 112.657111111110453, -7.199111111110912 ] ], [ [ 112.657777777777113, -7.199111111110912 ], [ 112.657777777777113, -7.199333333333134 ], [ 112.657999999999348, -7.199333333333134 ], [ 112.657999999999348, -7.199111111110912 ], [ 112.657777777777113, -7.199111111110912 ] ], [ [ 112.660222222221563, -7.199111111110912 ], [ 112.660222222221563, -7.199555555555356 ], [ 112.659999999999343, -7.199555555555356 ], [ 112.659999999999343, -7.199333333333134 ], [ 112.659555555554903, -7.199333333333134 ], [ 112.659555555554903, -7.199777777777578 ], [ 112.659999999999343, -7.199777777777578 ], [ 112.659999999999343, -7.200444444444244 ], [ 112.660444444443783, -7.200444444444244 ], [ 112.660444444443783, -7.200666666666466 ], [ 112.660666666666003, -7.200666666666466 ], [ 112.660666666666003, -7.1999999999998 ], [ 112.660444444443783, -7.1999999999998 ], [ 112.660444444443783, -7.199777777777578 ], [ 112.660666666666003, -7.199777777777578 ], [ 112.660666666666003, -7.199555555555356 ], [ 112.660444444443783, -7.199555555555356 ], [ 112.660444444443783, -7.199111111110912 ], [ 112.660222222221563, -7.199111111110912 ] ], [ [ 112.663111111110453, -7.199111111110912 ], [ 112.663111111110453, -7.199333333333134 ], [ 112.663333333332673, -7.199333333333134 ], [ 112.663333333332673, -7.199111111110912 ], [ 112.663111111110453, -7.199111111110912 ] ], [ [ 112.658222222221568, -7.199333333333134 ], [ 112.658222222221568, -7.199555555555356 ], [ 112.658444444443788, -7.199555555555356 ], [ 112.658444444443788, -7.199777777777578 ], [ 112.658666666666008, -7.199777777777578 ], [ 112.658666666666008, -7.1999999999998 ], [ 112.658444444443788, -7.1999999999998 ], [ 112.658444444443788, -7.200444444444244 ], [ 112.658222222221568, -7.200444444444244 ], [ 112.658222222221568, -7.199777777777578 ], [ 112.657999999999348, -7.199777777777578 ], [ 112.657999999999348, -7.199555555555356 ], [ 112.657555555554893, -7.199555555555356 ], [ 112.657555555554893, -7.199777777777578 ], [ 112.656888888888233, -7.199777777777578 ], [ 112.656888888888233, -7.199555555555356 ], [ 112.656666666666013, -7.199555555555356 ], [ 112.656666666666013, -7.1999999999998 ], [ 112.655999999999338, -7.1999999999998 ], [ 112.655999999999338, -7.200222222222022 ], [ 112.656888888888233, -7.200222222222022 ], [ 112.656888888888233, -7.1999999999998 ], [ 112.657333333332673, -7.1999999999998 ], [ 112.657333333332673, -7.200444444444244 ], [ 112.657555555554893, -7.200444444444244 ], [ 112.657555555554893, -7.200666666666466 ], [ 112.657777777777113, -7.200666666666466 ], [ 112.657777777777113, -7.20111111111091 ], [ 112.657111111110453, -7.20111111111091 ], [ 112.657111111110453, -7.200888888888688 ], [ 112.657333333332673, -7.200888888888688 ], [ 112.657333333332673, -7.200666666666466 ], [ 112.656666666666013, -7.200666666666466 ], [ 112.656666666666013, -7.20111111111091 ], [ 112.656888888888233, -7.20111111111091 ], [ 112.656888888888233, -7.201333333333132 ], [ 112.656666666666013, -7.201333333333132 ], [ 112.656666666666013, -7.201555555555354 ], [ 112.656444444443792, -7.201555555555354 ], [ 112.656444444443792, -7.201777777777576 ], [ 112.655999999999338, -7.201777777777576 ], [ 112.655999999999338, -7.20111111111091 ], [ 112.655555555554898, -7.20111111111091 ], [ 112.655555555554898, -7.201777777777576 ], [ 112.655777777777118, -7.201777777777576 ], [ 112.655777777777118, -7.201999999999798 ], [ 112.655999999999338, -7.201999999999798 ], [ 112.655999999999338, -7.20222222222202 ], [ 112.656222222221572, -7.20222222222202 ], [ 112.656222222221572, -7.201999999999798 ], [ 112.656666666666013, -7.201999999999798 ], [ 112.656666666666013, -7.20222222222202 ], [ 112.657111111110453, -7.20222222222202 ], [ 112.657111111110453, -7.201777777777576 ], [ 112.657333333332673, -7.201777777777576 ], [ 112.657333333332673, -7.201555555555354 ], [ 112.657999999999348, -7.201555555555354 ], [ 112.657999999999348, -7.20222222222202 ], [ 112.657777777777113, -7.20222222222202 ], [ 112.657777777777113, -7.202444444444242 ], [ 112.658666666666008, -7.202444444444242 ], [ 112.658666666666008, -7.20222222222202 ], [ 112.658888888888228, -7.20222222222202 ], [ 112.658888888888228, -7.201999999999798 ], [ 112.658444444443788, -7.201999999999798 ], [ 112.658444444443788, -7.201777777777576 ], [ 112.659333333332668, -7.201777777777576 ], [ 112.659333333332668, -7.201999999999798 ], [ 112.660444444443783, -7.201999999999798 ], [ 112.660444444443783, -7.201333333333132 ], [ 112.660666666666003, -7.201333333333132 ], [ 112.660666666666003, -7.200888888888688 ], [ 112.660222222221563, -7.200888888888688 ], [ 112.660222222221563, -7.200666666666466 ], [ 112.659777777777123, -7.200666666666466 ], [ 112.659777777777123, -7.201333333333132 ], [ 112.659333333332668, -7.201333333333132 ], [ 112.659333333332668, -7.200222222222022 ], [ 112.659555555554903, -7.200222222222022 ], [ 112.659555555554903, -7.1999999999998 ], [ 112.659333333332668, -7.1999999999998 ], [ 112.659333333332668, -7.199333333333134 ], [ 112.658222222221568, -7.199333333333134 ] ], [ [ 112.655111111110458, -7.201333333333132 ], [ 112.655111111110458, -7.201555555555354 ], [ 112.655333333332678, -7.201555555555354 ], [ 112.655333333332678, -7.201333333333132 ], [ 112.655111111110458, -7.201333333333132 ] ], [ [ 112.660444444443783, -7.201999999999798 ], [ 112.660444444443783, -7.20222222222202 ], [ 112.660666666666003, -7.20222222222202 ], [ 112.660666666666003, -7.201999999999798 ], [ 112.660444444443783, -7.201999999999798 ] ], [ [ 112.655111111110458, -7.20222222222202 ], [ 112.655111111110458, -7.202444444444242 ], [ 112.655333333332678, -7.202444444444242 ], [ 112.655333333332678, -7.20222222222202 ], [ 112.655111111110458, -7.20222222222202 ] ], [ [ 112.655333333332678, -7.202444444444242 ], [ 112.655333333332678, -7.202666666666464 ], [ 112.655555555554898, -7.202666666666464 ], [ 112.655555555554898, -7.202444444444242 ], [ 112.655333333332678, -7.202444444444242 ] ], [ [ 112.656666666666013, -7.202444444444242 ], [ 112.656666666666013, -7.202666666666464 ], [ 112.657333333332673, -7.202666666666464 ], [ 112.657333333332673, -7.202444444444242 ], [ 112.656666666666013, -7.202444444444242 ] ], [ [ 112.661333333332678, -7.203555555555352 ], [ 112.661333333332678, -7.203777777777574 ], [ 112.661111111110444, -7.203777777777574 ], [ 112.661111111110444, -7.203999999999796 ], [ 112.660888888888223, -7.203999999999796 ], [ 112.660888888888223, -7.204222222222018 ], [ 112.661555555554898, -7.204222222222018 ], [ 112.661555555554898, -7.203777777777574 ], [ 112.661999999999338, -7.203777777777574 ], [ 112.661999999999338, -7.203555555555352 ], [ 112.661333333332678, -7.203555555555352 ] ], [ [ 112.659111111110448, -7.203777777777574 ], [ 112.659111111110448, -7.20444444444424 ], [ 112.659333333332668, -7.20444444444424 ], [ 112.659333333332668, -7.204666666666462 ], [ 112.659555555554903, -7.204666666666462 ], [ 112.659555555554903, -7.203999999999796 ], [ 112.659777777777123, -7.203999999999796 ], [ 112.659777777777123, -7.203777777777574 ], [ 112.659111111110448, -7.203777777777574 ] ], [ [ 112.659777777777123, -7.20444444444424 ], [ 112.659777777777123, -7.204888888888684 ], [ 112.659333333332668, -7.204888888888684 ], [ 112.659333333332668, -7.205333333333128 ], [ 112.659777777777123, -7.205333333333128 ], [ 112.659777777777123, -7.20555555555535 ], [ 112.659555555554903, -7.20555555555535 ], [ 112.659555555554903, -7.205777777777572 ], [ 112.659333333332668, -7.205777777777572 ], [ 112.659333333332668, -7.205999999999794 ], [ 112.659555555554903, -7.205999999999794 ], [ 112.659555555554903, -7.206444444444238 ], [ 112.659777777777123, -7.206444444444238 ], [ 112.659777777777123, -7.205999999999794 ], [ 112.659999999999343, -7.205999999999794 ], [ 112.659999999999343, -7.206222222222016 ], [ 112.660222222221563, -7.206222222222016 ], [ 112.660222222221563, -7.20555555555535 ], [ 112.660444444443783, -7.20555555555535 ], [ 112.660444444443783, -7.204666666666462 ], [ 112.660666666666003, -7.204666666666462 ], [ 112.660666666666003, -7.20444444444424 ], [ 112.659777777777123, -7.20444444444424 ] ] ] } },
{ "type": "Feature", "properties": { "PXLVAL": 1 }, "geometry": { "type": "Polygon", "coordinates": [ [ [ 112.761111111110353, -7.207555555555348 ], [ 112.761333333332573, -7.207555555555348 ], [ 112.761333333332573, -7.208222222222014 ], [ 112.761111111110353, -7.208222222222014 ], [ 112.761111111110353, -7.207999999999792 ], [ 112.760666666665912, -7.207999999999792 ], [ 112.760666666665912, -7.20777777777757 ], [ 112.761111111110353, -7.20777777777757 ], [ 112.761111111110353, -7.207555555555348 ] ] ] } },
{ "type": "Feature", "properties": { "PXLVAL": 1 }, "geometry": { "type": "Polygon", "coordinates": [ [ [ 112.747999999999251, -7.208666666666458 ], [ 112.748222222221472, -7.208666666666458 ], [ 112.748222222221472, -7.20888888888868 ], [ 112.747999999999251, -7.20888888888868 ], [ 112.747999999999251, -7.208666666666458 ] ] ] } },
{ "type": "Feature", "properties": { "PXLVAL": 1 }, "geometry": { "type": "Polygon", "coordinates": [ [ [ 112.749333333332586, -7.208666666666458 ], [ 112.749555555554807, -7.208666666666458 ], [ 112.749555555554807, -7.209111111110902 ], [ 112.749333333332586, -7.209111111110902 ], [ 112.749333333332586, -7.208666666666458 ] ] ] } },
{ "type": "Feature", "properties": { "PXLVAL": 1 }, "geometry": { "type": "Polygon", "coordinates": [ [ [ 112.750444444443687, -7.208666666666458 ], [ 112.751333333332582, -7.208666666666458 ], [ 112.751333333332582, -7.209111111110902 ], [ 112.750444444443687, -7.209111111110902 ], [ 112.750444444443687, -7.208666666666458 ] ] ] } },
{ "type": "Feature", "properties": { "PXLVAL": 1 }, "geometry": { "type": "Polygon", "coordinates": [ [ [ 112.752222222221476, -7.20666666666646 ], [ 112.752444444443697, -7.20666666666646 ], [ 112.752444444443697, -7.20777777777757 ], [ 112.752222222221476, -7.20777777777757 ], [ 112.752222222221476, -7.207999999999792 ], [ 112.752888888888137, -7.207999999999792 ], [ 112.752888888888137, -7.208222222222014 ], [ 112.753333333332577, -7.208222222222014 ], [ 112.753333333332577, -7.207333333333126 ], [ 112.753999999999252, -7.207333333333126 ], [ 112.753999999999252, -7.207111111110904 ], [ 112.753777777777017, -7.207111111110904 ], [ 112.753777777777017, -7.206888888888682 ], [ 112.753333333332577, -7.206888888888682 ], [ 112.753333333332577, -7.20666666666646 ], [ 112.754222222221472, -7.20666666666646 ], [ 112.754222222221472, -7.207333333333126 ], [ 112.754666666665912, -7.207333333333126 ], [ 112.754666666665912, -7.20777777777757 ], [ 112.754444444443692, -7.20777777777757 ], [ 112.754444444443692, -7.207555555555348 ], [ 112.753777777777017, -7.207555555555348 ], [ 112.753777777777017, -7.207999999999792 ], [ 112.753555555554797, -7.207999999999792 ], [ 112.753555555554797, -7.208666666666458 ], [ 112.753333333332577, -7.208666666666458 ], [ 112.753333333332577, -7.208444444444236 ], [ 112.752666666665917, -7.208444444444236 ], [ 112.752666666665917, -7.209333333333124 ], [ 112.752444444443697, -7.209333333333124 ], [ 112.752444444443697, -7.208666666666458 ], [ 112.752222222221476, -7.208666666666458 ], [ 112.752222222221476, -7.208222222222014 ], [ 112.751999999999242, -7.208222222222014 ], [ 112.751999999999242, -7.206888888888682 ], [ 112.752222222221476, -7.206888888888682 ], [ 112.752222222221476, -7.20666666666646 ] ] ] } },
{ "type": "Feature", "properties": { "PXLVAL": 1 }, "geometry": { "type": "Polygon", "coordinates": [ [ [ 112.745333333332582, -7.207333333333126 ], [ 112.745777777777036, -7.207333333333126 ], [ 112.745777777777036, -7.20777777777757 ], [ 112.745999999999256, -7.20777777777757 ], [ 112.745999999999256, -7.207999999999792 ], [ 112.745555555554816, -7.207999999999792 ], [ 112.745555555554816, -7.208666666666458 ], [ 112.745333333332582, -7.208666666666458 ], [ 112.745333333332582, -7.209333333333124 ], [ 112.745111111110361, -7.209333333333124 ], [ 112.745111111110361, -7.20777777777757 ], [ 112.745333333332582, -7.20777777777757 ], [ 112.745333333332582, -7.207333333333126 ] ] ] } },
{ "type": "Feature", "properties": { "PXLVAL": 1 }, "geometry": { "type": "Polygon", "coordinates": [ [ [ 112.660888888888223, -7.207999999999792 ], [ 112.661777777777118, -7.207999999999792 ], [ 112.661777777777118, -7.208666666666458 ], [ 112.661999999999338, -7.208666666666458 ], [ 112.661999999999338, -7.20888888888868 ], [ 112.662222222221558, -7.20888888888868 ], [ 112.662222222221558, -7.209555555555346 ], [ 112.661999999999338, -7.209555555555346 ], [ 112.661999999999338, -7.209111111110902 ], [ 112.661777777777118, -7.209111111110902 ], [ 112.661777777777118, -7.20888888888868 ], [ 112.661555555554898, -7.20888888888868 ], [ 112.661555555554898, -7.208666666666458 ], [ 112.660888888888223, -7.208666666666458 ], [ 112.660888888888223, -7.207999999999792 ] ] ] } },
{ "type": "Feature", "properties": { "PXLVAL": 1 }, "geometry": { "type": "Polygon", "coordinates": [ [ [ 112.746444444443696, -7.208444444444236 ], [ 112.747333333332591, -7.208444444444236 ], [ 112.747333333332591, -7.209555555555346 ], [ 112.746666666665917, -7.209555555555346 ], [ 112.746666666665917, -7.208666666666458 ], [ 112.746444444443696, -7.208666666666458 ], [ 112.746444444443696, -7.208444444444236 ] ] ] } },
{ "type": "Feature", "properties": { "PXLVAL": 1 }, "geometry": { "type": "Polygon", "coordinates": [ [ [ 112.748444444443692, -7.209111111110902 ], [ 112.749111111110366, -7.209111111110902 ], [ 112.749111111110366, -7.209333333333124 ], [ 112.748666666665912, -7.209333333333124 ], [ 112.748666666665912, -7.209555555555346 ], [ 112.748444444443692, -7.209555555555346 ], [ 112.748444444443692, -7.209111111110902 ] ] ] } },
{ "type": "Feature", "properties": { "PXLVAL": 1 }, "geometry": { "type": "Polygon", "coordinates": [ [ [ 112.760444444443678, -7.208666666666458 ], [ 112.761111111110353, -7.208666666666458 ], [ 112.761111111110353, -7.209111111110902 ], [ 112.760666666665912, -7.209111111110902 ], [ 112.760666666665912, -7.209555555555346 ], [ 112.760444444443678, -7.209555555555346 ], [ 112.760444444443678, -7.209777777777568 ], [ 112.760222222221458, -7.209777777777568 ], [ 112.760222222221458, -7.20999999999979 ], [ 112.759999999999238, -7.20999999999979 ], [ 112.759999999999238, -7.209777777777568 ], [ 112.759555555554797, -7.209777777777568 ], [ 112.759555555554797, -7.209555555555346 ], [ 112.759111111110357, -7.209555555555346 ], [ 112.759111111110357, -7.209333333333124 ], [ 112.759777777777018, -7.209333333333124 ], [ 112.759777777777018, -7.209555555555346 ], [ 112.759999999999238, -7.209555555555346 ], [ 112.759999999999238, -7.209111111110902 ], [ 112.760222222221458, -7.209111111110902 ], [ 112.760222222221458, -7.20888888888868 ], [ 112.760444444443678, -7.20888888888868 ], [ 112.760444444443678, -7.208666666666458 ] ], [ [ 112.760222222221458, -7.209111111110902 ], [ 112.760222222221458, -7.209333333333124 ], [ 112.760444444443678, -7.209333333333124 ], [ 112.760444444443678, -7.209111111110902 ], [ 112.760222222221458, -7.209111111110902 ] ] ] } },
{ "type": "Feature", "properties": { "PXLVAL": 1 }, "geometry": { "type": "Polygon", "coordinates": [ [ [ 112.747333333332591, -7.210222222222012 ], [ 112.747555555554811, -7.210222222222012 ], [ 112.747555555554811, -7.210666666666456 ], [ 112.747111111110371, -7.210666666666456 ], [ 112.747111111110371, -7.210444444444234 ], [ 112.747333333332591, -7.210444444444234 ], [ 112.747333333332591, -7.210222222222012 ] ] ] } },
{ "type": "Feature", "properties": { "PXLVAL": 1 }, "geometry": { "type": "Polygon", "coordinates": [ [ [ 112.754222222221472, -7.20777777777757 ], [ 112.754444444443692, -7.20777777777757 ], [ 112.754444444443692, -7.208222222222014 ], [ 112.755111111110352, -7.208222222222014 ], [ 112.755111111110352, -7.208444444444236 ], [ 112.755333333332572, -7.208444444444236 ], [ 112.755333333332572, -7.208666666666458 ], [ 112.755111111110352, -7.208666666666458 ], [ 112.755111111110352, -7.209333333333124 ], [ 112.754666666665912, -7.209333333333124 ], [ 112.754666666665912, -7.209555555555346 ], [ 112.755111111110352, -7.209555555555346 ], [ 112.755111111110352, -7.20999999999979 ], [ 112.754888888888132, -7.20999999999979 ], [ 112.754888888888132, -7.209777777777568 ], [ 112.754666666665912, -7.209777777777568 ], [ 112.754666666665912, -7.20999999999979 ], [ 112.754444444443692, -7.20999999999979 ], [ 112.754444444443692, -7.210222222222012 ], [ 112.754888888888132, -7.210222222222012 ], [ 112.754888888888132, -7.210444444444234 ], [ 112.755333333332572, -7.210444444444234 ], [ 112.755333333332572, -7.210222222222012 ], [ 112.755555555554807, -7.210222222222012 ], [ 112.755555555554807, -7.210666666666456 ], [ 112.755111111110352, -7.210666666666456 ], [ 112.755111111110352, -7.211333333333122 ], [ 112.755333333332572, -7.211333333333122 ], [ 112.755333333332572, -7.211777777777566 ], [ 112.754666666665912, -7.211777777777566 ], [ 112.754666666665912, -7.211999999999788 ], [ 112.754444444443692, -7.211999999999788 ], [ 112.754444444443692, -7.21222222222201 ], [ 112.753999999999252, -7.21222222222201 ], [ 112.753999999999252, -7.211777777777566 ], [ 112.753777777777017, -7.211777777777566 ], [ 112.753777777777017, -7.211999999999788 ], [ 112.752666666665917, -7.211999999999788 ], [ 112.752666666665917, -7.211777777777566 ], [ 112.752444444443697, -7.211777777777566 ], [ 112.752444444443697, -7.211333333333122 ], [ 112.752222222221476, -7.211333333333122 ], [ 112.752222222221476, -7.209555555555346 ], [ 112.752444444443697, -7.209555555555346 ], [ 112.752444444443697, -7.210666666666456 ], [ 112.752666666665917, -7.210666666666456 ], [ 112.752666666665917, -7.211555555555344 ], [ 112.752888888888137, -7.211555555555344 ], [ 112.752888888888137, -7.211777777777566 ], [ 112.753333333332577, -7.211777777777566 ], [ 112.753333333332577, -7.211333333333122 ], [ 112.753555555554797, -7.211333333333122 ], [ 112.753555555554797, -7.210888888888678 ], [ 112.753777777777017, -7.210888888888678 ], [ 112.753777777777017, -7.2111111111109 ], [ 112.753999999999252, -7.2111111111109 ], [ 112.753999999999252, -7.211333333333122 ], [ 112.754222222221472, -7.211333333333122 ], [ 112.754222222221472, -7.211555555555344 ], [ 112.754444444443692, -7.211555555555344 ], [ 112.754444444443692, -7.211333333333122 ], [ 112.754666666665912, -7.211333333333122 ], [ 112.754666666665912, -7.210666666666456 ], [ 112.753999999999252, -7.210666666666456 ], [ 112.753999999999252, -7.210444444444234 ], [ 112.753555555554797, -7.210444444444234 ], [ 112.753555555554797, -7.210666666666456 ], [ 112.753333333332577, -7.210666666666456 ], [ 112.753333333332577, -7.20999999999979 ], [ 112.753555555554797, -7.20999999999979 ], [ 112.753555555554797, -7.209777777777568 ], [ 112.753777777777017, -7.209777777777568 ], [ 112.753777777777017, -7.20999999999979 ], [ 112.754222222221472, -7.20999999999979 ], [ 112.754222222221472, -7.209333333333124 ], [ 112.753999999999252, -7.209333333333124 ], [ 112.753999999999252, -7.209111111110902 ], [ 112.754444444443692, -7.209111111110902 ], [ 112.754444444443692, -7.208666666666458 ], [ 112.754666666665912, -7.208666666666458 ], [ 112.754666666665912, -7.208444444444236 ], [ 112.753999999999252, -7.208444444444236 ], [ 112.753999999999252, -7.207999999999792 ], [ 112.754222222221472, -7.207999999999792 ], [ 112.754222222221472, -7.20777777777757 ] ], [ [ 112.753555555554797, -7.211333333333122 ], [ 112.753555555554797, -7.211555555555344 ], [ 112.753777777777017, -7.211555555555344 ], [ 112.753777777777017, -7.211333333333122 ], [ 112.753555555554797, -7.211333333333122 ] ] ] } },
{ "type": "Feature", "properties": { "PXLVAL": 1 }, "geometry": { "type": "Polygon", "coordinates": [ [ [ 112.749777777777027, -7.210222222222012 ], [ 112.749999999999247, -7.210222222222012 ], [ 112.749999999999247, -7.211333333333122 ], [ 112.749777777777027, -7.211333333333122 ], [ 112.749777777777027, -7.210222222222012 ] ] ] } },
{ "type": "Feature", "properties": { "PXLVAL": 1 }, "geometry": { "type": "Polygon", "coordinates": [ [ [ 112.747777777777031, -7.210666666666456 ], [ 112.747999999999251, -7.210666666666456 ], [ 112.747999999999251, -7.211333333333122 ], [ 112.747555555554811, -7.211333333333122 ], [ 112.747555555554811, -7.210888888888678 ], [ 112.747777777777031, -7.210888888888678 ], [ 112.747777777777031, -7.210666666666456 ] ] ] } },
{ "type": "Feature", "properties": { "PXLVAL": 1 }, "geometry": { "type": "Polygon", "coordinates": [ [ [ 112.662444444443778, -7.211555555555344 ], [ 112.662666666665999, -7.211555555555344 ], [ 112.662666666665999, -7.211999999999788 ], [ 112.661999999999338, -7.211999999999788 ], [ 112.661999999999338, -7.211777777777566 ], [ 112.662444444443778, -7.211777777777566 ], [ 112.662444444443778, -7.211555555555344 ] ] ] } },
{ "type": "Feature", "properties": { "PXLVAL": 1 }, "geometry": { "type": "Polygon", "coordinates": [ [ [ 112.662888888888233, -7.212444444444232 ], [ 112.663111111110453, -7.212444444444232 ], [ 112.663111111110453, -7.212666666666454 ], [ 112.662888888888233, -7.212666666666454 ], [ 112.662888888888233, -7.212444444444232 ] ] ] } },
{ "type": "Feature", "properties": { "PXLVAL": 1 }, "geometry": { "type": "Polygon", "coordinates": [ [ [ 112.662444444443778, -7.212666666666454 ], [ 112.662666666665999, -7.212666666666454 ], [ 112.662666666665999, -7.212888888888676 ], [ 112.662444444443778, -7.212888888888676 ], [ 112.662444444443778, -7.212666666666454 ] ] ] } },
{ "type": "Feature", "properties": { "PXLVAL": 1 }, "geometry": { "type": "Polygon", "coordinates": [ [ [ 112.661555555554898, -7.212444444444232 ], [ 112.661777777777118, -7.212444444444232 ], [ 112.661777777777118, -7.212666666666454 ], [ 112.661999999999338, -7.212666666666454 ], [ 112.661999999999338, -7.212888888888676 ], [ 112.662444444443778, -7.212888888888676 ], [ 112.662444444443778, -7.213111111110898 ], [ 112.661999999999338, -7.213111111110898 ], [ 112.661999999999338, -7.21333333333312 ], [ 112.661333333332678, -7.21333333333312 ], [ 112.661333333332678, -7.212888888888676 ], [ 112.661555555554898, -7.212888888888676 ], [ 112.661555555554898, -7.212444444444232 ] ] ] } },
{ "type": "Feature", "properties": { "PXLVAL": 1 }, "geometry": { "type": "Polygon", "coordinates": [ [ [ 112.664222222221554, -7.212888888888676 ], [ 112.664888888888228, -7.212888888888676 ], [ 112.664888888888228, -7.21333333333312 ], [ 112.665111111110448, -7.21333333333312 ], [ 112.665111111110448, -7.213777777777564 ], [ 112.664666666666008, -7.213777777777564 ], [ 112.664666666666008, -7.21333333333312 ], [ 112.664222222221554, -7.21333333333312 ], [ 112.664222222221554, -7.212888888888676 ] ] ] } },
{ "type": "Feature", "properties": { "PXLVAL": 1 }, "geometry": { "type": "Polygon", "coordinates": [ [ [ 112.661999999999338, -7.216444444444228 ], [ 112.662888888888233, -7.216444444444228 ], [ 112.662888888888233, -7.21666666666645 ], [ 112.662222222221558, -7.21666666666645 ], [ 112.662222222221558, -7.217111111110894 ], [ 112.661555555554898, -7.217111111110894 ], [ 112.661555555554898, -7.216888888888672 ], [ 112.661333333332678, -7.216888888888672 ], [ 112.661333333332678, -7.21666666666645 ], [ 112.661999999999338, -7.21666666666645 ], [ 112.661999999999338, -7.216444444444228 ] ] ] } },
{ "type": "Feature", "properties": { "PXLVAL": 1 }, "geometry": { "type": "Polygon", "coordinates": [ [ [ 112.669333333332659, -7.219777777777558 ], [ 112.669555555554879, -7.219777777777558 ], [ 112.669555555554879, -7.21999999999978 ], [ 112.669777777777114, -7.21999999999978 ], [ 112.669777777777114, -7.220222222222002 ], [ 112.670222222221554, -7.220222222222002 ], [ 112.670222222221554, -7.21999999999978 ], [ 112.670444444443774, -7.21999999999978 ], [ 112.670444444443774, -7.220222222222002 ], [ 112.670666666665994, -7.220222222222002 ], [ 112.670666666665994, -7.219777777777558 ], [ 112.670888888888214, -7.219777777777558 ], [ 112.670888888888214, -7.220222222222002 ], [ 112.671333333332669, -7.220222222222002 ], [ 112.671333333332669, -7.220444444444224 ], [ 112.671555555554889, -7.220444444444224 ], [ 112.671555555554889, -7.220666666666446 ], [ 112.672444444443769, -7.220666666666446 ], [ 112.672444444443769, -7.22111111111089 ], [ 112.67266666666599, -7.22111111111089 ], [ 112.67266666666599, -7.221333333333112 ], [ 112.672444444443769, -7.221333333333112 ], [ 112.672444444443769, -7.222222222222 ], [ 112.672222222221549, -7.222222222222 ], [ 112.672222222221549, -7.221999999999778 ], [ 112.671333333332669, -7.221999999999778 ], [ 112.671333333332669, -7.221777777777556 ], [ 112.671111111110434, -7.221777777777556 ], [ 112.671111111110434, -7.221555555555334 ], [ 112.670666666665994, -7.221555555555334 ], [ 112.670666666665994, -7.22111111111089 ], [ 112.670444444443774, -7.22111111111089 ], [ 112.670444444443774, -7.221999999999778 ], [ 112.670222222221554, -7.221999999999778 ], [ 112.670222222221554, -7.222444444444222 ], [ 112.669999999999334, -7.222444444444222 ], [ 112.669999999999334, -7.222222222222 ], [ 112.669777777777114, -7.222222222222 ], [ 112.669777777777114, -7.221999999999778 ], [ 112.669555555554879, -7.221999999999778 ], [ 112.669555555554879, -7.221333333333112 ], [ 112.669777777777114, -7.221333333333112 ], [ 112.669777777777114, -7.22111111111089 ], [ 112.669999999999334, -7.22111111111089 ], [ 112.669999999999334, -7.220666666666446 ], [ 112.669777777777114, -7.220666666666446 ], [ 112.669777777777114, -7.220444444444224 ], [ 112.669333333332659, -7.220444444444224 ], [ 112.669333333332659, -7.219777777777558 ] ], [ [ 112.671777777777109, -7.22111111111089 ], [ 112.671777777777109, -7.221777777777556 ], [ 112.671999999999329, -7.221777777777556 ], [ 112.671999999999329, -7.22111111111089 ], [ 112.671777777777109, -7.22111111111089 ] ] ] } },
{ "type": "Feature", "properties": { "PXLVAL": 1 }, "geometry": { "type": "Polygon", "coordinates": [ [ [ 112.663777777777113, -7.212666666666454 ], [ 112.663999999999334, -7.212666666666454 ], [ 112.663999999999334, -7.21333333333312 ], [ 112.663555555554893, -7.21333333333312 ], [ 112.663555555554893, -7.213555555555342 ], [ 112.663333333332673, -7.213555555555342 ], [ 112.663333333332673, -7.21444444444423 ], [ 112.663111111110453, -7.21444444444423 ], [ 112.663111111110453, -7.213999999999786 ], [ 112.662888888888233, -7.213999999999786 ], [ 112.662888888888233, -7.214666666666452 ], [ 112.663111111110453, -7.214666666666452 ], [ 112.663111111110453, -7.21555555555534 ], [ 112.663333333332673, -7.21555555555534 ], [ 112.663333333332673, -7.215777777777562 ], [ 112.663555555554893, -7.215777777777562 ], [ 112.663555555554893, -7.21555555555534 ], [ 112.664222222221554, -7.21555555555534 ], [ 112.664222222221554, -7.215111111110896 ], [ 112.663333333332673, -7.215111111110896 ], [ 112.663333333332673, -7.214666666666452 ], [ 112.663555555554893, -7.214666666666452 ], [ 112.663555555554893, -7.213999999999786 ], [ 112.663777777777113, -7.213999999999786 ], [ 112.663777777777113, -7.213777777777564 ], [ 112.664666666666008, -7.213777777777564 ], [ 112.664666666666008, -7.213999999999786 ], [ 112.665111111110448, -7.213999999999786 ], [ 112.665111111110448, -7.214666666666452 ], [ 112.665333333332669, -7.214666666666452 ], [ 112.665333333332669, -7.215333333333118 ], [ 112.665111111110448, -7.215333333333118 ], [ 112.665111111110448, -7.215111111110896 ], [ 112.664444444443774, -7.215111111110896 ], [ 112.664444444443774, -7.215333333333118 ], [ 112.664666666666008, -7.215333333333118 ], [ 112.664666666666008, -7.21555555555534 ], [ 112.665333333332669, -7.21555555555534 ], [ 112.665333333332669, -7.215777777777562 ], [ 112.665777777777109, -7.215777777777562 ], [ 112.665777777777109, -7.216222222222006 ], [ 112.665555555554889, -7.216222222222006 ], [ 112.665555555554889, -7.217333333333116 ], [ 112.665333333332669, -7.217333333333116 ], [ 112.665333333332669, -7.217111111110894 ], [ 112.665111111110448, -7.217111111110894 ], [ 112.665111111110448, -7.217555555555338 ], [ 112.665333333332669, -7.217555555555338 ], [ 112.665333333332669, -7.21777777777756 ], [ 112.665999999999329, -7.21777777777756 ], [ 112.665999999999329, -7.217555555555338 ], [ 112.665777777777109, -7.217555555555338 ], [ 112.665777777777109, -7.217333333333116 ], [ 112.666666666666003, -7.217333333333116 ], [ 112.666666666666003, -7.217111111110894 ], [ 112.666444444443783, -7.217111111110894 ], [ 112.666444444443783, -7.21666666666645 ], [ 112.666222222221549, -7.21666666666645 ], [ 112.666222222221549, -7.216444444444228 ], [ 112.665999999999329, -7.216444444444228 ], [ 112.665999999999329, -7.216222222222006 ], [ 112.666222222221549, -7.216222222222006 ], [ 112.666222222221549, -7.215777777777562 ], [ 112.665999999999329, -7.215777777777562 ], [ 112.665999999999329, -7.21555555555534 ], [ 112.666444444443783, -7.21555555555534 ], [ 112.666444444443783, -7.215999999999784 ], [ 112.666666666666003, -7.215999999999784 ], [ 112.666666666666003, -7.216222222222006 ], [ 112.667333333332664, -7.216222222222006 ], [ 112.667333333332664, -7.216444444444228 ], [ 112.667555555554884, -7.216444444444228 ], [ 112.667555555554884, -7.217555555555338 ], [ 112.667333333332664, -7.217555555555338 ], [ 112.667333333332664, -7.21777777777756 ], [ 112.667555555554884, -7.21777777777756 ], [ 112.667555555554884, -7.217999999999782 ], [ 112.668888888888219, -7.217999999999782 ], [ 112.668888888888219, -7.218444444444226 ], [ 112.669111111110439, -7.218444444444226 ], [ 112.669111111110439, -7.218666666666448 ], [ 112.669333333332659, -7.218666666666448 ], [ 112.669333333332659, -7.21888888888867 ], [ 112.669555555554879, -7.21888888888867 ], [ 112.669555555554879, -7.219111111110892 ], [ 112.669777777777114, -7.219111111110892 ], [ 112.669777777777114, -7.218666666666448 ], [ 112.670222222221554, -7.218666666666448 ], [ 112.670222222221554, -7.219111111110892 ], [ 112.670444444443774, -7.219111111110892 ], [ 112.670444444443774, -7.219777777777558 ], [ 112.670222222221554, -7.219777777777558 ], [ 112.670222222221554, -7.21999999999978 ], [ 112.669999999999334, -7.21999999999978 ], [ 112.669999999999334, -7.219555555555336 ], [ 112.669777777777114, -7.219555555555336 ], [ 112.669777777777114, -7.219777777777558 ], [ 112.669555555554879, -7.219777777777558 ], [ 112.669555555554879, -7.219333333333114 ], [ 112.669333333332659, -7.219333333333114 ], [ 112.669333333332659, -7.219555555555336 ], [ 112.669111111110439, -7.219555555555336 ], [ 112.669111111110439, -7.219777777777558 ], [ 112.668888888888219, -7.219777777777558 ], [ 112.668888888888219, -7.21999999999978 ], [ 112.668666666665999, -7.21999999999978 ], [ 112.668666666665999, -7.220444444444224 ], [ 112.668888888888219, -7.220444444444224 ], [ 112.668888888888219, -7.220666666666446 ], [ 112.669111111110439, -7.220666666666446 ], [ 112.669111111110439, -7.220444444444224 ], [ 112.669333333332659, -7.220444444444224 ], [ 112.669333333332659, -7.22111111111089 ], [ 112.668888888888219, -7.22111111111089 ], [ 112.668888888888219, -7.221555555555334 ], [ 112.669111111110439, -7.221555555555334 ], [ 112.669111111110439, -7.221777777777556 ], [ 112.668444444443779, -7.221777777777556 ], [ 112.668444444443779, -7.221999999999778 ], [ 112.668666666665999, -7.221999999999778 ], [ 112.668666666665999, -7.222444444444222 ], [ 112.668444444443779, -7.222444444444222 ], [ 112.668444444443779, -7.222666666666444 ], [ 112.668222222221559, -7.222666666666444 ], [ 112.668222222221559, -7.22333333333311 ], [ 112.667333333332664, -7.22333333333311 ], [ 112.667333333332664, -7.222888888888666 ], [ 112.667777777777104, -7.222888888888666 ], [ 112.667777777777104, -7.222444444444222 ], [ 112.667333333332664, -7.222444444444222 ], [ 112.667333333332664, -7.222666666666444 ], [ 112.666666666666003, -7.222666666666444 ], [ 112.666666666666003, -7.222222222222 ], [ 112.666444444443783, -7.222222222222 ], [ 112.666444444443783, -7.222444444444222 ], [ 112.666222222221549, -7.222444444444222 ], [ 112.666222222221549, -7.222666666666444 ], [ 112.666444444443783, -7.222666666666444 ], [ 112.666444444443783, -7.223111111110888 ], [ 112.666222222221549, -7.223111111110888 ], [ 112.666222222221549, -7.222888888888666 ], [ 112.665555555554889, -7.222888888888666 ], [ 112.665555555554889, -7.222666666666444 ], [ 112.665111111110448, -7.222666666666444 ], [ 112.665111111110448, -7.222444444444222 ], [ 112.665333333332669, -7.222444444444222 ], [ 112.665333333332669, -7.221777777777556 ], [ 112.665111111110448, -7.221777777777556 ], [ 112.665111111110448, -7.221999999999778 ], [ 112.663999999999334, -7.221999999999778 ], [ 112.663999999999334, -7.222222222222 ], [ 112.663777777777113, -7.222222222222 ], [ 112.663777777777113, -7.222444444444222 ], [ 112.663555555554893, -7.222444444444222 ], [ 112.663555555554893, -7.222666666666444 ], [ 112.663111111110453, -7.222666666666444 ], [ 112.663111111110453, -7.221777777777556 ], [ 112.663555555554893, -7.221777777777556 ], [ 112.663555555554893, -7.221555555555334 ], [ 112.663999999999334, -7.221555555555334 ], [ 112.663999999999334, -7.220888888888668 ], [ 112.664222222221554, -7.220888888888668 ], [ 112.664222222221554, -7.22111111111089 ], [ 112.664444444443774, -7.22111111111089 ], [ 112.664444444443774, -7.220666666666446 ], [ 112.664888888888228, -7.220666666666446 ], [ 112.664888888888228, -7.22111111111089 ], [ 112.665111111110448, -7.22111111111089 ], [ 112.665111111110448, -7.220444444444224 ], [ 112.665333333332669, -7.220444444444224 ], [ 112.665333333332669, -7.221333333333112 ], [ 112.665777777777109, -7.221333333333112 ], [ 112.665777777777109, -7.22111111111089 ], [ 112.665999999999329, -7.22111111111089 ], [ 112.665999999999329, -7.220444444444224 ], [ 112.665777777777109, -7.220444444444224 ], [ 112.665777777777109, -7.220666666666446 ], [ 112.665555555554889, -7.220666666666446 ], [ 112.665555555554889, -7.220222222222002 ], [ 112.665777777777109, -7.220222222222002 ], [ 112.665777777777109, -7.21999999999978 ], [ 112.666666666666003, -7.21999999999978 ], [ 112.666666666666003, -7.219333333333114 ], [ 112.667111111110444, -7.219333333333114 ], [ 112.667111111110444, -7.219777777777558 ], [ 112.667333333332664, -7.219777777777558 ], [ 112.667333333332664, -7.219555555555336 ], [ 112.667555555554884, -7.219555555555336 ], [ 112.667555555554884, -7.219333333333114 ], [ 112.667333333332664, -7.219333333333114 ], [ 112.667333333332664, -7.219111111110892 ], [ 112.667111111110444, -7.219111111110892 ], [ 112.667111111110444, -7.218666666666448 ], [ 112.666666666666003, -7.218666666666448 ], [ 112.666666666666003, -7.219111111110892 ], [ 112.666444444443783, -7.219111111110892 ], [ 112.666444444443783, -7.218444444444226 ], [ 112.666222222221549, -7.218444444444226 ], [ 112.666222222221549, -7.218222222222004 ], [ 112.665999999999329, -7.218222222222004 ], [ 112.665999999999329, -7.218444444444226 ], [ 112.665333333332669, -7.218444444444226 ], [ 112.665333333332669, -7.218666666666448 ], [ 112.665777777777109, -7.218666666666448 ], [ 112.665777777777109, -7.21888888888867 ], [ 112.665555555554889, -7.21888888888867 ], [ 112.665555555554889, -7.219111111110892 ], [ 112.665333333332669, -7.219111111110892 ], [ 112.665333333332669, -7.219333333333114 ], [ 112.664444444443774, -7.219333333333114 ], [ 112.664444444443774, -7.219111111110892 ], [ 112.664222222221554, -7.219111111110892 ], [ 112.664222222221554, -7.21888888888867 ], [ 112.663555555554893, -7.21888888888867 ], [ 112.663555555554893, -7.219777777777558 ], [ 112.663777777777113, -7.219777777777558 ], [ 112.663777777777113, -7.220444444444224 ], [ 112.663555555554893, -7.220444444444224 ], [ 112.663555555554893, -7.220666666666446 ], [ 112.663111111110453, -7.220666666666446 ], [ 112.663111111110453, -7.220444444444224 ], [ 112.662888888888233, -7.220444444444224 ], [ 112.662888888888233, -7.220222222222002 ], [ 112.662444444443778, -7.220222222222002 ], [ 112.662444444443778, -7.21999999999978 ], [ 112.661999999999338, -7.21999999999978 ], [ 112.661999999999338, -7.219777777777558 ], [ 112.661555555554898, -7.219777777777558 ], [ 112.661555555554898, -7.218666666666448 ], [ 112.661111111110444, -7.218666666666448 ], [ 112.661111111110444, -7.219111111110892 ], [ 112.660888888888223, -7.219111111110892 ], [ 112.660888888888223, -7.21888888888867 ], [ 112.660666666666003, -7.21888888888867 ], [ 112.660666666666003, -7.218444444444226 ], [ 112.661333333332678, -7.218444444444226 ], [ 112.661333333332678, -7.217555555555338 ], [ 112.661555555554898, -7.217555555555338 ], [ 112.661555555554898, -7.21777777777756 ], [ 112.661777777777118, -7.21777777777756 ], [ 112.661777777777118, -7.218222222222004 ], [ 112.662222222221558, -7.218222222222004 ], [ 112.662222222221558, -7.218444444444226 ], [ 112.661999999999338, -7.218444444444226 ], [ 112.661999999999338, -7.218666666666448 ], [ 112.663111111110453, -7.218666666666448 ], [ 112.663111111110453, -7.218222222222004 ], [ 112.662666666665999, -7.218222222222004 ], [ 112.662666666665999, -7.217555555555338 ], [ 112.662444444443778, -7.217555555555338 ], [ 112.662444444443778, -7.217111111110894 ], [ 112.662666666665999, -7.217111111110894 ], [ 112.662666666665999, -7.216888888888672 ], [ 112.663111111110453, -7.216888888888672 ], [ 112.663111111110453, -7.217111111110894 ], [ 112.663333333332673, -7.217111111110894 ], [ 112.663333333332673, -7.21666666666645 ], [ 112.663555555554893, -7.21666666666645 ], [ 112.663555555554893, -7.216222222222006 ], [ 112.663333333332673, -7.216222222222006 ], [ 112.663333333332673, -7.215999999999784 ], [ 112.663111111110453, -7.215999999999784 ], [ 112.663111111110453, -7.215777777777562 ], [ 112.662888888888233, -7.215777777777562 ], [ 112.662888888888233, -7.21555555555534 ], [ 112.662666666665999, -7.21555555555534 ], [ 112.662666666665999, -7.215333333333118 ], [ 112.662444444443778, -7.215333333333118 ], [ 112.662444444443778, -7.21555555555534 ], [ 112.661999999999338, -7.21555555555534 ], [ 112.661999999999338, -7.215333333333118 ], [ 112.661555555554898, -7.215333333333118 ], [ 112.661555555554898, -7.215777777777562 ], [ 112.661333333332678, -7.215777777777562 ], [ 112.661333333332678, -7.215999999999784 ], [ 112.660666666666003, -7.215999999999784 ], [ 112.660666666666003, -7.215333333333118 ], [ 112.660888888888223, -7.215333333333118 ], [ 112.660888888888223, -7.215111111110896 ], [ 112.661111111110444, -7.215111111110896 ], [ 112.661111111110444, -7.214888888888674 ], [ 112.660888888888223, -7.214888888888674 ], [ 112.660888888888223, -7.21444444444423 ], [ 112.661111111110444, -7.21444444444423 ], [ 112.661111111110444, -7.214222222222008 ], [ 112.661333333332678, -7.214222222222008 ], [ 112.661333333332678, -7.213999999999786 ], [ 112.662222222221558, -7.213999999999786 ], [ 112.662222222221558, -7.213777777777564 ], [ 112.662444444443778, -7.213777777777564 ], [ 112.662444444443778, -7.213555555555342 ], [ 112.663111111110453, -7.213555555555342 ], [ 112.663111111110453, -7.213111111110898 ], [ 112.663777777777113, -7.213111111110898 ], [ 112.663777777777113, -7.212666666666454 ] ], [ [ 112.661333333332678, -7.214222222222008 ], [ 112.661333333332678, -7.214666666666452 ], [ 112.661555555554898, -7.214666666666452 ], [ 112.661555555554898, -7.214222222222008 ], [ 112.661333333332678, -7.214222222222008 ] ], [ [ 112.662222222221558, -7.21444444444423 ], [ 112.662222222221558, -7.214888888888674 ], [ 112.662444444443778, -7.214888888888674 ], [ 112.662444444443778, -7.21444444444423 ], [ 112.662222222221558, -7.21444444444423 ] ], [ [ 112.661999999999338, -7.214888888888674 ], [ 112.661999999999338, -7.215333333333118 ], [ 112.662222222221558, -7.215333333333118 ], [ 112.662222222221558, -7.214888888888674 ], [ 112.661999999999338, -7.214888888888674 ] ], [ [ 112.663999999999334, -7.215777777777562 ], [ 112.663999999999334, -7.216222222222006 ], [ 112.664444444443774, -7.216222222222006 ], [ 112.664444444443774, -7.215999999999784 ], [ 112.664222222221554, -7.215999999999784 ], [ 112.664222222221554, -7.215777777777562 ], [ 112.663999999999334, -7.215777777777562 ] ], [ [ 112.664222222221554, -7.21666666666645 ], [ 112.664222222221554, -7.216888888888672 ], [ 112.663999999999334, -7.216888888888672 ], [ 112.663999999999334, -7.217333333333116 ], [ 112.663555555554893, -7.217333333333116 ], [ 112.663555555554893, -7.217999999999782 ], [ 112.664444444443774, -7.217999999999782 ], [ 112.664444444443774, -7.21777777777756 ], [ 112.664666666666008, -7.21777777777756 ], [ 112.664666666666008, -7.217999999999782 ], [ 112.664888888888228, -7.217999999999782 ], [ 112.664888888888228, -7.217555555555338 ], [ 112.664222222221554, -7.217555555555338 ], [ 112.664222222221554, -7.217111111110894 ], [ 112.664888888888228, -7.217111111110894 ], [ 112.664888888888228, -7.21666666666645 ], [ 112.664222222221554, -7.21666666666645 ] ], [ [ 112.663111111110453, -7.217555555555338 ], [ 112.663111111110453, -7.21777777777756 ], [ 112.663333333332673, -7.21777777777756 ], [ 112.663333333332673, -7.217555555555338 ], [ 112.663111111110453, -7.217555555555338 ] ], [ [ 112.666222222221549, -7.217555555555338 ], [ 112.666222222221549, -7.21777777777756 ], [ 112.666444444443783, -7.21777777777756 ], [ 112.666444444443783, -7.217555555555338 ], [ 112.666222222221549, -7.217555555555338 ] ], [ [ 112.663111111110453, -7.217999999999782 ], [ 112.663111111110453, -7.218222222222004 ], [ 112.663555555554893, -7.218222222222004 ], [ 112.663555555554893, -7.217999999999782 ], [ 112.663111111110453, -7.217999999999782 ] ], [ [ 112.663777777777113, -7.218222222222004 ], [ 112.663777777777113, -7.218444444444226 ], [ 112.663999999999334, -7.218444444444226 ], [ 112.663999999999334, -7.218222222222004 ], [ 112.663777777777113, -7.218222222222004 ] ], [ [ 112.667999999999338, -7.219111111110892 ], [ 112.667999999999338, -7.219333333333114 ], [ 112.668222222221559, -7.219333333333114 ], [ 112.668222222221559, -7.219111111110892 ], [ 112.667999999999338, -7.219111111110892 ] ], [ [ 112.662888888888233, -7.219777777777558 ], [ 112.662888888888233, -7.21999999999978 ], [ 112.663111111110453, -7.21999999999978 ], [ 112.663111111110453, -7.219777777777558 ], [ 112.662888888888233, -7.219777777777558 ] ], [ [ 112.663333333332673, -7.220222222222002 ], [ 112.663333333332673, -7.220444444444224 ], [ 112.663555555554893, -7.220444444444224 ], [ 112.663555555554893, -7.220222222222002 ], [ 112.663333333332673, -7.220222222222002 ] ], [ [ 112.666222222221549, -7.220444444444224 ], [ 112.666222222221549, -7.220888888888668 ], [ 112.666444444443783, -7.220888888888668 ], [ 112.666444444443783, -7.22111111111089 ], [ 112.666666666666003, -7.22111111111089 ], [ 112.666666666666003, -7.220666666666446 ], [ 112.666444444443783, -7.220666666666446 ], [ 112.666444444443783, -7.220444444444224 ], [ 112.666222222221549, -7.220444444444224 ] ], [ [ 112.668222222221559, -7.220444444444224 ], [ 112.668222222221559, -7.220666666666446 ], [ 112.668444444443779, -7.220666666666446 ], [ 112.668444444443779, -7.220444444444224 ], [ 112.668222222221559, -7.220444444444224 ] ], [ [ 112.664444444443774, -7.22111111111089 ], [ 112.664444444443774, -7.221333333333112 ], [ 112.664666666666008, -7.221333333333112 ], [ 112.664666666666008, -7.22111111111089 ], [ 112.664444444443774, -7.22111111111089 ] ], [ [ 112.666666666666003, -7.221555555555334 ], [ 112.666666666666003, -7.221777777777556 ], [ 112.666888888888224, -7.221777777777556 ], [ 112.666888888888224, -7.221555555555334 ], [ 112.666666666666003, -7.221555555555334 ] ], [ [ 112.667999999999338, -7.221777777777556 ], [ 112.667999999999338, -7.221999999999778 ], [ 112.668222222221559, -7.221999999999778 ], [ 112.668222222221559, -7.221777777777556 ], [ 112.667999999999338, -7.221777777777556 ] ], [ [ 112.666666666666003, -7.221999999999778 ], [ 112.666666666666003, -7.222222222222 ], [ 112.667111111110444, -7.222222222222 ], [ 112.667111111110444, -7.221999999999778 ], [ 112.666666666666003, -7.221999999999778 ] ], [ [ 112.667777777777104, -7.221999999999778 ], [ 112.667777777777104, -7.222222222222 ], [ 112.667999999999338, -7.222222222222 ], [ 112.667999999999338, -7.221999999999778 ], [ 112.667777777777104, -7.221999999999778 ] ] ] } },
{ "type": "Feature", "properties": { "PXLVAL": 1 }, "geometry": { "type": "Polygon", "coordinates": [ [ [ 112.663999999999334, -7.222444444444222 ], [ 112.664666666666008, -7.222444444444222 ], [ 112.664666666666008, -7.223111111110888 ], [ 112.665111111110448, -7.223111111110888 ], [ 112.665111111110448, -7.223555555555332 ], [ 112.664666666666008, -7.223555555555332 ], [ 112.664666666666008, -7.223777777777554 ], [ 112.663999999999334, -7.223777777777554 ], [ 112.663999999999334, -7.223555555555332 ], [ 112.663777777777113, -7.223555555555332 ], [ 112.663777777777113, -7.222666666666444 ], [ 112.663999999999334, -7.222666666666444 ], [ 112.663999999999334, -7.222444444444222 ] ] ] } },
{ "type": "Feature", "properties": { "PXLVAL": 1 }, "geometry": { "type": "Polygon", "coordinates": [ [ [ 112.665333333332669, -7.223111111110888 ], [ 112.665555555554889, -7.223111111110888 ], [ 112.665555555554889, -7.22333333333311 ], [ 112.665777777777109, -7.22333333333311 ], [ 112.665777777777109, -7.223555555555332 ], [ 112.665333333332669, -7.223555555555332 ], [ 112.665333333332669, -7.223111111110888 ] ] ] } },
{ "type": "Feature", "properties": { "PXLVAL": 1 }, "geometry": { "type": "Polygon", "coordinates": [ [ [ 112.792444444443646, -7.229555555555326 ], [ 112.79266666666588, -7.229555555555326 ], [ 112.79266666666588, -7.22999999999977 ], [ 112.7928888888881, -7.22999999999977 ], [ 112.7928888888881, -7.230222222221992 ], [ 112.792444444443646, -7.230222222221992 ], [ 112.792444444443646, -7.229555555555326 ] ] ] } },
{ "type": "Feature", "properties": { "PXLVAL": 1 }, "geometry": { "type": "Polygon", "coordinates": [ [ [ 112.694444444443747, -7.231333333333102 ], [ 112.694666666665967, -7.231333333333102 ], [ 112.694666666665967, -7.231555555555324 ], [ 112.694444444443747, -7.231555555555324 ], [ 112.694444444443747, -7.231333333333102 ] ] ] } },
{ "type": "Feature", "properties": { "PXLVAL": 1 }, "geometry": { "type": "Polygon", "coordinates": [ [ [ 112.694888888888201, -7.231555555555324 ], [ 112.695111111110421, -7.231555555555324 ], [ 112.695111111110421, -7.23222222222199 ], [ 112.694888888888201, -7.23222222222199 ], [ 112.694888888888201, -7.231555555555324 ] ] ] } },
{ "type": "Feature", "properties": { "PXLVAL": 1 }, "geometry": { "type": "Polygon", "coordinates": [ [ [ 112.716666666665944, -7.231999999999768 ], [ 112.717111111110398, -7.231999999999768 ], [ 112.717111111110398, -7.23222222222199 ], [ 112.716888888888178, -7.23222222222199 ], [ 112.716888888888178, -7.232444444444212 ], [ 112.715333333332623, -7.232444444444212 ], [ 112.715333333332623, -7.23222222222199 ], [ 112.716666666665944, -7.23222222222199 ], [ 112.716666666665944, -7.231999999999768 ] ] ] } },
{ "type": "Feature", "properties": { "PXLVAL": 1 }, "geometry": { "type": "Polygon", "coordinates": [ [ [ 112.712444444443733, -7.232444444444212 ], [ 112.712888888888173, -7.232444444444212 ], [ 112.712888888888173, -7.2333333333331 ], [ 112.712444444443733, -7.2333333333331 ], [ 112.712444444443733, -7.232444444444212 ] ] ] } },
{ "type": "Feature", "properties": { "PXLVAL": 1 }, "geometry": { "type": "Polygon", "coordinates": [ [ [ 112.788222222221435, -7.224888888888664 ], [ 112.788444444443655, -7.224888888888664 ], [ 112.788444444443655, -7.225333333333108 ], [ 112.788666666665875, -7.225333333333108 ], [ 112.788666666665875, -7.225777777777552 ], [ 112.789111111110316, -7.225777777777552 ], [ 112.789111111110316, -7.225999999999774 ], [ 112.78955555555477, -7.225999999999774 ], [ 112.78955555555477, -7.226444444444218 ], [ 112.78977777777699, -7.226444444444218 ], [ 112.78977777777699, -7.226222222221996 ], [ 112.78999999999921, -7.226222222221996 ], [ 112.78999999999921, -7.226444444444218 ], [ 112.790444444443651, -7.226444444444218 ], [ 112.790444444443651, -7.22666666666644 ], [ 112.790666666665871, -7.22666666666644 ], [ 112.790666666665871, -7.226444444444218 ], [ 112.791333333332545, -7.226444444444218 ], [ 112.791333333332545, -7.22666666666644 ], [ 112.791555555554766, -7.22666666666644 ], [ 112.791555555554766, -7.227555555555328 ], [ 112.791777777776986, -7.227555555555328 ], [ 112.791777777776986, -7.227999999999772 ], [ 112.791999999999206, -7.227999999999772 ], [ 112.791999999999206, -7.228666666666438 ], [ 112.792444444443646, -7.228666666666438 ], [ 112.792444444443646, -7.229333333333104 ], [ 112.791777777776986, -7.229333333333104 ], [ 112.791777777776986, -7.229555555555326 ], [ 112.791555555554766, -7.229555555555326 ], [ 112.791555555554766, -7.230222222221992 ], [ 112.792444444443646, -7.230222222221992 ], [ 112.792444444443646, -7.230666666666436 ], [ 112.791999999999206, -7.230666666666436 ], [ 112.791999999999206, -7.231333333333102 ], [ 112.792444444443646, -7.231333333333102 ], [ 112.792444444443646, -7.23222222222199 ], [ 112.791999999999206, -7.23222222222199 ], [ 112.791999999999206, -7.232444444444212 ], [ 112.791777777776986, -7.232444444444212 ], [ 112.791777777776986, -7.23222222222199 ], [ 112.791111111110325, -7.23222222222199 ], [ 112.791111111110325, -7.232444444444212 ], [ 112.790666666665871, -7.232444444444212 ], [ 112.790666666665871, -7.232666666666434 ], [ 112.790444444443651, -7.232666666666434 ], [ 112.790444444443651, -7.233111111110878 ], [ 112.78999999999921, -7.233111111110878 ], [ 112.78999999999921, -7.232888888888656 ], [ 112.78977777777699, -7.232888888888656 ], [ 112.78977777777699, -7.232444444444212 ], [ 112.790444444443651, -7.232444444444212 ], [ 112.790444444443651, -7.23222222222199 ], [ 112.790222222221431, -7.23222222222199 ], [ 112.790222222221431, -7.231999999999768 ], [ 112.78999999999921, -7.231999999999768 ], [ 112.78999999999921, -7.231333333333102 ], [ 112.78977777777699, -7.231333333333102 ], [ 112.78977777777699, -7.23111111111088 ], [ 112.790222222221431, -7.23111111111088 ], [ 112.790222222221431, -7.230444444444214 ], [ 112.78999999999921, -7.230444444444214 ], [ 112.78999999999921, -7.230666666666436 ], [ 112.78977777777699, -7.230666666666436 ], [ 112.78977777777699, -7.230222222221992 ], [ 112.78955555555477, -7.230222222221992 ], [ 112.78955555555477, -7.230444444444214 ], [ 112.788666666665875, -7.230444444444214 ], [ 112.788666666665875, -7.230222222221992 ], [ 112.788444444443655, -7.230222222221992 ], [ 112.788444444443655, -7.22999999999977 ], [ 112.788222222221435, -7.22999999999977 ], [ 112.788222222221435, -7.228444444444216 ], [ 112.787999999999215, -7.228444444444216 ], [ 112.787999999999215, -7.227999999999772 ], [ 112.787777777776995, -7.227999999999772 ], [ 112.787777777776995, -7.22777777777755 ], [ 112.787555555554775, -7.22777777777755 ], [ 112.787555555554775, -7.227111111110884 ], [ 112.787777777776995, -7.227111111110884 ], [ 112.787777777776995, -7.226888888888662 ], [ 112.787999999999215, -7.226888888888662 ], [ 112.787999999999215, -7.22666666666644 ], [ 112.788222222221435, -7.22666666666644 ], [ 112.788222222221435, -7.226444444444218 ], [ 112.787999999999215, -7.226444444444218 ], [ 112.787999999999215, -7.226222222221996 ], [ 112.787333333332541, -7.226222222221996 ], [ 112.787333333332541, -7.225999999999774 ], [ 112.78711111111032, -7.225999999999774 ], [ 112.78711111111032, -7.22555555555533 ], [ 112.787333333332541, -7.22555555555533 ], [ 112.787333333332541, -7.225333333333108 ], [ 112.787555555554775, -7.225333333333108 ], [ 112.787555555554775, -7.225111111110886 ], [ 112.787999999999215, -7.225111111110886 ], [ 112.787999999999215, -7.225333333333108 ], [ 112.788222222221435, -7.225333333333108 ], [ 112.788222222221435, -7.224888888888664 ] ], [ [ 112.787555555554775, -7.22555555555533 ], [ 112.787555555554775, -7.225777777777552 ], [ 112.788222222221435, -7.225777777777552 ], [ 112.788222222221435, -7.22555555555533 ], [ 112.787555555554775, -7.22555555555533 ] ], [ [ 112.788222222221435, -7.225777777777552 ], [ 112.788222222221435, -7.225999999999774 ], [ 112.788444444443655, -7.225999999999774 ], [ 112.788444444443655, -7.225777777777552 ], [ 112.788222222221435, -7.225777777777552 ] ], [ [ 112.788222222221435, -7.22666666666644 ], [ 112.788222222221435, -7.227333333333106 ], [ 112.787999999999215, -7.227333333333106 ], [ 112.787999999999215, -7.227555555555328 ], [ 112.788444444443655, -7.227555555555328 ], [ 112.788444444443655, -7.22777777777755 ], [ 112.788666666665875, -7.22777777777755 ], [ 112.788666666665875, -7.227555555555328 ], [ 112.788888888888096, -7.227555555555328 ], [ 112.788888888888096, -7.227333333333106 ], [ 112.788666666665875, -7.227333333333106 ], [ 112.788666666665875, -7.22666666666644 ], [ 112.788222222221435, -7.22666666666644 ] ], [ [ 112.790666666665871, -7.22666666666644 ], [ 112.790666666665871, -7.227111111110884 ], [ 112.791111111110325, -7.227111111110884 ], [ 112.791111111110325, -7.22666666666644 ], [ 112.790666666665871, -7.22666666666644 ] ], [ [ 112.788666666665875, -7.228666666666438 ], [ 112.788666666665875, -7.22888888888866 ], [ 112.788888888888096, -7.22888888888866 ], [ 112.788888888888096, -7.228666666666438 ], [ 112.788666666665875, -7.228666666666438 ] ], [ [ 112.791555555554766, -7.229111111110882 ], [ 112.791555555554766, -7.229333333333104 ], [ 112.791777777776986, -7.229333333333104 ], [ 112.791777777776986, -7.229111111110882 ], [ 112.791555555554766, -7.229111111110882 ] ], [ [ 112.790222222221431, -7.22999999999977 ], [ 112.790222222221431, -7.230222222221992 ], [ 112.790444444443651, -7.230222222221992 ], [ 112.790444444443651, -7.22999999999977 ], [ 112.790222222221431, -7.22999999999977 ] ] ] } },
{ "type": "Feature", "properties": { "PXLVAL": 1 }, "geometry": { "type": "Polygon", "coordinates": [ [ [ 112.78711111111032, -7.23222222222199 ], [ 112.787777777776995, -7.23222222222199 ], [ 112.787777777776995, -7.232444444444212 ], [ 112.787555555554775, -7.232444444444212 ], [ 112.787555555554775, -7.232666666666434 ], [ 112.787777777776995, -7.232666666666434 ], [ 112.787777777776995, -7.232888888888656 ], [ 112.787999999999215, -7.232888888888656 ], [ 112.787999999999215, -7.2333333333331 ], [ 112.787777777776995, -7.2333333333331 ], [ 112.787777777776995, -7.233111111110878 ], [ 112.787555555554775, -7.233111111110878 ], [ 112.787555555554775, -7.233555555555322 ], [ 112.787777777776995, -7.233555555555322 ], [ 112.787777777776995, -7.233777777777544 ], [ 112.78711111111032, -7.233777777777544 ], [ 112.78711111111032, -7.2333333333331 ], [ 112.7868888888881, -7.2333333333331 ], [ 112.7868888888881, -7.232888888888656 ], [ 112.78711111111032, -7.232888888888656 ], [ 112.78711111111032, -7.232666666666434 ], [ 112.78666666666588, -7.232666666666434 ], [ 112.78666666666588, -7.232444444444212 ], [ 112.78711111111032, -7.232444444444212 ], [ 112.78711111111032, -7.23222222222199 ] ] ] } },
{ "type": "Feature", "properties": { "PXLVAL": 1 }, "geometry": { "type": "Polygon", "coordinates": [ [ [ 112.78644444444366, -7.233111111110878 ], [ 112.78666666666588, -7.233111111110878 ], [ 112.78666666666588, -7.2333333333331 ], [ 112.78644444444366, -7.2333333333331 ], [ 112.78644444444366, -7.233111111110878 ] ] ] } },
{ "type": "Feature", "properties": { "PXLVAL": 1 }, "geometry": { "type": "Polygon", "coordinates": [ [ [ 112.693999999999306, -7.231555555555324 ], [ 112.694444444443747, -7.231555555555324 ], [ 112.694444444443747, -7.23222222222199 ], [ 112.694222222221526, -7.23222222222199 ], [ 112.694222222221526, -7.232888888888656 ], [ 112.693999999999306, -7.232888888888656 ], [ 112.693999999999306, -7.2333333333331 ], [ 112.693777777777086, -7.2333333333331 ], [ 112.693777777777086, -7.233555555555322 ], [ 112.693999999999306, -7.233555555555322 ], [ 112.693999999999306, -7.233999999999766 ], [ 112.693555555554866, -7.233999999999766 ], [ 112.693555555554866, -7.233777777777544 ], [ 112.693111111110412, -7.233777777777544 ], [ 112.693111111110412, -7.233555555555322 ], [ 112.693333333332646, -7.233555555555322 ], [ 112.693333333332646, -7.2333333333331 ], [ 112.693555555554866, -7.2333333333331 ], [ 112.693555555554866, -7.233111111110878 ], [ 112.693777777777086, -7.233111111110878 ], [ 112.693777777777086, -7.232666666666434 ], [ 112.693999999999306, -7.232666666666434 ], [ 112.693999999999306, -7.231999999999768 ], [ 112.693777777777086, -7.231999999999768 ], [ 112.693777777777086, -7.231777777777546 ], [ 112.693999999999306, -7.231777777777546 ], [ 112.693999999999306, -7.231555555555324 ] ] ] } },
{ "type": "Feature", "properties": { "PXLVAL": 1 }, "geometry": { "type": "Polygon", "coordinates": [ [ [ 112.692444444443751, -7.233555555555322 ], [ 112.692666666665971, -7.233555555555322 ], [ 112.692666666665971, -7.233777777777544 ], [ 112.693111111110412, -7.233777777777544 ], [ 112.693111111110412, -7.233999999999766 ], [ 112.693333333332646, -7.233999999999766 ], [ 112.693333333332646, -7.234222222221988 ], [ 112.692666666665971, -7.234222222221988 ], [ 112.692666666665971, -7.233999999999766 ], [ 112.692444444443751, -7.233999999999766 ], [ 112.692444444443751, -7.233555555555322 ] ] ] } },
{ "type": "Feature", "properties": { "PXLVAL": 1 }, "geometry": { "type": "Polygon", "coordinates": [ [ [ 112.691333333332636, -7.233777777777544 ], [ 112.691555555554871, -7.233777777777544 ], [ 112.691555555554871, -7.233999999999766 ], [ 112.691777777777091, -7.233999999999766 ], [ 112.691777777777091, -7.235111111110876 ], [ 112.691555555554871, -7.235111111110876 ], [ 112.691555555554871, -7.23555555555532 ], [ 112.691333333332636, -7.23555555555532 ], [ 112.691333333332636, -7.234222222221988 ], [ 112.691111111110416, -7.234222222221988 ], [ 112.691111111110416, -7.233999999999766 ], [ 112.691333333332636, -7.233999999999766 ], [ 112.691333333332636, -7.233777777777544 ] ] ] } },
{ "type": "Feature", "properties": { "PXLVAL": 1 }, "geometry": { "type": "Polygon", "coordinates": [ [ [ 112.693333333332646, -7.234222222221988 ], [ 112.693555555554866, -7.234222222221988 ], [ 112.693555555554866, -7.234666666666432 ], [ 112.693777777777086, -7.234666666666432 ], [ 112.693777777777086, -7.235111111110876 ], [ 112.693333333332646, -7.235111111110876 ], [ 112.693333333332646, -7.234222222221988 ] ] ] } },
{ "type": "Feature", "properties": { "PXLVAL": 1 }, "geometry": { "type": "Polygon", "coordinates": [ [ [ 112.713333333332614, -7.23444444444421 ], [ 112.713555555554848, -7.23444444444421 ], [ 112.713555555554848, -7.234666666666432 ], [ 112.713333333332614, -7.234666666666432 ], [ 112.713333333332614, -7.23444444444421 ] ] ] } },
{ "type": "Feature", "properties": { "PXLVAL": 1 }, "geometry": { "type": "Polygon", "coordinates": [ [ [ 112.713555555554848, -7.234666666666432 ], [ 112.713777777777068, -7.234666666666432 ], [ 112.713777777777068, -7.235111111110876 ], [ 112.713555555554848, -7.235111111110876 ], [ 112.713555555554848, -7.234666666666432 ] ] ] } },
{ "type": "Feature", "properties": { "PXLVAL": 1 }, "geometry": { "type": "Polygon", "coordinates": [ [ [ 112.713999999999288, -7.235111111110876 ], [ 112.714444444443728, -7.235111111110876 ], [ 112.714444444443728, -7.235333333333098 ], [ 112.714666666665948, -7.235333333333098 ], [ 112.714666666665948, -7.23555555555532 ], [ 112.715111111110403, -7.23555555555532 ], [ 112.715111111110403, -7.235333333333098 ], [ 112.715333333332623, -7.235333333333098 ], [ 112.715333333332623, -7.23555555555532 ], [ 112.715777777777063, -7.23555555555532 ], [ 112.715777777777063, -7.235777777777542 ], [ 112.715999999999283, -7.235777777777542 ], [ 112.715999999999283, -7.23555555555532 ], [ 112.716666666665944, -7.23555555555532 ], [ 112.716666666665944, -7.235777777777542 ], [ 112.716444444443724, -7.235777777777542 ], [ 112.716444444443724, -7.235999999999764 ], [ 112.715555555554843, -7.235999999999764 ], [ 112.715555555554843, -7.236222222221986 ], [ 112.715333333332623, -7.236222222221986 ], [ 112.715333333332623, -7.235999999999764 ], [ 112.715111111110403, -7.235999999999764 ], [ 112.715111111110403, -7.235777777777542 ], [ 112.714444444443728, -7.235777777777542 ], [ 112.714444444443728, -7.23555555555532 ], [ 112.714222222221508, -7.23555555555532 ], [ 112.714222222221508, -7.235333333333098 ], [ 112.713999999999288, -7.235333333333098 ], [ 112.713999999999288, -7.235111111110876 ] ] ] } },
{ "type": "Feature", "properties": { "PXLVAL": 1 }, "geometry": { "type": "Polygon", "coordinates": [ [ [ 112.693777777777086, -7.236222222221986 ], [ 112.693999999999306, -7.236222222221986 ], [ 112.693999999999306, -7.236444444444208 ], [ 112.694222222221526, -7.236444444444208 ], [ 112.694222222221526, -7.236888888888652 ], [ 112.693333333332646, -7.236888888888652 ], [ 112.693333333332646, -7.236444444444208 ], [ 112.693777777777086, -7.236444444444208 ], [ 112.693777777777086, -7.236222222221986 ] ] ] } },
{ "type": "Feature", "properties": { "PXLVAL": 1 }, "geometry": { "type": "Polygon", "coordinates": [ [ [ 112.698666666665972, -7.237333333333096 ], [ 112.699333333332632, -7.237333333333096 ], [ 112.699333333332632, -7.237555555555318 ], [ 112.700222222221527, -7.237555555555318 ], [ 112.700222222221527, -7.23777777777754 ], [ 112.700444444443747, -7.23777777777754 ], [ 112.700444444443747, -7.238444444444206 ], [ 112.701333333332627, -7.238444444444206 ], [ 112.701333333332627, -7.237999999999762 ], [ 112.701555555554847, -7.237999999999762 ], [ 112.701555555554847, -7.238444444444206 ], [ 112.701777777777082, -7.238444444444206 ], [ 112.701777777777082, -7.239111111110872 ], [ 112.701555555554847, -7.239111111110872 ], [ 112.701555555554847, -7.239333333333094 ], [ 112.701777777777082, -7.239333333333094 ], [ 112.701777777777082, -7.239555555555316 ], [ 112.701333333332627, -7.239555555555316 ], [ 112.701333333332627, -7.239111111110872 ], [ 112.700666666665967, -7.239111111110872 ], [ 112.700666666665967, -7.239333333333094 ], [ 112.700444444443747, -7.239333333333094 ], [ 112.700444444443747, -7.239111111110872 ], [ 112.699999999999307, -7.239111111110872 ], [ 112.699999999999307, -7.239555555555316 ], [ 112.700222222221527, -7.239555555555316 ], [ 112.700222222221527, -7.239777777777538 ], [ 112.699777777777072, -7.239777777777538 ], [ 112.699777777777072, -7.239555555555316 ], [ 112.699555555554852, -7.239555555555316 ], [ 112.699555555554852, -7.239333333333094 ], [ 112.698666666665972, -7.239333333333094 ], [ 112.698666666665972, -7.237333333333096 ] ], [ [ 112.699333333332632, -7.23777777777754 ], [ 112.699333333332632, -7.237999999999762 ], [ 112.700222222221527, -7.237999999999762 ], [ 112.700222222221527, -7.23777777777754 ], [ 112.699333333332632, -7.23777777777754 ] ] ] } },
{ "type": "Feature", "properties": { "PXLVAL": 1 }, "geometry": { "type": "Polygon", "coordinates": [ [ [ 112.699999999999307, -7.240222222221982 ], [ 112.700444444443747, -7.240222222221982 ], [ 112.700444444443747, -7.24111111111087 ], [ 112.700666666665967, -7.24111111111087 ], [ 112.700666666665967, -7.240666666666426 ], [ 112.701111111110407, -7.240666666666426 ], [ 112.701111111110407, -7.240444444444204 ], [ 112.700666666665967, -7.240444444444204 ], [ 112.700666666665967, -7.240222222221982 ], [ 112.701333333332627, -7.240222222221982 ], [ 112.701333333332627, -7.240666666666426 ], [ 112.701555555554847, -7.240666666666426 ], [ 112.701555555554847, -7.24111111111087 ], [ 112.701777777777082, -7.24111111111087 ], [ 112.701777777777082, -7.240444444444204 ], [ 112.701999999999302, -7.240444444444204 ], [ 112.701999999999302, -7.240666666666426 ], [ 112.703111111110402, -7.240666666666426 ], [ 112.703111111110402, -7.24111111111087 ], [ 112.703333333332637, -7.24111111111087 ], [ 112.703333333332637, -7.240444444444204 ], [ 112.704222222221517, -7.240444444444204 ], [ 112.704222222221517, -7.240666666666426 ], [ 112.704444444443737, -7.240666666666426 ], [ 112.704444444443737, -7.24111111111087 ], [ 112.705111111110412, -7.24111111111087 ], [ 112.705111111110412, -7.241333333333092 ], [ 112.703999999999297, -7.241333333333092 ], [ 112.703999999999297, -7.241777777777536 ], [ 112.703777777777077, -7.241777777777536 ], [ 112.703777777777077, -7.24222222222198 ], [ 112.702666666665962, -7.24222222222198 ], [ 112.702666666665962, -7.241555555555314 ], [ 112.701999999999302, -7.241555555555314 ], [ 112.701999999999302, -7.241777777777536 ], [ 112.701777777777082, -7.241777777777536 ], [ 112.701777777777082, -7.241555555555314 ], [ 112.701555555554847, -7.241555555555314 ], [ 112.701555555554847, -7.241333333333092 ], [ 112.701333333332627, -7.241333333333092 ], [ 112.701333333332627, -7.241555555555314 ], [ 112.700444444443747, -7.241555555555314 ], [ 112.700444444443747, -7.241333333333092 ], [ 112.700222222221527, -7.241333333333092 ], [ 112.700222222221527, -7.240444444444204 ], [ 112.699999999999307, -7.240444444444204 ], [ 112.699999999999307, -7.240222222221982 ] ], [ [ 112.703777777777077, -7.240666666666426 ], [ 112.703777777777077, -7.241333333333092 ], [ 112.703999999999297, -7.241333333333092 ], [ 112.703999999999297, -7.240666666666426 ], [ 112.703777777777077, -7.240666666666426 ] ], [ [ 112.703555555554857, -7.241555555555314 ], [ 112.703555555554857, -7.241777777777536 ], [ 112.703777777777077, -7.241777777777536 ], [ 112.703777777777077, -7.241555555555314 ], [ 112.703555555554857, -7.241555555555314 ] ] ] } },
{ "type": "Feature", "properties": { "PXLVAL": 1 }, "geometry": { "type": "Polygon", "coordinates": [ [ [ 112.705555555554852, -7.24111111111087 ], [ 112.705777777777072, -7.24111111111087 ], [ 112.705777777777072, -7.241333333333092 ], [ 112.705555555554852, -7.241333333333092 ], [ 112.705555555554852, -7.24111111111087 ] ] ] } },
{ "type": "Feature", "properties": { "PXLVAL": 1 }, "geometry": { "type": "Polygon", "coordinates": [ [ [ 112.705111111110412, -7.241333333333092 ], [ 112.705555555554852, -7.241333333333092 ], [ 112.705555555554852, -7.241555555555314 ], [ 112.705111111110412, -7.241555555555314 ], [ 112.705111111110412, -7.241333333333092 ] ] ] } },
{ "type": "Feature", "properties": { "PXLVAL": 1 }, "geometry": { "type": "Polygon", "coordinates": [ [ [ 112.706444444443733, -7.240444444444204 ], [ 112.707111111110407, -7.240444444444204 ], [ 112.707111111110407, -7.240666666666426 ], [ 112.706666666665967, -7.240666666666426 ], [ 112.706666666665967, -7.24111111111087 ], [ 112.707111111110407, -7.24111111111087 ], [ 112.707111111110407, -7.241333333333092 ], [ 112.707555555554848, -7.241333333333092 ], [ 112.707555555554848, -7.241999999999758 ], [ 112.706666666665967, -7.241999999999758 ], [ 112.706666666665967, -7.241777777777536 ], [ 112.705777777777072, -7.241777777777536 ], [ 112.705777777777072, -7.241555555555314 ], [ 112.706222222221513, -7.241555555555314 ], [ 112.706222222221513, -7.240666666666426 ], [ 112.706444444443733, -7.240666666666426 ], [ 112.706444444443733, -7.240444444444204 ] ] ] } },
{ "type": "Feature", "properties": { "PXLVAL": 1 }, "geometry": { "type": "Polygon", "coordinates": [ [ [ 112.704444444443737, -7.242666666666424 ], [ 112.705111111110412, -7.242666666666424 ], [ 112.705111111110412, -7.24333333333309 ], [ 112.704666666665958, -7.24333333333309 ], [ 112.704666666665958, -7.243111111110868 ], [ 112.704444444443737, -7.243111111110868 ], [ 112.704444444443737, -7.242666666666424 ] ] ] } },
{ "type": "Feature", "properties": { "PXLVAL": 1 }, "geometry": { "type": "Polygon", "coordinates": [ [ [ 112.801999999999197, -7.254666666666412 ], [ 112.802222222221417, -7.254666666666412 ], [ 112.802222222221417, -7.254888888888634 ], [ 112.801999999999197, -7.254888888888634 ], [ 112.801999999999197, -7.254666666666412 ] ] ] } },
{ "type": "Feature", "properties": { "PXLVAL": 1 }, "geometry": { "type": "Polygon", "coordinates": [ [ [ 112.827777777776944, -7.255777777777522 ], [ 112.828444444443619, -7.255777777777522 ], [ 112.828444444443619, -7.255999999999744 ], [ 112.827777777776944, -7.255999999999744 ], [ 112.827777777776944, -7.255777777777522 ] ] ] } },
{ "type": "Feature", "properties": { "PXLVAL": 1 }, "geometry": { "type": "Polygon", "coordinates": [ [ [ 112.808888888888077, -7.256444444444188 ], [ 112.809111111110298, -7.256444444444188 ], [ 112.809111111110298, -7.25666666666641 ], [ 112.809333333332518, -7.25666666666641 ], [ 112.809333333332518, -7.256888888888632 ], [ 112.808888888888077, -7.256888888888632 ], [ 112.808888888888077, -7.257111111110854 ], [ 112.808444444443637, -7.257111111110854 ], [ 112.808444444443637, -7.25666666666641 ], [ 112.808888888888077, -7.25666666666641 ], [ 112.808888888888077, -7.256444444444188 ] ] ] } },
{ "type": "Feature", "properties": { "PXLVAL": 1 }, "geometry": { "type": "Polygon", "coordinates": [ [ [ 112.806666666665862, -7.25666666666641 ], [ 112.806888888888082, -7.25666666666641 ], [ 112.806888888888082, -7.257111111110854 ], [ 112.807333333332522, -7.257111111110854 ], [ 112.807333333332522, -7.256888888888632 ], [ 112.807555555554742, -7.256888888888632 ], [ 112.807555555554742, -7.257999999999742 ], [ 112.807333333332522, -7.257999999999742 ], [ 112.807333333332522, -7.257555555555298 ], [ 112.807111111110302, -7.257555555555298 ], [ 112.807111111110302, -7.257333333333076 ], [ 112.806666666665862, -7.257333333333076 ], [ 112.806666666665862, -7.25666666666641 ] ] ] } },
{ "type": "Feature", "properties": { "PXLVAL": 1 }, "geometry": { "type": "Polygon", "coordinates": [ [ [ 112.804444444443646, -7.258666666666408 ], [ 112.804666666665867, -7.258666666666408 ], [ 112.804666666665867, -7.25888888888863 ], [ 112.804444444443646, -7.25888888888863 ], [ 112.804444444443646, -7.258666666666408 ] ] ] } },
{ "type": "Feature", "properties": { "PXLVAL": 1 }, "geometry": { "type": "Polygon", "coordinates": [ [ [ 112.807111111110302, -7.258666666666408 ], [ 112.807333333332522, -7.258666666666408 ], [ 112.807333333332522, -7.25888888888863 ], [ 112.807111111110302, -7.25888888888863 ], [ 112.807111111110302, -7.258666666666408 ] ] ] } },
{ "type": "Feature", "properties": { "PXLVAL": 1 }, "geometry": { "type": "Polygon", "coordinates": [ [ [ 112.807555555554742, -7.25888888888863 ], [ 112.807777777776977, -7.25888888888863 ], [ 112.807777777776977, -7.259111111110852 ], [ 112.807555555554742, -7.259111111110852 ], [ 112.807555555554742, -7.25888888888863 ] ] ] } },
{ "type": "Feature", "properties": { "PXLVAL": 1 }, "geometry": { "type": "Polygon", "coordinates": [ [ [ 112.812444444443628, -7.258666666666408 ], [ 112.812666666665848, -7.258666666666408 ], [ 112.812666666665848, -7.259111111110852 ], [ 112.812222222221408, -7.259111111110852 ], [ 112.812222222221408, -7.25888888888863 ], [ 112.812444444443628, -7.25888888888863 ], [ 112.812444444443628, -7.258666666666408 ] ] ] } },
{ "type": "Feature", "properties": { "PXLVAL": 1 }, "geometry": { "type": "Polygon", "coordinates": [ [ [ 112.812222222221408, -7.260444444444184 ], [ 112.812666666665848, -7.260444444444184 ], [ 112.812666666665848, -7.260666666666406 ], [ 112.812888888888082, -7.260666666666406 ], [ 112.812888888888082, -7.260888888888628 ], [ 112.812444444443628, -7.260888888888628 ], [ 112.812444444443628, -7.260666666666406 ], [ 112.812222222221408, -7.260666666666406 ], [ 112.812222222221408, -7.260444444444184 ] ] ] } },
{ "type": "Feature", "properties": { "PXLVAL": 1 }, "geometry": { "type": "Polygon", "coordinates": [ [ [ 112.813999999999183, -7.260444444444184 ], [ 112.814222222221403, -7.260444444444184 ], [ 112.814222222221403, -7.260888888888628 ], [ 112.813777777776963, -7.260888888888628 ], [ 112.813777777776963, -7.260666666666406 ], [ 112.813999999999183, -7.260666666666406 ], [ 112.813999999999183, -7.260444444444184 ] ] ] } },
{ "type": "Feature", "properties": { "PXLVAL": 1 }, "geometry": { "type": "Polygon", "coordinates": [ [ [ 112.815999999999178, -7.260666666666406 ], [ 112.816444444443633, -7.260666666666406 ], [ 112.816444444443633, -7.260888888888628 ], [ 112.816222222221413, -7.260888888888628 ], [ 112.816222222221413, -7.26111111111085 ], [ 112.815777777776958, -7.26111111111085 ], [ 112.815777777776958, -7.260888888888628 ], [ 112.815999999999178, -7.260888888888628 ], [ 112.815999999999178, -7.260666666666406 ] ] ] } },
{ "type": "Feature", "properties": { "PXLVAL": 1 }, "geometry": { "type": "Polygon", "coordinates": [ [ [ 112.812888888888082, -7.260888888888628 ], [ 112.813333333332523, -7.260888888888628 ], [ 112.813333333332523, -7.26111111111085 ], [ 112.813111111110302, -7.26111111111085 ], [ 112.813111111110302, -7.261333333333072 ], [ 112.812666666665848, -7.261333333333072 ], [ 112.812666666665848, -7.261555555555294 ], [ 112.812444444443628, -7.261555555555294 ], [ 112.812444444443628, -7.261333333333072 ], [ 112.812222222221408, -7.261333333333072 ], [ 112.812222222221408, -7.26111111111085 ], [ 112.812888888888082, -7.26111111111085 ], [ 112.812888888888082, -7.260888888888628 ] ] ] } },
{ "type": "Feature", "properties": { "PXLVAL": 1 }, "geometry": { "type": "Polygon", "coordinates": [ [ [ 112.814444444443623, -7.26111111111085 ], [ 112.814666666665858, -7.26111111111085 ], [ 112.814666666665858, -7.261999999999738 ], [ 112.814444444443623, -7.261999999999738 ], [ 112.814444444443623, -7.26111111111085 ] ] ] } },
{ "type": "Feature", "properties": { "PXLVAL": 1 }, "geometry": { "type": "Polygon", "coordinates": [ [ [ 112.815111111110298, -7.26111111111085 ], [ 112.815555555554738, -7.26111111111085 ], [ 112.815555555554738, -7.261333333333072 ], [ 112.815333333332518, -7.261333333333072 ], [ 112.815333333332518, -7.261555555555294 ], [ 112.815111111110298, -7.261555555555294 ], [ 112.815111111110298, -7.26111111111085 ] ] ] } },
{ "type": "Feature", "properties": { "PXLVAL": 1 }, "geometry": { "type": "Polygon", "coordinates": [ [ [ 112.819777777776963, -7.26111111111085 ], [ 112.820222222221403, -7.26111111111085 ], [ 112.820222222221403, -7.261333333333072 ], [ 112.819777777776963, -7.261333333333072 ], [ 112.819777777776963, -7.26111111111085 ] ] ] } },
{ "type": "Feature", "properties": { "PXLVAL": 1 }, "geometry": { "type": "Polygon", "coordinates": [ [ [ 112.822444444443619, -7.261333333333072 ], [ 112.822666666665839, -7.261333333333072 ], [ 112.822666666665839, -7.261555555555294 ], [ 112.822444444443619, -7.261555555555294 ], [ 112.822444444443619, -7.261333333333072 ] ] ] } },
{ "type": "Feature", "properties": { "PXLVAL": 1 }, "geometry": { "type": "Polygon", "coordinates": [ [ [ 112.814888888888078, -7.261555555555294 ], [ 112.815111111110298, -7.261555555555294 ], [ 112.815111111110298, -7.261777777777516 ], [ 112.814888888888078, -7.261777777777516 ], [ 112.814888888888078, -7.261555555555294 ] ] ] } },
{ "type": "Feature", "properties": { "PXLVAL": 1 }, "geometry": { "type": "Polygon", "coordinates": [ [ [ 112.820444444443623, -7.261555555555294 ], [ 112.820888888888064, -7.261555555555294 ], [ 112.820888888888064, -7.261999999999738 ], [ 112.820666666665844, -7.261999999999738 ], [ 112.820666666665844, -7.261777777777516 ], [ 112.820444444443623, -7.261777777777516 ], [ 112.820444444443623, -7.261555555555294 ] ] ] } },
{ "type": "Feature", "properties": { "PXLVAL": 1 }, "geometry": { "type": "Polygon", "coordinates": [ [ [ 112.821999999999178, -7.26222222222196 ], [ 112.822222222221399, -7.26222222222196 ], [ 112.822222222221399, -7.262444444444182 ], [ 112.821999999999178, -7.262444444444182 ], [ 112.821999999999178, -7.26222222222196 ] ] ] } },
{ "type": "Feature", "properties": { "PXLVAL": 1 }, "geometry": { "type": "Polygon", "coordinates": [ [ [ 112.816222222221413, -7.26111111111085 ], [ 112.816444444443633, -7.26111111111085 ], [ 112.816444444443633, -7.261555555555294 ], [ 112.816666666665853, -7.261555555555294 ], [ 112.816666666665853, -7.261777777777516 ], [ 112.816444444443633, -7.261777777777516 ], [ 112.816444444443633, -7.261999999999738 ], [ 112.815999999999178, -7.261999999999738 ], [ 112.815999999999178, -7.26222222222196 ], [ 112.815777777776958, -7.26222222222196 ], [ 112.815777777776958, -7.262444444444182 ], [ 112.815999999999178, -7.262444444444182 ], [ 112.815999999999178, -7.262888888888626 ], [ 112.815777777776958, -7.262888888888626 ], [ 112.815777777776958, -7.262666666666404 ], [ 112.815555555554738, -7.262666666666404 ], [ 112.815555555554738, -7.26222222222196 ], [ 112.815333333332518, -7.26222222222196 ], [ 112.815333333332518, -7.261777777777516 ], [ 112.815999999999178, -7.261777777777516 ], [ 112.815999999999178, -7.261555555555294 ], [ 112.816222222221413, -7.261555555555294 ], [ 112.816222222221413, -7.26111111111085 ] ] ] } },
{ "type": "Feature", "properties": { "PXLVAL": 1 }, "geometry": { "type": "Polygon", "coordinates": [ [ [ 112.812888888888082, -7.26222222222196 ], [ 112.813555555554743, -7.26222222222196 ], [ 112.813555555554743, -7.262444444444182 ], [ 112.813333333332523, -7.262444444444182 ], [ 112.813333333332523, -7.262666666666404 ], [ 112.813111111110302, -7.262666666666404 ], [ 112.813111111110302, -7.262444444444182 ], [ 112.812888888888082, -7.262444444444182 ], [ 112.812888888888082, -7.26222222222196 ] ] ] } },
{ "type": "Feature", "properties": { "PXLVAL": 1 }, "geometry": { "type": "Polygon", "coordinates": [ [ [ 112.822444444443619, -7.262666666666404 ], [ 112.823111111110293, -7.262666666666404 ], [ 112.823111111110293, -7.262888888888626 ], [ 112.822444444443619, -7.262888888888626 ], [ 112.822444444443619, -7.262666666666404 ] ] ] } },
{ "type": "Feature", "properties": { "PXLVAL": 1 }, "geometry": { "type": "Polygon", "coordinates": [ [ [ 112.818444444443628, -7.262888888888626 ], [ 112.818666666665848, -7.262888888888626 ], [ 112.818666666665848, -7.263111111110848 ], [ 112.818888888888068, -7.263111111110848 ], [ 112.818888888888068, -7.26333333333307 ], [ 112.818666666665848, -7.26333333333307 ], [ 112.818666666665848, -7.263555555555292 ], [ 112.818444444443628, -7.263555555555292 ], [ 112.818444444443628, -7.262888888888626 ] ] ] } },
{ "type": "Feature", "properties": { "PXLVAL": 1 }, "geometry": { "type": "Polygon", "coordinates": [ [ [ 112.821333333332518, -7.262444444444182 ], [ 112.821555555554738, -7.262444444444182 ], [ 112.821555555554738, -7.262888888888626 ], [ 112.821777777776958, -7.262888888888626 ], [ 112.821777777776958, -7.263111111110848 ], [ 112.821333333332518, -7.263111111110848 ], [ 112.821333333332518, -7.26333333333307 ], [ 112.821111111110284, -7.26333333333307 ], [ 112.821111111110284, -7.262888888888626 ], [ 112.821333333332518, -7.262888888888626 ], [ 112.821333333332518, -7.262444444444182 ] ] ] } },
{ "type": "Feature", "properties": { "PXLVAL": 1 }, "geometry": { "type": "Polygon", "coordinates": [ [ [ 112.824888888888069, -7.262888888888626 ], [ 112.825111111110289, -7.262888888888626 ], [ 112.825111111110289, -7.263111111110848 ], [ 112.824888888888069, -7.263111111110848 ], [ 112.824888888888069, -7.262888888888626 ] ] ] } },
{ "type": "Feature", "properties": { "PXLVAL": 1 }, "geometry": { "type": "Polygon", "coordinates": [ [ [ 112.815999999999178, -7.263111111110848 ], [ 112.816444444443633, -7.263111111110848 ], [ 112.816444444443633, -7.26333333333307 ], [ 112.816222222221413, -7.26333333333307 ], [ 112.816222222221413, -7.263777777777514 ], [ 112.815999999999178, -7.263777777777514 ], [ 112.815999999999178, -7.263111111110848 ] ] ] } },
{ "type": "Feature", "properties": { "PXLVAL": 1 }, "geometry": { "type": "Polygon", "coordinates": [ [ [ 112.820444444443623, -7.263111111110848 ], [ 112.820888888888064, -7.263111111110848 ], [ 112.820888888888064, -7.26333333333307 ], [ 112.820666666665844, -7.26333333333307 ], [ 112.820666666665844, -7.263555555555292 ], [ 112.820444444443623, -7.263555555555292 ], [ 112.820444444443623, -7.263111111110848 ] ] ] } },
{ "type": "Feature", "properties": { "PXLVAL": 1 }, "geometry": { "type": "Polygon", "coordinates": [ [ [ 112.821555555554738, -7.263555555555292 ], [ 112.821777777776958, -7.263555555555292 ], [ 112.821777777776958, -7.264222222221958 ], [ 112.821333333332518, -7.264222222221958 ], [ 112.821333333332518, -7.263999999999736 ], [ 112.821555555554738, -7.263999999999736 ], [ 112.821555555554738, -7.263555555555292 ] ] ] } },
{ "type": "Feature", "properties": { "PXLVAL": 1 }, "geometry": { "type": "Polygon", "coordinates": [ [ [ 112.818666666665848, -7.263555555555292 ], [ 112.819111111110288, -7.263555555555292 ], [ 112.819111111110288, -7.263999999999736 ], [ 112.819555555554743, -7.263999999999736 ], [ 112.819555555554743, -7.26444444444418 ], [ 112.819777777776963, -7.26444444444418 ], [ 112.819777777776963, -7.264666666666402 ], [ 112.819555555554743, -7.264666666666402 ], [ 112.819555555554743, -7.265111111110846 ], [ 112.819333333332509, -7.265111111110846 ], [ 112.819333333332509, -7.264222222221958 ], [ 112.818888888888068, -7.264222222221958 ], [ 112.818888888888068, -7.263777777777514 ], [ 112.818666666665848, -7.263777777777514 ], [ 112.818666666665848, -7.263555555555292 ] ] ] } },
{ "type": "Feature", "properties": { "PXLVAL": 1 }, "geometry": { "type": "Polygon", "coordinates": [ [ [ 112.822222222221399, -7.264888888888624 ], [ 112.822444444443619, -7.264888888888624 ], [ 112.822444444443619, -7.265111111110846 ], [ 112.822222222221399, -7.265111111110846 ], [ 112.822222222221399, -7.264888888888624 ] ] ] } },
{ "type": "Feature", "properties": { "PXLVAL": 1 }, "geometry": { "type": "Polygon", "coordinates": [ [ [ 112.829777777776954, -7.264888888888624 ], [ 112.829999999999174, -7.264888888888624 ], [ 112.829999999999174, -7.265111111110846 ], [ 112.829777777776954, -7.265111111110846 ], [ 112.829777777776954, -7.264888888888624 ] ] ] } },
{ "type": "Feature", "properties": { "PXLVAL": 1 }, "geometry": { "type": "Polygon", "coordinates": [ [ [ 112.812444444443628, -7.265333333333068 ], [ 112.812666666665848, -7.265333333333068 ], [ 112.812666666665848, -7.26555555555529 ], [ 112.812888888888082, -7.26555555555529 ], [ 112.812888888888082, -7.265777777777512 ], [ 112.812444444443628, -7.265777777777512 ], [ 112.812444444443628, -7.265333333333068 ] ] ] } },
{ "type": "Feature", "properties": { "PXLVAL": 1 }, "geometry": { "type": "Polygon", "coordinates": [ [ [ 112.819555555554743, -7.26555555555529 ], [ 112.820222222221403, -7.26555555555529 ], [ 112.820222222221403, -7.265999999999734 ], [ 112.820666666665844, -7.265999999999734 ], [ 112.820666666665844, -7.2666666666664 ], [ 112.820888888888064, -7.2666666666664 ], [ 112.820888888888064, -7.266888888888622 ], [ 112.821333333332518, -7.266888888888622 ], [ 112.821333333332518, -7.267333333333066 ], [ 112.821111111110284, -7.267333333333066 ], [ 112.821111111110284, -7.267555555555288 ], [ 112.820444444443623, -7.267555555555288 ], [ 112.820444444443623, -7.2666666666664 ], [ 112.820222222221403, -7.2666666666664 ], [ 112.820222222221403, -7.266444444444178 ], [ 112.819999999999183, -7.266444444444178 ], [ 112.819999999999183, -7.265777777777512 ], [ 112.819555555554743, -7.265777777777512 ], [ 112.819555555554743, -7.26555555555529 ] ] ] } },
{ "type": "Feature", "properties": { "PXLVAL": 1 }, "geometry": { "type": "Polygon", "coordinates": [ [ [ 112.811555555554747, -7.265999999999734 ], [ 112.811777777776967, -7.265999999999734 ], [ 112.811777777776967, -7.266222222221956 ], [ 112.811555555554747, -7.266222222221956 ], [ 112.811555555554747, -7.265999999999734 ] ] ] } },
{ "type": "Feature", "properties": { "PXLVAL": 1 }, "geometry": { "type": "Polygon", "coordinates": [ [ [ 112.811111111110307, -7.266222222221956 ], [ 112.811555555554747, -7.266222222221956 ], [ 112.811555555554747, -7.266444444444178 ], [ 112.811111111110307, -7.266444444444178 ], [ 112.811111111110307, -7.266222222221956 ] ] ] } },
{ "type": "Feature", "properties": { "PXLVAL": 1 }, "geometry": { "type": "Polygon", "coordinates": [ [ [ 112.826666666665844, -7.266222222221956 ], [ 112.827333333332504, -7.266222222221956 ], [ 112.827333333332504, -7.266444444444178 ], [ 112.826666666665844, -7.266444444444178 ], [ 112.826666666665844, -7.266222222221956 ] ] ] } },
{ "type": "Feature", "properties": { "PXLVAL": 1 }, "geometry": { "type": "Polygon", "coordinates": [ [ [ 112.817777777776953, -7.2666666666664 ], [ 112.818222222221408, -7.2666666666664 ], [ 112.818222222221408, -7.267111111110844 ], [ 112.817999999999188, -7.267111111110844 ], [ 112.817999999999188, -7.266888888888622 ], [ 112.817777777776953, -7.266888888888622 ], [ 112.817777777776953, -7.2666666666664 ] ] ] } },
{ "type": "Feature", "properties": { "PXLVAL": 1 }, "geometry": { "type": "Polygon", "coordinates": [ [ [ 112.828666666665839, -7.266888888888622 ], [ 112.829111111110279, -7.266888888888622 ], [ 112.829111111110279, -7.267111111110844 ], [ 112.828666666665839, -7.267111111110844 ], [ 112.828666666665839, -7.266888888888622 ] ] ] } },
{ "type": "Feature", "properties": { "PXLVAL": 1 }, "geometry": { "type": "Polygon", "coordinates": [ [ [ 112.819777777776963, -7.267111111110844 ], [ 112.819999999999183, -7.267111111110844 ], [ 112.819999999999183, -7.267333333333066 ], [ 112.819777777776963, -7.267333333333066 ], [ 112.819777777776963, -7.267111111110844 ] ] ] } },
{ "type": "Feature", "properties": { "PXLVAL": 1 }, "geometry": { "type": "Polygon", "coordinates": [ [ [ 112.821777777776958, -7.267111111110844 ], [ 112.821999999999178, -7.267111111110844 ], [ 112.821999999999178, -7.267333333333066 ], [ 112.821777777776958, -7.267333333333066 ], [ 112.821777777776958, -7.267111111110844 ] ] ] } },
{ "type": "Feature", "properties": { "PXLVAL": 1 }, "geometry": { "type": "Polygon", "coordinates": [ [ [ 112.827111111110284, -7.267111111110844 ], [ 112.827777777776944, -7.267111111110844 ], [ 112.827777777776944, -7.267555555555288 ], [ 112.827555555554724, -7.267555555555288 ], [ 112.827555555554724, -7.267333333333066 ], [ 112.827111111110284, -7.267333333333066 ], [ 112.827111111110284, -7.267111111110844 ] ] ] } },
{ "type": "Feature", "properties": { "PXLVAL": 1 }, "geometry": { "type": "Polygon", "coordinates": [ [ [ 112.818444444443628, -7.267333333333066 ], [ 112.819111111110288, -7.267333333333066 ], [ 112.819111111110288, -7.267555555555288 ], [ 112.818444444443628, -7.267555555555288 ], [ 112.818444444443628, -7.267333333333066 ] ] ] } },
{ "type": "Feature", "properties": { "PXLVAL": 1 }, "geometry": { "type": "Polygon", "coordinates": [ [ [ 112.825999999999169, -7.267333333333066 ], [ 112.826666666665844, -7.267333333333066 ], [ 112.826666666665844, -7.267555555555288 ], [ 112.826222222221389, -7.267555555555288 ], [ 112.826222222221389, -7.26777777777751 ], [ 112.825999999999169, -7.26777777777751 ], [ 112.825999999999169, -7.267333333333066 ] ] ] } },
{ "type": "Feature", "properties": { "PXLVAL": 1 }, "geometry": { "type": "Polygon", "coordinates": [ [ [ 112.819333333332509, -7.267111111110844 ], [ 112.819555555554743, -7.267111111110844 ], [ 112.819555555554743, -7.267555555555288 ], [ 112.820222222221403, -7.267555555555288 ], [ 112.820222222221403, -7.26777777777751 ], [ 112.819999999999183, -7.26777777777751 ], [ 112.819999999999183, -7.267999999999732 ], [ 112.819777777776963, -7.267999999999732 ], [ 112.819777777776963, -7.268222222221954 ], [ 112.819555555554743, -7.268222222221954 ], [ 112.819555555554743, -7.267999999999732 ], [ 112.819333333332509, -7.267999999999732 ], [ 112.819333333332509, -7.267111111110844 ] ] ] } },
{ "type": "Feature", "properties": { "PXLVAL": 1 }, "geometry": { "type": "Polygon", "coordinates": [ [ [ 112.825333333332509, -7.267555555555288 ], [ 112.825555555554729, -7.267555555555288 ], [ 112.825555555554729, -7.26777777777751 ], [ 112.825777777776949, -7.26777777777751 ], [ 112.825777777776949, -7.267999999999732 ], [ 112.825555555554729, -7.267999999999732 ], [ 112.825555555554729, -7.268666666666398 ], [ 112.825333333332509, -7.268666666666398 ], [ 112.825333333332509, -7.267555555555288 ] ] ] } },
{ "type": "Feature", "properties": { "PXLVAL": 1 }, "geometry": { "type": "Polygon", "coordinates": [ [ [ 112.827777777776944, -7.26777777777751 ], [ 112.827999999999179, -7.26777777777751 ], [ 112.827999999999179, -7.268444444444176 ], [ 112.827777777776944, -7.268444444444176 ], [ 112.827777777776944, -7.26777777777751 ] ] ] } },
{ "type": "Feature", "properties": { "PXLVAL": 1 }, "geometry": { "type": "Polygon", "coordinates": [ [ [ 112.815555555554738, -7.268444444444176 ], [ 112.815777777776958, -7.268444444444176 ], [ 112.815777777776958, -7.268666666666398 ], [ 112.815999999999178, -7.268666666666398 ], [ 112.815999999999178, -7.269111111110842 ], [ 112.815555555554738, -7.269111111110842 ], [ 112.815555555554738, -7.268444444444176 ] ] ] } },
{ "type": "Feature", "properties": { "PXLVAL": 1 }, "geometry": { "type": "Polygon", "coordinates": [ [ [ 112.816222222221413, -7.268666666666398 ], [ 112.816444444443633, -7.268666666666398 ], [ 112.816444444443633, -7.26888888888862 ], [ 112.816222222221413, -7.26888888888862 ], [ 112.816222222221413, -7.268666666666398 ] ] ] } },
{ "type": "Feature", "properties": { "PXLVAL": 1 }, "geometry": { "type": "Polygon", "coordinates": [ [ [ 112.821999999999178, -7.268666666666398 ], [ 112.822222222221399, -7.268666666666398 ], [ 112.822222222221399, -7.26888888888862 ], [ 112.821999999999178, -7.26888888888862 ], [ 112.821999999999178, -7.268666666666398 ] ] ] } },
{ "type": "Feature", "properties": { "PXLVAL": 1 }, "geometry": { "type": "Polygon", "coordinates": [ [ [ 112.822222222221399, -7.266444444444178 ], [ 112.822444444443619, -7.266444444444178 ], [ 112.822444444443619, -7.267111111110844 ], [ 112.822666666665839, -7.267111111110844 ], [ 112.822666666665839, -7.267333333333066 ], [ 112.822444444443619, -7.267333333333066 ], [ 112.822444444443619, -7.267555555555288 ], [ 112.823111111110293, -7.267555555555288 ], [ 112.823111111110293, -7.26777777777751 ], [ 112.822666666665839, -7.26777777777751 ], [ 112.822666666665839, -7.268444444444176 ], [ 112.822888888888059, -7.268444444444176 ], [ 112.822888888888059, -7.269333333333064 ], [ 112.823111111110293, -7.269333333333064 ], [ 112.823111111110293, -7.269777777777508 ], [ 112.823333333332513, -7.269777777777508 ], [ 112.823333333332513, -7.269555555555286 ], [ 112.823999999999174, -7.269555555555286 ], [ 112.823999999999174, -7.26999999999973 ], [ 112.824666666665848, -7.26999999999973 ], [ 112.824666666665848, -7.269777777777508 ], [ 112.825777777776949, -7.269777777777508 ], [ 112.825777777776949, -7.269555555555286 ], [ 112.825999999999169, -7.269555555555286 ], [ 112.825999999999169, -7.269333333333064 ], [ 112.825777777776949, -7.269333333333064 ], [ 112.825777777776949, -7.269111111110842 ], [ 112.826444444443624, -7.269111111110842 ], [ 112.826444444443624, -7.269333333333064 ], [ 112.826666666665844, -7.269333333333064 ], [ 112.826666666665844, -7.269111111110842 ], [ 112.827111111110284, -7.269111111110842 ], [ 112.827111111110284, -7.26888888888862 ], [ 112.827777777776944, -7.26888888888862 ], [ 112.827777777776944, -7.269111111110842 ], [ 112.827999999999179, -7.269111111110842 ], [ 112.827999999999179, -7.26999999999973 ], [ 112.828666666665839, -7.26999999999973 ], [ 112.828666666665839, -7.269777777777508 ], [ 112.82955555555472, -7.269777777777508 ], [ 112.82955555555472, -7.26999999999973 ], [ 112.828888888888059, -7.26999999999973 ], [ 112.828888888888059, -7.270222222221952 ], [ 112.827111111110284, -7.270222222221952 ], [ 112.827111111110284, -7.270444444444174 ], [ 112.825777777776949, -7.270444444444174 ], [ 112.825777777776949, -7.270666666666396 ], [ 112.825333333332509, -7.270666666666396 ], [ 112.825333333332509, -7.270444444444174 ], [ 112.824888888888069, -7.270444444444174 ], [ 112.824888888888069, -7.270222222221952 ], [ 112.824444444443614, -7.270222222221952 ], [ 112.824444444443614, -7.270444444444174 ], [ 112.823999999999174, -7.270444444444174 ], [ 112.823999999999174, -7.270666666666396 ], [ 112.822888888888059, -7.270666666666396 ], [ 112.822888888888059, -7.270444444444174 ], [ 112.822666666665839, -7.270444444444174 ], [ 112.822666666665839, -7.269111111110842 ], [ 112.822444444443619, -7.269111111110842 ], [ 112.822444444443619, -7.268444444444176 ], [ 112.822222222221399, -7.268444444444176 ], [ 112.822222222221399, -7.268222222221954 ], [ 112.821999999999178, -7.268222222221954 ], [ 112.821999999999178, -7.267333333333066 ], [ 112.822222222221399, -7.267333333333066 ], [ 112.822222222221399, -7.266444444444178 ] ], [ [ 112.823111111110293, -7.26999999999973 ], [ 112.823111111110293, -7.270222222221952 ], [ 112.823333333332513, -7.270222222221952 ], [ 112.823333333332513, -7.26999999999973 ], [ 112.823111111110293, -7.26999999999973 ] ] ] } },
{ "type": "Feature", "properties": { "PXLVAL": 1 }, "geometry": { "type": "Polygon", "coordinates": [ [ [ 112.817999999999188, -7.26777777777751 ], [ 112.818888888888068, -7.26777777777751 ], [ 112.818888888888068, -7.267999999999732 ], [ 112.819111111110288, -7.267999999999732 ], [ 112.819111111110288, -7.268222222221954 ], [ 112.818888888888068, -7.268222222221954 ], [ 112.818888888888068, -7.268666666666398 ], [ 112.818666666665848, -7.268666666666398 ], [ 112.818666666665848, -7.26888888888862 ], [ 112.818222222221408, -7.26888888888862 ], [ 112.818222222221408, -7.269111111110842 ], [ 112.817999999999188, -7.269111111110842 ], [ 112.817999999999188, -7.269555555555286 ], [ 112.818222222221408, -7.269555555555286 ], [ 112.818222222221408, -7.270444444444174 ], [ 112.817999999999188, -7.270444444444174 ], [ 112.817999999999188, -7.270666666666396 ], [ 112.817777777776953, -7.270666666666396 ], [ 112.817777777776953, -7.270888888888618 ], [ 112.817555555554733, -7.270888888888618 ], [ 112.817555555554733, -7.27111111111084 ], [ 112.817111111110293, -7.27111111111084 ], [ 112.817111111110293, -7.270444444444174 ], [ 112.816222222221413, -7.270444444444174 ], [ 112.816222222221413, -7.270222222221952 ], [ 112.815999999999178, -7.270222222221952 ], [ 112.815999999999178, -7.269555555555286 ], [ 112.816222222221413, -7.269555555555286 ], [ 112.816222222221413, -7.269333333333064 ], [ 112.816666666665853, -7.269333333333064 ], [ 112.816666666665853, -7.269111111110842 ], [ 112.817111111110293, -7.269111111110842 ], [ 112.817111111110293, -7.269555555555286 ], [ 112.817333333332513, -7.269555555555286 ], [ 112.817333333332513, -7.268666666666398 ], [ 112.817999999999188, -7.268666666666398 ], [ 112.817999999999188, -7.26777777777751 ] ], [ [ 112.818222222221408, -7.267999999999732 ], [ 112.818222222221408, -7.268444444444176 ], [ 112.818666666665848, -7.268444444444176 ], [ 112.818666666665848, -7.267999999999732 ], [ 112.818222222221408, -7.267999999999732 ] ], [ [ 112.816222222221413, -7.26999999999973 ], [ 112.816222222221413, -7.270222222221952 ], [ 112.816666666665853, -7.270222222221952 ], [ 112.816666666665853, -7.26999999999973 ], [ 112.816222222221413, -7.26999999999973 ] ], [ [ 112.817333333332513, -7.26999999999973 ], [ 112.817333333332513, -7.270222222221952 ], [ 112.817555555554733, -7.270222222221952 ], [ 112.817555555554733, -7.26999999999973 ], [ 112.817333333332513, -7.26999999999973 ] ] ] } },
{ "type": "Feature", "properties": { "PXLVAL": 1 }, "geometry": { "type": "Polygon", "coordinates": [ [ [ 112.837111111110275, -7.271999999999728 ], [ 112.837333333332495, -7.271999999999728 ], [ 112.837333333332495, -7.272444444444172 ], [ 112.836666666665835, -7.272444444444172 ], [ 112.836666666665835, -7.27222222222195 ], [ 112.837111111110275, -7.27222222222195 ], [ 112.837111111110275, -7.271999999999728 ] ] ] } },
{ "type": "Feature", "properties": { "PXLVAL": 1 }, "geometry": { "type": "Polygon", "coordinates": [ [ [ 112.837111111110275, -7.272888888888616 ], [ 112.837333333332495, -7.272888888888616 ], [ 112.837333333332495, -7.27333333333306 ], [ 112.837111111110275, -7.27333333333306 ], [ 112.837111111110275, -7.272888888888616 ] ] ] } },
{ "type": "Feature", "properties": { "PXLVAL": 1 }, "geometry": { "type": "Polygon", "coordinates": [ [ [ 112.834666666665825, -7.271999999999728 ], [ 112.83555555555472, -7.271999999999728 ], [ 112.83555555555472, -7.27222222222195 ], [ 112.83599999999916, -7.27222222222195 ], [ 112.83599999999916, -7.272444444444172 ], [ 112.83555555555472, -7.272444444444172 ], [ 112.83555555555472, -7.272666666666394 ], [ 112.83622222222138, -7.272666666666394 ], [ 112.83622222222138, -7.272444444444172 ], [ 112.836666666665835, -7.272444444444172 ], [ 112.836666666665835, -7.272666666666394 ], [ 112.836444444443615, -7.272666666666394 ], [ 112.836444444443615, -7.272888888888616 ], [ 112.83622222222138, -7.272888888888616 ], [ 112.83622222222138, -7.273111111110838 ], [ 112.83599999999916, -7.273111111110838 ], [ 112.83599999999916, -7.27333333333306 ], [ 112.83577777777694, -7.27333333333306 ], [ 112.83577777777694, -7.273555555555282 ], [ 112.8353333333325, -7.273555555555282 ], [ 112.8353333333325, -7.273777777777504 ], [ 112.83511111111028, -7.273777777777504 ], [ 112.83511111111028, -7.274222222221948 ], [ 112.834666666665825, -7.274222222221948 ], [ 112.834666666665825, -7.273999999999726 ], [ 112.834444444443605, -7.273999999999726 ], [ 112.834444444443605, -7.273555555555282 ], [ 112.834222222221385, -7.273555555555282 ], [ 112.834222222221385, -7.273111111110838 ], [ 112.834444444443605, -7.273111111110838 ], [ 112.834444444443605, -7.272666666666394 ], [ 112.834222222221385, -7.272666666666394 ], [ 112.834222222221385, -7.272444444444172 ], [ 112.834444444443605, -7.272444444444172 ], [ 112.834444444443605, -7.27222222222195 ], [ 112.834666666665825, -7.27222222222195 ], [ 112.834666666665825, -7.271999999999728 ] ], [ [ 112.834666666665825, -7.27222222222195 ], [ 112.834666666665825, -7.272444444444172 ], [ 112.83511111111028, -7.272444444444172 ], [ 112.83511111111028, -7.27222222222195 ], [ 112.834666666665825, -7.27222222222195 ] ], [ [ 112.83511111111028, -7.272444444444172 ], [ 112.83511111111028, -7.272666666666394 ], [ 112.834666666665825, -7.272666666666394 ], [ 112.834666666665825, -7.273555555555282 ], [ 112.83511111111028, -7.273555555555282 ], [ 112.83511111111028, -7.273111111110838 ], [ 112.8353333333325, -7.273111111110838 ], [ 112.8353333333325, -7.272444444444172 ], [ 112.83511111111028, -7.272444444444172 ] ] ] } },
{ "type": "Feature", "properties": { "PXLVAL": 1 }, "geometry": { "type": "Polygon", "coordinates": [ [ [ 112.833111111110284, -7.273777777777504 ], [ 112.833333333332504, -7.273777777777504 ], [ 112.833333333332504, -7.273999999999726 ], [ 112.833555555554724, -7.273999999999726 ], [ 112.833555555554724, -7.274222222221948 ], [ 112.833111111110284, -7.274222222221948 ], [ 112.833111111110284, -7.273777777777504 ] ] ] } },
{ "type": "Feature", "properties": { "PXLVAL": 1 }, "geometry": { "type": "Polygon", "coordinates": [ [ [ 112.836444444443615, -7.273999999999726 ], [ 112.836666666665835, -7.273999999999726 ], [ 112.836666666665835, -7.274222222221948 ], [ 112.836444444443615, -7.274222222221948 ], [ 112.836444444443615, -7.273999999999726 ] ] ] } },
{ "type": "Feature", "properties": { "PXLVAL": 1 }, "geometry": { "type": "Polygon", "coordinates": [ [ [ 112.834222222221385, -7.274222222221948 ], [ 112.834666666665825, -7.274222222221948 ], [ 112.834666666665825, -7.27444444444417 ], [ 112.834444444443605, -7.27444444444417 ], [ 112.834444444443605, -7.274666666666392 ], [ 112.834222222221385, -7.274666666666392 ], [ 112.834222222221385, -7.274222222221948 ] ] ] } },
{ "type": "Feature", "properties": { "PXLVAL": 1 }, "geometry": { "type": "Polygon", "coordinates": [ [ [ 112.83555555555472, -7.274222222221948 ], [ 112.83599999999916, -7.274222222221948 ], [ 112.83599999999916, -7.274666666666392 ], [ 112.83577777777694, -7.274666666666392 ], [ 112.83577777777694, -7.27444444444417 ], [ 112.83555555555472, -7.27444444444417 ], [ 112.83555555555472, -7.274222222221948 ] ] ] } },
{ "type": "Feature", "properties": { "PXLVAL": 1 }, "geometry": { "type": "Polygon", "coordinates": [ [ [ 112.83622222222138, -7.274222222221948 ], [ 112.836444444443615, -7.274222222221948 ], [ 112.836444444443615, -7.27444444444417 ], [ 112.83622222222138, -7.27444444444417 ], [ 112.83622222222138, -7.274222222221948 ] ] ] } },
{ "type": "Feature", "properties": { "PXLVAL": 1 }, "geometry": { "type": "Polygon", "coordinates": [ [ [ 112.823111111110293, -7.27555555555528 ], [ 112.823555555554734, -7.27555555555528 ], [ 112.823555555554734, -7.276444444444168 ], [ 112.823333333332513, -7.276444444444168 ], [ 112.823333333332513, -7.275999999999724 ], [ 112.823111111110293, -7.275999999999724 ], [ 112.823111111110293, -7.27555555555528 ] ] ] } },
{ "type": "Feature", "properties": { "PXLVAL": 1 }, "geometry": { "type": "Polygon", "coordinates": [ [ [ 112.83244444444361, -7.275777777777502 ], [ 112.83288888888805, -7.275777777777502 ], [ 112.83288888888805, -7.275999999999724 ], [ 112.83266666666583, -7.275999999999724 ], [ 112.83266666666583, -7.276222222221946 ], [ 112.83244444444361, -7.276222222221946 ], [ 112.83244444444361, -7.275777777777502 ] ] ] } },
{ "type": "Feature", "properties": { "PXLVAL": 1 }, "geometry": { "type": "Polygon", "coordinates": [ [ [ 112.824666666665848, -7.276444444444168 ], [ 112.825111111110289, -7.276444444444168 ], [ 112.825111111110289, -7.276888888888612 ], [ 112.825333333332509, -7.276888888888612 ], [ 112.825333333332509, -7.277333333333056 ], [ 112.825111111110289, -7.277333333333056 ], [ 112.825111111110289, -7.277999999999722 ], [ 112.824666666665848, -7.277999999999722 ], [ 112.824666666665848, -7.276444444444168 ] ] ] } },
{ "type": "Feature", "properties": { "PXLVAL": 1 }, "geometry": { "type": "Polygon", "coordinates": [ [ [ 112.815555555554738, -7.248444444444196 ], [ 112.815999999999178, -7.248444444444196 ], [ 112.815999999999178, -7.248666666666418 ], [ 112.817333333332513, -7.248666666666418 ], [ 112.817333333332513, -7.24888888888864 ], [ 112.817777777776953, -7.24888888888864 ], [ 112.817777777776953, -7.249111111110862 ], [ 112.818222222221408, -7.249111111110862 ], [ 112.818222222221408, -7.249333333333084 ], [ 112.818888888888068, -7.249333333333084 ], [ 112.818888888888068, -7.249555555555306 ], [ 112.819333333332509, -7.249555555555306 ], [ 112.819333333332509, -7.249777777777528 ], [ 112.819777777776963, -7.249777777777528 ], [ 112.819777777776963, -7.24999999999975 ], [ 112.820222222221403, -7.24999999999975 ], [ 112.820222222221403, -7.250222222221972 ], [ 112.820444444443623, -7.250222222221972 ], [ 112.820444444443623, -7.250444444444194 ], [ 112.820666666665844, -7.250444444444194 ], [ 112.820666666665844, -7.250666666666416 ], [ 112.820888888888064, -7.250666666666416 ], [ 112.820888888888064, -7.250888888888638 ], [ 112.821555555554738, -7.250888888888638 ], [ 112.821555555554738, -7.25111111111086 ], [ 112.821999999999178, -7.25111111111086 ], [ 112.821999999999178, -7.251333333333082 ], [ 112.822444444443619, -7.251333333333082 ], [ 112.822444444443619, -7.251999999999748 ], [ 112.822888888888059, -7.251999999999748 ], [ 112.822888888888059, -7.25222222222197 ], [ 112.823111111110293, -7.25222222222197 ], [ 112.823111111110293, -7.252444444444192 ], [ 112.823999999999174, -7.252444444444192 ], [ 112.823999999999174, -7.252666666666414 ], [ 112.824222222221394, -7.252666666666414 ], [ 112.824222222221394, -7.253555555555302 ], [ 112.824444444443614, -7.253555555555302 ], [ 112.824444444443614, -7.254222222221968 ], [ 112.824888888888069, -7.254222222221968 ], [ 112.824888888888069, -7.25444444444419 ], [ 112.825111111110289, -7.25444444444419 ], [ 112.825111111110289, -7.254666666666412 ], [ 112.825999999999169, -7.254666666666412 ], [ 112.825999999999169, -7.254888888888634 ], [ 112.826222222221389, -7.254888888888634 ], [ 112.826222222221389, -7.255111111110856 ], [ 112.826444444443624, -7.255111111110856 ], [ 112.826444444443624, -7.255333333333078 ], [ 112.827333333332504, -7.255333333333078 ], [ 112.827333333332504, -7.256444444444188 ], [ 112.828444444443619, -7.256444444444188 ], [ 112.828444444443619, -7.256222222221966 ], [ 112.828666666665839, -7.256222222221966 ], [ 112.828666666665839, -7.25666666666641 ], [ 112.829111111110279, -7.25666666666641 ], [ 112.829111111110279, -7.257111111110854 ], [ 112.82955555555472, -7.257111111110854 ], [ 112.82955555555472, -7.257555555555298 ], [ 112.829999999999174, -7.257555555555298 ], [ 112.829999999999174, -7.25777777777752 ], [ 112.830444444443614, -7.25777777777752 ], [ 112.830444444443614, -7.257999999999742 ], [ 112.830666666665834, -7.257999999999742 ], [ 112.830666666665834, -7.258222222221964 ], [ 112.831111111110275, -7.258222222221964 ], [ 112.831111111110275, -7.258444444444186 ], [ 112.831777777776949, -7.258444444444186 ], [ 112.831777777776949, -7.258666666666408 ], [ 112.83222222222139, -7.258666666666408 ], [ 112.83222222222139, -7.25888888888863 ], [ 112.833111111110284, -7.25888888888863 ], [ 112.833111111110284, -7.259333333333074 ], [ 112.833777777776945, -7.259333333333074 ], [ 112.833777777776945, -7.259555555555296 ], [ 112.834222222221385, -7.259555555555296 ], [ 112.834222222221385, -7.25999999999974 ], [ 112.834444444443605, -7.25999999999974 ], [ 112.834444444443605, -7.260444444444184 ], [ 112.834666666665825, -7.260444444444184 ], [ 112.834666666665825, -7.260222222221962 ], [ 112.834888888888059, -7.260222222221962 ], [ 112.834888888888059, -7.260666666666406 ], [ 112.83511111111028, -7.260666666666406 ], [ 112.83511111111028, -7.261333333333072 ], [ 112.8353333333325, -7.261333333333072 ], [ 112.8353333333325, -7.261555555555294 ], [ 112.83555555555472, -7.261555555555294 ], [ 112.83555555555472, -7.261777777777516 ], [ 112.83577777777694, -7.261777777777516 ], [ 112.83577777777694, -7.263555555555292 ], [ 112.83599999999916, -7.263555555555292 ], [ 112.83599999999916, -7.26444444444418 ], [ 112.83622222222138, -7.26444444444418 ], [ 112.83622222222138, -7.26555555555529 ], [ 112.836444444443615, -7.26555555555529 ], [ 112.836444444443615, -7.265777777777512 ], [ 112.83622222222138, -7.265777777777512 ], [ 112.83622222222138, -7.265999999999734 ], [ 112.836444444443615, -7.265999999999734 ], [ 112.836444444443615, -7.266444444444178 ], [ 112.836666666665835, -7.266444444444178 ], [ 112.836666666665835, -7.2666666666664 ], [ 112.837111111110275, -7.2666666666664 ], [ 112.837111111110275, -7.267111111110844 ], [ 112.837555555554715, -7.267111111110844 ], [ 112.837555555554715, -7.267333333333066 ], [ 112.83822222222139, -7.267333333333066 ], [ 112.83822222222139, -7.267555555555288 ], [ 112.83844444444361, -7.267555555555288 ], [ 112.83844444444361, -7.267999999999732 ], [ 112.83866666666583, -7.267999999999732 ], [ 112.83866666666583, -7.268666666666398 ], [ 112.83888888888805, -7.268666666666398 ], [ 112.83888888888805, -7.26888888888862 ], [ 112.83911111111027, -7.26888888888862 ], [ 112.83911111111027, -7.269111111110842 ], [ 112.83933333333249, -7.269111111110842 ], [ 112.83933333333249, -7.269777777777508 ], [ 112.839555555554711, -7.269777777777508 ], [ 112.839555555554711, -7.26999999999973 ], [ 112.839777777776945, -7.26999999999973 ], [ 112.839777777776945, -7.270222222221952 ], [ 112.839999999999165, -7.270222222221952 ], [ 112.839999999999165, -7.270666666666396 ], [ 112.840222222221385, -7.270666666666396 ], [ 112.840222222221385, -7.270888888888618 ], [ 112.840444444443605, -7.270888888888618 ], [ 112.840444444443605, -7.271333333333062 ], [ 112.840666666665825, -7.271333333333062 ], [ 112.840666666665825, -7.271555555555284 ], [ 112.840888888888045, -7.271555555555284 ], [ 112.840888888888045, -7.27222222222195 ], [ 112.841111111110266, -7.27222222222195 ], [ 112.841111111110266, -7.272888888888616 ], [ 112.840888888888045, -7.272888888888616 ], [ 112.840888888888045, -7.273555555555282 ], [ 112.840666666665825, -7.273555555555282 ], [ 112.840666666665825, -7.273777777777504 ], [ 112.839777777776945, -7.273777777777504 ], [ 112.839777777776945, -7.273999999999726 ], [ 112.839999999999165, -7.273999999999726 ], [ 112.839999999999165, -7.274222222221948 ], [ 112.840222222221385, -7.274222222221948 ], [ 112.840222222221385, -7.27444444444417 ], [ 112.841333333332486, -7.27444444444417 ], [ 112.841333333332486, -7.274666666666392 ], [ 112.84177777777694, -7.274666666666392 ], [ 112.84177777777694, -7.275333333333058 ], [ 112.84155555555472, -7.275333333333058 ], [ 112.84155555555472, -7.275999999999724 ], [ 112.841333333332486, -7.275999999999724 ], [ 112.841333333332486, -7.276444444444168 ], [ 112.841111111110266, -7.276444444444168 ], [ 112.841111111110266, -7.276222222221946 ], [ 112.840444444443605, -7.276222222221946 ], [ 112.840444444443605, -7.276444444444168 ], [ 112.840222222221385, -7.276444444444168 ], [ 112.840222222221385, -7.27666666666639 ], [ 112.839777777776945, -7.27666666666639 ], [ 112.839777777776945, -7.275999999999724 ], [ 112.83911111111027, -7.275999999999724 ], [ 112.83911111111027, -7.276222222221946 ], [ 112.83888888888805, -7.276222222221946 ], [ 112.83888888888805, -7.276444444444168 ], [ 112.83866666666583, -7.276444444444168 ], [ 112.83866666666583, -7.27666666666639 ], [ 112.83822222222139, -7.27666666666639 ], [ 112.83822222222139, -7.277333333333056 ], [ 112.837999999999155, -7.277333333333056 ], [ 112.837999999999155, -7.277555555555278 ], [ 112.837555555554715, -7.277555555555278 ], [ 112.837555555554715, -7.2777777777775 ], [ 112.837333333332495, -7.2777777777775 ], [ 112.837333333332495, -7.278222222221944 ], [ 112.837111111110275, -7.278222222221944 ], [ 112.837111111110275, -7.277555555555278 ], [ 112.836888888888055, -7.277555555555278 ], [ 112.836888888888055, -7.277333333333056 ], [ 112.836444444443615, -7.277333333333056 ], [ 112.836444444443615, -7.2777777777775 ], [ 112.83622222222138, -7.2777777777775 ], [ 112.83622222222138, -7.277999999999722 ], [ 112.83577777777694, -7.277999999999722 ], [ 112.83577777777694, -7.278222222221944 ], [ 112.83555555555472, -7.278222222221944 ], [ 112.83555555555472, -7.2777777777775 ], [ 112.8353333333325, -7.2777777777775 ], [ 112.8353333333325, -7.27666666666639 ], [ 112.83555555555472, -7.27666666666639 ], [ 112.83555555555472, -7.276222222221946 ], [ 112.8353333333325, -7.276222222221946 ], [ 112.8353333333325, -7.275999999999724 ], [ 112.83511111111028, -7.275999999999724 ], [ 112.83511111111028, -7.27555555555528 ], [ 112.834888888888059, -7.27555555555528 ], [ 112.834888888888059, -7.275333333333058 ], [ 112.83511111111028, -7.275333333333058 ], [ 112.83511111111028, -7.275111111110836 ], [ 112.8353333333325, -7.275111111110836 ], [ 112.8353333333325, -7.275333333333058 ], [ 112.83555555555472, -7.275333333333058 ], [ 112.83555555555472, -7.275111111110836 ], [ 112.83599999999916, -7.275111111110836 ], [ 112.83599999999916, -7.274666666666392 ], [ 112.836444444443615, -7.274666666666392 ], [ 112.836444444443615, -7.27444444444417 ], [ 112.836666666665835, -7.27444444444417 ], [ 112.836666666665835, -7.274222222221948 ], [ 112.837555555554715, -7.274222222221948 ], [ 112.837555555554715, -7.27444444444417 ], [ 112.837777777776935, -7.27444444444417 ], [ 112.837777777776935, -7.274666666666392 ], [ 112.837999999999155, -7.274666666666392 ], [ 112.837999999999155, -7.274888888888614 ], [ 112.83822222222139, -7.274888888888614 ], [ 112.83822222222139, -7.273999999999726 ], [ 112.837999999999155, -7.273999999999726 ], [ 112.837999999999155, -7.273777777777504 ], [ 112.837777777776935, -7.273777777777504 ], [ 112.837777777776935, -7.273555555555282 ], [ 112.837555555554715, -7.273555555555282 ], [ 112.837555555554715, -7.272888888888616 ], [ 112.837777777776935, -7.272888888888616 ], [ 112.837777777776935, -7.272666666666394 ], [ 112.837999999999155, -7.272666666666394 ], [ 112.837999999999155, -7.272444444444172 ], [ 112.83822222222139, -7.272444444444172 ], [ 112.83822222222139, -7.27222222222195 ], [ 112.837999999999155, -7.27222222222195 ], [ 112.837999999999155, -7.271999999999728 ], [ 112.837555555554715, -7.271999999999728 ], [ 112.837555555554715, -7.271777777777506 ], [ 112.837111111110275, -7.271777777777506 ], [ 112.837111111110275, -7.271999999999728 ], [ 112.836666666665835, -7.271999999999728 ], [ 112.836666666665835, -7.271777777777506 ], [ 112.83622222222138, -7.271777777777506 ], [ 112.83622222222138, -7.271999999999728 ], [ 112.83555555555472, -7.271999999999728 ], [ 112.83555555555472, -7.271777777777506 ], [ 112.83577777777694, -7.271777777777506 ], [ 112.83577777777694, -7.271555555555284 ], [ 112.8353333333325, -7.271555555555284 ], [ 112.8353333333325, -7.271777777777506 ], [ 112.834666666665825, -7.271777777777506 ], [ 112.834666666665825, -7.271555555555284 ], [ 112.833999999999165, -7.271555555555284 ], [ 112.833999999999165, -7.271333333333062 ], [ 112.833333333332504, -7.271333333333062 ], [ 112.833333333332504, -7.271555555555284 ], [ 112.833555555554724, -7.271555555555284 ], [ 112.833555555554724, -7.271777777777506 ], [ 112.834222222221385, -7.271777777777506 ], [ 112.834222222221385, -7.272444444444172 ], [ 112.833777777776945, -7.272444444444172 ], [ 112.833777777776945, -7.27222222222195 ], [ 112.833555555554724, -7.27222222222195 ], [ 112.833555555554724, -7.271999999999728 ], [ 112.833333333332504, -7.271999999999728 ], [ 112.833333333332504, -7.271777777777506 ], [ 112.833111111110284, -7.271777777777506 ], [ 112.833111111110284, -7.271555555555284 ], [ 112.83288888888805, -7.271555555555284 ], [ 112.83288888888805, -7.27111111111084 ], [ 112.83266666666583, -7.27111111111084 ], [ 112.83266666666583, -7.270888888888618 ], [ 112.83244444444361, -7.270888888888618 ], [ 112.83244444444361, -7.270666666666396 ], [ 112.831999999999169, -7.270666666666396 ], [ 112.831999999999169, -7.27111111111084 ], [ 112.831555555554729, -7.27111111111084 ], [ 112.831555555554729, -7.270888888888618 ], [ 112.831777777776949, -7.270888888888618 ], [ 112.831777777776949, -7.270666666666396 ], [ 112.831333333332509, -7.270666666666396 ], [ 112.831333333332509, -7.26999999999973 ], [ 112.831111111110275, -7.26999999999973 ], [ 112.831111111110275, -7.269111111110842 ], [ 112.829333333332499, -7.269111111110842 ], [ 112.829333333332499, -7.26888888888862 ], [ 112.828444444443619, -7.26888888888862 ], [ 112.828444444443619, -7.268444444444176 ], [ 112.828222222221399, -7.268444444444176 ], [ 112.828222222221399, -7.26777777777751 ], [ 112.827999999999179, -7.26777777777751 ], [ 112.827999999999179, -7.266888888888622 ], [ 112.827777777776944, -7.266888888888622 ], [ 112.827777777776944, -7.266444444444178 ], [ 112.827555555554724, -7.266444444444178 ], [ 112.827555555554724, -7.266222222221956 ], [ 112.827333333332504, -7.266222222221956 ], [ 112.827333333332504, -7.265333333333068 ], [ 112.826666666665844, -7.265333333333068 ], [ 112.826666666665844, -7.265111111110846 ], [ 112.826444444443624, -7.265111111110846 ], [ 112.826444444443624, -7.265333333333068 ], [ 112.825999999999169, -7.265333333333068 ], [ 112.825999999999169, -7.26555555555529 ], [ 112.824888888888069, -7.26555555555529 ], [ 112.824888888888069, -7.265333333333068 ], [ 112.824666666665848, -7.265333333333068 ], [ 112.824666666665848, -7.265777777777512 ], [ 112.824222222221394, -7.265777777777512 ], [ 112.824222222221394, -7.265999999999734 ], [ 112.823333333332513, -7.265999999999734 ], [ 112.823333333332513, -7.266222222221956 ], [ 112.822888888888059, -7.266222222221956 ], [ 112.822888888888059, -7.266444444444178 ], [ 112.822666666665839, -7.266444444444178 ], [ 112.822666666665839, -7.26555555555529 ], [ 112.822888888888059, -7.26555555555529 ], [ 112.822888888888059, -7.265333333333068 ], [ 112.823111111110293, -7.265333333333068 ], [ 112.823111111110293, -7.265111111110846 ], [ 112.823333333332513, -7.265111111110846 ], [ 112.823333333332513, -7.264888888888624 ], [ 112.823999999999174, -7.264888888888624 ], [ 112.823999999999174, -7.264666666666402 ], [ 112.824666666665848, -7.264666666666402 ], [ 112.824666666665848, -7.263999999999736 ], [ 112.824444444443614, -7.263999999999736 ], [ 112.824444444443614, -7.263555555555292 ], [ 112.824222222221394, -7.263555555555292 ], [ 112.824222222221394, -7.26333333333307 ], [ 112.823999999999174, -7.26333333333307 ], [ 112.823999999999174, -7.262888888888626 ], [ 112.823777777776954, -7.262888888888626 ], [ 112.823777777776954, -7.262444444444182 ], [ 112.823111111110293, -7.262444444444182 ], [ 112.823111111110293, -7.26222222222196 ], [ 112.822888888888059, -7.26222222222196 ], [ 112.822888888888059, -7.262444444444182 ], [ 112.822666666665839, -7.262444444444182 ], [ 112.822666666665839, -7.261999999999738 ], [ 112.822888888888059, -7.261999999999738 ], [ 112.822888888888059, -7.261777777777516 ], [ 112.823111111110293, -7.261777777777516 ], [ 112.823111111110293, -7.261333333333072 ], [ 112.822888888888059, -7.261333333333072 ], [ 112.822888888888059, -7.260888888888628 ], [ 112.822666666665839, -7.260888888888628 ], [ 112.822666666665839, -7.260666666666406 ], [ 112.822444444443619, -7.260666666666406 ], [ 112.822444444443619, -7.260222222221962 ], [ 112.822222222221399, -7.260222222221962 ], [ 112.822222222221399, -7.259777777777518 ], [ 112.821999999999178, -7.259777777777518 ], [ 112.821999999999178, -7.259333333333074 ], [ 112.821777777776958, -7.259333333333074 ], [ 112.821777777776958, -7.259111111110852 ], [ 112.821111111110284, -7.259111111110852 ], [ 112.821111111110284, -7.259333333333074 ], [ 112.820888888888064, -7.259333333333074 ], [ 112.820888888888064, -7.259555555555296 ], [ 112.820444444443623, -7.259555555555296 ], [ 112.820444444443623, -7.259777777777518 ], [ 112.819777777776963, -7.259777777777518 ], [ 112.819777777776963, -7.260222222221962 ], [ 112.818888888888068, -7.260222222221962 ], [ 112.818888888888068, -7.260444444444184 ], [ 112.818666666665848, -7.260444444444184 ], [ 112.818666666665848, -7.260666666666406 ], [ 112.817999999999188, -7.260666666666406 ], [ 112.817999999999188, -7.260888888888628 ], [ 112.817777777776953, -7.260888888888628 ], [ 112.817777777776953, -7.261333333333072 ], [ 112.818222222221408, -7.261333333333072 ], [ 112.818222222221408, -7.261999999999738 ], [ 112.817999999999188, -7.261999999999738 ], [ 112.817999999999188, -7.26222222222196 ], [ 112.818222222221408, -7.26222222222196 ], [ 112.818222222221408, -7.262666666666404 ], [ 112.817777777776953, -7.262666666666404 ], [ 112.817777777776953, -7.261777777777516 ], [ 112.817555555554733, -7.261777777777516 ], [ 112.817555555554733, -7.261555555555294 ], [ 112.817111111110293, -7.261555555555294 ], [ 112.817111111110293, -7.260666666666406 ], [ 112.816888888888073, -7.260666666666406 ], [ 112.816888888888073, -7.260222222221962 ], [ 112.815999999999178, -7.260222222221962 ], [ 112.815999999999178, -7.25999999999974 ], [ 112.815777777776958, -7.25999999999974 ], [ 112.815777777776958, -7.260222222221962 ], [ 112.815555555554738, -7.260222222221962 ], [ 112.815555555554738, -7.260444444444184 ], [ 112.815333333332518, -7.260444444444184 ], [ 112.815333333332518, -7.260666666666406 ], [ 112.815111111110298, -7.260666666666406 ], [ 112.815111111110298, -7.26111111111085 ], [ 112.814666666665858, -7.26111111111085 ], [ 112.814666666665858, -7.260666666666406 ], [ 112.814444444443623, -7.260666666666406 ], [ 112.814444444443623, -7.260444444444184 ], [ 112.814222222221403, -7.260444444444184 ], [ 112.814222222221403, -7.260222222221962 ], [ 112.813999999999183, -7.260222222221962 ], [ 112.813999999999183, -7.259555555555296 ], [ 112.813555555554743, -7.259555555555296 ], [ 112.813555555554743, -7.259333333333074 ], [ 112.813777777776963, -7.259333333333074 ], [ 112.813777777776963, -7.25888888888863 ], [ 112.813999999999183, -7.25888888888863 ], [ 112.813999999999183, -7.259111111110852 ], [ 112.814222222221403, -7.259111111110852 ], [ 112.814222222221403, -7.25888888888863 ], [ 112.814444444443623, -7.25888888888863 ], [ 112.814444444443623, -7.258666666666408 ], [ 112.814666666665858, -7.258666666666408 ], [ 112.814666666665858, -7.258444444444186 ], [ 112.815111111110298, -7.258444444444186 ], [ 112.815111111110298, -7.258222222221964 ], [ 112.815555555554738, -7.258222222221964 ], [ 112.815555555554738, -7.257999999999742 ], [ 112.816222222221413, -7.257999999999742 ], [ 112.816222222221413, -7.257333333333076 ], [ 112.815777777776958, -7.257333333333076 ], [ 112.815777777776958, -7.257555555555298 ], [ 112.815333333332518, -7.257555555555298 ], [ 112.815333333332518, -7.25777777777752 ], [ 112.815111111110298, -7.25777777777752 ], [ 112.815111111110298, -7.257999999999742 ], [ 112.814666666665858, -7.257999999999742 ], [ 112.814666666665858, -7.258222222221964 ], [ 112.814444444443623, -7.258222222221964 ], [ 112.814444444443623, -7.258444444444186 ], [ 112.814222222221403, -7.258444444444186 ], [ 112.814222222221403, -7.258666666666408 ], [ 112.813999999999183, -7.258666666666408 ], [ 112.813999999999183, -7.258444444444186 ], [ 112.813777777776963, -7.258444444444186 ], [ 112.813777777776963, -7.257999999999742 ], [ 112.812888888888082, -7.257999999999742 ], [ 112.812888888888082, -7.258222222221964 ], [ 112.812444444443628, -7.258222222221964 ], [ 112.812444444443628, -7.258444444444186 ], [ 112.811999999999188, -7.258444444444186 ], [ 112.811999999999188, -7.258666666666408 ], [ 112.811555555554747, -7.258666666666408 ], [ 112.811555555554747, -7.25888888888863 ], [ 112.811333333332527, -7.25888888888863 ], [ 112.811333333332527, -7.259111111110852 ], [ 112.811555555554747, -7.259111111110852 ], [ 112.811555555554747, -7.25999999999974 ], [ 112.811777777776967, -7.25999999999974 ], [ 112.811777777776967, -7.260444444444184 ], [ 112.811333333332527, -7.260444444444184 ], [ 112.811333333332527, -7.260222222221962 ], [ 112.810888888888073, -7.260222222221962 ], [ 112.810888888888073, -7.259777777777518 ], [ 112.811111111110307, -7.259777777777518 ], [ 112.811111111110307, -7.259555555555296 ], [ 112.810444444443633, -7.259555555555296 ], [ 112.810444444443633, -7.259777777777518 ], [ 112.810222222221412, -7.259777777777518 ], [ 112.810222222221412, -7.260222222221962 ], [ 112.810444444443633, -7.260222222221962 ], [ 112.810444444443633, -7.260666666666406 ], [ 112.810222222221412, -7.260666666666406 ], [ 112.810222222221412, -7.260888888888628 ], [ 112.810666666665853, -7.260888888888628 ], [ 112.810666666665853, -7.26111111111085 ], [ 112.810888888888073, -7.26111111111085 ], [ 112.810888888888073, -7.260666666666406 ], [ 112.811111111110307, -7.260666666666406 ], [ 112.811111111110307, -7.261777777777516 ], [ 112.811333333332527, -7.261777777777516 ], [ 112.811333333332527, -7.261555555555294 ], [ 112.811777777776967, -7.261555555555294 ], [ 112.811777777776967, -7.260888888888628 ], [ 112.812222222221408, -7.260888888888628 ], [ 112.812222222221408, -7.26111111111085 ], [ 112.811999999999188, -7.26111111111085 ], [ 112.811999999999188, -7.261555555555294 ], [ 112.812222222221408, -7.261555555555294 ], [ 112.812222222221408, -7.261777777777516 ], [ 112.812666666665848, -7.261777777777516 ], [ 112.812666666665848, -7.26222222222196 ], [ 112.812444444443628, -7.26222222222196 ], [ 112.812444444443628, -7.261999999999738 ], [ 112.812222222221408, -7.261999999999738 ], [ 112.812222222221408, -7.26222222222196 ], [ 112.811999999999188, -7.26222222222196 ], [ 112.811999999999188, -7.262444444444182 ], [ 112.812444444443628, -7.262444444444182 ], [ 112.812444444443628, -7.263777777777514 ], [ 112.812666666665848, -7.263777777777514 ], [ 112.812666666665848, -7.264222222221958 ], [ 112.813333333332523, -7.264222222221958 ], [ 112.813333333332523, -7.26444444444418 ], [ 112.813555555554743, -7.26444444444418 ], [ 112.813555555554743, -7.264666666666402 ], [ 112.813777777776963, -7.264666666666402 ], [ 112.813777777776963, -7.264888888888624 ], [ 112.813555555554743, -7.264888888888624 ], [ 112.813555555554743, -7.265111111110846 ], [ 112.813777777776963, -7.265111111110846 ], [ 112.813777777776963, -7.265333333333068 ], [ 112.813999999999183, -7.265333333333068 ], [ 112.813999999999183, -7.265777777777512 ], [ 112.814222222221403, -7.265777777777512 ], [ 112.814222222221403, -7.265333333333068 ], [ 112.814444444443623, -7.265333333333068 ], [ 112.814444444443623, -7.266222222221956 ], [ 112.814666666665858, -7.266222222221956 ], [ 112.814666666665858, -7.266444444444178 ], [ 112.815333333332518, -7.266444444444178 ], [ 112.815333333332518, -7.2666666666664 ], [ 112.815111111110298, -7.2666666666664 ], [ 112.815111111110298, -7.267111111110844 ], [ 112.815333333332518, -7.267111111110844 ], [ 112.815333333332518, -7.267999999999732 ], [ 112.815111111110298, -7.267999999999732 ], [ 112.815111111110298, -7.269111111110842 ], [ 112.814888888888078, -7.269111111110842 ], [ 112.814888888888078, -7.26888888888862 ], [ 112.814666666665858, -7.26888888888862 ], [ 112.814666666665858, -7.268444444444176 ], [ 112.814222222221403, -7.268444444444176 ], [ 112.814222222221403, -7.270222222221952 ], [ 112.813777777776963, -7.270222222221952 ], [ 112.813777777776963, -7.269555555555286 ], [ 112.813555555554743, -7.269555555555286 ], [ 112.813555555554743, -7.26999999999973 ], [ 112.812666666665848, -7.26999999999973 ], [ 112.812666666665848, -7.270222222221952 ], [ 112.812222222221408, -7.270222222221952 ], [ 112.812222222221408, -7.269555555555286 ], [ 112.812666666665848, -7.269555555555286 ], [ 112.812666666665848, -7.269111111110842 ], [ 112.813333333332523, -7.269111111110842 ], [ 112.813333333332523, -7.268444444444176 ], [ 112.813555555554743, -7.268444444444176 ], [ 112.813555555554743, -7.268222222221954 ], [ 112.813777777776963, -7.268222222221954 ], [ 112.813777777776963, -7.267999999999732 ], [ 112.813555555554743, -7.267999999999732 ], [ 112.813555555554743, -7.267333333333066 ], [ 112.812444444443628, -7.267333333333066 ], [ 112.812444444443628, -7.2666666666664 ], [ 112.813111111110302, -7.2666666666664 ], [ 112.813111111110302, -7.266444444444178 ], [ 112.812888888888082, -7.266444444444178 ], [ 112.812888888888082, -7.265999999999734 ], [ 112.813111111110302, -7.265999999999734 ], [ 112.813111111110302, -7.26555555555529 ], [ 112.813555555554743, -7.26555555555529 ], [ 112.813555555554743, -7.265333333333068 ], [ 112.812888888888082, -7.265333333333068 ], [ 112.812888888888082, -7.265111111110846 ], [ 112.813333333332523, -7.265111111110846 ], [ 112.813333333332523, -7.264666666666402 ], [ 112.812666666665848, -7.264666666666402 ], [ 112.812666666665848, -7.265111111110846 ], [ 112.812444444443628, -7.265111111110846 ], [ 112.812444444443628, -7.265333333333068 ], [ 112.811777777776967, -7.265333333333068 ], [ 112.811777777776967, -7.264666666666402 ], [ 112.811555555554747, -7.264666666666402 ], [ 112.811555555554747, -7.26444444444418 ], [ 112.811333333332527, -7.26444444444418 ], [ 112.811333333332527, -7.264222222221958 ], [ 112.811111111110307, -7.264222222221958 ], [ 112.811111111110307, -7.265111111110846 ], [ 112.810444444443633, -7.265111111110846 ], [ 112.810444444443633, -7.264222222221958 ], [ 112.810666666665853, -7.264222222221958 ], [ 112.810666666665853, -7.263999999999736 ], [ 112.811555555554747, -7.263999999999736 ], [ 112.811555555554747, -7.263777777777514 ], [ 112.811333333332527, -7.263777777777514 ], [ 112.811333333332527, -7.26333333333307 ], [ 112.811111111110307, -7.26333333333307 ], [ 112.811111111110307, -7.263111111110848 ], [ 112.810666666665853, -7.263111111110848 ], [ 112.810666666665853, -7.262888888888626 ], [ 112.810888888888073, -7.262888888888626 ], [ 112.810888888888073, -7.262666666666404 ], [ 112.811111111110307, -7.262666666666404 ], [ 112.811111111110307, -7.262444444444182 ], [ 112.810444444443633, -7.262444444444182 ], [ 112.810444444443633, -7.261999999999738 ], [ 112.810666666665853, -7.261999999999738 ], [ 112.810666666665853, -7.261777777777516 ], [ 112.809999999999192, -7.261777777777516 ], [ 112.809999999999192, -7.261333333333072 ], [ 112.809555555554752, -7.261333333333072 ], [ 112.809555555554752, -7.26111111111085 ], [ 112.809333333332518, -7.26111111111085 ], [ 112.809333333332518, -7.260666666666406 ], [ 112.809111111110298, -7.260666666666406 ], [ 112.809111111110298, -7.260222222221962 ], [ 112.808444444443637, -7.260222222221962 ], [ 112.808444444443637, -7.260444444444184 ], [ 112.807777777776977, -7.260444444444184 ], [ 112.807777777776977, -7.260222222221962 ], [ 112.807333333332522, -7.260222222221962 ], [ 112.807333333332522, -7.25999999999974 ], [ 112.807111111110302, -7.25999999999974 ], [ 112.807111111110302, -7.259777777777518 ], [ 112.805999999999187, -7.259777777777518 ], [ 112.805999999999187, -7.259555555555296 ], [ 112.805555555554747, -7.259555555555296 ], [ 112.805555555554747, -7.259111111110852 ], [ 112.805333333332527, -7.259111111110852 ], [ 112.805333333332527, -7.259333333333074 ], [ 112.804666666665867, -7.259333333333074 ], [ 112.804666666665867, -7.259111111110852 ], [ 112.805111111110307, -7.259111111110852 ], [ 112.805111111110307, -7.258666666666408 ], [ 112.804666666665867, -7.258666666666408 ], [ 112.804666666665867, -7.258444444444186 ], [ 112.805555555554747, -7.258444444444186 ], [ 112.805555555554747, -7.25777777777752 ], [ 112.805333333332527, -7.25777777777752 ], [ 112.805333333332527, -7.257999999999742 ], [ 112.805111111110307, -7.257999999999742 ], [ 112.805111111110307, -7.258222222221964 ], [ 112.804666666665867, -7.258222222221964 ], [ 112.804666666665867, -7.257333333333076 ], [ 112.803999999999192, -7.257333333333076 ], [ 112.803999999999192, -7.257111111110854 ], [ 112.803777777776972, -7.257111111110854 ], [ 112.803777777776972, -7.256888888888632 ], [ 112.803555555554752, -7.256888888888632 ], [ 112.803555555554752, -7.257555555555298 ], [ 112.803777777776972, -7.257555555555298 ], [ 112.803777777776972, -7.258222222221964 ], [ 112.803333333332532, -7.258222222221964 ], [ 112.803333333332532, -7.257999999999742 ], [ 112.803111111110312, -7.257999999999742 ], [ 112.803111111110312, -7.25777777777752 ], [ 112.802888888888091, -7.25777777777752 ], [ 112.802888888888091, -7.257555555555298 ], [ 112.803111111110312, -7.257555555555298 ], [ 112.803111111110312, -7.25666666666641 ], [ 112.803333333332532, -7.25666666666641 ], [ 112.803333333332532, -7.256444444444188 ], [ 112.803111111110312, -7.256444444444188 ], [ 112.803111111110312, -7.256222222221966 ], [ 112.802222222221417, -7.256222222221966 ], [ 112.802222222221417, -7.255111111110856 ], [ 112.803555555554752, -7.255111111110856 ], [ 112.803555555554752, -7.255333333333078 ], [ 112.804222222221412, -7.255333333333078 ], [ 112.804222222221412, -7.2555555555553 ], [ 112.805999999999187, -7.2555555555553 ], [ 112.805999999999187, -7.255111111110856 ], [ 112.805777777776967, -7.255111111110856 ], [ 112.805777777776967, -7.25444444444419 ], [ 112.805555555554747, -7.25444444444419 ], [ 112.805555555554747, -7.253111111110858 ], [ 112.805777777776967, -7.253111111110858 ], [ 112.805777777776967, -7.252888888888636 ], [ 112.805999999999187, -7.252888888888636 ], [ 112.805999999999187, -7.252666666666414 ], [ 112.806222222221422, -7.252666666666414 ], [ 112.806222222221422, -7.252444444444192 ], [ 112.806444444443642, -7.252444444444192 ], [ 112.806444444443642, -7.25222222222197 ], [ 112.807111111110302, -7.25222222222197 ], [ 112.807111111110302, -7.251999999999748 ], [ 112.806666666665862, -7.251999999999748 ], [ 112.806666666665862, -7.251777777777526 ], [ 112.805777777776967, -7.251777777777526 ], [ 112.805777777776967, -7.251999999999748 ], [ 112.805555555554747, -7.251999999999748 ], [ 112.805555555554747, -7.25222222222197 ], [ 112.804444444443646, -7.25222222222197 ], [ 112.804444444443646, -7.250666666666416 ], [ 112.804222222221412, -7.250666666666416 ], [ 112.804222222221412, -7.249777777777528 ], [ 112.803999999999192, -7.249777777777528 ], [ 112.803999999999192, -7.249333333333084 ], [ 112.804222222221412, -7.249333333333084 ], [ 112.804222222221412, -7.249555555555306 ], [ 112.804444444443646, -7.249555555555306 ], [ 112.804444444443646, -7.249777777777528 ], [ 112.804666666665867, -7.249777777777528 ], [ 112.804666666665867, -7.249555555555306 ], [ 112.804888888888087, -7.249555555555306 ], [ 112.804888888888087, -7.249111111110862 ], [ 112.805777777776967, -7.249111111110862 ], [ 112.805777777776967, -7.249333333333084 ], [ 112.805999999999187, -7.249333333333084 ], [ 112.805999999999187, -7.249555555555306 ], [ 112.806222222221422, -7.249555555555306 ], [ 112.806222222221422, -7.250222222221972 ], [ 112.806888888888082, -7.250222222221972 ], [ 112.806888888888082, -7.250444444444194 ], [ 112.807111111110302, -7.250444444444194 ], [ 112.807111111110302, -7.250888888888638 ], [ 112.807333333332522, -7.250888888888638 ], [ 112.807333333332522, -7.25111111111086 ], [ 112.807555555554742, -7.25111111111086 ], [ 112.807555555554742, -7.250888888888638 ], [ 112.807777777776977, -7.250888888888638 ], [ 112.807777777776977, -7.250666666666416 ], [ 112.807999999999197, -7.250666666666416 ], [ 112.807999999999197, -7.24999999999975 ], [ 112.808222222221417, -7.24999999999975 ], [ 112.808222222221417, -7.249555555555306 ], [ 112.808666666665857, -7.249555555555306 ], [ 112.808666666665857, -7.249333333333084 ], [ 112.809111111110298, -7.249333333333084 ], [ 112.809111111110298, -7.249111111110862 ], [ 112.809777777776972, -7.249111111110862 ], [ 112.809777777776972, -7.249333333333084 ], [ 112.810222222221412, -7.249333333333084 ], [ 112.810222222221412, -7.249555555555306 ], [ 112.810666666665853, -7.249555555555306 ], [ 112.810666666665853, -7.249777777777528 ], [ 112.810888888888073, -7.249777777777528 ], [ 112.810888888888073, -7.24999999999975 ], [ 112.811555555554747, -7.24999999999975 ], [ 112.811555555554747, -7.250222222221972 ], [ 112.812222222221408, -7.250222222221972 ], [ 112.812222222221408, -7.24999999999975 ], [ 112.812444444443628, -7.24999999999975 ], [ 112.812444444443628, -7.249777777777528 ], [ 112.812666666665848, -7.249777777777528 ], [ 112.812666666665848, -7.249555555555306 ], [ 112.812888888888082, -7.249555555555306 ], [ 112.812888888888082, -7.249333333333084 ], [ 112.813333333332523, -7.249333333333084 ], [ 112.813333333332523, -7.249111111110862 ], [ 112.813777777776963, -7.249111111110862 ], [ 112.813777777776963, -7.24888888888864 ], [ 112.814222222221403, -7.24888888888864 ], [ 112.814222222221403, -7.248666666666418 ], [ 112.815555555554738, -7.248666666666418 ], [ 112.815555555554738, -7.248444444444196 ] ], [ [ 112.807111111110302, -7.251333333333082 ], [ 112.807111111110302, -7.251555555555304 ], [ 112.807333333332522, -7.251555555555304 ], [ 112.807333333332522, -7.251333333333082 ], [ 112.807111111110302, -7.251333333333082 ] ], [ [ 112.807777777776977, -7.254222222221968 ], [ 112.807777777776977, -7.25444444444419 ], [ 112.807999999999197, -7.25444444444419 ], [ 112.807999999999197, -7.254222222221968 ], [ 112.807777777776977, -7.254222222221968 ] ], [ [ 112.807111111110302, -7.25444444444419 ], [ 112.807111111110302, -7.254666666666412 ], [ 112.807333333332522, -7.254666666666412 ], [ 112.807333333332522, -7.25444444444419 ], [ 112.807111111110302, -7.25444444444419 ] ], [ [ 112.807555555554742, -7.25444444444419 ], [ 112.807555555554742, -7.254666666666412 ], [ 112.807777777776977, -7.254666666666412 ], [ 112.807777777776977, -7.25444444444419 ], [ 112.807555555554742, -7.25444444444419 ] ], [ [ 112.809777777776972, -7.254888888888634 ], [ 112.809777777776972, -7.255111111110856 ], [ 112.809111111110298, -7.255111111110856 ], [ 112.809111111110298, -7.255333333333078 ], [ 112.808444444443637, -7.255333333333078 ], [ 112.808444444443637, -7.2555555555553 ], [ 112.807555555554742, -7.2555555555553 ], [ 112.807555555554742, -7.255777777777522 ], [ 112.807333333332522, -7.255777777777522 ], [ 112.807333333332522, -7.255999999999744 ], [ 112.807555555554742, -7.255999999999744 ], [ 112.807555555554742, -7.256444444444188 ], [ 112.807333333332522, -7.256444444444188 ], [ 112.807333333332522, -7.25666666666641 ], [ 112.807111111110302, -7.25666666666641 ], [ 112.807111111110302, -7.256444444444188 ], [ 112.806888888888082, -7.256444444444188 ], [ 112.806888888888082, -7.256222222221966 ], [ 112.806666666665862, -7.256222222221966 ], [ 112.806666666665862, -7.255999999999744 ], [ 112.806222222221422, -7.255999999999744 ], [ 112.806222222221422, -7.255777777777522 ], [ 112.805999999999187, -7.255777777777522 ], [ 112.805999999999187, -7.257111111110854 ], [ 112.806444444443642, -7.257111111110854 ], [ 112.806444444443642, -7.258444444444186 ], [ 112.806666666665862, -7.258444444444186 ], [ 112.806666666665862, -7.258666666666408 ], [ 112.806888888888082, -7.258666666666408 ], [ 112.806888888888082, -7.259111111110852 ], [ 112.806666666665862, -7.259111111110852 ], [ 112.806666666665862, -7.259555555555296 ], [ 112.807111111110302, -7.259555555555296 ], [ 112.807111111110302, -7.259777777777518 ], [ 112.807333333332522, -7.259777777777518 ], [ 112.807333333332522, -7.259555555555296 ], [ 112.807777777776977, -7.259555555555296 ], [ 112.807777777776977, -7.259111111110852 ], [ 112.808222222221417, -7.259111111110852 ], [ 112.808222222221417, -7.25888888888863 ], [ 112.808444444443637, -7.25888888888863 ], [ 112.808444444443637, -7.258666666666408 ], [ 112.809111111110298, -7.258666666666408 ], [ 112.809111111110298, -7.258444444444186 ], [ 112.809333333332518, -7.258444444444186 ], [ 112.809333333332518, -7.25777777777752 ], [ 112.809777777776972, -7.25777777777752 ], [ 112.809777777776972, -7.258222222221964 ], [ 112.810222222221412, -7.258222222221964 ], [ 112.810222222221412, -7.257999999999742 ], [ 112.810444444443633, -7.257999999999742 ], [ 112.810444444443633, -7.25777777777752 ], [ 112.810666666665853, -7.25777777777752 ], [ 112.810666666665853, -7.256222222221966 ], [ 112.810444444443633, -7.256222222221966 ], [ 112.810444444443633, -7.255333333333078 ], [ 112.809999999999192, -7.255333333333078 ], [ 112.809999999999192, -7.255111111110856 ], [ 112.810222222221412, -7.255111111110856 ], [ 112.810222222221412, -7.254888888888634 ], [ 112.809777777776972, -7.254888888888634 ] ], [ [ 112.802888888888091, -7.255333333333078 ], [ 112.802888888888091, -7.2555555555553 ], [ 112.803111111110312, -7.2555555555553 ], [ 112.803111111110312, -7.255333333333078 ], [ 112.802888888888091, -7.255333333333078 ] ], [ [ 112.815111111110298, -7.255333333333078 ], [ 112.815111111110298, -7.2555555555553 ], [ 112.815555555554738, -7.2555555555553 ], [ 112.815555555554738, -7.255333333333078 ], [ 112.815111111110298, -7.255333333333078 ] ], [ [ 112.803555555554752, -7.2555555555553 ], [ 112.803555555554752, -7.255777777777522 ], [ 112.803999999999192, -7.255777777777522 ], [ 112.803999999999192, -7.2555555555553 ], [ 112.803555555554752, -7.2555555555553 ] ], [ [ 112.815111111110298, -7.255777777777522 ], [ 112.815111111110298, -7.255999999999744 ], [ 112.815333333332518, -7.255999999999744 ], [ 112.815333333332518, -7.255777777777522 ], [ 112.815111111110298, -7.255777777777522 ] ], [ [ 112.818444444443628, -7.255777777777522 ], [ 112.818444444443628, -7.255999999999744 ], [ 112.818666666665848, -7.255999999999744 ], [ 112.818666666665848, -7.255777777777522 ], [ 112.818444444443628, -7.255777777777522 ] ], [ [ 112.814888888888078, -7.255999999999744 ], [ 112.814888888888078, -7.256222222221966 ], [ 112.815111111110298, -7.256222222221966 ], [ 112.815111111110298, -7.255999999999744 ], [ 112.814888888888078, -7.255999999999744 ] ], [ [ 112.814222222221403, -7.256222222221966 ], [ 112.814222222221403, -7.256444444444188 ], [ 112.814888888888078, -7.256444444444188 ], [ 112.814888888888078, -7.256222222221966 ], [ 112.814222222221403, -7.256222222221966 ] ], [ [ 112.816222222221413, -7.256222222221966 ], [ 112.816222222221413, -7.25666666666641 ], [ 112.816444444443633, -7.25666666666641 ], [ 112.816444444443633, -7.256888888888632 ], [ 112.816666666665853, -7.256888888888632 ], [ 112.816666666665853, -7.256444444444188 ], [ 112.816888888888073, -7.256444444444188 ], [ 112.816888888888073, -7.256222222221966 ], [ 112.816222222221413, -7.256222222221966 ] ], [ [ 112.817111111110293, -7.256222222221966 ], [ 112.817111111110293, -7.256444444444188 ], [ 112.817333333332513, -7.256444444444188 ], [ 112.817333333332513, -7.256222222221966 ], [ 112.817111111110293, -7.256222222221966 ] ], [ [ 112.818222222221408, -7.256222222221966 ], [ 112.818222222221408, -7.256444444444188 ], [ 112.818444444443628, -7.256444444444188 ], [ 112.818444444443628, -7.256222222221966 ], [ 112.818222222221408, -7.256222222221966 ] ], [ [ 112.819777777776963, -7.256222222221966 ], [ 112.819777777776963, -7.256444444444188 ], [ 112.819999999999183, -7.256444444444188 ], [ 112.819999999999183, -7.256222222221966 ], [ 112.819777777776963, -7.256222222221966 ] ], [ [ 112.804666666665867, -7.256444444444188 ], [ 112.804666666665867, -7.25666666666641 ], [ 112.805111111110307, -7.25666666666641 ], [ 112.805111111110307, -7.256444444444188 ], [ 112.804666666665867, -7.256444444444188 ] ], [ [ 112.813777777776963, -7.256444444444188 ], [ 112.813777777776963, -7.25666666666641 ], [ 112.813999999999183, -7.25666666666641 ], [ 112.813999999999183, -7.256888888888632 ], [ 112.814222222221403, -7.256888888888632 ], [ 112.814222222221403, -7.256444444444188 ], [ 112.813777777776963, -7.256444444444188 ] ], [ [ 112.818666666665848, -7.256444444444188 ], [ 112.818666666665848, -7.256888888888632 ], [ 112.819111111110288, -7.256888888888632 ], [ 112.819111111110288, -7.25666666666641 ], [ 112.818888888888068, -7.25666666666641 ], [ 112.818888888888068, -7.256444444444188 ], [ 112.818666666665848, -7.256444444444188 ] ], [ [ 112.811999999999188, -7.25666666666641 ], [ 112.811999999999188, -7.256888888888632 ], [ 112.811777777776967, -7.256888888888632 ], [ 112.811777777776967, -7.257111111110854 ], [ 112.812222222221408, -7.257111111110854 ], [ 112.812222222221408, -7.25666666666641 ], [ 112.811999999999188, -7.25666666666641 ] ], [ [ 112.812888888888082, -7.25666666666641 ], [ 112.812888888888082, -7.256888888888632 ], [ 112.813111111110302, -7.256888888888632 ], [ 112.813111111110302, -7.25666666666641 ], [ 112.812888888888082, -7.25666666666641 ] ], [ [ 112.814666666665858, -7.25666666666641 ], [ 112.814666666665858, -7.256888888888632 ], [ 112.815111111110298, -7.256888888888632 ], [ 112.815111111110298, -7.25666666666641 ], [ 112.814666666665858, -7.25666666666641 ] ], [ [ 112.815555555554738, -7.25666666666641 ], [ 112.815555555554738, -7.256888888888632 ], [ 112.815777777776958, -7.256888888888632 ], [ 112.815777777776958, -7.25666666666641 ], [ 112.815555555554738, -7.25666666666641 ] ], [ [ 112.817111111110293, -7.25666666666641 ], [ 112.817111111110293, -7.256888888888632 ], [ 112.817333333332513, -7.256888888888632 ], [ 112.817333333332513, -7.25666666666641 ], [ 112.817111111110293, -7.25666666666641 ] ], [ [ 112.817333333332513, -7.257111111110854 ], [ 112.817333333332513, -7.257333333333076 ], [ 112.817555555554733, -7.257333333333076 ], [ 112.817555555554733, -7.257111111110854 ], [ 112.817333333332513, -7.257111111110854 ] ], [ [ 112.819555555554743, -7.257111111110854 ], [ 112.819555555554743, -7.257333333333076 ], [ 112.820222222221403, -7.257333333333076 ], [ 112.820222222221403, -7.257111111110854 ], [ 112.819555555554743, -7.257111111110854 ] ], [ [ 112.817555555554733, -7.257333333333076 ], [ 112.817555555554733, -7.257555555555298 ], [ 112.817999999999188, -7.257555555555298 ], [ 112.817999999999188, -7.257333333333076 ], [ 112.817555555554733, -7.257333333333076 ] ], [ [ 112.819333333332509, -7.257555555555298 ], [ 112.819333333332509, -7.258222222221964 ], [ 112.819111111110288, -7.258222222221964 ], [ 112.819111111110288, -7.258666666666408 ], [ 112.819333333332509, -7.258666666666408 ], [ 112.819333333332509, -7.258444444444186 ], [ 112.819777777776963, -7.258444444444186 ], [ 112.819777777776963, -7.25777777777752 ], [ 112.819555555554743, -7.25777777777752 ], [ 112.819555555554743, -7.257555555555298 ], [ 112.819333333332509, -7.257555555555298 ] ], [ [ 112.820222222221403, -7.257555555555298 ], [ 112.820222222221403, -7.25777777777752 ], [ 112.820444444443623, -7.25777777777752 ], [ 112.820444444443623, -7.258222222221964 ], [ 112.820666666665844, -7.258222222221964 ], [ 112.820666666665844, -7.257555555555298 ], [ 112.820222222221403, -7.257555555555298 ] ], [ [ 112.822222222221399, -7.258222222221964 ], [ 112.822222222221399, -7.258444444444186 ], [ 112.822444444443619, -7.258444444444186 ], [ 112.822444444443619, -7.258222222221964 ], [ 112.822222222221399, -7.258222222221964 ] ], [ [ 112.805555555554747, -7.258444444444186 ], [ 112.805555555554747, -7.258666666666408 ], [ 112.805777777776967, -7.258666666666408 ], [ 112.805777777776967, -7.258444444444186 ], [ 112.805555555554747, -7.258444444444186 ] ], [ [ 112.819777777776963, -7.258666666666408 ], [ 112.819777777776963, -7.25888888888863 ], [ 112.820444444443623, -7.25888888888863 ], [ 112.820444444443623, -7.258666666666408 ], [ 112.819777777776963, -7.258666666666408 ] ], [ [ 112.823777777776954, -7.258666666666408 ], [ 112.823777777776954, -7.25888888888863 ], [ 112.823999999999174, -7.25888888888863 ], [ 112.823999999999174, -7.258666666666408 ], [ 112.823777777776954, -7.258666666666408 ] ], [ [ 112.822444444443619, -7.25888888888863 ], [ 112.822444444443619, -7.259333333333074 ], [ 112.822666666665839, -7.259333333333074 ], [ 112.822666666665839, -7.259111111110852 ], [ 112.823111111110293, -7.259111111110852 ], [ 112.823111111110293, -7.25888888888863 ], [ 112.822444444443619, -7.25888888888863 ] ], [ [ 112.818888888888068, -7.259111111110852 ], [ 112.818888888888068, -7.259333333333074 ], [ 112.818666666665848, -7.259333333333074 ], [ 112.818666666665848, -7.259555555555296 ], [ 112.819111111110288, -7.259555555555296 ], [ 112.819111111110288, -7.259111111110852 ], [ 112.818888888888068, -7.259111111110852 ] ], [ [ 112.819555555554743, -7.259111111110852 ], [ 112.819555555554743, -7.259333333333074 ], [ 112.819777777776963, -7.259333333333074 ], [ 112.819777777776963, -7.259111111110852 ], [ 112.819555555554743, -7.259111111110852 ] ], [ [ 112.817777777776953, -7.259333333333074 ], [ 112.817777777776953, -7.259555555555296 ], [ 112.817999999999188, -7.259555555555296 ], [ 112.817999999999188, -7.259333333333074 ], [ 112.817777777776953, -7.259333333333074 ] ], [ [ 112.823111111110293, -7.259333333333074 ], [ 112.823111111110293, -7.259555555555296 ], [ 112.823333333332513, -7.259555555555296 ], [ 112.823333333332513, -7.259333333333074 ], [ 112.823111111110293, -7.259333333333074 ] ], [ [ 112.823555555554734, -7.259333333333074 ], [ 112.823555555554734, -7.259555555555296 ], [ 112.823777777776954, -7.259555555555296 ], [ 112.823777777776954, -7.259333333333074 ], [ 112.823555555554734, -7.259333333333074 ] ], [ [ 112.822888888888059, -7.259555555555296 ], [ 112.822888888888059, -7.259777777777518 ], [ 112.823111111110293, -7.259777777777518 ], [ 112.823111111110293, -7.259555555555296 ], [ 112.822888888888059, -7.259555555555296 ] ], [ [ 112.823999999999174, -7.259555555555296 ], [ 112.823999999999174, -7.25999999999974 ], [ 112.824444444443614, -7.25999999999974 ], [ 112.824444444443614, -7.259777777777518 ], [ 112.824666666665848, -7.259777777777518 ], [ 112.824666666665848, -7.259555555555296 ], [ 112.823999999999174, -7.259555555555296 ] ], [ [ 112.823111111110293, -7.259777777777518 ], [ 112.823111111110293, -7.25999999999974 ], [ 112.822888888888059, -7.25999999999974 ], [ 112.822888888888059, -7.260222222221962 ], [ 112.823555555554734, -7.260222222221962 ], [ 112.823555555554734, -7.259777777777518 ], [ 112.823111111110293, -7.259777777777518 ] ], [ [ 112.807777777776977, -7.25999999999974 ], [ 112.807777777776977, -7.260222222221962 ], [ 112.808222222221417, -7.260222222221962 ], [ 112.808222222221417, -7.25999999999974 ], [ 112.807777777776977, -7.25999999999974 ] ], [ [ 112.809111111110298, -7.25999999999974 ], [ 112.809111111110298, -7.260222222221962 ], [ 112.809333333332518, -7.260222222221962 ], [ 112.809333333332518, -7.25999999999974 ], [ 112.809111111110298, -7.25999999999974 ] ], [ [ 112.823555555554734, -7.260222222221962 ], [ 112.823555555554734, -7.260666666666406 ], [ 112.824222222221394, -7.260666666666406 ], [ 112.824222222221394, -7.260444444444184 ], [ 112.823999999999174, -7.260444444444184 ], [ 112.823999999999174, -7.260222222221962 ], [ 112.823555555554734, -7.260222222221962 ] ], [ [ 112.831777777776949, -7.260222222221962 ], [ 112.831777777776949, -7.260888888888628 ], [ 112.831999999999169, -7.260888888888628 ], [ 112.831999999999169, -7.260222222221962 ], [ 112.831777777776949, -7.260222222221962 ] ], [ [ 112.826666666665844, -7.260444444444184 ], [ 112.826666666665844, -7.260666666666406 ], [ 112.826888888888064, -7.260666666666406 ], [ 112.826888888888064, -7.260444444444184 ], [ 112.826666666665844, -7.260444444444184 ] ], [ [ 112.823333333332513, -7.260666666666406 ], [ 112.823333333332513, -7.26111111111085 ], [ 112.823555555554734, -7.26111111111085 ], [ 112.823555555554734, -7.260666666666406 ], [ 112.823333333332513, -7.260666666666406 ] ], [ [ 112.824444444443614, -7.260888888888628 ], [ 112.824444444443614, -7.26111111111085 ], [ 112.824666666665848, -7.26111111111085 ], [ 112.824666666665848, -7.260888888888628 ], [ 112.824444444443614, -7.260888888888628 ] ], [ [ 112.826666666665844, -7.260888888888628 ], [ 112.826666666665844, -7.26111111111085 ], [ 112.826888888888064, -7.26111111111085 ], [ 112.826888888888064, -7.260888888888628 ], [ 112.826666666665844, -7.260888888888628 ] ], [ [ 112.827333333332504, -7.260888888888628 ], [ 112.827333333332504, -7.26111111111085 ], [ 112.827555555554724, -7.26111111111085 ], [ 112.827555555554724, -7.260888888888628 ], [ 112.827333333332504, -7.260888888888628 ] ], [ [ 112.825999999999169, -7.26111111111085 ], [ 112.825999999999169, -7.261333333333072 ], [ 112.825777777776949, -7.261333333333072 ], [ 112.825777777776949, -7.261555555555294 ], [ 112.825333333332509, -7.261555555555294 ], [ 112.825333333332509, -7.261777777777516 ], [ 112.824666666665848, -7.261777777777516 ], [ 112.824666666665848, -7.261999999999738 ], [ 112.824444444443614, -7.261999999999738 ], [ 112.824444444443614, -7.262444444444182 ], [ 112.824222222221394, -7.262444444444182 ], [ 112.824222222221394, -7.263111111110848 ], [ 112.824444444443614, -7.263111111110848 ], [ 112.824444444443614, -7.262888888888626 ], [ 112.824666666665848, -7.262888888888626 ], [ 112.824666666665848, -7.263111111110848 ], [ 112.824888888888069, -7.263111111110848 ], [ 112.824888888888069, -7.26333333333307 ], [ 112.825111111110289, -7.26333333333307 ], [ 112.825111111110289, -7.263111111110848 ], [ 112.825333333332509, -7.263111111110848 ], [ 112.825333333332509, -7.262666666666404 ], [ 112.825777777776949, -7.262666666666404 ], [ 112.825777777776949, -7.263111111110848 ], [ 112.826222222221389, -7.263111111110848 ], [ 112.826222222221389, -7.262888888888626 ], [ 112.825999999999169, -7.262888888888626 ], [ 112.825999999999169, -7.262444444444182 ], [ 112.826444444443624, -7.262444444444182 ], [ 112.826444444443624, -7.262888888888626 ], [ 112.826666666665844, -7.262888888888626 ], [ 112.826666666665844, -7.263555555555292 ], [ 112.826888888888064, -7.263555555555292 ], [ 112.826888888888064, -7.263777777777514 ], [ 112.827333333332504, -7.263777777777514 ], [ 112.827333333332504, -7.263555555555292 ], [ 112.827555555554724, -7.263555555555292 ], [ 112.827555555554724, -7.26333333333307 ], [ 112.827333333332504, -7.26333333333307 ], [ 112.827333333332504, -7.262666666666404 ], [ 112.827111111110284, -7.262666666666404 ], [ 112.827111111110284, -7.262444444444182 ], [ 112.826888888888064, -7.262444444444182 ], [ 112.826888888888064, -7.261999999999738 ], [ 112.826666666665844, -7.261999999999738 ], [ 112.826666666665844, -7.261333333333072 ], [ 112.826444444443624, -7.261333333333072 ], [ 112.826444444443624, -7.26111111111085 ], [ 112.825999999999169, -7.26111111111085 ] ], [ [ 112.827555555554724, -7.26111111111085 ], [ 112.827555555554724, -7.261555555555294 ], [ 112.827777777776944, -7.261555555555294 ], [ 112.827777777776944, -7.261333333333072 ], [ 112.828222222221399, -7.261333333333072 ], [ 112.828222222221399, -7.26111111111085 ], [ 112.827555555554724, -7.26111111111085 ] ], [ [ 112.828666666665839, -7.26111111111085 ], [ 112.828666666665839, -7.261555555555294 ], [ 112.828222222221399, -7.261555555555294 ], [ 112.828222222221399, -7.261999999999738 ], [ 112.828666666665839, -7.261999999999738 ], [ 112.828666666665839, -7.262444444444182 ], [ 112.828888888888059, -7.262444444444182 ], [ 112.828888888888059, -7.26111111111085 ], [ 112.828666666665839, -7.26111111111085 ] ], [ [ 112.829777777776954, -7.26111111111085 ], [ 112.829777777776954, -7.261333333333072 ], [ 112.830222222221394, -7.261333333333072 ], [ 112.830222222221394, -7.26111111111085 ], [ 112.829777777776954, -7.26111111111085 ] ], [ [ 112.827111111110284, -7.261555555555294 ], [ 112.827111111110284, -7.261777777777516 ], [ 112.827555555554724, -7.261777777777516 ], [ 112.827555555554724, -7.261555555555294 ], [ 112.827111111110284, -7.261555555555294 ] ], [ [ 112.811333333332527, -7.261777777777516 ], [ 112.811333333332527, -7.26222222222196 ], [ 112.811555555554747, -7.26222222222196 ], [ 112.811555555554747, -7.262444444444182 ], [ 112.811777777776967, -7.262444444444182 ], [ 112.811777777776967, -7.261999999999738 ], [ 112.811555555554747, -7.261999999999738 ], [ 112.811555555554747, -7.261777777777516 ], [ 112.811333333332527, -7.261777777777516 ] ], [ [ 112.830222222221394, -7.261777777777516 ], [ 112.830222222221394, -7.261999999999738 ], [ 112.830444444443614, -7.261999999999738 ], [ 112.830444444443614, -7.261777777777516 ], [ 112.830222222221394, -7.261777777777516 ] ], [ [ 112.831333333332509, -7.261777777777516 ], [ 112.831333333332509, -7.26222222222196 ], [ 112.831555555554729, -7.26222222222196 ], [ 112.831555555554729, -7.261999999999738 ], [ 112.831777777776949, -7.261999999999738 ], [ 112.831777777776949, -7.261777777777516 ], [ 112.831333333332509, -7.261777777777516 ] ], [ [ 112.827999999999179, -7.261999999999738 ], [ 112.827999999999179, -7.262444444444182 ], [ 112.828222222221399, -7.262444444444182 ], [ 112.828222222221399, -7.261999999999738 ], [ 112.827999999999179, -7.261999999999738 ] ], [ [ 112.829999999999174, -7.261999999999738 ], [ 112.829999999999174, -7.26222222222196 ], [ 112.830222222221394, -7.26222222222196 ], [ 112.830222222221394, -7.261999999999738 ], [ 112.829999999999174, -7.261999999999738 ] ], [ [ 112.830444444443614, -7.26222222222196 ], [ 112.830444444443614, -7.262444444444182 ], [ 112.829999999999174, -7.262444444444182 ], [ 112.829999999999174, -7.262666666666404 ], [ 112.829111111110279, -7.262666666666404 ], [ 112.829111111110279, -7.262888888888626 ], [ 112.829333333332499, -7.262888888888626 ], [ 112.829333333332499, -7.26333333333307 ], [ 112.829777777776954, -7.26333333333307 ], [ 112.829777777776954, -7.262888888888626 ], [ 112.830666666665834, -7.262888888888626 ], [ 112.830666666665834, -7.26222222222196 ], [ 112.830444444443614, -7.26222222222196 ] ], [ [ 112.831111111110275, -7.26222222222196 ], [ 112.831111111110275, -7.262444444444182 ], [ 112.831333333332509, -7.262444444444182 ], [ 112.831333333332509, -7.26222222222196 ], [ 112.831111111110275, -7.26222222222196 ] ], [ [ 112.827999999999179, -7.262666666666404 ], [ 112.827999999999179, -7.262888888888626 ], [ 112.828222222221399, -7.262888888888626 ], [ 112.828222222221399, -7.262666666666404 ], [ 112.827999999999179, -7.262666666666404 ] ], [ [ 112.828666666665839, -7.262666666666404 ], [ 112.828666666665839, -7.263111111110848 ], [ 112.828888888888059, -7.263111111110848 ], [ 112.828888888888059, -7.262666666666404 ], [ 112.828666666665839, -7.262666666666404 ] ], [ [ 112.811999999999188, -7.263111111110848 ], [ 112.811999999999188, -7.26333333333307 ], [ 112.812222222221408, -7.26333333333307 ], [ 112.812222222221408, -7.263111111110848 ], [ 112.811999999999188, -7.263111111110848 ] ], [ [ 112.811777777776967, -7.26333333333307 ], [ 112.811777777776967, -7.263555555555292 ], [ 112.811999999999188, -7.263555555555292 ], [ 112.811999999999188, -7.26333333333307 ], [ 112.811777777776967, -7.26333333333307 ] ], [ [ 112.828444444443619, -7.26333333333307 ], [ 112.828444444443619, -7.263555555555292 ], [ 112.827777777776944, -7.263555555555292 ], [ 112.827777777776944, -7.264666666666402 ], [ 112.827999999999179, -7.264666666666402 ], [ 112.827999999999179, -7.26444444444418 ], [ 112.828444444443619, -7.26444444444418 ], [ 112.828444444443619, -7.263999999999736 ], [ 112.828666666665839, -7.263999999999736 ], [ 112.828666666665839, -7.264222222221958 ], [ 112.829111111110279, -7.264222222221958 ], [ 112.829111111110279, -7.263999999999736 ], [ 112.829333333332499, -7.263999999999736 ], [ 112.829333333332499, -7.263777777777514 ], [ 112.829111111110279, -7.263777777777514 ], [ 112.829111111110279, -7.26333333333307 ], [ 112.828444444443619, -7.26333333333307 ] ], [ [ 112.829777777776954, -7.26333333333307 ], [ 112.829777777776954, -7.263777777777514 ], [ 112.829999999999174, -7.263777777777514 ], [ 112.829999999999174, -7.26444444444418 ], [ 112.828666666665839, -7.26444444444418 ], [ 112.828666666665839, -7.264666666666402 ], [ 112.828444444443619, -7.264666666666402 ], [ 112.828444444443619, -7.264888888888624 ], [ 112.827777777776944, -7.264888888888624 ], [ 112.827777777776944, -7.26555555555529 ], [ 112.828222222221399, -7.26555555555529 ], [ 112.828222222221399, -7.265111111110846 ], [ 112.82955555555472, -7.265111111110846 ], [ 112.82955555555472, -7.265777777777512 ], [ 112.829333333332499, -7.265777777777512 ], [ 112.829333333332499, -7.265999999999734 ], [ 112.828666666665839, -7.265999999999734 ], [ 112.828666666665839, -7.266222222221956 ], [ 112.828222222221399, -7.266222222221956 ], [ 112.828222222221399, -7.267111111110844 ], [ 112.828444444443619, -7.267111111110844 ], [ 112.828444444443619, -7.267333333333066 ], [ 112.828222222221399, -7.267333333333066 ], [ 112.828222222221399, -7.267555555555288 ], [ 112.828444444443619, -7.267555555555288 ], [ 112.828444444443619, -7.268444444444176 ], [ 112.828666666665839, -7.268444444444176 ], [ 112.828666666665839, -7.268222222221954 ], [ 112.829111111110279, -7.268222222221954 ], [ 112.829111111110279, -7.267999999999732 ], [ 112.829333333332499, -7.267999999999732 ], [ 112.829333333332499, -7.268222222221954 ], [ 112.82955555555472, -7.268222222221954 ], [ 112.82955555555472, -7.268444444444176 ], [ 112.829999999999174, -7.268444444444176 ], [ 112.829999999999174, -7.268222222221954 ], [ 112.830444444443614, -7.268222222221954 ], [ 112.830444444443614, -7.267999999999732 ], [ 112.829777777776954, -7.267999999999732 ], [ 112.829777777776954, -7.267555555555288 ], [ 112.829999999999174, -7.267555555555288 ], [ 112.829999999999174, -7.26777777777751 ], [ 112.830222222221394, -7.26777777777751 ], [ 112.830222222221394, -7.267555555555288 ], [ 112.830666666665834, -7.267555555555288 ], [ 112.830666666665834, -7.266888888888622 ], [ 112.831777777776949, -7.266888888888622 ], [ 112.831777777776949, -7.266444444444178 ], [ 112.831555555554729, -7.266444444444178 ], [ 112.831555555554729, -7.266222222221956 ], [ 112.831111111110275, -7.266222222221956 ], [ 112.831111111110275, -7.266444444444178 ], [ 112.830888888888055, -7.266444444444178 ], [ 112.830888888888055, -7.266222222221956 ], [ 112.830666666665834, -7.266222222221956 ], [ 112.830666666665834, -7.264888888888624 ], [ 112.830444444443614, -7.264888888888624 ], [ 112.830444444443614, -7.264222222221958 ], [ 112.830222222221394, -7.264222222221958 ], [ 112.830222222221394, -7.26333333333307 ], [ 112.829777777776954, -7.26333333333307 ] ], [ [ 112.825111111110289, -7.263555555555292 ], [ 112.825111111110289, -7.263777777777514 ], [ 112.825333333332509, -7.263777777777514 ], [ 112.825333333332509, -7.263555555555292 ], [ 112.825111111110289, -7.263555555555292 ] ], [ [ 112.825777777776949, -7.263555555555292 ], [ 112.825777777776949, -7.263777777777514 ], [ 112.825555555554729, -7.263777777777514 ], [ 112.825555555554729, -7.264222222221958 ], [ 112.825777777776949, -7.264222222221958 ], [ 112.825777777776949, -7.26444444444418 ], [ 112.825999999999169, -7.26444444444418 ], [ 112.825999999999169, -7.264222222221958 ], [ 112.826666666665844, -7.264222222221958 ], [ 112.826666666665844, -7.263999999999736 ], [ 112.826444444443624, -7.263999999999736 ], [ 112.826444444443624, -7.263777777777514 ], [ 112.825999999999169, -7.263777777777514 ], [ 112.825999999999169, -7.263555555555292 ], [ 112.825777777776949, -7.263555555555292 ] ], [ [ 112.83288888888805, -7.263555555555292 ], [ 112.83288888888805, -7.263777777777514 ], [ 112.833111111110284, -7.263777777777514 ], [ 112.833111111110284, -7.263555555555292 ], [ 112.83288888888805, -7.263555555555292 ] ], [ [ 112.833999999999165, -7.263555555555292 ], [ 112.833999999999165, -7.263777777777514 ], [ 112.833555555554724, -7.263777777777514 ], [ 112.833555555554724, -7.26444444444418 ], [ 112.833777777776945, -7.26444444444418 ], [ 112.833777777776945, -7.264666666666402 ], [ 112.833999999999165, -7.264666666666402 ], [ 112.833999999999165, -7.265111111110846 ], [ 112.834222222221385, -7.265111111110846 ], [ 112.834222222221385, -7.26444444444418 ], [ 112.833999999999165, -7.26444444444418 ], [ 112.833999999999165, -7.264222222221958 ], [ 112.833777777776945, -7.264222222221958 ], [ 112.833777777776945, -7.263999999999736 ], [ 112.834222222221385, -7.263999999999736 ], [ 112.834222222221385, -7.263777777777514 ], [ 112.834444444443605, -7.263777777777514 ], [ 112.834444444443605, -7.263555555555292 ], [ 112.833999999999165, -7.263555555555292 ] ], [ [ 112.811999999999188, -7.263777777777514 ], [ 112.811999999999188, -7.263999999999736 ], [ 112.812222222221408, -7.263999999999736 ], [ 112.812222222221408, -7.263777777777514 ], [ 112.811999999999188, -7.263777777777514 ] ], [ [ 112.812222222221408, -7.263999999999736 ], [ 112.812222222221408, -7.264222222221958 ], [ 112.811777777776967, -7.264222222221958 ], [ 112.811777777776967, -7.264666666666402 ], [ 112.811999999999188, -7.264666666666402 ], [ 112.811999999999188, -7.26444444444418 ], [ 112.812444444443628, -7.26444444444418 ], [ 112.812444444443628, -7.263999999999736 ], [ 112.812222222221408, -7.263999999999736 ] ], [ [ 112.811999999999188, -7.264666666666402 ], [ 112.811999999999188, -7.265111111110846 ], [ 112.812222222221408, -7.265111111110846 ], [ 112.812222222221408, -7.264666666666402 ], [ 112.811999999999188, -7.264666666666402 ] ], [ [ 112.83288888888805, -7.265333333333068 ], [ 112.83288888888805, -7.265999999999734 ], [ 112.833111111110284, -7.265999999999734 ], [ 112.833111111110284, -7.265777777777512 ], [ 112.833333333332504, -7.265777777777512 ], [ 112.833333333332504, -7.26555555555529 ], [ 112.833111111110284, -7.26555555555529 ], [ 112.833111111110284, -7.265333333333068 ], [ 112.83288888888805, -7.265333333333068 ] ], [ [ 112.831333333332509, -7.26555555555529 ], [ 112.831333333332509, -7.265777777777512 ], [ 112.831777777776949, -7.265777777777512 ], [ 112.831777777776949, -7.26555555555529 ], [ 112.831333333332509, -7.26555555555529 ] ], [ [ 112.83244444444361, -7.266222222221956 ], [ 112.83244444444361, -7.2666666666664 ], [ 112.83266666666583, -7.2666666666664 ], [ 112.83266666666583, -7.266222222221956 ], [ 112.83244444444361, -7.266222222221956 ] ], [ [ 112.83288888888805, -7.266222222221956 ], [ 112.83288888888805, -7.2666666666664 ], [ 112.833555555554724, -7.2666666666664 ], [ 112.833555555554724, -7.266222222221956 ], [ 112.83288888888805, -7.266222222221956 ] ], [ [ 112.833555555554724, -7.268222222221954 ], [ 112.833555555554724, -7.268666666666398 ], [ 112.833777777776945, -7.268666666666398 ], [ 112.833777777776945, -7.268222222221954 ], [ 112.833555555554724, -7.268222222221954 ] ], [ [ 112.836666666665835, -7.268222222221954 ], [ 112.836666666665835, -7.268444444444176 ], [ 112.836888888888055, -7.268444444444176 ], [ 112.836888888888055, -7.268222222221954 ], [ 112.836666666665835, -7.268222222221954 ] ], [ [ 112.829777777776954, -7.268666666666398 ], [ 112.829777777776954, -7.26888888888862 ], [ 112.829999999999174, -7.26888888888862 ], [ 112.829999999999174, -7.268666666666398 ], [ 112.829777777776954, -7.268666666666398 ] ], [ [ 112.833999999999165, -7.269555555555286 ], [ 112.833999999999165, -7.26999999999973 ], [ 112.834222222221385, -7.26999999999973 ], [ 112.834222222221385, -7.269555555555286 ], [ 112.833999999999165, -7.269555555555286 ] ], [ [ 112.833333333332504, -7.26999999999973 ], [ 112.833333333332504, -7.270666666666396 ], [ 112.833555555554724, -7.270666666666396 ], [ 112.833555555554724, -7.27111111111084 ], [ 112.833999999999165, -7.27111111111084 ], [ 112.833999999999165, -7.270666666666396 ], [ 112.834222222221385, -7.270666666666396 ], [ 112.834222222221385, -7.270444444444174 ], [ 112.833999999999165, -7.270444444444174 ], [ 112.833999999999165, -7.270222222221952 ], [ 112.833555555554724, -7.270222222221952 ], [ 112.833555555554724, -7.26999999999973 ], [ 112.833333333332504, -7.26999999999973 ] ], [ [ 112.83222222222139, -7.270222222221952 ], [ 112.83222222222139, -7.270444444444174 ], [ 112.83244444444361, -7.270444444444174 ], [ 112.83244444444361, -7.270666666666396 ], [ 112.83266666666583, -7.270666666666396 ], [ 112.83266666666583, -7.270222222221952 ], [ 112.83222222222139, -7.270222222221952 ] ], [ [ 112.83822222222139, -7.270222222221952 ], [ 112.83822222222139, -7.270444444444174 ], [ 112.837999999999155, -7.270444444444174 ], [ 112.837999999999155, -7.270666666666396 ], [ 112.837555555554715, -7.270666666666396 ], [ 112.837555555554715, -7.27111111111084 ], [ 112.83822222222139, -7.27111111111084 ], [ 112.83822222222139, -7.270666666666396 ], [ 112.83844444444361, -7.270666666666396 ], [ 112.83844444444361, -7.270222222221952 ], [ 112.83822222222139, -7.270222222221952 ] ], [ [ 112.8353333333325, -7.270666666666396 ], [ 112.8353333333325, -7.27111111111084 ], [ 112.83555555555472, -7.27111111111084 ], [ 112.83555555555472, -7.270666666666396 ], [ 112.8353333333325, -7.270666666666396 ] ], [ [ 112.834444444443605, -7.27111111111084 ], [ 112.834444444443605, -7.271333333333062 ], [ 112.834666666665825, -7.271333333333062 ], [ 112.834666666665825, -7.27111111111084 ], [ 112.834444444443605, -7.27111111111084 ] ], [ [ 112.83511111111028, -7.27111111111084 ], [ 112.83511111111028, -7.271333333333062 ], [ 112.8353333333325, -7.271333333333062 ], [ 112.8353333333325, -7.27111111111084 ], [ 112.83511111111028, -7.27111111111084 ] ], [ [ 112.83555555555472, -7.27111111111084 ], [ 112.83555555555472, -7.271333333333062 ], [ 112.83577777777694, -7.271333333333062 ], [ 112.83577777777694, -7.27111111111084 ], [ 112.83555555555472, -7.27111111111084 ] ], [ [ 112.837111111110275, -7.27111111111084 ], [ 112.837111111110275, -7.271333333333062 ], [ 112.837555555554715, -7.271333333333062 ], [ 112.837555555554715, -7.27111111111084 ], [ 112.837111111110275, -7.27111111111084 ] ], [ [ 112.83822222222139, -7.27111111111084 ], [ 112.83822222222139, -7.271555555555284 ], [ 112.83888888888805, -7.271555555555284 ], [ 112.83888888888805, -7.271333333333062 ], [ 112.83844444444361, -7.271333333333062 ], [ 112.83844444444361, -7.27111111111084 ], [ 112.83822222222139, -7.27111111111084 ] ], [ [ 112.83577777777694, -7.271333333333062 ], [ 112.83577777777694, -7.271555555555284 ], [ 112.83599999999916, -7.271555555555284 ], [ 112.83599999999916, -7.271333333333062 ], [ 112.83577777777694, -7.271333333333062 ] ], [ [ 112.83622222222138, -7.271333333333062 ], [ 112.83622222222138, -7.271555555555284 ], [ 112.836444444443615, -7.271555555555284 ], [ 112.836444444443615, -7.271333333333062 ], [ 112.83622222222138, -7.271333333333062 ] ], [ [ 112.837999999999155, -7.271555555555284 ], [ 112.837999999999155, -7.271777777777506 ], [ 112.83822222222139, -7.271777777777506 ], [ 112.83822222222139, -7.271555555555284 ], [ 112.837999999999155, -7.271555555555284 ] ], [ [ 112.83933333333249, -7.273999999999726 ], [ 112.83933333333249, -7.274222222221948 ], [ 112.839555555554711, -7.274222222221948 ], [ 112.839555555554711, -7.273999999999726 ], [ 112.83933333333249, -7.273999999999726 ] ], [ [ 112.836666666665835, -7.274666666666392 ], [ 112.836666666665835, -7.275111111110836 ], [ 112.837111111110275, -7.275111111110836 ], [ 112.837111111110275, -7.274666666666392 ], [ 112.836666666665835, -7.274666666666392 ] ], [ [ 112.8353333333325, -7.27555555555528 ], [ 112.8353333333325, -7.275999999999724 ], [ 112.83555555555472, -7.275999999999724 ], [ 112.83555555555472, -7.275777777777502 ], [ 112.83622222222138, -7.275777777777502 ], [ 112.83622222222138, -7.27555555555528 ], [ 112.8353333333325, -7.27555555555528 ] ], [ [ 112.836888888888055, -7.27555555555528 ], [ 112.836888888888055, -7.275777777777502 ], [ 112.837111111110275, -7.275777777777502 ], [ 112.837111111110275, -7.27555555555528 ], [ 112.836888888888055, -7.27555555555528 ] ], [ [ 112.839999999999165, -7.276222222221946 ], [ 112.839999999999165, -7.276444444444168 ], [ 112.840222222221385, -7.276444444444168 ], [ 112.840222222221385, -7.276222222221946 ], [ 112.839999999999165, -7.276222222221946 ] ] ] } },
{ "type": "Feature", "properties": { "PXLVAL": 1 }, "geometry": { "type": "Polygon", "coordinates": [ [ [ 112.829999999999174, -7.276888888888612 ], [ 112.830888888888055, -7.276888888888612 ], [ 112.830888888888055, -7.277111111110834 ], [ 112.829999999999174, -7.277111111110834 ], [ 112.829999999999174, -7.276888888888612 ] ] ] } },
{ "type": "Feature", "properties": { "PXLVAL": 1 }, "geometry": { "type": "Polygon", "coordinates": [ [ [ 112.839999999999165, -7.277111111110834 ], [ 112.840222222221385, -7.277111111110834 ], [ 112.840222222221385, -7.277333333333056 ], [ 112.840444444443605, -7.277333333333056 ], [ 112.840444444443605, -7.277555555555278 ], [ 112.839999999999165, -7.277555555555278 ], [ 112.839999999999165, -7.277111111110834 ] ] ] } },
{ "type": "Feature", "properties": { "PXLVAL": 1 }, "geometry": { "type": "Polygon", "coordinates": [ [ [ 112.822222222221399, -7.277555555555278 ], [ 112.822666666665839, -7.277555555555278 ], [ 112.822666666665839, -7.277999999999722 ], [ 112.822444444443619, -7.277999999999722 ], [ 112.822444444443619, -7.2777777777775 ], [ 112.822222222221399, -7.2777777777775 ], [ 112.822222222221399, -7.277555555555278 ] ] ] } },
{ "type": "Feature", "properties": { "PXLVAL": 1 }, "geometry": { "type": "Polygon", "coordinates": [ [ [ 112.830222222221394, -7.2777777777775 ], [ 112.830888888888055, -7.2777777777775 ], [ 112.830888888888055, -7.277999999999722 ], [ 112.830222222221394, -7.277999999999722 ], [ 112.830222222221394, -7.2777777777775 ] ] ] } },
{ "type": "Feature", "properties": { "PXLVAL": 1 }, "geometry": { "type": "Polygon", "coordinates": [ [ [ 112.840444444443605, -7.2777777777775 ], [ 112.841111111110266, -7.2777777777775 ], [ 112.841111111110266, -7.277999999999722 ], [ 112.840888888888045, -7.277999999999722 ], [ 112.840888888888045, -7.278222222221944 ], [ 112.840444444443605, -7.278222222221944 ], [ 112.840444444443605, -7.2777777777775 ] ] ] } },
{ "type": "Feature", "properties": { "PXLVAL": 1 }, "geometry": { "type": "Polygon", "coordinates": [ [ [ 112.839777777776945, -7.277999999999722 ], [ 112.840222222221385, -7.277999999999722 ], [ 112.840222222221385, -7.278222222221944 ], [ 112.839777777776945, -7.278222222221944 ], [ 112.839777777776945, -7.277999999999722 ] ] ] } },
{ "type": "Feature", "properties": { "PXLVAL": 1 }, "geometry": { "type": "Polygon", "coordinates": [ [ [ 112.836666666665835, -7.278222222221944 ], [ 112.837111111110275, -7.278222222221944 ], [ 112.837111111110275, -7.278444444444166 ], [ 112.836666666665835, -7.278444444444166 ], [ 112.836666666665835, -7.278222222221944 ] ] ] } },
{ "type": "Feature", "properties": { "PXLVAL": 1 }, "geometry": { "type": "Polygon", "coordinates": [ [ [ 112.826444444443624, -7.277555555555278 ], [ 112.826666666665844, -7.277555555555278 ], [ 112.826666666665844, -7.2777777777775 ], [ 112.827555555554724, -7.2777777777775 ], [ 112.827555555554724, -7.277999999999722 ], [ 112.827777777776944, -7.277999999999722 ], [ 112.827777777776944, -7.278222222221944 ], [ 112.827555555554724, -7.278222222221944 ], [ 112.827555555554724, -7.278666666666388 ], [ 112.827333333332504, -7.278666666666388 ], [ 112.827333333332504, -7.279111111110832 ], [ 112.826222222221389, -7.279111111110832 ], [ 112.826222222221389, -7.278666666666388 ], [ 112.825999999999169, -7.278666666666388 ], [ 112.825999999999169, -7.278222222221944 ], [ 112.826444444443624, -7.278222222221944 ], [ 112.826444444443624, -7.278444444444166 ], [ 112.827333333332504, -7.278444444444166 ], [ 112.827333333332504, -7.277999999999722 ], [ 112.826444444443624, -7.277999999999722 ], [ 112.826444444443624, -7.277555555555278 ] ] ] } },
{ "type": "Feature", "properties": { "PXLVAL": 1 }, "geometry": { "type": "Polygon", "coordinates": [ [ [ 112.83244444444361, -7.278222222221944 ], [ 112.83266666666583, -7.278222222221944 ], [ 112.83266666666583, -7.278666666666388 ], [ 112.833111111110284, -7.278666666666388 ], [ 112.833111111110284, -7.280222222221942 ], [ 112.83266666666583, -7.280222222221942 ], [ 112.83266666666583, -7.279333333333054 ], [ 112.83244444444361, -7.279333333333054 ], [ 112.83244444444361, -7.278222222221944 ] ] ] } },
{ "type": "Feature", "properties": { "PXLVAL": 1 }, "geometry": { "type": "Polygon", "coordinates": [ [ [ 112.83622222222138, -7.278444444444166 ], [ 112.836666666665835, -7.278444444444166 ], [ 112.836666666665835, -7.278666666666388 ], [ 112.836444444443615, -7.278666666666388 ], [ 112.836444444443615, -7.27888888888861 ], [ 112.83622222222138, -7.27888888888861 ], [ 112.83622222222138, -7.278444444444166 ] ] ] } },
{ "type": "Feature", "properties": { "PXLVAL": 1 }, "geometry": { "type": "Polygon", "coordinates": [ [ [ 112.837555555554715, -7.278444444444166 ], [ 112.837999999999155, -7.278444444444166 ], [ 112.837999999999155, -7.278666666666388 ], [ 112.837555555554715, -7.278666666666388 ], [ 112.837555555554715, -7.278444444444166 ] ] ] } },
{ "type": "Feature", "properties": { "PXLVAL": 1 }, "geometry": { "type": "Polygon", "coordinates": [ [ [ 112.840666666665825, -7.278666666666388 ], [ 112.84155555555472, -7.278666666666388 ], [ 112.84155555555472, -7.27888888888861 ], [ 112.840666666665825, -7.27888888888861 ], [ 112.840666666665825, -7.278666666666388 ] ] ] } },
{ "type": "Feature", "properties": { "PXLVAL": 1 }, "geometry": { "type": "Polygon", "coordinates": [ [ [ 112.821555555554738, -7.279111111110832 ], [ 112.821999999999178, -7.279111111110832 ], [ 112.821999999999178, -7.279333333333054 ], [ 112.821777777776958, -7.279333333333054 ], [ 112.821777777776958, -7.279555555555276 ], [ 112.821555555554738, -7.279555555555276 ], [ 112.821555555554738, -7.279111111110832 ] ] ] } },
{ "type": "Feature", "properties": { "PXLVAL": 1 }, "geometry": { "type": "Polygon", "coordinates": [ [ [ 112.822444444443619, -7.279111111110832 ], [ 112.822888888888059, -7.279111111110832 ], [ 112.822888888888059, -7.279333333333054 ], [ 112.822444444443619, -7.279333333333054 ], [ 112.822444444443619, -7.279111111110832 ] ] ] } },
{ "type": "Feature", "properties": { "PXLVAL": 1 }, "geometry": { "type": "Polygon", "coordinates": [ [ [ 112.824444444443614, -7.279333333333054 ], [ 112.824666666665848, -7.279333333333054 ], [ 112.824666666665848, -7.279777777777498 ], [ 112.824444444443614, -7.279777777777498 ], [ 112.824444444443614, -7.279333333333054 ] ] ] } },
{ "type": "Feature", "properties": { "PXLVAL": 1 }, "geometry": { "type": "Polygon", "coordinates": [ [ [ 112.830444444443614, -7.279333333333054 ], [ 112.830666666665834, -7.279333333333054 ], [ 112.830666666665834, -7.279777777777498 ], [ 112.830444444443614, -7.279777777777498 ], [ 112.830444444443614, -7.279333333333054 ] ] ] } },
{ "type": "Feature", "properties": { "PXLVAL": 1 }, "geometry": { "type": "Polygon", "coordinates": [ [ [ 112.831333333332509, -7.279333333333054 ], [ 112.831777777776949, -7.279333333333054 ], [ 112.831777777776949, -7.279777777777498 ], [ 112.831333333332509, -7.279777777777498 ], [ 112.831333333332509, -7.279333333333054 ] ] ] } },
{ "type": "Feature", "properties": { "PXLVAL": 1 }, "geometry": { "type": "Polygon", "coordinates": [ [ [ 112.831999999999169, -7.279333333333054 ], [ 112.83222222222139, -7.279333333333054 ], [ 112.83222222222139, -7.279555555555276 ], [ 112.831999999999169, -7.279555555555276 ], [ 112.831999999999169, -7.279333333333054 ] ] ] } },
{ "type": "Feature", "properties": { "PXLVAL": 1 }, "geometry": { "type": "Polygon", "coordinates": [ [ [ 112.829333333332499, -7.279555555555276 ], [ 112.829999999999174, -7.279555555555276 ], [ 112.829999999999174, -7.279777777777498 ], [ 112.829333333332499, -7.279777777777498 ], [ 112.829333333332499, -7.279555555555276 ] ] ] } },
{ "type": "Feature", "properties": { "PXLVAL": 1 }, "geometry": { "type": "Polygon", "coordinates": [ [ [ 112.821555555554738, -7.27999999999972 ], [ 112.821999999999178, -7.27999999999972 ], [ 112.821999999999178, -7.280222222221942 ], [ 112.822222222221399, -7.280222222221942 ], [ 112.822222222221399, -7.280444444444164 ], [ 112.821777777776958, -7.280444444444164 ], [ 112.821777777776958, -7.280888888888608 ], [ 112.821555555554738, -7.280888888888608 ], [ 112.821555555554738, -7.27999999999972 ] ] ] } },
{ "type": "Feature", "properties": { "PXLVAL": 1 }, "geometry": { "type": "Polygon", "coordinates": [ [ [ 112.827333333332504, -7.279777777777498 ], [ 112.827555555554724, -7.279777777777498 ], [ 112.827555555554724, -7.27999999999972 ], [ 112.827777777776944, -7.27999999999972 ], [ 112.827777777776944, -7.280222222221942 ], [ 112.827555555554724, -7.280222222221942 ], [ 112.827555555554724, -7.280444444444164 ], [ 112.827333333332504, -7.280444444444164 ], [ 112.827333333332504, -7.280222222221942 ], [ 112.827111111110284, -7.280222222221942 ], [ 112.827111111110284, -7.27999999999972 ], [ 112.827333333332504, -7.27999999999972 ], [ 112.827333333332504, -7.279777777777498 ] ] ] } },
{ "type": "Feature", "properties": { "PXLVAL": 1 }, "geometry": { "type": "Polygon", "coordinates": [ [ [ 112.826444444443624, -7.280222222221942 ], [ 112.826888888888064, -7.280222222221942 ], [ 112.826888888888064, -7.280444444444164 ], [ 112.826666666665844, -7.280444444444164 ], [ 112.826666666665844, -7.280666666666386 ], [ 112.826444444443624, -7.280666666666386 ], [ 112.826444444443624, -7.280222222221942 ] ] ] } },
{ "type": "Feature", "properties": { "PXLVAL": 1 }, "geometry": { "type": "Polygon", "coordinates": [ [ [ 112.83866666666583, -7.280444444444164 ], [ 112.840444444443605, -7.280444444444164 ], [ 112.840444444443605, -7.280666666666386 ], [ 112.83866666666583, -7.280666666666386 ], [ 112.83866666666583, -7.280444444444164 ] ] ] } },
{ "type": "Feature", "properties": { "PXLVAL": 1 }, "geometry": { "type": "Polygon", "coordinates": [ [ [ 112.833111111110284, -7.280666666666386 ], [ 112.833333333332504, -7.280666666666386 ], [ 112.833333333332504, -7.280888888888608 ], [ 112.833111111110284, -7.280888888888608 ], [ 112.833111111110284, -7.280666666666386 ] ] ] } },
{ "type": "Feature", "properties": { "PXLVAL": 1 }, "geometry": { "type": "Polygon", "coordinates": [ [ [ 112.83266666666583, -7.280666666666386 ], [ 112.83288888888805, -7.280666666666386 ], [ 112.83288888888805, -7.28111111111083 ], [ 112.833111111110284, -7.28111111111083 ], [ 112.833111111110284, -7.281333333333052 ], [ 112.83288888888805, -7.281333333333052 ], [ 112.83288888888805, -7.281777777777496 ], [ 112.83266666666583, -7.281777777777496 ], [ 112.83266666666583, -7.281999999999718 ], [ 112.83222222222139, -7.281999999999718 ], [ 112.83222222222139, -7.28111111111083 ], [ 112.83266666666583, -7.28111111111083 ], [ 112.83266666666583, -7.280666666666386 ] ] ] } },
{ "type": "Feature", "properties": { "PXLVAL": 1 }, "geometry": { "type": "Polygon", "coordinates": [ [ [ 112.825999999999169, -7.281333333333052 ], [ 112.826666666665844, -7.281333333333052 ], [ 112.826666666665844, -7.281555555555274 ], [ 112.826222222221389, -7.281555555555274 ], [ 112.826222222221389, -7.281777777777496 ], [ 112.825999999999169, -7.281777777777496 ], [ 112.825999999999169, -7.281333333333052 ] ] ] } },
{ "type": "Feature", "properties": { "PXLVAL": 1 }, "geometry": { "type": "Polygon", "coordinates": [ [ [ 112.842888888888041, -7.28111111111083 ], [ 112.843111111110261, -7.28111111111083 ], [ 112.843111111110261, -7.281777777777496 ], [ 112.842888888888041, -7.281777777777496 ], [ 112.842888888888041, -7.281555555555274 ], [ 112.842666666665821, -7.281555555555274 ], [ 112.842666666665821, -7.281333333333052 ], [ 112.842888888888041, -7.281333333333052 ], [ 112.842888888888041, -7.28111111111083 ] ] ] } },
{ "type": "Feature", "properties": { "PXLVAL": 1 }, "geometry": { "type": "Polygon", "coordinates": [ [ [ 112.836888888888055, -7.281555555555274 ], [ 112.837555555554715, -7.281555555555274 ], [ 112.837555555554715, -7.281777777777496 ], [ 112.836888888888055, -7.281777777777496 ], [ 112.836888888888055, -7.281555555555274 ] ] ] } },
{ "type": "Feature", "properties": { "PXLVAL": 1 }, "geometry": { "type": "Polygon", "coordinates": [ [ [ 112.824222222221394, -7.281777777777496 ], [ 112.824666666665848, -7.281777777777496 ], [ 112.824666666665848, -7.281999999999718 ], [ 112.824222222221394, -7.281999999999718 ], [ 112.824222222221394, -7.281777777777496 ] ] ] } },
{ "type": "Feature", "properties": { "PXLVAL": 1 }, "geometry": { "type": "Polygon", "coordinates": [ [ [ 112.817111111110293, -7.27555555555528 ], [ 112.817555555554733, -7.27555555555528 ], [ 112.817555555554733, -7.275777777777502 ], [ 112.817777777776953, -7.275777777777502 ], [ 112.817777777776953, -7.27555555555528 ], [ 112.818444444443628, -7.27555555555528 ], [ 112.818444444443628, -7.275999999999724 ], [ 112.818666666665848, -7.275999999999724 ], [ 112.818666666665848, -7.276222222221946 ], [ 112.818444444443628, -7.276222222221946 ], [ 112.818444444443628, -7.277111111110834 ], [ 112.817999999999188, -7.277111111110834 ], [ 112.817999999999188, -7.277333333333056 ], [ 112.818666666665848, -7.277333333333056 ], [ 112.818666666665848, -7.2777777777775 ], [ 112.819111111110288, -7.2777777777775 ], [ 112.819111111110288, -7.278444444444166 ], [ 112.818888888888068, -7.278444444444166 ], [ 112.818888888888068, -7.278666666666388 ], [ 112.818444444443628, -7.278666666666388 ], [ 112.818444444443628, -7.279111111110832 ], [ 112.818222222221408, -7.279111111110832 ], [ 112.818222222221408, -7.27888888888861 ], [ 112.817999999999188, -7.27888888888861 ], [ 112.817999999999188, -7.279111111110832 ], [ 112.817777777776953, -7.279111111110832 ], [ 112.817777777776953, -7.278444444444166 ], [ 112.817555555554733, -7.278444444444166 ], [ 112.817555555554733, -7.278666666666388 ], [ 112.817111111110293, -7.278666666666388 ], [ 112.817111111110293, -7.279333333333054 ], [ 112.817333333332513, -7.279333333333054 ], [ 112.817333333332513, -7.279777777777498 ], [ 112.817777777776953, -7.279777777777498 ], [ 112.817777777776953, -7.27999999999972 ], [ 112.817999999999188, -7.27999999999972 ], [ 112.817999999999188, -7.280222222221942 ], [ 112.818222222221408, -7.280222222221942 ], [ 112.818222222221408, -7.27999999999972 ], [ 112.818444444443628, -7.27999999999972 ], [ 112.818444444443628, -7.279555555555276 ], [ 112.818888888888068, -7.279555555555276 ], [ 112.818888888888068, -7.279333333333054 ], [ 112.819333333332509, -7.279333333333054 ], [ 112.819333333332509, -7.279111111110832 ], [ 112.819555555554743, -7.279111111110832 ], [ 112.819555555554743, -7.278666666666388 ], [ 112.820222222221403, -7.278666666666388 ], [ 112.820222222221403, -7.27888888888861 ], [ 112.820444444443623, -7.27888888888861 ], [ 112.820444444443623, -7.278666666666388 ], [ 112.820666666665844, -7.278666666666388 ], [ 112.820666666665844, -7.279555555555276 ], [ 112.821111111110284, -7.279555555555276 ], [ 112.821111111110284, -7.281555555555274 ], [ 112.820222222221403, -7.281555555555274 ], [ 112.820222222221403, -7.281777777777496 ], [ 112.818444444443628, -7.281777777777496 ], [ 112.818444444443628, -7.281999999999718 ], [ 112.817555555554733, -7.281999999999718 ], [ 112.817555555554733, -7.28222222222194 ], [ 112.816666666665853, -7.28222222222194 ], [ 112.816666666665853, -7.282444444444162 ], [ 112.815555555554738, -7.282444444444162 ], [ 112.815555555554738, -7.281777777777496 ], [ 112.816666666665853, -7.281777777777496 ], [ 112.816666666665853, -7.281333333333052 ], [ 112.816222222221413, -7.281333333333052 ], [ 112.816222222221413, -7.28111111111083 ], [ 112.815999999999178, -7.28111111111083 ], [ 112.815999999999178, -7.281333333333052 ], [ 112.815333333332518, -7.281333333333052 ], [ 112.815333333332518, -7.281777777777496 ], [ 112.814666666665858, -7.281777777777496 ], [ 112.814666666665858, -7.281333333333052 ], [ 112.814444444443623, -7.281333333333052 ], [ 112.814444444443623, -7.280222222221942 ], [ 112.814666666665858, -7.280222222221942 ], [ 112.814666666665858, -7.279555555555276 ], [ 112.815111111110298, -7.279555555555276 ], [ 112.815111111110298, -7.279333333333054 ], [ 112.814666666665858, -7.279333333333054 ], [ 112.814666666665858, -7.279111111110832 ], [ 112.814444444443623, -7.279111111110832 ], [ 112.814444444443623, -7.279333333333054 ], [ 112.814222222221403, -7.279333333333054 ], [ 112.814222222221403, -7.279777777777498 ], [ 112.813777777776963, -7.279777777777498 ], [ 112.813777777776963, -7.279333333333054 ], [ 112.813555555554743, -7.279333333333054 ], [ 112.813555555554743, -7.278666666666388 ], [ 112.813777777776963, -7.278666666666388 ], [ 112.813777777776963, -7.278222222221944 ], [ 112.813999999999183, -7.278222222221944 ], [ 112.813999999999183, -7.2777777777775 ], [ 112.814222222221403, -7.2777777777775 ], [ 112.814222222221403, -7.277555555555278 ], [ 112.815333333332518, -7.277555555555278 ], [ 112.815333333332518, -7.277333333333056 ], [ 112.815111111110298, -7.277333333333056 ], [ 112.815111111110298, -7.276444444444168 ], [ 112.815333333332518, -7.276444444444168 ], [ 112.815333333332518, -7.276222222221946 ], [ 112.815555555554738, -7.276222222221946 ], [ 112.815555555554738, -7.275999999999724 ], [ 112.816444444443633, -7.275999999999724 ], [ 112.816444444443633, -7.276222222221946 ], [ 112.816888888888073, -7.276222222221946 ], [ 112.816888888888073, -7.275777777777502 ], [ 112.817111111110293, -7.275777777777502 ], [ 112.817111111110293, -7.27555555555528 ] ], [ [ 112.817555555554733, -7.275999999999724 ], [ 112.817555555554733, -7.276222222221946 ], [ 112.817777777776953, -7.276222222221946 ], [ 112.817777777776953, -7.275999999999724 ], [ 112.817555555554733, -7.275999999999724 ] ], [ [ 112.815999999999178, -7.276444444444168 ], [ 112.815999999999178, -7.27666666666639 ], [ 112.816222222221413, -7.27666666666639 ], [ 112.816222222221413, -7.276444444444168 ], [ 112.815999999999178, -7.276444444444168 ] ], [ [ 112.815777777776958, -7.27666666666639 ], [ 112.815777777776958, -7.276888888888612 ], [ 112.815999999999178, -7.276888888888612 ], [ 112.815999999999178, -7.27666666666639 ], [ 112.815777777776958, -7.27666666666639 ] ], [ [ 112.814444444443623, -7.277999999999722 ], [ 112.814444444443623, -7.278222222221944 ], [ 112.814666666665858, -7.278222222221944 ], [ 112.814666666665858, -7.277999999999722 ], [ 112.814444444443623, -7.277999999999722 ] ], [ [ 112.815333333332518, -7.278222222221944 ], [ 112.815333333332518, -7.279111111110832 ], [ 112.815555555554738, -7.279111111110832 ], [ 112.815555555554738, -7.278222222221944 ], [ 112.815333333332518, -7.278222222221944 ] ], [ [ 112.815777777776958, -7.278222222221944 ], [ 112.815777777776958, -7.278666666666388 ], [ 112.815999999999178, -7.278666666666388 ], [ 112.815999999999178, -7.279111111110832 ], [ 112.816222222221413, -7.279111111110832 ], [ 112.816222222221413, -7.278666666666388 ], [ 112.816444444443633, -7.278666666666388 ], [ 112.816444444443633, -7.278444444444166 ], [ 112.816222222221413, -7.278444444444166 ], [ 112.816222222221413, -7.278222222221944 ], [ 112.815777777776958, -7.278222222221944 ] ], [ [ 112.819777777776963, -7.279111111110832 ], [ 112.819777777776963, -7.279333333333054 ], [ 112.820222222221403, -7.279333333333054 ], [ 112.820222222221403, -7.279111111110832 ], [ 112.819777777776963, -7.279111111110832 ] ], [ [ 112.820222222221403, -7.27999999999972 ], [ 112.820222222221403, -7.280444444444164 ], [ 112.820444444443623, -7.280444444444164 ], [ 112.820444444443623, -7.27999999999972 ], [ 112.820222222221403, -7.27999999999972 ] ], [ [ 112.816666666665853, -7.280222222221942 ], [ 112.816666666665853, -7.280444444444164 ], [ 112.817111111110293, -7.280444444444164 ], [ 112.817111111110293, -7.280222222221942 ], [ 112.816666666665853, -7.280222222221942 ] ], [ [ 112.817555555554733, -7.280222222221942 ], [ 112.817555555554733, -7.280666666666386 ], [ 112.817333333332513, -7.280666666666386 ], [ 112.817333333332513, -7.280444444444164 ], [ 112.817111111110293, -7.280444444444164 ], [ 112.817111111110293, -7.281333333333052 ], [ 112.817555555554733, -7.281333333333052 ], [ 112.817555555554733, -7.280888888888608 ], [ 112.817777777776953, -7.280888888888608 ], [ 112.817777777776953, -7.280444444444164 ], [ 112.817999999999188, -7.280444444444164 ], [ 112.817999999999188, -7.280222222221942 ], [ 112.817555555554733, -7.280222222221942 ] ], [ [ 112.815555555554738, -7.280444444444164 ], [ 112.815555555554738, -7.28111111111083 ], [ 112.815999999999178, -7.28111111111083 ], [ 112.815999999999178, -7.280444444444164 ], [ 112.815555555554738, -7.280444444444164 ] ], [ [ 112.819333333332509, -7.280444444444164 ], [ 112.819333333332509, -7.280888888888608 ], [ 112.819777777776963, -7.280888888888608 ], [ 112.819777777776963, -7.280444444444164 ], [ 112.819333333332509, -7.280444444444164 ] ], [ [ 112.820444444443623, -7.280666666666386 ], [ 112.820444444443623, -7.280888888888608 ], [ 112.820666666665844, -7.280888888888608 ], [ 112.820666666665844, -7.280666666666386 ], [ 112.820444444443623, -7.280666666666386 ] ], [ [ 112.817999999999188, -7.281333333333052 ], [ 112.817999999999188, -7.281555555555274 ], [ 112.817777777776953, -7.281555555555274 ], [ 112.817777777776953, -7.281777777777496 ], [ 112.818222222221408, -7.281777777777496 ], [ 112.818222222221408, -7.281333333333052 ], [ 112.817999999999188, -7.281333333333052 ] ], [ [ 112.817111111110293, -7.281555555555274 ], [ 112.817111111110293, -7.281777777777496 ], [ 112.817333333332513, -7.281777777777496 ], [ 112.817333333332513, -7.281999999999718 ], [ 112.817555555554733, -7.281999999999718 ], [ 112.817555555554733, -7.281555555555274 ], [ 112.817111111110293, -7.281555555555274 ] ] ] } },
{ "type": "Feature", "properties": { "PXLVAL": 1 }, "geometry": { "type": "Polygon", "coordinates": [ [ [ 112.827111111110284, -7.281777777777496 ], [ 112.827333333332504, -7.281777777777496 ], [ 112.827333333332504, -7.282444444444162 ], [ 112.827111111110284, -7.282444444444162 ], [ 112.827111111110284, -7.28222222222194 ], [ 112.826888888888064, -7.28222222222194 ], [ 112.826888888888064, -7.282444444444162 ], [ 112.826666666665844, -7.282444444444162 ], [ 112.826666666665844, -7.281999999999718 ], [ 112.827111111110284, -7.281999999999718 ], [ 112.827111111110284, -7.281777777777496 ] ] ] } },
{ "type": "Feature", "properties": { "PXLVAL": 1 }, "geometry": { "type": "Polygon", "coordinates": [ [ [ 112.841111111110266, -7.281999999999718 ], [ 112.841333333332486, -7.281999999999718 ], [ 112.841333333332486, -7.28222222222194 ], [ 112.841111111110266, -7.28222222222194 ], [ 112.841111111110266, -7.281999999999718 ] ] ] } },
{ "type": "Feature", "properties": { "PXLVAL": 1 }, "geometry": { "type": "Polygon", "coordinates": [ [ [ 112.818444444443628, -7.28222222222194 ], [ 112.819333333332509, -7.28222222222194 ], [ 112.819333333332509, -7.282444444444162 ], [ 112.819555555554743, -7.282444444444162 ], [ 112.819555555554743, -7.282666666666384 ], [ 112.818444444443628, -7.282666666666384 ], [ 112.818444444443628, -7.28222222222194 ] ] ] } },
{ "type": "Feature", "properties": { "PXLVAL": 1 }, "geometry": { "type": "Polygon", "coordinates": [ [ [ 112.820222222221403, -7.281999999999718 ], [ 112.821111111110284, -7.281999999999718 ], [ 112.821111111110284, -7.28222222222194 ], [ 112.820444444443623, -7.28222222222194 ], [ 112.820444444443623, -7.282444444444162 ], [ 112.819555555554743, -7.282444444444162 ], [ 112.819555555554743, -7.28222222222194 ], [ 112.820222222221403, -7.28222222222194 ], [ 112.820222222221403, -7.281999999999718 ] ] ] } },
{ "type": "Feature", "properties": { "PXLVAL": 1 }, "geometry": { "type": "Polygon", "coordinates": [ [ [ 112.839999999999165, -7.28222222222194 ], [ 112.840222222221385, -7.28222222222194 ], [ 112.840222222221385, -7.282444444444162 ], [ 112.839999999999165, -7.282444444444162 ], [ 112.839999999999165, -7.28222222222194 ] ] ] } },
{ "type": "Feature", "properties": { "PXLVAL": 1 }, "geometry": { "type": "Polygon", "coordinates": [ [ [ 112.830888888888055, -7.282444444444162 ], [ 112.831555555554729, -7.282444444444162 ], [ 112.831555555554729, -7.282666666666384 ], [ 112.831999999999169, -7.282666666666384 ], [ 112.831999999999169, -7.282888888888606 ], [ 112.830888888888055, -7.282888888888606 ], [ 112.830888888888055, -7.282444444444162 ] ] ] } },
{ "type": "Feature", "properties": { "PXLVAL": 1 }, "geometry": { "type": "Polygon", "coordinates": [ [ [ 112.810666666665853, -7.282666666666384 ], [ 112.810888888888073, -7.282666666666384 ], [ 112.810888888888073, -7.282888888888606 ], [ 112.810666666665853, -7.282888888888606 ], [ 112.810666666665853, -7.282666666666384 ] ] ] } },
{ "type": "Feature", "properties": { "PXLVAL": 1 }, "geometry": { "type": "Polygon", "coordinates": [ [ [ 112.840888888888045, -7.283111111110828 ], [ 112.841111111110266, -7.283111111110828 ], [ 112.841111111110266, -7.28333333333305 ], [ 112.840888888888045, -7.28333333333305 ], [ 112.840888888888045, -7.283111111110828 ] ] ] } },
{ "type": "Feature", "properties": { "PXLVAL": 1 }, "geometry": { "type": "Polygon", "coordinates": [ [ [ 112.819333333332509, -7.28333333333305 ], [ 112.819777777776963, -7.28333333333305 ], [ 112.819777777776963, -7.283555555555272 ], [ 112.819999999999183, -7.283555555555272 ], [ 112.819999999999183, -7.283777777777494 ], [ 112.819555555554743, -7.283777777777494 ], [ 112.819555555554743, -7.283555555555272 ], [ 112.819333333332509, -7.283555555555272 ], [ 112.819333333332509, -7.28333333333305 ] ] ] } },
{ "type": "Feature", "properties": { "PXLVAL": 1 }, "geometry": { "type": "Polygon", "coordinates": [ [ [ 112.820222222221403, -7.28333333333305 ], [ 112.820888888888064, -7.28333333333305 ], [ 112.820888888888064, -7.283555555555272 ], [ 112.820222222221403, -7.283555555555272 ], [ 112.820222222221403, -7.28333333333305 ] ] ] } },
{ "type": "Feature", "properties": { "PXLVAL": 1 }, "geometry": { "type": "Polygon", "coordinates": [ [ [ 112.828888888888059, -7.28333333333305 ], [ 112.829111111110279, -7.28333333333305 ], [ 112.829111111110279, -7.283555555555272 ], [ 112.829333333332499, -7.283555555555272 ], [ 112.829333333332499, -7.283777777777494 ], [ 112.828222222221399, -7.283777777777494 ], [ 112.828222222221399, -7.283555555555272 ], [ 112.828888888888059, -7.283555555555272 ], [ 112.828888888888059, -7.28333333333305 ] ] ] } },
{ "type": "Feature", "properties": { "PXLVAL": 1 }, "geometry": { "type": "Polygon", "coordinates": [ [ [ 112.815777777776958, -7.283111111110828 ], [ 112.815999999999178, -7.283111111110828 ], [ 112.815999999999178, -7.283999999999716 ], [ 112.815777777776958, -7.283999999999716 ], [ 112.815777777776958, -7.283111111110828 ] ] ] } },
{ "type": "Feature", "properties": { "PXLVAL": 1 }, "geometry": { "type": "Polygon", "coordinates": [ [ [ 112.830444444443614, -7.28333333333305 ], [ 112.831111111110275, -7.28333333333305 ], [ 112.831111111110275, -7.283555555555272 ], [ 112.831555555554729, -7.283555555555272 ], [ 112.831555555554729, -7.283999999999716 ], [ 112.831111111110275, -7.283999999999716 ], [ 112.831111111110275, -7.283777777777494 ], [ 112.830444444443614, -7.283777777777494 ], [ 112.830444444443614, -7.28333333333305 ] ] ] } },
{ "type": "Feature", "properties": { "PXLVAL": 1 }, "geometry": { "type": "Polygon", "coordinates": [ [ [ 112.83222222222139, -7.283999999999716 ], [ 112.83244444444361, -7.283999999999716 ], [ 112.83244444444361, -7.284222222221938 ], [ 112.83266666666583, -7.284222222221938 ], [ 112.83266666666583, -7.28444444444416 ], [ 112.83222222222139, -7.28444444444416 ], [ 112.83222222222139, -7.283999999999716 ] ] ] } },
{ "type": "Feature", "properties": { "PXLVAL": 1 }, "geometry": { "type": "Polygon", "coordinates": [ [ [ 112.83266666666583, -7.283999999999716 ], [ 112.833333333332504, -7.283999999999716 ], [ 112.833333333332504, -7.284222222221938 ], [ 112.83266666666583, -7.284222222221938 ], [ 112.83266666666583, -7.283999999999716 ] ] ] } },
{ "type": "Feature", "properties": { "PXLVAL": 1 }, "geometry": { "type": "Polygon", "coordinates": [ [ [ 112.83888888888805, -7.283999999999716 ], [ 112.83933333333249, -7.283999999999716 ], [ 112.83933333333249, -7.28444444444416 ], [ 112.83888888888805, -7.28444444444416 ], [ 112.83888888888805, -7.283999999999716 ] ] ] } },
{ "type": "Feature", "properties": { "PXLVAL": 1 }, "geometry": { "type": "Polygon", "coordinates": [ [ [ 112.811111111110307, -7.284222222221938 ], [ 112.811333333332527, -7.284222222221938 ], [ 112.811333333332527, -7.28444444444416 ], [ 112.811111111110307, -7.28444444444416 ], [ 112.811111111110307, -7.284222222221938 ] ] ] } },
{ "type": "Feature", "properties": { "PXLVAL": 1 }, "geometry": { "type": "Polygon", "coordinates": [ [ [ 112.828444444443619, -7.284222222221938 ], [ 112.828666666665839, -7.284222222221938 ], [ 112.828666666665839, -7.28444444444416 ], [ 112.828444444443619, -7.28444444444416 ], [ 112.828444444443619, -7.284222222221938 ] ] ] } },
{ "type": "Feature", "properties": { "PXLVAL": 1 }, "geometry": { "type": "Polygon", "coordinates": [ [ [ 112.817555555554733, -7.282444444444162 ], [ 112.818222222221408, -7.282444444444162 ], [ 112.818222222221408, -7.283111111110828 ], [ 112.818666666665848, -7.283111111110828 ], [ 112.818666666665848, -7.28333333333305 ], [ 112.818888888888068, -7.28333333333305 ], [ 112.818888888888068, -7.283555555555272 ], [ 112.819111111110288, -7.283555555555272 ], [ 112.819111111110288, -7.283777777777494 ], [ 112.818444444443628, -7.283777777777494 ], [ 112.818444444443628, -7.283999999999716 ], [ 112.818222222221408, -7.283999999999716 ], [ 112.818222222221408, -7.284222222221938 ], [ 112.817999999999188, -7.284222222221938 ], [ 112.817999999999188, -7.28444444444416 ], [ 112.817777777776953, -7.28444444444416 ], [ 112.817777777776953, -7.284666666666382 ], [ 112.817111111110293, -7.284666666666382 ], [ 112.817111111110293, -7.28444444444416 ], [ 112.816666666665853, -7.28444444444416 ], [ 112.816666666665853, -7.283999999999716 ], [ 112.816222222221413, -7.283999999999716 ], [ 112.816222222221413, -7.28333333333305 ], [ 112.816666666665853, -7.28333333333305 ], [ 112.816666666665853, -7.283111111110828 ], [ 112.816888888888073, -7.283111111110828 ], [ 112.816888888888073, -7.282666666666384 ], [ 112.817555555554733, -7.282666666666384 ], [ 112.817555555554733, -7.282444444444162 ] ], [ [ 112.817111111110293, -7.282888888888606 ], [ 112.817111111110293, -7.283111111110828 ], [ 112.817333333332513, -7.283111111110828 ], [ 112.817333333332513, -7.282888888888606 ], [ 112.817111111110293, -7.282888888888606 ] ], [ [ 112.817111111110293, -7.283999999999716 ], [ 112.817111111110293, -7.28444444444416 ], [ 112.817555555554733, -7.28444444444416 ], [ 112.817555555554733, -7.284222222221938 ], [ 112.817333333332513, -7.284222222221938 ], [ 112.817333333332513, -7.283999999999716 ], [ 112.817111111110293, -7.283999999999716 ] ] ] } },
{ "type": "Feature", "properties": { "PXLVAL": 1 }, "geometry": { "type": "Polygon", "coordinates": [ [ [ 112.818888888888068, -7.28444444444416 ], [ 112.819111111110288, -7.28444444444416 ], [ 112.819111111110288, -7.284666666666382 ], [ 112.818888888888068, -7.284666666666382 ], [ 112.818888888888068, -7.28444444444416 ] ] ] } },
{ "type": "Feature", "properties": { "PXLVAL": 1 }, "geometry": { "type": "Polygon", "coordinates": [ [ [ 112.825777777776949, -7.28444444444416 ], [ 112.825999999999169, -7.28444444444416 ], [ 112.825999999999169, -7.284666666666382 ], [ 112.826222222221389, -7.284666666666382 ], [ 112.826222222221389, -7.284888888888604 ], [ 112.825777777776949, -7.284888888888604 ], [ 112.825777777776949, -7.28444444444416 ] ] ] } },
{ "type": "Feature", "properties": { "PXLVAL": 1 }, "geometry": { "type": "Polygon", "coordinates": [ [ [ 112.827555555554724, -7.28444444444416 ], [ 112.827777777776944, -7.28444444444416 ], [ 112.827777777776944, -7.284888888888604 ], [ 112.827999999999179, -7.284888888888604 ], [ 112.827999999999179, -7.284666666666382 ], [ 112.828222222221399, -7.284666666666382 ], [ 112.828222222221399, -7.285111111110826 ], [ 112.827555555554724, -7.285111111110826 ], [ 112.827555555554724, -7.28444444444416 ] ] ] } },
{ "type": "Feature", "properties": { "PXLVAL": 1 }, "geometry": { "type": "Polygon", "coordinates": [ [ [ 112.833333333332504, -7.284222222221938 ], [ 112.833555555554724, -7.284222222221938 ], [ 112.833555555554724, -7.284666666666382 ], [ 112.83266666666583, -7.284666666666382 ], [ 112.83266666666583, -7.28444444444416 ], [ 112.833333333332504, -7.28444444444416 ], [ 112.833333333332504, -7.284222222221938 ] ] ] } },
{ "type": "Feature", "properties": { "PXLVAL": 1 }, "geometry": { "type": "Polygon", "coordinates": [ [ [ 112.843333333332495, -7.283999999999716 ], [ 112.843555555554715, -7.283999999999716 ], [ 112.843555555554715, -7.284666666666382 ], [ 112.843111111110261, -7.284666666666382 ], [ 112.843111111110261, -7.28444444444416 ], [ 112.843333333332495, -7.28444444444416 ], [ 112.843333333332495, -7.283999999999716 ] ] ] } },
{ "type": "Feature", "properties": { "PXLVAL": 1 }, "geometry": { "type": "Polygon", "coordinates": [ [ [ 112.819333333332509, -7.284888888888604 ], [ 112.819555555554743, -7.284888888888604 ], [ 112.819555555554743, -7.285111111110826 ], [ 112.819333333332509, -7.285111111110826 ], [ 112.819333333332509, -7.284888888888604 ] ] ] } },
{ "type": "Feature", "properties": { "PXLVAL": 1 }, "geometry": { "type": "Polygon", "coordinates": [ [ [ 112.843555555554715, -7.284888888888604 ], [ 112.843777777776936, -7.284888888888604 ], [ 112.843777777776936, -7.285111111110826 ], [ 112.843555555554715, -7.285111111110826 ], [ 112.843555555554715, -7.284888888888604 ] ] ] } },
{ "type": "Feature", "properties": { "PXLVAL": 1 }, "geometry": { "type": "Polygon", "coordinates": [ [ [ 112.843999999999156, -7.284888888888604 ], [ 112.844444444443596, -7.284888888888604 ], [ 112.844444444443596, -7.285111111110826 ], [ 112.843999999999156, -7.285111111110826 ], [ 112.843999999999156, -7.284888888888604 ] ] ] } },
{ "type": "Feature", "properties": { "PXLVAL": 1 }, "geometry": { "type": "Polygon", "coordinates": [ [ [ 112.820222222221403, -7.285333333333048 ], [ 112.820666666665844, -7.285333333333048 ], [ 112.820666666665844, -7.28555555555527 ], [ 112.820222222221403, -7.28555555555527 ], [ 112.820222222221403, -7.285333333333048 ] ] ] } },
{ "type": "Feature", "properties": { "PXLVAL": 1 }, "geometry": { "type": "Polygon", "coordinates": [ [ [ 112.843555555554715, -7.285333333333048 ], [ 112.843777777776936, -7.285333333333048 ], [ 112.843777777776936, -7.28555555555527 ], [ 112.843999999999156, -7.28555555555527 ], [ 112.843999999999156, -7.285777777777492 ], [ 112.843555555554715, -7.285777777777492 ], [ 112.843555555554715, -7.285333333333048 ] ] ] } },
{ "type": "Feature", "properties": { "PXLVAL": 1 }, "geometry": { "type": "Polygon", "coordinates": [ [ [ 112.83244444444361, -7.285777777777492 ], [ 112.83266666666583, -7.285777777777492 ], [ 112.83266666666583, -7.285999999999714 ], [ 112.83244444444361, -7.285999999999714 ], [ 112.83244444444361, -7.285777777777492 ] ] ] } },
{ "type": "Feature", "properties": { "PXLVAL": 1 }, "geometry": { "type": "Polygon", "coordinates": [ [ [ 112.842888888888041, -7.285999999999714 ], [ 112.843333333332495, -7.285999999999714 ], [ 112.843333333332495, -7.286222222221936 ], [ 112.842888888888041, -7.286222222221936 ], [ 112.842888888888041, -7.285999999999714 ] ] ] } },
{ "type": "Feature", "properties": { "PXLVAL": 1 }, "geometry": { "type": "Polygon", "coordinates": [ [ [ 112.824222222221394, -7.286222222221936 ], [ 112.824888888888069, -7.286222222221936 ], [ 112.824888888888069, -7.286444444444158 ], [ 112.824666666665848, -7.286444444444158 ], [ 112.824666666665848, -7.286888888888602 ], [ 112.824444444443614, -7.286888888888602 ], [ 112.824444444443614, -7.286444444444158 ], [ 112.824222222221394, -7.286444444444158 ], [ 112.824222222221394, -7.286222222221936 ] ] ] } },
{ "type": "Feature", "properties": { "PXLVAL": 1 }, "geometry": { "type": "Polygon", "coordinates": [ [ [ 112.825333333332509, -7.286222222221936 ], [ 112.825999999999169, -7.286222222221936 ], [ 112.825999999999169, -7.28666666666638 ], [ 112.825777777776949, -7.28666666666638 ], [ 112.825777777776949, -7.286444444444158 ], [ 112.825333333332509, -7.286444444444158 ], [ 112.825333333332509, -7.286222222221936 ] ] ] } },
{ "type": "Feature", "properties": { "PXLVAL": 1 }, "geometry": { "type": "Polygon", "coordinates": [ [ [ 112.818888888888068, -7.286444444444158 ], [ 112.819333333332509, -7.286444444444158 ], [ 112.819333333332509, -7.28666666666638 ], [ 112.819111111110288, -7.28666666666638 ], [ 112.819111111110288, -7.286888888888602 ], [ 112.818888888888068, -7.286888888888602 ], [ 112.818888888888068, -7.286444444444158 ] ] ] } },
{ "type": "Feature", "properties": { "PXLVAL": 1 }, "geometry": { "type": "Polygon", "coordinates": [ [ [ 112.83911111111027, -7.286444444444158 ], [ 112.83933333333249, -7.286444444444158 ], [ 112.83933333333249, -7.28666666666638 ], [ 112.83911111111027, -7.28666666666638 ], [ 112.83911111111027, -7.286444444444158 ] ] ] } },
{ "type": "Feature", "properties": { "PXLVAL": 1 }, "geometry": { "type": "Polygon", "coordinates": [ [ [ 112.839555555554711, -7.286444444444158 ], [ 112.839777777776945, -7.286444444444158 ], [ 112.839777777776945, -7.287111111110824 ], [ 112.840444444443605, -7.287111111110824 ], [ 112.840444444443605, -7.287333333333046 ], [ 112.839555555554711, -7.287333333333046 ], [ 112.839555555554711, -7.286444444444158 ] ] ] } },
{ "type": "Feature", "properties": { "PXLVAL": 1 }, "geometry": { "type": "Polygon", "coordinates": [ [ [ 112.83266666666583, -7.28666666666638 ], [ 112.83288888888805, -7.28666666666638 ], [ 112.83288888888805, -7.286888888888602 ], [ 112.83266666666583, -7.286888888888602 ], [ 112.83266666666583, -7.28666666666638 ] ] ] } },
{ "type": "Feature", "properties": { "PXLVAL": 1 }, "geometry": { "type": "Polygon", "coordinates": [ [ [ 112.837555555554715, -7.28666666666638 ], [ 112.837777777776935, -7.28666666666638 ], [ 112.837777777776935, -7.286888888888602 ], [ 112.837555555554715, -7.286888888888602 ], [ 112.837555555554715, -7.28666666666638 ] ] ] } },
{ "type": "Feature", "properties": { "PXLVAL": 1 }, "geometry": { "type": "Polygon", "coordinates": [ [ [ 112.818222222221408, -7.286888888888602 ], [ 112.818444444443628, -7.286888888888602 ], [ 112.818444444443628, -7.287333333333046 ], [ 112.818222222221408, -7.287333333333046 ], [ 112.818222222221408, -7.286888888888602 ] ] ] } },
{ "type": "Feature", "properties": { "PXLVAL": 1 }, "geometry": { "type": "Polygon", "coordinates": [ [ [ 112.82955555555472, -7.28666666666638 ], [ 112.829777777776954, -7.28666666666638 ], [ 112.829777777776954, -7.287111111110824 ], [ 112.829999999999174, -7.287111111110824 ], [ 112.829999999999174, -7.287333333333046 ], [ 112.82955555555472, -7.287333333333046 ], [ 112.82955555555472, -7.287111111110824 ], [ 112.829111111110279, -7.287111111110824 ], [ 112.829111111110279, -7.286888888888602 ], [ 112.82955555555472, -7.286888888888602 ], [ 112.82955555555472, -7.28666666666638 ] ] ] } },
{ "type": "Feature", "properties": { "PXLVAL": 1 }, "geometry": { "type": "Polygon", "coordinates": [ [ [ 112.833999999999165, -7.286444444444158 ], [ 112.834666666665825, -7.286444444444158 ], [ 112.834666666665825, -7.28666666666638 ], [ 112.834444444443605, -7.28666666666638 ], [ 112.834444444443605, -7.286888888888602 ], [ 112.834222222221385, -7.286888888888602 ], [ 112.834222222221385, -7.287111111110824 ], [ 112.834444444443605, -7.287111111110824 ], [ 112.834444444443605, -7.287333333333046 ], [ 112.833777777776945, -7.287333333333046 ], [ 112.833777777776945, -7.286888888888602 ], [ 112.833999999999165, -7.286888888888602 ], [ 112.833999999999165, -7.286444444444158 ] ] ] } },
{ "type": "Feature", "properties": { "PXLVAL": 1 }, "geometry": { "type": "Polygon", "coordinates": [ [ [ 112.812444444443628, -7.279333333333054 ], [ 112.813333333332523, -7.279333333333054 ], [ 112.813333333332523, -7.279555555555276 ], [ 112.813555555554743, -7.279555555555276 ], [ 112.813555555554743, -7.280222222221942 ], [ 112.813777777776963, -7.280222222221942 ], [ 112.813777777776963, -7.280666666666386 ], [ 112.813999999999183, -7.280666666666386 ], [ 112.813999999999183, -7.281777777777496 ], [ 112.814222222221403, -7.281777777777496 ], [ 112.814222222221403, -7.28333333333305 ], [ 112.813555555554743, -7.28333333333305 ], [ 112.813555555554743, -7.283777777777494 ], [ 112.813777777776963, -7.283777777777494 ], [ 112.813777777776963, -7.284222222221938 ], [ 112.813999999999183, -7.284222222221938 ], [ 112.813999999999183, -7.283777777777494 ], [ 112.814444444443623, -7.283777777777494 ], [ 112.814444444443623, -7.285999999999714 ], [ 112.814222222221403, -7.285999999999714 ], [ 112.814222222221403, -7.287333333333046 ], [ 112.814444444443623, -7.287333333333046 ], [ 112.814444444443623, -7.287555555555268 ], [ 112.813999999999183, -7.287555555555268 ], [ 112.813999999999183, -7.28777777777749 ], [ 112.813555555554743, -7.28777777777749 ], [ 112.813555555554743, -7.286444444444158 ], [ 112.813333333332523, -7.286444444444158 ], [ 112.813333333332523, -7.287555555555268 ], [ 112.812666666665848, -7.287555555555268 ], [ 112.812666666665848, -7.28666666666638 ], [ 112.812444444443628, -7.28666666666638 ], [ 112.812444444443628, -7.286444444444158 ], [ 112.812222222221408, -7.286444444444158 ], [ 112.812222222221408, -7.286222222221936 ], [ 112.811999999999188, -7.286222222221936 ], [ 112.811999999999188, -7.28555555555527 ], [ 112.811777777776967, -7.28555555555527 ], [ 112.811777777776967, -7.285111111110826 ], [ 112.811555555554747, -7.285111111110826 ], [ 112.811555555554747, -7.284222222221938 ], [ 112.811333333332527, -7.284222222221938 ], [ 112.811333333332527, -7.283999999999716 ], [ 112.811111111110307, -7.283999999999716 ], [ 112.811111111110307, -7.28333333333305 ], [ 112.810888888888073, -7.28333333333305 ], [ 112.810888888888073, -7.282888888888606 ], [ 112.811111111110307, -7.282888888888606 ], [ 112.811111111110307, -7.283111111110828 ], [ 112.811333333332527, -7.283111111110828 ], [ 112.811333333332527, -7.283555555555272 ], [ 112.811555555554747, -7.283555555555272 ], [ 112.811555555554747, -7.28333333333305 ], [ 112.811777777776967, -7.28333333333305 ], [ 112.811777777776967, -7.282444444444162 ], [ 112.811555555554747, -7.282444444444162 ], [ 112.811555555554747, -7.28222222222194 ], [ 112.811333333332527, -7.28222222222194 ], [ 112.811333333332527, -7.281555555555274 ], [ 112.811555555554747, -7.281555555555274 ], [ 112.811555555554747, -7.281333333333052 ], [ 112.811777777776967, -7.281333333333052 ], [ 112.811777777776967, -7.28111111111083 ], [ 112.811999999999188, -7.28111111111083 ], [ 112.811999999999188, -7.280666666666386 ], [ 112.812222222221408, -7.280666666666386 ], [ 112.812222222221408, -7.280444444444164 ], [ 112.812444444443628, -7.280444444444164 ], [ 112.812444444443628, -7.279333333333054 ] ], [ [ 112.812666666665848, -7.281333333333052 ], [ 112.812666666665848, -7.281555555555274 ], [ 112.812444444443628, -7.281555555555274 ], [ 112.812444444443628, -7.281777777777496 ], [ 112.812222222221408, -7.281777777777496 ], [ 112.812222222221408, -7.282444444444162 ], [ 112.812444444443628, -7.282444444444162 ], [ 112.812444444443628, -7.282666666666384 ], [ 112.812888888888082, -7.282666666666384 ], [ 112.812888888888082, -7.282444444444162 ], [ 112.813111111110302, -7.282444444444162 ], [ 112.813111111110302, -7.28222222222194 ], [ 112.813555555554743, -7.28222222222194 ], [ 112.813555555554743, -7.281999999999718 ], [ 112.813777777776963, -7.281999999999718 ], [ 112.813777777776963, -7.281777777777496 ], [ 112.813555555554743, -7.281777777777496 ], [ 112.813555555554743, -7.281555555555274 ], [ 112.813111111110302, -7.281555555555274 ], [ 112.813111111110302, -7.281333333333052 ], [ 112.812666666665848, -7.281333333333052 ] ], [ [ 112.813555555554743, -7.282444444444162 ], [ 112.813555555554743, -7.282666666666384 ], [ 112.813999999999183, -7.282666666666384 ], [ 112.813999999999183, -7.282444444444162 ], [ 112.813555555554743, -7.282444444444162 ] ], [ [ 112.811999999999188, -7.283111111110828 ], [ 112.811999999999188, -7.28333333333305 ], [ 112.812222222221408, -7.28333333333305 ], [ 112.812222222221408, -7.283111111110828 ], [ 112.811999999999188, -7.283111111110828 ] ], [ [ 112.812666666665848, -7.283555555555272 ], [ 112.812666666665848, -7.283777777777494 ], [ 112.812888888888082, -7.283777777777494 ], [ 112.812888888888082, -7.283555555555272 ], [ 112.812666666665848, -7.283555555555272 ] ], [ [ 112.811555555554747, -7.283777777777494 ], [ 112.811555555554747, -7.283999999999716 ], [ 112.811777777776967, -7.283999999999716 ], [ 112.811777777776967, -7.283777777777494 ], [ 112.811555555554747, -7.283777777777494 ] ], [ [ 112.813777777776963, -7.28444444444416 ], [ 112.813777777776963, -7.284666666666382 ], [ 112.814222222221403, -7.284666666666382 ], [ 112.814222222221403, -7.28444444444416 ], [ 112.813777777776963, -7.28444444444416 ] ], [ [ 112.812222222221408, -7.284888888888604 ], [ 112.812222222221408, -7.285111111110826 ], [ 112.812444444443628, -7.285111111110826 ], [ 112.812444444443628, -7.284888888888604 ], [ 112.812222222221408, -7.284888888888604 ] ], [ [ 112.813111111110302, -7.284888888888604 ], [ 112.813111111110302, -7.285111111110826 ], [ 112.812888888888082, -7.285111111110826 ], [ 112.812888888888082, -7.28555555555527 ], [ 112.812444444443628, -7.28555555555527 ], [ 112.812444444443628, -7.285777777777492 ], [ 112.813111111110302, -7.285777777777492 ], [ 112.813111111110302, -7.28555555555527 ], [ 112.813333333332523, -7.28555555555527 ], [ 112.813333333332523, -7.284888888888604 ], [ 112.813111111110302, -7.284888888888604 ] ], [ [ 112.812444444443628, -7.285999999999714 ], [ 112.812444444443628, -7.286222222221936 ], [ 112.812666666665848, -7.286222222221936 ], [ 112.812666666665848, -7.285999999999714 ], [ 112.812444444443628, -7.285999999999714 ] ] ] } },
{ "type": "Feature", "properties": { "PXLVAL": 1 }, "geometry": { "type": "Polygon", "coordinates": [ [ [ 112.827333333332504, -7.285111111110826 ], [ 112.827555555554724, -7.285111111110826 ], [ 112.827555555554724, -7.286222222221936 ], [ 112.827777777776944, -7.286222222221936 ], [ 112.827777777776944, -7.28666666666638 ], [ 112.827999999999179, -7.28666666666638 ], [ 112.827999999999179, -7.286888888888602 ], [ 112.828222222221399, -7.286888888888602 ], [ 112.828222222221399, -7.287333333333046 ], [ 112.828444444443619, -7.287333333333046 ], [ 112.828444444443619, -7.287555555555268 ], [ 112.827999999999179, -7.287555555555268 ], [ 112.827999999999179, -7.287333333333046 ], [ 112.826666666665844, -7.287333333333046 ], [ 112.826666666665844, -7.286222222221936 ], [ 112.827333333332504, -7.286222222221936 ], [ 112.827333333332504, -7.285111111110826 ] ] ] } },
{ "type": "Feature", "properties": { "PXLVAL": 1 }, "geometry": { "type": "Polygon", "coordinates": [ [ [ 112.809555555554752, -7.283999999999716 ], [ 112.809999999999192, -7.283999999999716 ], [ 112.809999999999192, -7.284222222221938 ], [ 112.810222222221412, -7.284222222221938 ], [ 112.810222222221412, -7.28444444444416 ], [ 112.810444444443633, -7.28444444444416 ], [ 112.810444444443633, -7.285333333333048 ], [ 112.811111111110307, -7.285333333333048 ], [ 112.811111111110307, -7.285111111110826 ], [ 112.811333333332527, -7.285111111110826 ], [ 112.811333333332527, -7.28555555555527 ], [ 112.811111111110307, -7.28555555555527 ], [ 112.811111111110307, -7.285777777777492 ], [ 112.810666666665853, -7.285777777777492 ], [ 112.810666666665853, -7.287333333333046 ], [ 112.810444444443633, -7.287333333333046 ], [ 112.810444444443633, -7.287555555555268 ], [ 112.810222222221412, -7.287555555555268 ], [ 112.810222222221412, -7.28666666666638 ], [ 112.810444444443633, -7.28666666666638 ], [ 112.810444444443633, -7.286444444444158 ], [ 112.810222222221412, -7.286444444444158 ], [ 112.810222222221412, -7.285999999999714 ], [ 112.809999999999192, -7.285999999999714 ], [ 112.809999999999192, -7.28555555555527 ], [ 112.810222222221412, -7.28555555555527 ], [ 112.810222222221412, -7.285111111110826 ], [ 112.809555555554752, -7.285111111110826 ], [ 112.809555555554752, -7.283999999999716 ] ], [ [ 112.810222222221412, -7.28555555555527 ], [ 112.810222222221412, -7.285777777777492 ], [ 112.810444444443633, -7.285777777777492 ], [ 112.810444444443633, -7.28555555555527 ], [ 112.810222222221412, -7.28555555555527 ] ] ] } },
{ "type": "Feature", "properties": { "PXLVAL": 1 }, "geometry": { "type": "Polygon", "coordinates": [ [ [ 112.825111111110289, -7.286888888888602 ], [ 112.825555555554729, -7.286888888888602 ], [ 112.825555555554729, -7.287111111110824 ], [ 112.825777777776949, -7.287111111110824 ], [ 112.825777777776949, -7.287555555555268 ], [ 112.825333333332509, -7.287555555555268 ], [ 112.825333333332509, -7.287333333333046 ], [ 112.825111111110289, -7.287333333333046 ], [ 112.825111111110289, -7.286888888888602 ] ] ] } },
{ "type": "Feature", "properties": { "PXLVAL": 1 }, "geometry": { "type": "Polygon", "coordinates": [ [ [ 112.831999999999169, -7.287111111110824 ], [ 112.83266666666583, -7.287111111110824 ], [ 112.83266666666583, -7.287333333333046 ], [ 112.83288888888805, -7.287333333333046 ], [ 112.83288888888805, -7.287555555555268 ], [ 112.83244444444361, -7.287555555555268 ], [ 112.83244444444361, -7.287333333333046 ], [ 112.831999999999169, -7.287333333333046 ], [ 112.831999999999169, -7.287111111110824 ] ] ] } },
{ "type": "Feature", "properties": { "PXLVAL": 1 }, "geometry": { "type": "Polygon", "coordinates": [ [ [ 112.826444444443624, -7.287333333333046 ], [ 112.826666666665844, -7.287333333333046 ], [ 112.826666666665844, -7.287555555555268 ], [ 112.826888888888064, -7.287555555555268 ], [ 112.826888888888064, -7.28777777777749 ], [ 112.826666666665844, -7.28777777777749 ], [ 112.826666666665844, -7.287999999999712 ], [ 112.826888888888064, -7.287999999999712 ], [ 112.826888888888064, -7.288222222221934 ], [ 112.826444444443624, -7.288222222221934 ], [ 112.826444444443624, -7.287333333333046 ] ] ] } },
{ "type": "Feature", "properties": { "PXLVAL": 1 }, "geometry": { "type": "Polygon", "coordinates": [ [ [ 112.83822222222139, -7.287333333333046 ], [ 112.83866666666583, -7.287333333333046 ], [ 112.83866666666583, -7.287555555555268 ], [ 112.83822222222139, -7.287555555555268 ], [ 112.83822222222139, -7.287333333333046 ] ] ] } },
{ "type": "Feature", "properties": { "PXLVAL": 1 }, "geometry": { "type": "Polygon", "coordinates": [ [ [ 112.825111111110289, -7.287555555555268 ], [ 112.825333333332509, -7.287555555555268 ], [ 112.825333333332509, -7.28777777777749 ], [ 112.825111111110289, -7.28777777777749 ], [ 112.825111111110289, -7.287555555555268 ] ] ] } },
{ "type": "Feature", "properties": { "PXLVAL": 1 }, "geometry": { "type": "Polygon", "coordinates": [ [ [ 112.828444444443619, -7.287555555555268 ], [ 112.828666666665839, -7.287555555555268 ], [ 112.828666666665839, -7.28777777777749 ], [ 112.829333333332499, -7.28777777777749 ], [ 112.829333333332499, -7.288222222221934 ], [ 112.828666666665839, -7.288222222221934 ], [ 112.828666666665839, -7.287999999999712 ], [ 112.828444444443619, -7.287999999999712 ], [ 112.828444444443619, -7.287555555555268 ] ] ] } },
{ "type": "Feature", "properties": { "PXLVAL": 1 }, "geometry": { "type": "Polygon", "coordinates": [ [ [ 112.83866666666583, -7.287555555555268 ], [ 112.83888888888805, -7.287555555555268 ], [ 112.83888888888805, -7.28777777777749 ], [ 112.83911111111027, -7.28777777777749 ], [ 112.83911111111027, -7.287999999999712 ], [ 112.83888888888805, -7.287999999999712 ], [ 112.83888888888805, -7.288222222221934 ], [ 112.83866666666583, -7.288222222221934 ], [ 112.83866666666583, -7.287555555555268 ] ] ] } },
{ "type": "Feature", "properties": { "PXLVAL": 1 }, "geometry": { "type": "Polygon", "coordinates": [ [ [ 112.83244444444361, -7.287999999999712 ], [ 112.833111111110284, -7.287999999999712 ], [ 112.833111111110284, -7.288444444444156 ], [ 112.83244444444361, -7.288444444444156 ], [ 112.83244444444361, -7.287999999999712 ] ] ] } },
{ "type": "Feature", "properties": { "PXLVAL": 1 }, "geometry": { "type": "Polygon", "coordinates": [ [ [ 112.836444444443615, -7.287999999999712 ], [ 112.837111111110275, -7.287999999999712 ], [ 112.837111111110275, -7.288222222221934 ], [ 112.836888888888055, -7.288222222221934 ], [ 112.836888888888055, -7.288444444444156 ], [ 112.836444444443615, -7.288444444444156 ], [ 112.836444444443615, -7.287999999999712 ] ] ] } },
{ "type": "Feature", "properties": { "PXLVAL": 1 }, "geometry": { "type": "Polygon", "coordinates": [ [ [ 112.819777777776963, -7.28777777777749 ], [ 112.820222222221403, -7.28777777777749 ], [ 112.820222222221403, -7.288444444444156 ], [ 112.819555555554743, -7.288444444444156 ], [ 112.819555555554743, -7.288666666666378 ], [ 112.819333333332509, -7.288666666666378 ], [ 112.819333333332509, -7.288222222221934 ], [ 112.819555555554743, -7.288222222221934 ], [ 112.819555555554743, -7.287999999999712 ], [ 112.819777777776963, -7.287999999999712 ], [ 112.819777777776963, -7.28777777777749 ] ] ] } },
{ "type": "Feature", "properties": { "PXLVAL": 1 }, "geometry": { "type": "Polygon", "coordinates": [ [ [ 112.826666666665844, -7.288444444444156 ], [ 112.826888888888064, -7.288444444444156 ], [ 112.826888888888064, -7.288666666666378 ], [ 112.826666666665844, -7.288666666666378 ], [ 112.826666666665844, -7.288444444444156 ] ] ] } },
{ "type": "Feature", "properties": { "PXLVAL": 1 }, "geometry": { "type": "Polygon", "coordinates": [ [ [ 112.830222222221394, -7.288666666666378 ], [ 112.830444444443614, -7.288666666666378 ], [ 112.830444444443614, -7.2888888888886 ], [ 112.830666666665834, -7.2888888888886 ], [ 112.830666666665834, -7.289111111110822 ], [ 112.829999999999174, -7.289111111110822 ], [ 112.829999999999174, -7.2888888888886 ], [ 112.830222222221394, -7.2888888888886 ], [ 112.830222222221394, -7.288666666666378 ] ] ] } },
{ "type": "Feature", "properties": { "PXLVAL": 1 }, "geometry": { "type": "Polygon", "coordinates": [ [ [ 112.826222222221389, -7.288222222221934 ], [ 112.826444444443624, -7.288222222221934 ], [ 112.826444444443624, -7.288666666666378 ], [ 112.826666666665844, -7.288666666666378 ], [ 112.826666666665844, -7.289333333333044 ], [ 112.826222222221389, -7.289333333333044 ], [ 112.826222222221389, -7.288222222221934 ] ] ] } },
{ "type": "Feature", "properties": { "PXLVAL": 1 }, "geometry": { "type": "Polygon", "coordinates": [ [ [ 112.828444444443619, -7.288666666666378 ], [ 112.828666666665839, -7.288666666666378 ], [ 112.828666666665839, -7.2888888888886 ], [ 112.828888888888059, -7.2888888888886 ], [ 112.828888888888059, -7.289111111110822 ], [ 112.829111111110279, -7.289111111110822 ], [ 112.829111111110279, -7.289555555555266 ], [ 112.828888888888059, -7.289555555555266 ], [ 112.828888888888059, -7.289333333333044 ], [ 112.828666666665839, -7.289333333333044 ], [ 112.828666666665839, -7.289111111110822 ], [ 112.828444444443619, -7.289111111110822 ], [ 112.828444444443619, -7.288666666666378 ] ] ] } },
{ "type": "Feature", "properties": { "PXLVAL": 1 }, "geometry": { "type": "Polygon", "coordinates": [ [ [ 112.83222222222139, -7.288666666666378 ], [ 112.83244444444361, -7.288666666666378 ], [ 112.83244444444361, -7.2888888888886 ], [ 112.83266666666583, -7.2888888888886 ], [ 112.83266666666583, -7.289111111110822 ], [ 112.833333333332504, -7.289111111110822 ], [ 112.833333333332504, -7.289555555555266 ], [ 112.83244444444361, -7.289555555555266 ], [ 112.83244444444361, -7.289111111110822 ], [ 112.83222222222139, -7.289111111110822 ], [ 112.83222222222139, -7.288666666666378 ] ] ] } },
{ "type": "Feature", "properties": { "PXLVAL": 1 }, "geometry": { "type": "Polygon", "coordinates": [ [ [ 112.844444444443596, -7.288666666666378 ], [ 112.844666666665816, -7.288666666666378 ], [ 112.844666666665816, -7.289333333333044 ], [ 112.844444444443596, -7.289333333333044 ], [ 112.844444444443596, -7.288666666666378 ] ] ] } },
{ "type": "Feature", "properties": { "PXLVAL": 1 }, "geometry": { "type": "Polygon", "coordinates": [ [ [ 112.825111111110289, -7.289333333333044 ], [ 112.825333333332509, -7.289333333333044 ], [ 112.825333333332509, -7.28999999999971 ], [ 112.825111111110289, -7.28999999999971 ], [ 112.825111111110289, -7.289333333333044 ] ] ] } },
{ "type": "Feature", "properties": { "PXLVAL": 1 }, "geometry": { "type": "Polygon", "coordinates": [ [ [ 112.816666666665853, -7.288222222221934 ], [ 112.817111111110293, -7.288222222221934 ], [ 112.817111111110293, -7.289111111110822 ], [ 112.816666666665853, -7.289111111110822 ], [ 112.816666666665853, -7.289333333333044 ], [ 112.817111111110293, -7.289333333333044 ], [ 112.817111111110293, -7.290222222221932 ], [ 112.816666666665853, -7.290222222221932 ], [ 112.816666666665853, -7.290666666666376 ], [ 112.815999999999178, -7.290666666666376 ], [ 112.815999999999178, -7.289555555555266 ], [ 112.816222222221413, -7.289555555555266 ], [ 112.816222222221413, -7.288444444444156 ], [ 112.816666666665853, -7.288444444444156 ], [ 112.816666666665853, -7.288222222221934 ] ] ] } },
{ "type": "Feature", "properties": { "PXLVAL": 1 }, "geometry": { "type": "Polygon", "coordinates": [ [ [ 112.843999999999156, -7.289555555555266 ], [ 112.844222222221376, -7.289555555555266 ], [ 112.844222222221376, -7.289777777777488 ], [ 112.844444444443596, -7.289777777777488 ], [ 112.844444444443596, -7.28999999999971 ], [ 112.843999999999156, -7.28999999999971 ], [ 112.843999999999156, -7.289555555555266 ] ] ] } },
{ "type": "Feature", "properties": { "PXLVAL": 1 }, "geometry": { "type": "Polygon", "coordinates": [ [ [ 112.828222222221399, -7.289777777777488 ], [ 112.828888888888059, -7.289777777777488 ], [ 112.828888888888059, -7.28999999999971 ], [ 112.828222222221399, -7.28999999999971 ], [ 112.828222222221399, -7.289777777777488 ] ] ] } },
{ "type": "Feature", "properties": { "PXLVAL": 1 }, "geometry": { "type": "Polygon", "coordinates": [ [ [ 112.834666666665825, -7.28999999999971 ], [ 112.83511111111028, -7.28999999999971 ], [ 112.83511111111028, -7.290222222221932 ], [ 112.834888888888059, -7.290222222221932 ], [ 112.834888888888059, -7.290444444444154 ], [ 112.834666666665825, -7.290444444444154 ], [ 112.834666666665825, -7.28999999999971 ] ] ] } },
{ "type": "Feature", "properties": { "PXLVAL": 1 }, "geometry": { "type": "Polygon", "coordinates": [ [ [ 112.83622222222138, -7.28999999999971 ], [ 112.837555555554715, -7.28999999999971 ], [ 112.837555555554715, -7.290222222221932 ], [ 112.83622222222138, -7.290222222221932 ], [ 112.83622222222138, -7.28999999999971 ] ] ] } },
{ "type": "Feature", "properties": { "PXLVAL": 1 }, "geometry": { "type": "Polygon", "coordinates": [ [ [ 112.84511111111027, -7.28999999999971 ], [ 112.845777777776931, -7.28999999999971 ], [ 112.845777777776931, -7.290444444444154 ], [ 112.845333333332491, -7.290444444444154 ], [ 112.845333333332491, -7.290222222221932 ], [ 112.84511111111027, -7.290222222221932 ], [ 112.84511111111027, -7.28999999999971 ] ] ] } },
{ "type": "Feature", "properties": { "PXLVAL": 1 }, "geometry": { "type": "Polygon", "coordinates": [ [ [ 112.825999999999169, -7.289555555555266 ], [ 112.826444444443624, -7.289555555555266 ], [ 112.826444444443624, -7.290444444444154 ], [ 112.826222222221389, -7.290444444444154 ], [ 112.826222222221389, -7.290666666666376 ], [ 112.825999999999169, -7.290666666666376 ], [ 112.825999999999169, -7.290888888888598 ], [ 112.825777777776949, -7.290888888888598 ], [ 112.825777777776949, -7.290222222221932 ], [ 112.826222222221389, -7.290222222221932 ], [ 112.826222222221389, -7.28999999999971 ], [ 112.825999999999169, -7.28999999999971 ], [ 112.825999999999169, -7.289555555555266 ] ] ] } },
{ "type": "Feature", "properties": { "PXLVAL": 1 }, "geometry": { "type": "Polygon", "coordinates": [ [ [ 112.83244444444361, -7.290222222221932 ], [ 112.83266666666583, -7.290222222221932 ], [ 112.83266666666583, -7.290444444444154 ], [ 112.83244444444361, -7.290444444444154 ], [ 112.83244444444361, -7.290222222221932 ] ] ] } },
{ "type": "Feature", "properties": { "PXLVAL": 1 }, "geometry": { "type": "Polygon", "coordinates": [ [ [ 112.843777777776936, -7.290444444444154 ], [ 112.84511111111027, -7.290444444444154 ], [ 112.84511111111027, -7.290666666666376 ], [ 112.844222222221376, -7.290666666666376 ], [ 112.844222222221376, -7.290888888888598 ], [ 112.843777777776936, -7.290888888888598 ], [ 112.843777777776936, -7.290444444444154 ] ] ] } },
{ "type": "Feature", "properties": { "PXLVAL": 1 }, "geometry": { "type": "Polygon", "coordinates": [ [ [ 112.842444444443601, -7.290666666666376 ], [ 112.843111111110261, -7.290666666666376 ], [ 112.843111111110261, -7.290888888888598 ], [ 112.842444444443601, -7.290888888888598 ], [ 112.842444444443601, -7.290666666666376 ] ] ] } },
{ "type": "Feature", "properties": { "PXLVAL": 1 }, "geometry": { "type": "Polygon", "coordinates": [ [ [ 112.831777777776949, -7.283999999999716 ], [ 112.831999999999169, -7.283999999999716 ], [ 112.831999999999169, -7.284888888888604 ], [ 112.83222222222139, -7.284888888888604 ], [ 112.83222222222139, -7.285111111110826 ], [ 112.831999999999169, -7.285111111110826 ], [ 112.831999999999169, -7.28555555555527 ], [ 112.831777777776949, -7.28555555555527 ], [ 112.831777777776949, -7.285777777777492 ], [ 112.831999999999169, -7.285777777777492 ], [ 112.831999999999169, -7.285999999999714 ], [ 112.83222222222139, -7.285999999999714 ], [ 112.83222222222139, -7.286222222221936 ], [ 112.831999999999169, -7.286222222221936 ], [ 112.831999999999169, -7.286444444444158 ], [ 112.831555555554729, -7.286444444444158 ], [ 112.831555555554729, -7.28666666666638 ], [ 112.831777777776949, -7.28666666666638 ], [ 112.831777777776949, -7.28777777777749 ], [ 112.831555555554729, -7.28777777777749 ], [ 112.831555555554729, -7.288222222221934 ], [ 112.831777777776949, -7.288222222221934 ], [ 112.831777777776949, -7.289111111110822 ], [ 112.83222222222139, -7.289111111110822 ], [ 112.83222222222139, -7.289333333333044 ], [ 112.831777777776949, -7.289333333333044 ], [ 112.831777777776949, -7.289777777777488 ], [ 112.831555555554729, -7.289777777777488 ], [ 112.831555555554729, -7.290222222221932 ], [ 112.831777777776949, -7.290222222221932 ], [ 112.831777777776949, -7.290666666666376 ], [ 112.831555555554729, -7.290666666666376 ], [ 112.831555555554729, -7.290888888888598 ], [ 112.831333333332509, -7.290888888888598 ], [ 112.831333333332509, -7.29111111111082 ], [ 112.831111111110275, -7.29111111111082 ], [ 112.831111111110275, -7.2888888888886 ], [ 112.830888888888055, -7.2888888888886 ], [ 112.830888888888055, -7.288222222221934 ], [ 112.831333333332509, -7.288222222221934 ], [ 112.831333333332509, -7.285999999999714 ], [ 112.831555555554729, -7.285999999999714 ], [ 112.831555555554729, -7.284222222221938 ], [ 112.831777777776949, -7.284222222221938 ], [ 112.831777777776949, -7.283999999999716 ] ] ] } },
{ "type": "Feature", "properties": { "PXLVAL": 1 }, "geometry": { "type": "Polygon", "coordinates": [ [ [ 112.825555555554729, -7.2777777777775 ], [ 112.825999999999169, -7.2777777777775 ], [ 112.825999999999169, -7.278222222221944 ], [ 112.825777777776949, -7.278222222221944 ], [ 112.825777777776949, -7.278666666666388 ], [ 112.825999999999169, -7.278666666666388 ], [ 112.825999999999169, -7.279111111110832 ], [ 112.826222222221389, -7.279111111110832 ], [ 112.826222222221389, -7.279777777777498 ], [ 112.825555555554729, -7.279777777777498 ], [ 112.825555555554729, -7.27999999999972 ], [ 112.825777777776949, -7.27999999999972 ], [ 112.825777777776949, -7.280222222221942 ], [ 112.825999999999169, -7.280222222221942 ], [ 112.825999999999169, -7.280666666666386 ], [ 112.825777777776949, -7.280666666666386 ], [ 112.825777777776949, -7.280444444444164 ], [ 112.825555555554729, -7.280444444444164 ], [ 112.825555555554729, -7.281333333333052 ], [ 112.825777777776949, -7.281333333333052 ], [ 112.825777777776949, -7.281999999999718 ], [ 112.825999999999169, -7.281999999999718 ], [ 112.825999999999169, -7.282444444444162 ], [ 112.826666666665844, -7.282444444444162 ], [ 112.826666666665844, -7.283111111110828 ], [ 112.826888888888064, -7.283111111110828 ], [ 112.826888888888064, -7.28333333333305 ], [ 112.827111111110284, -7.28333333333305 ], [ 112.827111111110284, -7.283555555555272 ], [ 112.827333333332504, -7.283555555555272 ], [ 112.827333333332504, -7.283999999999716 ], [ 112.826666666665844, -7.283999999999716 ], [ 112.826666666665844, -7.283777777777494 ], [ 112.826444444443624, -7.283777777777494 ], [ 112.826444444443624, -7.28333333333305 ], [ 112.825111111110289, -7.28333333333305 ], [ 112.825111111110289, -7.283555555555272 ], [ 112.824888888888069, -7.283555555555272 ], [ 112.824888888888069, -7.283777777777494 ], [ 112.824666666665848, -7.283777777777494 ], [ 112.824666666665848, -7.28444444444416 ], [ 112.825111111110289, -7.28444444444416 ], [ 112.825111111110289, -7.285111111110826 ], [ 112.824666666665848, -7.285111111110826 ], [ 112.824666666665848, -7.284666666666382 ], [ 112.824444444443614, -7.284666666666382 ], [ 112.824444444443614, -7.284888888888604 ], [ 112.824222222221394, -7.284888888888604 ], [ 112.824222222221394, -7.285111111110826 ], [ 112.823777777776954, -7.285111111110826 ], [ 112.823777777776954, -7.28555555555527 ], [ 112.824222222221394, -7.28555555555527 ], [ 112.824222222221394, -7.285777777777492 ], [ 112.823555555554734, -7.285777777777492 ], [ 112.823555555554734, -7.286222222221936 ], [ 112.823999999999174, -7.286222222221936 ], [ 112.823999999999174, -7.28666666666638 ], [ 112.823777777776954, -7.28666666666638 ], [ 112.823777777776954, -7.286444444444158 ], [ 112.823333333332513, -7.286444444444158 ], [ 112.823333333332513, -7.28666666666638 ], [ 112.822666666665839, -7.28666666666638 ], [ 112.822666666665839, -7.287111111110824 ], [ 112.822888888888059, -7.287111111110824 ], [ 112.822888888888059, -7.286888888888602 ], [ 112.823111111110293, -7.286888888888602 ], [ 112.823111111110293, -7.287111111110824 ], [ 112.823333333332513, -7.287111111110824 ], [ 112.823333333332513, -7.287555555555268 ], [ 112.823999999999174, -7.287555555555268 ], [ 112.823999999999174, -7.286888888888602 ], [ 112.824222222221394, -7.286888888888602 ], [ 112.824222222221394, -7.287111111110824 ], [ 112.824666666665848, -7.287111111110824 ], [ 112.824666666665848, -7.287333333333046 ], [ 112.824444444443614, -7.287333333333046 ], [ 112.824444444443614, -7.287555555555268 ], [ 112.824666666665848, -7.287555555555268 ], [ 112.824666666665848, -7.28777777777749 ], [ 112.824444444443614, -7.28777777777749 ], [ 112.824444444443614, -7.288666666666378 ], [ 112.824666666665848, -7.288666666666378 ], [ 112.824666666665848, -7.288444444444156 ], [ 112.825111111110289, -7.288444444444156 ], [ 112.825111111110289, -7.287999999999712 ], [ 112.825555555554729, -7.287999999999712 ], [ 112.825555555554729, -7.2888888888886 ], [ 112.825111111110289, -7.2888888888886 ], [ 112.825111111110289, -7.289111111110822 ], [ 112.824888888888069, -7.289111111110822 ], [ 112.824888888888069, -7.289777777777488 ], [ 112.824666666665848, -7.289777777777488 ], [ 112.824666666665848, -7.28999999999971 ], [ 112.824444444443614, -7.28999999999971 ], [ 112.824444444443614, -7.289333333333044 ], [ 112.824666666665848, -7.289333333333044 ], [ 112.824666666665848, -7.2888888888886 ], [ 112.823999999999174, -7.2888888888886 ], [ 112.823999999999174, -7.288666666666378 ], [ 112.823777777776954, -7.288666666666378 ], [ 112.823777777776954, -7.289333333333044 ], [ 112.824222222221394, -7.289333333333044 ], [ 112.824222222221394, -7.289555555555266 ], [ 112.823999999999174, -7.289555555555266 ], [ 112.823999999999174, -7.289777777777488 ], [ 112.824222222221394, -7.289777777777488 ], [ 112.824222222221394, -7.28999999999971 ], [ 112.823999999999174, -7.28999999999971 ], [ 112.823999999999174, -7.290666666666376 ], [ 112.822888888888059, -7.290666666666376 ], [ 112.822888888888059, -7.290444444444154 ], [ 112.822666666665839, -7.290444444444154 ], [ 112.822666666665839, -7.290666666666376 ], [ 112.821777777776958, -7.290666666666376 ], [ 112.821777777776958, -7.290222222221932 ], [ 112.822888888888059, -7.290222222221932 ], [ 112.822888888888059, -7.28999999999971 ], [ 112.822444444443619, -7.28999999999971 ], [ 112.822444444443619, -7.289555555555266 ], [ 112.823111111110293, -7.289555555555266 ], [ 112.823111111110293, -7.289333333333044 ], [ 112.823333333332513, -7.289333333333044 ], [ 112.823333333332513, -7.289111111110822 ], [ 112.823111111110293, -7.289111111110822 ], [ 112.823111111110293, -7.288666666666378 ], [ 112.823333333332513, -7.288666666666378 ], [ 112.823333333332513, -7.288222222221934 ], [ 112.823111111110293, -7.288222222221934 ], [ 112.823111111110293, -7.288444444444156 ], [ 112.822888888888059, -7.288444444444156 ], [ 112.822888888888059, -7.288666666666378 ], [ 112.822666666665839, -7.288666666666378 ], [ 112.822666666665839, -7.2888888888886 ], [ 112.822222222221399, -7.2888888888886 ], [ 112.822222222221399, -7.289777777777488 ], [ 112.821555555554738, -7.289777777777488 ], [ 112.821555555554738, -7.290444444444154 ], [ 112.821333333332518, -7.290444444444154 ], [ 112.821333333332518, -7.290222222221932 ], [ 112.820666666665844, -7.290222222221932 ], [ 112.820666666665844, -7.290444444444154 ], [ 112.820444444443623, -7.290444444444154 ], [ 112.820444444443623, -7.290888888888598 ], [ 112.819777777776963, -7.290888888888598 ], [ 112.819777777776963, -7.29111111111082 ], [ 112.819333333332509, -7.29111111111082 ], [ 112.819333333332509, -7.290444444444154 ], [ 112.819111111110288, -7.290444444444154 ], [ 112.819111111110288, -7.290222222221932 ], [ 112.819555555554743, -7.290222222221932 ], [ 112.819555555554743, -7.289555555555266 ], [ 112.819777777776963, -7.289555555555266 ], [ 112.819777777776963, -7.2888888888886 ], [ 112.820222222221403, -7.2888888888886 ], [ 112.820222222221403, -7.288666666666378 ], [ 112.820444444443623, -7.288666666666378 ], [ 112.820444444443623, -7.288444444444156 ], [ 112.820666666665844, -7.288444444444156 ], [ 112.820666666665844, -7.288222222221934 ], [ 112.820888888888064, -7.288222222221934 ], [ 112.820888888888064, -7.287999999999712 ], [ 112.821333333332518, -7.287999999999712 ], [ 112.821333333332518, -7.287555555555268 ], [ 112.820888888888064, -7.287555555555268 ], [ 112.820888888888064, -7.28777777777749 ], [ 112.820666666665844, -7.28777777777749 ], [ 112.820666666665844, -7.287555555555268 ], [ 112.820444444443623, -7.287555555555268 ], [ 112.820444444443623, -7.287333333333046 ], [ 112.820666666665844, -7.287333333333046 ], [ 112.820666666665844, -7.286888888888602 ], [ 112.820888888888064, -7.286888888888602 ], [ 112.820888888888064, -7.287111111110824 ], [ 112.821555555554738, -7.287111111110824 ], [ 112.821555555554738, -7.286888888888602 ], [ 112.821777777776958, -7.286888888888602 ], [ 112.821777777776958, -7.286444444444158 ], [ 112.821555555554738, -7.286444444444158 ], [ 112.821555555554738, -7.286222222221936 ], [ 112.821999999999178, -7.286222222221936 ], [ 112.821999999999178, -7.285777777777492 ], [ 112.821777777776958, -7.285777777777492 ], [ 112.821777777776958, -7.28555555555527 ], [ 112.821555555554738, -7.28555555555527 ], [ 112.821555555554738, -7.285333333333048 ], [ 112.820666666665844, -7.285333333333048 ], [ 112.820666666665844, -7.284888888888604 ], [ 112.819999999999183, -7.284888888888604 ], [ 112.819999999999183, -7.28444444444416 ], [ 112.820222222221403, -7.28444444444416 ], [ 112.820222222221403, -7.284222222221938 ], [ 112.820888888888064, -7.284222222221938 ], [ 112.820888888888064, -7.283999999999716 ], [ 112.821111111110284, -7.283999999999716 ], [ 112.821111111110284, -7.283777777777494 ], [ 112.821555555554738, -7.283777777777494 ], [ 112.821555555554738, -7.282444444444162 ], [ 112.821777777776958, -7.282444444444162 ], [ 112.821777777776958, -7.281555555555274 ], [ 112.822666666665839, -7.281555555555274 ], [ 112.822666666665839, -7.281777777777496 ], [ 112.822444444443619, -7.281777777777496 ], [ 112.822444444443619, -7.281999999999718 ], [ 112.822222222221399, -7.281999999999718 ], [ 112.822222222221399, -7.28444444444416 ], [ 112.823555555554734, -7.28444444444416 ], [ 112.823555555554734, -7.283999999999716 ], [ 112.823777777776954, -7.283999999999716 ], [ 112.823777777776954, -7.283777777777494 ], [ 112.823999999999174, -7.283777777777494 ], [ 112.823999999999174, -7.28333333333305 ], [ 112.824222222221394, -7.28333333333305 ], [ 112.824222222221394, -7.283111111110828 ], [ 112.824444444443614, -7.283111111110828 ], [ 112.824444444443614, -7.282888888888606 ], [ 112.824222222221394, -7.282888888888606 ], [ 112.824222222221394, -7.282666666666384 ], [ 112.824666666665848, -7.282666666666384 ], [ 112.824666666665848, -7.282888888888606 ], [ 112.824888888888069, -7.282888888888606 ], [ 112.824888888888069, -7.282666666666384 ], [ 112.825111111110289, -7.282666666666384 ], [ 112.825111111110289, -7.28222222222194 ], [ 112.824888888888069, -7.28222222222194 ], [ 112.824888888888069, -7.281333333333052 ], [ 112.824222222221394, -7.281333333333052 ], [ 112.824222222221394, -7.28111111111083 ], [ 112.823999999999174, -7.28111111111083 ], [ 112.823999999999174, -7.280888888888608 ], [ 112.824222222221394, -7.280888888888608 ], [ 112.824222222221394, -7.280444444444164 ], [ 112.823999999999174, -7.280444444444164 ], [ 112.823999999999174, -7.280222222221942 ], [ 112.824222222221394, -7.280222222221942 ], [ 112.824222222221394, -7.27999999999972 ], [ 112.824888888888069, -7.27999999999972 ], [ 112.824888888888069, -7.280666666666386 ], [ 112.825333333332509, -7.280666666666386 ], [ 112.825333333332509, -7.27999999999972 ], [ 112.825111111110289, -7.27999999999972 ], [ 112.825111111110289, -7.279111111110832 ], [ 112.825333333332509, -7.279111111110832 ], [ 112.825333333332509, -7.278444444444166 ], [ 112.825111111110289, -7.278444444444166 ], [ 112.825111111110289, -7.278222222221944 ], [ 112.825333333332509, -7.278222222221944 ], [ 112.825333333332509, -7.277999999999722 ], [ 112.825555555554729, -7.277999999999722 ], [ 112.825555555554729, -7.2777777777775 ] ], [ [ 112.823111111110293, -7.289555555555266 ], [ 112.823111111110293, -7.289777777777488 ], [ 112.823555555554734, -7.289777777777488 ], [ 112.823555555554734, -7.289555555555266 ], [ 112.823111111110293, -7.289555555555266 ] ], [ [ 112.823333333332513, -7.28999999999971 ], [ 112.823333333332513, -7.290222222221932 ], [ 112.823777777776954, -7.290222222221932 ], [ 112.823777777776954, -7.28999999999971 ], [ 112.823333333332513, -7.28999999999971 ] ] ] } },
{ "type": "Feature", "properties": { "PXLVAL": 1 }, "geometry": { "type": "Polygon", "coordinates": [ [ [ 112.829999999999174, -7.289777777777488 ], [ 112.830888888888055, -7.289777777777488 ], [ 112.830888888888055, -7.28999999999971 ], [ 112.830444444443614, -7.28999999999971 ], [ 112.830444444443614, -7.290222222221932 ], [ 112.830222222221394, -7.290222222221932 ], [ 112.830222222221394, -7.290444444444154 ], [ 112.830444444443614, -7.290444444444154 ], [ 112.830444444443614, -7.290666666666376 ], [ 112.830222222221394, -7.290666666666376 ], [ 112.830222222221394, -7.291333333333042 ], [ 112.829999999999174, -7.291333333333042 ], [ 112.829999999999174, -7.29111111111082 ], [ 112.829777777776954, -7.29111111111082 ], [ 112.829777777776954, -7.290666666666376 ], [ 112.82955555555472, -7.290666666666376 ], [ 112.82955555555472, -7.290222222221932 ], [ 112.829777777776954, -7.290222222221932 ], [ 112.829777777776954, -7.28999999999971 ], [ 112.829999999999174, -7.28999999999971 ], [ 112.829999999999174, -7.289777777777488 ] ] ] } },
{ "type": "Feature", "properties": { "PXLVAL": 1 }, "geometry": { "type": "Polygon", "coordinates": [ [ [ 112.83577777777694, -7.290222222221932 ], [ 112.83599999999916, -7.290222222221932 ], [ 112.83599999999916, -7.290666666666376 ], [ 112.83622222222138, -7.290666666666376 ], [ 112.83622222222138, -7.29111111111082 ], [ 112.83577777777694, -7.29111111111082 ], [ 112.83577777777694, -7.290222222221932 ] ] ] } },
{ "type": "Feature", "properties": { "PXLVAL": 1 }, "geometry": { "type": "Polygon", "coordinates": [ [ [ 112.820888888888064, -7.290444444444154 ], [ 112.821333333332518, -7.290444444444154 ], [ 112.821333333332518, -7.290666666666376 ], [ 112.821555555554738, -7.290666666666376 ], [ 112.821555555554738, -7.290888888888598 ], [ 112.821777777776958, -7.290888888888598 ], [ 112.821777777776958, -7.29111111111082 ], [ 112.822222222221399, -7.29111111111082 ], [ 112.822222222221399, -7.291333333333042 ], [ 112.821555555554738, -7.291333333333042 ], [ 112.821555555554738, -7.29111111111082 ], [ 112.821111111110284, -7.29111111111082 ], [ 112.821111111110284, -7.290888888888598 ], [ 112.820888888888064, -7.290888888888598 ], [ 112.820888888888064, -7.290444444444154 ] ] ] } },
{ "type": "Feature", "properties": { "PXLVAL": 1 }, "geometry": { "type": "Polygon", "coordinates": [ [ [ 112.826888888888064, -7.290666666666376 ], [ 112.827333333332504, -7.290666666666376 ], [ 112.827333333332504, -7.29111111111082 ], [ 112.827111111110284, -7.29111111111082 ], [ 112.827111111110284, -7.290888888888598 ], [ 112.826888888888064, -7.290888888888598 ], [ 112.826888888888064, -7.290666666666376 ] ] ] } },
{ "type": "Feature", "properties": { "PXLVAL": 1 }, "geometry": { "type": "Polygon", "coordinates": [ [ [ 112.83911111111027, -7.290666666666376 ], [ 112.839555555554711, -7.290666666666376 ], [ 112.839555555554711, -7.29111111111082 ], [ 112.83933333333249, -7.29111111111082 ], [ 112.83933333333249, -7.290888888888598 ], [ 112.83911111111027, -7.290888888888598 ], [ 112.83911111111027, -7.290666666666376 ] ] ] } },
{ "type": "Feature", "properties": { "PXLVAL": 1 }, "geometry": { "type": "Polygon", "coordinates": [ [ [ 112.839777777776945, -7.290666666666376 ], [ 112.839999999999165, -7.290666666666376 ], [ 112.839999999999165, -7.290888888888598 ], [ 112.840444444443605, -7.290888888888598 ], [ 112.840444444443605, -7.29111111111082 ], [ 112.839999999999165, -7.29111111111082 ], [ 112.839999999999165, -7.291333333333042 ], [ 112.839777777776945, -7.291333333333042 ], [ 112.839777777776945, -7.290666666666376 ] ] ] } },
{ "type": "Feature", "properties": { "PXLVAL": 1 }, "geometry": { "type": "Polygon", "coordinates": [ [ [ 112.824444444443614, -7.290666666666376 ], [ 112.825111111110289, -7.290666666666376 ], [ 112.825111111110289, -7.290888888888598 ], [ 112.824888888888069, -7.290888888888598 ], [ 112.824888888888069, -7.29111111111082 ], [ 112.824666666665848, -7.29111111111082 ], [ 112.824666666665848, -7.291333333333042 ], [ 112.824444444443614, -7.291333333333042 ], [ 112.824444444443614, -7.29111111111082 ], [ 112.824222222221394, -7.29111111111082 ], [ 112.824222222221394, -7.290888888888598 ], [ 112.824444444443614, -7.290888888888598 ], [ 112.824444444443614, -7.290666666666376 ] ] ] } },
{ "type": "Feature", "properties": { "PXLVAL": 1 }, "geometry": { "type": "Polygon", "coordinates": [ [ [ 112.83222222222139, -7.290888888888598 ], [ 112.83244444444361, -7.290888888888598 ], [ 112.83244444444361, -7.29111111111082 ], [ 112.83222222222139, -7.29111111111082 ], [ 112.83222222222139, -7.290888888888598 ] ] ] } },
{ "type": "Feature", "properties": { "PXLVAL": 1 }, "geometry": { "type": "Polygon", "coordinates": [ [ [ 112.823333333332513, -7.290888888888598 ], [ 112.823555555554734, -7.290888888888598 ], [ 112.823555555554734, -7.29111111111082 ], [ 112.823777777776954, -7.29111111111082 ], [ 112.823777777776954, -7.291333333333042 ], [ 112.823111111110293, -7.291333333333042 ], [ 112.823111111110293, -7.29111111111082 ], [ 112.823333333332513, -7.29111111111082 ], [ 112.823333333332513, -7.290888888888598 ] ] ] } },
{ "type": "Feature", "properties": { "PXLVAL": 1 }, "geometry": { "type": "Polygon", "coordinates": [ [ [ 112.829333333332499, -7.29111111111082 ], [ 112.829777777776954, -7.29111111111082 ], [ 112.829777777776954, -7.291333333333042 ], [ 112.82955555555472, -7.291333333333042 ], [ 112.82955555555472, -7.291777777777486 ], [ 112.829333333332499, -7.291777777777486 ], [ 112.829333333332499, -7.29111111111082 ] ] ] } },
{ "type": "Feature", "properties": { "PXLVAL": 1 }, "geometry": { "type": "Polygon", "coordinates": [ [ [ 112.836888888888055, -7.29111111111082 ], [ 112.837555555554715, -7.29111111111082 ], [ 112.837555555554715, -7.291333333333042 ], [ 112.836888888888055, -7.291333333333042 ], [ 112.836888888888055, -7.29111111111082 ] ] ] } },
{ "type": "Feature", "properties": { "PXLVAL": 1 }, "geometry": { "type": "Polygon", "coordinates": [ [ [ 112.822666666665839, -7.29111111111082 ], [ 112.822888888888059, -7.29111111111082 ], [ 112.822888888888059, -7.291555555555264 ], [ 112.822444444443619, -7.291555555555264 ], [ 112.822444444443619, -7.291333333333042 ], [ 112.822666666665839, -7.291333333333042 ], [ 112.822666666665839, -7.29111111111082 ] ] ] } },
{ "type": "Feature", "properties": { "PXLVAL": 1 }, "geometry": { "type": "Polygon", "coordinates": [ [ [ 112.833555555554724, -7.291333333333042 ], [ 112.834444444443605, -7.291333333333042 ], [ 112.834444444443605, -7.291555555555264 ], [ 112.833999999999165, -7.291555555555264 ], [ 112.833999999999165, -7.291777777777486 ], [ 112.833777777776945, -7.291777777777486 ], [ 112.833777777776945, -7.291555555555264 ], [ 112.833555555554724, -7.291555555555264 ], [ 112.833555555554724, -7.291333333333042 ] ] ] } },
{ "type": "Feature", "properties": { "PXLVAL": 1 }, "geometry": { "type": "Polygon", "coordinates": [ [ [ 112.811999999999188, -7.291777777777486 ], [ 112.812222222221408, -7.291777777777486 ], [ 112.812222222221408, -7.29222222222193 ], [ 112.812444444443628, -7.29222222222193 ], [ 112.812444444443628, -7.292444444444152 ], [ 112.812222222221408, -7.292444444444152 ], [ 112.812222222221408, -7.292666666666374 ], [ 112.811999999999188, -7.292666666666374 ], [ 112.811999999999188, -7.291777777777486 ] ] ] } },
{ "type": "Feature", "properties": { "PXLVAL": 1 }, "geometry": { "type": "Polygon", "coordinates": [ [ [ 112.821777777776958, -7.291555555555264 ], [ 112.821999999999178, -7.291555555555264 ], [ 112.821999999999178, -7.291777777777486 ], [ 112.823555555554734, -7.291777777777486 ], [ 112.823555555554734, -7.291999999999708 ], [ 112.824222222221394, -7.291999999999708 ], [ 112.824222222221394, -7.29222222222193 ], [ 112.823999999999174, -7.29222222222193 ], [ 112.823999999999174, -7.292444444444152 ], [ 112.823777777776954, -7.292444444444152 ], [ 112.823777777776954, -7.29222222222193 ], [ 112.823333333332513, -7.29222222222193 ], [ 112.823333333332513, -7.291999999999708 ], [ 112.821999999999178, -7.291999999999708 ], [ 112.821999999999178, -7.29222222222193 ], [ 112.821777777776958, -7.29222222222193 ], [ 112.821777777776958, -7.291999999999708 ], [ 112.821555555554738, -7.291999999999708 ], [ 112.821555555554738, -7.291777777777486 ], [ 112.821777777776958, -7.291777777777486 ], [ 112.821777777776958, -7.291555555555264 ] ] ] } },
{ "type": "Feature", "properties": { "PXLVAL": 1 }, "geometry": { "type": "Polygon", "coordinates": [ [ [ 112.843333333332495, -7.291777777777486 ], [ 112.843777777776936, -7.291777777777486 ], [ 112.843777777776936, -7.29222222222193 ], [ 112.843555555554715, -7.29222222222193 ], [ 112.843555555554715, -7.291999999999708 ], [ 112.843333333332495, -7.291999999999708 ], [ 112.843333333332495, -7.291777777777486 ] ] ] } },
{ "type": "Feature", "properties": { "PXLVAL": 1 }, "geometry": { "type": "Polygon", "coordinates": [ [ [ 112.812888888888082, -7.291999999999708 ], [ 112.813111111110302, -7.291999999999708 ], [ 112.813111111110302, -7.29222222222193 ], [ 112.813333333332523, -7.29222222222193 ], [ 112.813333333332523, -7.292444444444152 ], [ 112.812888888888082, -7.292444444444152 ], [ 112.812888888888082, -7.291999999999708 ] ] ] } },
{ "type": "Feature", "properties": { "PXLVAL": 1 }, "geometry": { "type": "Polygon", "coordinates": [ [ [ 112.833999999999165, -7.291777777777486 ], [ 112.834222222221385, -7.291777777777486 ], [ 112.834222222221385, -7.291999999999708 ], [ 112.834666666665825, -7.291999999999708 ], [ 112.834666666665825, -7.29222222222193 ], [ 112.833555555554724, -7.29222222222193 ], [ 112.833555555554724, -7.292444444444152 ], [ 112.833333333332504, -7.292444444444152 ], [ 112.833333333332504, -7.291999999999708 ], [ 112.833999999999165, -7.291999999999708 ], [ 112.833999999999165, -7.291777777777486 ] ] ] } },
{ "type": "Feature", "properties": { "PXLVAL": 1 }, "geometry": { "type": "Polygon", "coordinates": [ [ [ 112.824444444443614, -7.291555555555264 ], [ 112.824888888888069, -7.291555555555264 ], [ 112.824888888888069, -7.291777777777486 ], [ 112.824666666665848, -7.291777777777486 ], [ 112.824666666665848, -7.292444444444152 ], [ 112.824222222221394, -7.292444444444152 ], [ 112.824222222221394, -7.29222222222193 ], [ 112.824444444443614, -7.29222222222193 ], [ 112.824444444443614, -7.291555555555264 ] ] ] } },
{ "type": "Feature", "properties": { "PXLVAL": 1 }, "geometry": { "type": "Polygon", "coordinates": [ [ [ 112.839555555554711, -7.29222222222193 ], [ 112.839999999999165, -7.29222222222193 ], [ 112.839999999999165, -7.292444444444152 ], [ 112.839777777776945, -7.292444444444152 ], [ 112.839777777776945, -7.292666666666374 ], [ 112.839555555554711, -7.292666666666374 ], [ 112.839555555554711, -7.29222222222193 ] ] ] } },
{ "type": "Feature", "properties": { "PXLVAL": 1 }, "geometry": { "type": "Polygon", "coordinates": [ [ [ 112.840222222221385, -7.292444444444152 ], [ 112.840444444443605, -7.292444444444152 ], [ 112.840444444443605, -7.292666666666374 ], [ 112.840222222221385, -7.292666666666374 ], [ 112.840222222221385, -7.292444444444152 ] ] ] } },
{ "type": "Feature", "properties": { "PXLVAL": 1 }, "geometry": { "type": "Polygon", "coordinates": [ [ [ 112.817999999999188, -7.28999999999971 ], [ 112.818666666665848, -7.28999999999971 ], [ 112.818666666665848, -7.290222222221932 ], [ 112.818444444443628, -7.290222222221932 ], [ 112.818444444443628, -7.290666666666376 ], [ 112.818222222221408, -7.290666666666376 ], [ 112.818222222221408, -7.29111111111082 ], [ 112.819333333332509, -7.29111111111082 ], [ 112.819333333332509, -7.291999999999708 ], [ 112.819555555554743, -7.291999999999708 ], [ 112.819555555554743, -7.291777777777486 ], [ 112.820222222221403, -7.291777777777486 ], [ 112.820222222221403, -7.291999999999708 ], [ 112.819999999999183, -7.291999999999708 ], [ 112.819999999999183, -7.29222222222193 ], [ 112.820222222221403, -7.29222222222193 ], [ 112.820222222221403, -7.292444444444152 ], [ 112.820444444443623, -7.292444444444152 ], [ 112.820444444443623, -7.293111111110818 ], [ 112.819777777776963, -7.293111111110818 ], [ 112.819777777776963, -7.292888888888596 ], [ 112.819333333332509, -7.292888888888596 ], [ 112.819333333332509, -7.292444444444152 ], [ 112.818666666665848, -7.292444444444152 ], [ 112.818666666665848, -7.291333333333042 ], [ 112.818222222221408, -7.291333333333042 ], [ 112.818222222221408, -7.291555555555264 ], [ 112.817999999999188, -7.291555555555264 ], [ 112.817999999999188, -7.291777777777486 ], [ 112.817777777776953, -7.291777777777486 ], [ 112.817777777776953, -7.291999999999708 ], [ 112.817555555554733, -7.291999999999708 ], [ 112.817555555554733, -7.291555555555264 ], [ 112.817333333332513, -7.291555555555264 ], [ 112.817333333332513, -7.291777777777486 ], [ 112.817111111110293, -7.291777777777486 ], [ 112.817111111110293, -7.291999999999708 ], [ 112.816888888888073, -7.291999999999708 ], [ 112.816888888888073, -7.291777777777486 ], [ 112.816666666665853, -7.291777777777486 ], [ 112.816666666665853, -7.291555555555264 ], [ 112.816222222221413, -7.291555555555264 ], [ 112.816222222221413, -7.291333333333042 ], [ 112.816444444443633, -7.291333333333042 ], [ 112.816444444443633, -7.29111111111082 ], [ 112.816222222221413, -7.29111111111082 ], [ 112.816222222221413, -7.290888888888598 ], [ 112.817111111110293, -7.290888888888598 ], [ 112.817111111110293, -7.29111111111082 ], [ 112.817555555554733, -7.29111111111082 ], [ 112.817555555554733, -7.290444444444154 ], [ 112.817777777776953, -7.290444444444154 ], [ 112.817777777776953, -7.290222222221932 ], [ 112.817999999999188, -7.290222222221932 ], [ 112.817999999999188, -7.28999999999971 ] ], [ [ 112.817999999999188, -7.290444444444154 ], [ 112.817999999999188, -7.290666666666376 ], [ 112.818222222221408, -7.290666666666376 ], [ 112.818222222221408, -7.290444444444154 ], [ 112.817999999999188, -7.290444444444154 ] ] ] } },
{ "type": "Feature", "properties": { "PXLVAL": 1 }, "geometry": { "type": "Polygon", "coordinates": [ [ [ 112.820666666665844, -7.291555555555264 ], [ 112.821333333332518, -7.291555555555264 ], [ 112.821333333332518, -7.29222222222193 ], [ 112.820888888888064, -7.29222222222193 ], [ 112.820888888888064, -7.292444444444152 ], [ 112.821111111110284, -7.292444444444152 ], [ 112.821111111110284, -7.292666666666374 ], [ 112.821555555554738, -7.292666666666374 ], [ 112.821555555554738, -7.292444444444152 ], [ 112.821777777776958, -7.292444444444152 ], [ 112.821777777776958, -7.292666666666374 ], [ 112.822444444443619, -7.292666666666374 ], [ 112.822444444443619, -7.292888888888596 ], [ 112.823333333332513, -7.292888888888596 ], [ 112.823333333332513, -7.292666666666374 ], [ 112.823555555554734, -7.292666666666374 ], [ 112.823555555554734, -7.293111111110818 ], [ 112.823333333332513, -7.293111111110818 ], [ 112.823333333332513, -7.29333333333304 ], [ 112.823111111110293, -7.29333333333304 ], [ 112.823111111110293, -7.293111111110818 ], [ 112.821777777776958, -7.293111111110818 ], [ 112.821777777776958, -7.29333333333304 ], [ 112.821555555554738, -7.29333333333304 ], [ 112.821555555554738, -7.292888888888596 ], [ 112.821333333332518, -7.292888888888596 ], [ 112.821333333332518, -7.293111111110818 ], [ 112.821111111110284, -7.293111111110818 ], [ 112.821111111110284, -7.292888888888596 ], [ 112.820666666665844, -7.292888888888596 ], [ 112.820666666665844, -7.291555555555264 ] ] ] } },
{ "type": "Feature", "properties": { "PXLVAL": 1 }, "geometry": { "type": "Polygon", "coordinates": [ [ [ 112.83933333333249, -7.292666666666374 ], [ 112.839555555554711, -7.292666666666374 ], [ 112.839555555554711, -7.292888888888596 ], [ 112.83933333333249, -7.292888888888596 ], [ 112.83933333333249, -7.292666666666374 ] ] ] } },
{ "type": "Feature", "properties": { "PXLVAL": 1 }, "geometry": { "type": "Polygon", "coordinates": [ [ [ 112.844222222221376, -7.292666666666374 ], [ 112.844444444443596, -7.292666666666374 ], [ 112.844444444443596, -7.292888888888596 ], [ 112.844666666665816, -7.292888888888596 ], [ 112.844666666665816, -7.29333333333304 ], [ 112.844222222221376, -7.29333333333304 ], [ 112.844222222221376, -7.292666666666374 ] ] ] } },
{ "type": "Feature", "properties": { "PXLVAL": 1 }, "geometry": { "type": "Polygon", "coordinates": [ [ [ 112.836888888888055, -7.292888888888596 ], [ 112.837555555554715, -7.292888888888596 ], [ 112.837555555554715, -7.293111111110818 ], [ 112.836888888888055, -7.293111111110818 ], [ 112.836888888888055, -7.292888888888596 ] ] ] } },
{ "type": "Feature", "properties": { "PXLVAL": 1 }, "geometry": { "type": "Polygon", "coordinates": [ [ [ 112.823777777776954, -7.293111111110818 ], [ 112.823999999999174, -7.293111111110818 ], [ 112.823999999999174, -7.29333333333304 ], [ 112.823777777776954, -7.29333333333304 ], [ 112.823777777776954, -7.293111111110818 ] ] ] } },
{ "type": "Feature", "properties": { "PXLVAL": 1 }, "geometry": { "type": "Polygon", "coordinates": [ [ [ 112.82955555555472, -7.292666666666374 ], [ 112.830666666665834, -7.292666666666374 ], [ 112.830666666665834, -7.293555555555262 ], [ 112.830444444443614, -7.293555555555262 ], [ 112.830444444443614, -7.29333333333304 ], [ 112.829777777776954, -7.29333333333304 ], [ 112.829777777776954, -7.293777777777484 ], [ 112.829333333332499, -7.293777777777484 ], [ 112.829333333332499, -7.293111111110818 ], [ 112.82955555555472, -7.293111111110818 ], [ 112.82955555555472, -7.292666666666374 ] ] ] } },
{ "type": "Feature", "properties": { "PXLVAL": 1 }, "geometry": { "type": "Polygon", "coordinates": [ [ [ 112.831555555554729, -7.29111111111082 ], [ 112.831777777776949, -7.29111111111082 ], [ 112.831777777776949, -7.292444444444152 ], [ 112.831999999999169, -7.292444444444152 ], [ 112.831999999999169, -7.292888888888596 ], [ 112.83222222222139, -7.292888888888596 ], [ 112.83222222222139, -7.29333333333304 ], [ 112.831999999999169, -7.29333333333304 ], [ 112.831999999999169, -7.293111111110818 ], [ 112.831777777776949, -7.293111111110818 ], [ 112.831777777776949, -7.29333333333304 ], [ 112.831333333332509, -7.29333333333304 ], [ 112.831333333332509, -7.293111111110818 ], [ 112.831555555554729, -7.293111111110818 ], [ 112.831555555554729, -7.29111111111082 ] ] ] } },
{ "type": "Feature", "properties": { "PXLVAL": 1 }, "geometry": { "type": "Polygon", "coordinates": [ [ [ 112.83244444444361, -7.29333333333304 ], [ 112.83266666666583, -7.29333333333304 ], [ 112.83266666666583, -7.293555555555262 ], [ 112.83244444444361, -7.293555555555262 ], [ 112.83244444444361, -7.29333333333304 ] ] ] } },
{ "type": "Feature", "properties": { "PXLVAL": 1 }, "geometry": { "type": "Polygon", "coordinates": [ [ [ 112.827555555554724, -7.293111111110818 ], [ 112.829111111110279, -7.293111111110818 ], [ 112.829111111110279, -7.293555555555262 ], [ 112.828888888888059, -7.293555555555262 ], [ 112.828888888888059, -7.29333333333304 ], [ 112.827777777776944, -7.29333333333304 ], [ 112.827777777776944, -7.293555555555262 ], [ 112.827555555554724, -7.293555555555262 ], [ 112.827555555554724, -7.293777777777484 ], [ 112.826888888888064, -7.293777777777484 ], [ 112.826888888888064, -7.293555555555262 ], [ 112.827333333332504, -7.293555555555262 ], [ 112.827333333332504, -7.29333333333304 ], [ 112.827555555554724, -7.29333333333304 ], [ 112.827555555554724, -7.293111111110818 ] ] ] } },
{ "type": "Feature", "properties": { "PXLVAL": 1 }, "geometry": { "type": "Polygon", "coordinates": [ [ [ 112.834666666665825, -7.293555555555262 ], [ 112.834888888888059, -7.293555555555262 ], [ 112.834888888888059, -7.294222222221928 ], [ 112.834666666665825, -7.294222222221928 ], [ 112.834666666665825, -7.293555555555262 ] ] ] } },
{ "type": "Feature", "properties": { "PXLVAL": 1 }, "geometry": { "type": "Polygon", "coordinates": [ [ [ 112.837777777776935, -7.293777777777484 ], [ 112.83888888888805, -7.293777777777484 ], [ 112.83888888888805, -7.294222222221928 ], [ 112.83866666666583, -7.294222222221928 ], [ 112.83866666666583, -7.29444444444415 ], [ 112.83844444444361, -7.29444444444415 ], [ 112.83844444444361, -7.294222222221928 ], [ 112.837777777776935, -7.294222222221928 ], [ 112.837777777776935, -7.293777777777484 ] ] ] } },
{ "type": "Feature", "properties": { "PXLVAL": 1 }, "geometry": { "type": "Polygon", "coordinates": [ [ [ 112.828444444443619, -7.293777777777484 ], [ 112.829111111110279, -7.293777777777484 ], [ 112.829111111110279, -7.293999999999706 ], [ 112.828888888888059, -7.293999999999706 ], [ 112.828888888888059, -7.294222222221928 ], [ 112.827777777776944, -7.294222222221928 ], [ 112.827777777776944, -7.293999999999706 ], [ 112.828444444443619, -7.293999999999706 ], [ 112.828444444443619, -7.293777777777484 ] ] ] } },
{ "type": "Feature", "properties": { "PXLVAL": 1 }, "geometry": { "type": "Polygon", "coordinates": [ [ [ 112.844222222221376, -7.293999999999706 ], [ 112.844666666665816, -7.293999999999706 ], [ 112.844666666665816, -7.294222222221928 ], [ 112.844444444443596, -7.294222222221928 ], [ 112.844444444443596, -7.294666666666372 ], [ 112.844666666665816, -7.294666666666372 ], [ 112.844666666665816, -7.295111111110816 ], [ 112.844444444443596, -7.295111111110816 ], [ 112.844444444443596, -7.294888888888594 ], [ 112.844222222221376, -7.294888888888594 ], [ 112.844222222221376, -7.294666666666372 ], [ 112.843999999999156, -7.294666666666372 ], [ 112.843999999999156, -7.29444444444415 ], [ 112.844222222221376, -7.29444444444415 ], [ 112.844222222221376, -7.293999999999706 ] ] ] } },
{ "type": "Feature", "properties": { "PXLVAL": 1 }, "geometry": { "type": "Polygon", "coordinates": [ [ [ 112.827333333332504, -7.293999999999706 ], [ 112.827555555554724, -7.293999999999706 ], [ 112.827555555554724, -7.294666666666372 ], [ 112.828666666665839, -7.294666666666372 ], [ 112.828666666665839, -7.294888888888594 ], [ 112.826666666665844, -7.294888888888594 ], [ 112.826666666665844, -7.295111111110816 ], [ 112.826444444443624, -7.295111111110816 ], [ 112.826444444443624, -7.294666666666372 ], [ 112.826666666665844, -7.294666666666372 ], [ 112.826666666665844, -7.294222222221928 ], [ 112.827333333332504, -7.294222222221928 ], [ 112.827333333332504, -7.293999999999706 ] ] ] } },
{ "type": "Feature", "properties": { "PXLVAL": 1 }, "geometry": { "type": "Polygon", "coordinates": [ [ [ 112.844666666665816, -7.295111111110816 ], [ 112.84511111111027, -7.295111111110816 ], [ 112.84511111111027, -7.295777777777482 ], [ 112.84488888888805, -7.295777777777482 ], [ 112.84488888888805, -7.295333333333038 ], [ 112.844666666665816, -7.295333333333038 ], [ 112.844666666665816, -7.295111111110816 ] ] ] } },
{ "type": "Feature", "properties": { "PXLVAL": 1 }, "geometry": { "type": "Polygon", "coordinates": [ [ [ 112.826666666665844, -7.295333333333038 ], [ 112.826888888888064, -7.295333333333038 ], [ 112.826888888888064, -7.29555555555526 ], [ 112.826666666665844, -7.29555555555526 ], [ 112.826666666665844, -7.295333333333038 ] ] ] } },
{ "type": "Feature", "properties": { "PXLVAL": 1 }, "geometry": { "type": "Polygon", "coordinates": [ [ [ 112.837555555554715, -7.295333333333038 ], [ 112.837777777776935, -7.295333333333038 ], [ 112.837777777776935, -7.29555555555526 ], [ 112.837555555554715, -7.29555555555526 ], [ 112.837555555554715, -7.295333333333038 ] ] ] } },
{ "type": "Feature", "properties": { "PXLVAL": 1 }, "geometry": { "type": "Polygon", "coordinates": [ [ [ 112.83844444444361, -7.295333333333038 ], [ 112.83866666666583, -7.295333333333038 ], [ 112.83866666666583, -7.29555555555526 ], [ 112.83888888888805, -7.29555555555526 ], [ 112.83888888888805, -7.295777777777482 ], [ 112.83844444444361, -7.295777777777482 ], [ 112.83844444444361, -7.295333333333038 ] ] ] } },
{ "type": "Feature", "properties": { "PXLVAL": 1 }, "geometry": { "type": "Polygon", "coordinates": [ [ [ 112.826222222221389, -7.29555555555526 ], [ 112.826444444443624, -7.29555555555526 ], [ 112.826444444443624, -7.295777777777482 ], [ 112.826222222221389, -7.295777777777482 ], [ 112.826222222221389, -7.29555555555526 ] ] ] } },
{ "type": "Feature", "properties": { "PXLVAL": 1 }, "geometry": { "type": "Polygon", "coordinates": [ [ [ 112.829111111110279, -7.29555555555526 ], [ 112.82955555555472, -7.29555555555526 ], [ 112.82955555555472, -7.295999999999704 ], [ 112.829333333332499, -7.295999999999704 ], [ 112.829333333332499, -7.295777777777482 ], [ 112.829111111110279, -7.295777777777482 ], [ 112.829111111110279, -7.29555555555526 ] ] ] } },
{ "type": "Feature", "properties": { "PXLVAL": 1 }, "geometry": { "type": "Polygon", "coordinates": [ [ [ 112.836888888888055, -7.295333333333038 ], [ 112.837111111110275, -7.295333333333038 ], [ 112.837111111110275, -7.29555555555526 ], [ 112.837555555554715, -7.29555555555526 ], [ 112.837555555554715, -7.295999999999704 ], [ 112.837333333332495, -7.295999999999704 ], [ 112.837333333332495, -7.295777777777482 ], [ 112.837111111110275, -7.295777777777482 ], [ 112.837111111110275, -7.295999999999704 ], [ 112.836444444443615, -7.295999999999704 ], [ 112.836444444443615, -7.29555555555526 ], [ 112.836666666665835, -7.29555555555526 ], [ 112.836666666665835, -7.295777777777482 ], [ 112.836888888888055, -7.295777777777482 ], [ 112.836888888888055, -7.295333333333038 ] ] ] } },
{ "type": "Feature", "properties": { "PXLVAL": 1 }, "geometry": { "type": "Polygon", "coordinates": [ [ [ 112.845555555554711, -7.295999999999704 ], [ 112.845777777776931, -7.295999999999704 ], [ 112.845777777776931, -7.296222222221926 ], [ 112.845555555554711, -7.296222222221926 ], [ 112.845555555554711, -7.295999999999704 ] ] ] } },
{ "type": "Feature", "properties": { "PXLVAL": 1 }, "geometry": { "type": "Polygon", "coordinates": [ [ [ 112.82955555555472, -7.296222222221926 ], [ 112.829999999999174, -7.296222222221926 ], [ 112.829999999999174, -7.296444444444148 ], [ 112.829777777776954, -7.296444444444148 ], [ 112.829777777776954, -7.29666666666637 ], [ 112.829333333332499, -7.29666666666637 ], [ 112.829333333332499, -7.296888888888592 ], [ 112.828888888888059, -7.296888888888592 ], [ 112.828888888888059, -7.296444444444148 ], [ 112.82955555555472, -7.296444444444148 ], [ 112.82955555555472, -7.296222222221926 ] ] ] } },
{ "type": "Feature", "properties": { "PXLVAL": 1 }, "geometry": { "type": "Polygon", "coordinates": [ [ [ 112.840222222221385, -7.296444444444148 ], [ 112.840888888888045, -7.296444444444148 ], [ 112.840888888888045, -7.296888888888592 ], [ 112.841333333332486, -7.296888888888592 ], [ 112.841333333332486, -7.297111111110814 ], [ 112.840666666665825, -7.297111111110814 ], [ 112.840666666665825, -7.296888888888592 ], [ 112.840222222221385, -7.296888888888592 ], [ 112.840222222221385, -7.296444444444148 ] ] ] } },
{ "type": "Feature", "properties": { "PXLVAL": 1 }, "geometry": { "type": "Polygon", "coordinates": [ [ [ 112.826444444443624, -7.29666666666637 ], [ 112.827555555554724, -7.29666666666637 ], [ 112.827555555554724, -7.296888888888592 ], [ 112.826888888888064, -7.296888888888592 ], [ 112.826888888888064, -7.297111111110814 ], [ 112.826666666665844, -7.297111111110814 ], [ 112.826666666665844, -7.296888888888592 ], [ 112.826444444443624, -7.296888888888592 ], [ 112.826444444443624, -7.29666666666637 ] ] ] } },
{ "type": "Feature", "properties": { "PXLVAL": 1 }, "geometry": { "type": "Polygon", "coordinates": [ [ [ 112.811999999999188, -7.295999999999704 ], [ 112.812444444443628, -7.295999999999704 ], [ 112.812444444443628, -7.296222222221926 ], [ 112.813333333332523, -7.296222222221926 ], [ 112.813333333332523, -7.297333333333036 ], [ 112.812444444443628, -7.297333333333036 ], [ 112.812444444443628, -7.296888888888592 ], [ 112.812666666665848, -7.296888888888592 ], [ 112.812666666665848, -7.296444444444148 ], [ 112.812222222221408, -7.296444444444148 ], [ 112.812222222221408, -7.297111111110814 ], [ 112.811999999999188, -7.297111111110814 ], [ 112.811999999999188, -7.296888888888592 ], [ 112.811777777776967, -7.296888888888592 ], [ 112.811777777776967, -7.29666666666637 ], [ 112.811999999999188, -7.29666666666637 ], [ 112.811999999999188, -7.295999999999704 ] ] ] } },
{ "type": "Feature", "properties": { "PXLVAL": 1 }, "geometry": { "type": "Polygon", "coordinates": [ [ [ 112.83822222222139, -7.29666666666637 ], [ 112.83911111111027, -7.29666666666637 ], [ 112.83911111111027, -7.297111111110814 ], [ 112.837999999999155, -7.297111111110814 ], [ 112.837999999999155, -7.297333333333036 ], [ 112.837333333332495, -7.297333333333036 ], [ 112.837333333332495, -7.296888888888592 ], [ 112.83822222222139, -7.296888888888592 ], [ 112.83822222222139, -7.29666666666637 ] ] ] } },
{ "type": "Feature", "properties": { "PXLVAL": 1 }, "geometry": { "type": "Polygon", "coordinates": [ [ [ 112.829111111110279, -7.297111111110814 ], [ 112.82955555555472, -7.297111111110814 ], [ 112.82955555555472, -7.297333333333036 ], [ 112.829333333332499, -7.297333333333036 ], [ 112.829333333332499, -7.297555555555258 ], [ 112.829111111110279, -7.297555555555258 ], [ 112.829111111110279, -7.297111111110814 ] ] ] } },
{ "type": "Feature", "properties": { "PXLVAL": 1 }, "geometry": { "type": "Polygon", "coordinates": [ [ [ 112.834444444443605, -7.297111111110814 ], [ 112.83511111111028, -7.297111111110814 ], [ 112.83511111111028, -7.297333333333036 ], [ 112.834444444443605, -7.297333333333036 ], [ 112.834444444443605, -7.297111111110814 ] ] ] } },
{ "type": "Feature", "properties": { "PXLVAL": 1 }, "geometry": { "type": "Polygon", "coordinates": [ [ [ 112.830222222221394, -7.297333333333036 ], [ 112.830888888888055, -7.297333333333036 ], [ 112.830888888888055, -7.297555555555258 ], [ 112.830222222221394, -7.297555555555258 ], [ 112.830222222221394, -7.297333333333036 ] ] ] } },
{ "type": "Feature", "properties": { "PXLVAL": 1 }, "geometry": { "type": "Polygon", "coordinates": [ [ [ 112.833333333332504, -7.297333333333036 ], [ 112.833777777776945, -7.297333333333036 ], [ 112.833777777776945, -7.29777777777748 ], [ 112.833555555554724, -7.29777777777748 ], [ 112.833555555554724, -7.297555555555258 ], [ 112.833333333332504, -7.297555555555258 ], [ 112.833333333332504, -7.297333333333036 ] ] ] } },
{ "type": "Feature", "properties": { "PXLVAL": 1 }, "geometry": { "type": "Polygon", "coordinates": [ [ [ 112.83222222222139, -7.297555555555258 ], [ 112.83244444444361, -7.297555555555258 ], [ 112.83244444444361, -7.29777777777748 ], [ 112.83222222222139, -7.29777777777748 ], [ 112.83222222222139, -7.297555555555258 ] ] ] } },
{ "type": "Feature", "properties": { "PXLVAL": 1 }, "geometry": { "type": "Polygon", "coordinates": [ [ [ 112.83844444444361, -7.297555555555258 ], [ 112.83911111111027, -7.297555555555258 ], [ 112.83911111111027, -7.29777777777748 ], [ 112.83866666666583, -7.29777777777748 ], [ 112.83866666666583, -7.297999999999702 ], [ 112.83844444444361, -7.297999999999702 ], [ 112.83844444444361, -7.297555555555258 ] ] ] } },
{ "type": "Feature", "properties": { "PXLVAL": 1 }, "geometry": { "type": "Polygon", "coordinates": [ [ [ 112.83244444444361, -7.29777777777748 ], [ 112.83266666666583, -7.29777777777748 ], [ 112.83266666666583, -7.297999999999702 ], [ 112.83244444444361, -7.297999999999702 ], [ 112.83244444444361, -7.29777777777748 ] ] ] } },
{ "type": "Feature", "properties": { "PXLVAL": 1 }, "geometry": { "type": "Polygon", "coordinates": [ [ [ 112.834444444443605, -7.29777777777748 ], [ 112.834666666665825, -7.29777777777748 ], [ 112.834666666665825, -7.297999999999702 ], [ 112.834444444443605, -7.297999999999702 ], [ 112.834444444443605, -7.29777777777748 ] ] ] } },
{ "type": "Feature", "properties": { "PXLVAL": 1 }, "geometry": { "type": "Polygon", "coordinates": [ [ [ 112.826888888888064, -7.297555555555258 ], [ 112.827777777776944, -7.297555555555258 ], [ 112.827777777776944, -7.29777777777748 ], [ 112.827111111110284, -7.29777777777748 ], [ 112.827111111110284, -7.298444444444146 ], [ 112.826444444443624, -7.298444444444146 ], [ 112.826444444443624, -7.297999999999702 ], [ 112.826666666665844, -7.297999999999702 ], [ 112.826666666665844, -7.29777777777748 ], [ 112.826888888888064, -7.29777777777748 ], [ 112.826888888888064, -7.297555555555258 ] ] ] } },
{ "type": "Feature", "properties": { "PXLVAL": 1 }, "geometry": { "type": "Polygon", "coordinates": [ [ [ 112.839999999999165, -7.297999999999702 ], [ 112.841333333332486, -7.297999999999702 ], [ 112.841333333332486, -7.298222222221924 ], [ 112.839999999999165, -7.298222222221924 ], [ 112.839999999999165, -7.297999999999702 ] ] ] } },
{ "type": "Feature", "properties": { "PXLVAL": 1 }, "geometry": { "type": "Polygon", "coordinates": [ [ [ 112.809333333332518, -7.298222222221924 ], [ 112.809777777776972, -7.298222222221924 ], [ 112.809777777776972, -7.298444444444146 ], [ 112.809555555554752, -7.298444444444146 ], [ 112.809555555554752, -7.298666666666368 ], [ 112.809333333332518, -7.298666666666368 ], [ 112.809333333332518, -7.298222222221924 ] ] ] } },
{ "type": "Feature", "properties": { "PXLVAL": 1 }, "geometry": { "type": "Polygon", "coordinates": [ [ [ 112.834222222221385, -7.298222222221924 ], [ 112.834444444443605, -7.298222222221924 ], [ 112.834444444443605, -7.298444444444146 ], [ 112.834222222221385, -7.298444444444146 ], [ 112.834222222221385, -7.298222222221924 ] ] ] } },
{ "type": "Feature", "properties": { "PXLVAL": 1 }, "geometry": { "type": "Polygon", "coordinates": [ [ [ 112.823777777776954, -7.298222222221924 ], [ 112.823999999999174, -7.298222222221924 ], [ 112.823999999999174, -7.299111111110812 ], [ 112.823777777776954, -7.299111111110812 ], [ 112.823777777776954, -7.298666666666368 ], [ 112.823555555554734, -7.298666666666368 ], [ 112.823555555554734, -7.298444444444146 ], [ 112.823777777776954, -7.298444444444146 ], [ 112.823777777776954, -7.298222222221924 ] ] ] } },
{ "type": "Feature", "properties": { "PXLVAL": 1 }, "geometry": { "type": "Polygon", "coordinates": [ [ [ 112.827999999999179, -7.298444444444146 ], [ 112.828222222221399, -7.298444444444146 ], [ 112.828222222221399, -7.298666666666368 ], [ 112.827999999999179, -7.298666666666368 ], [ 112.827999999999179, -7.298444444444146 ] ] ] } },
{ "type": "Feature", "properties": { "PXLVAL": 1 }, "geometry": { "type": "Polygon", "coordinates": [ [ [ 112.809777777776972, -7.298666666666368 ], [ 112.809999999999192, -7.298666666666368 ], [ 112.809999999999192, -7.29888888888859 ], [ 112.809777777776972, -7.29888888888859 ], [ 112.809777777776972, -7.298666666666368 ] ] ] } },
{ "type": "Feature", "properties": { "PXLVAL": 1 }, "geometry": { "type": "Polygon", "coordinates": [ [ [ 112.810222222221412, -7.298666666666368 ], [ 112.810666666665853, -7.298666666666368 ], [ 112.810666666665853, -7.299111111110812 ], [ 112.810888888888073, -7.299111111110812 ], [ 112.810888888888073, -7.299333333333034 ], [ 112.810222222221412, -7.299333333333034 ], [ 112.810222222221412, -7.298666666666368 ] ] ] } },
{ "type": "Feature", "properties": { "PXLVAL": 1 }, "geometry": { "type": "Polygon", "coordinates": [ [ [ 112.824888888888069, -7.298666666666368 ], [ 112.825111111110289, -7.298666666666368 ], [ 112.825111111110289, -7.29888888888859 ], [ 112.824888888888069, -7.29888888888859 ], [ 112.824888888888069, -7.298666666666368 ] ] ] } },
{ "type": "Feature", "properties": { "PXLVAL": 1 }, "geometry": { "type": "Polygon", "coordinates": [ [ [ 112.826666666665844, -7.298666666666368 ], [ 112.826888888888064, -7.298666666666368 ], [ 112.826888888888064, -7.29888888888859 ], [ 112.827333333332504, -7.29888888888859 ], [ 112.827333333332504, -7.299111111110812 ], [ 112.826666666665844, -7.299111111110812 ], [ 112.826666666665844, -7.298666666666368 ] ] ] } },
{ "type": "Feature", "properties": { "PXLVAL": 1 }, "geometry": { "type": "Polygon", "coordinates": [ [ [ 112.837333333332495, -7.298666666666368 ], [ 112.837777777776935, -7.298666666666368 ], [ 112.837777777776935, -7.29888888888859 ], [ 112.837555555554715, -7.29888888888859 ], [ 112.837555555554715, -7.299111111110812 ], [ 112.837333333332495, -7.299111111110812 ], [ 112.837333333332495, -7.298666666666368 ] ] ] } },
{ "type": "Feature", "properties": { "PXLVAL": 1 }, "geometry": { "type": "Polygon", "coordinates": [ [ [ 112.826222222221389, -7.299111111110812 ], [ 112.826444444443624, -7.299111111110812 ], [ 112.826444444443624, -7.299777777777478 ], [ 112.826222222221389, -7.299777777777478 ], [ 112.826222222221389, -7.299111111110812 ] ] ] } },
{ "type": "Feature", "properties": { "PXLVAL": 1 }, "geometry": { "type": "Polygon", "coordinates": [ [ [ 112.842666666665821, -7.299111111110812 ], [ 112.842888888888041, -7.299111111110812 ], [ 112.842888888888041, -7.299333333333034 ], [ 112.842666666665821, -7.299333333333034 ], [ 112.842666666665821, -7.299111111110812 ] ] ] } },
{ "type": "Feature", "properties": { "PXLVAL": 1 }, "geometry": { "type": "Polygon", "coordinates": [ [ [ 112.824666666665848, -7.299333333333034 ], [ 112.824888888888069, -7.299333333333034 ], [ 112.824888888888069, -7.299555555555256 ], [ 112.824666666665848, -7.299555555555256 ], [ 112.824666666665848, -7.299333333333034 ] ] ] } },
{ "type": "Feature", "properties": { "PXLVAL": 1 }, "geometry": { "type": "Polygon", "coordinates": [ [ [ 112.834444444443605, -7.299333333333034 ], [ 112.834888888888059, -7.299333333333034 ], [ 112.834888888888059, -7.299555555555256 ], [ 112.83577777777694, -7.299555555555256 ], [ 112.83577777777694, -7.299777777777478 ], [ 112.834444444443605, -7.299777777777478 ], [ 112.834444444443605, -7.299333333333034 ] ] ] } },
{ "type": "Feature", "properties": { "PXLVAL": 1 }, "geometry": { "type": "Polygon", "coordinates": [ [ [ 112.842444444443601, -7.299333333333034 ], [ 112.842666666665821, -7.299333333333034 ], [ 112.842666666665821, -7.299555555555256 ], [ 112.842444444443601, -7.299555555555256 ], [ 112.842444444443601, -7.299333333333034 ] ] ] } },
{ "type": "Feature", "properties": { "PXLVAL": 1 }, "geometry": { "type": "Polygon", "coordinates": [ [ [ 112.837111111110275, -7.299555555555256 ], [ 112.837555555554715, -7.299555555555256 ], [ 112.837555555554715, -7.299777777777478 ], [ 112.837111111110275, -7.299777777777478 ], [ 112.837111111110275, -7.299555555555256 ] ] ] } },
{ "type": "Feature", "properties": { "PXLVAL": 1 }, "geometry": { "type": "Polygon", "coordinates": [ [ [ 112.823777777776954, -7.299333333333034 ], [ 112.823999999999174, -7.299333333333034 ], [ 112.823999999999174, -7.299777777777478 ], [ 112.824222222221394, -7.299777777777478 ], [ 112.824222222221394, -7.299555555555256 ], [ 112.824444444443614, -7.299555555555256 ], [ 112.824444444443614, -7.299777777777478 ], [ 112.824666666665848, -7.299777777777478 ], [ 112.824666666665848, -7.2999999999997 ], [ 112.824888888888069, -7.2999999999997 ], [ 112.824888888888069, -7.300444444444144 ], [ 112.824666666665848, -7.300444444444144 ], [ 112.824666666665848, -7.300666666666366 ], [ 112.824222222221394, -7.300666666666366 ], [ 112.824222222221394, -7.300222222221922 ], [ 112.823999999999174, -7.300222222221922 ], [ 112.823999999999174, -7.2999999999997 ], [ 112.823777777776954, -7.2999999999997 ], [ 112.823777777776954, -7.300222222221922 ], [ 112.823555555554734, -7.300222222221922 ], [ 112.823555555554734, -7.299555555555256 ], [ 112.823777777776954, -7.299555555555256 ], [ 112.823777777776954, -7.299333333333034 ] ] ] } },
{ "type": "Feature", "properties": { "PXLVAL": 1 }, "geometry": { "type": "Polygon", "coordinates": [ [ [ 112.825333333332509, -7.299555555555256 ], [ 112.825555555554729, -7.299555555555256 ], [ 112.825555555554729, -7.300222222221922 ], [ 112.825333333332509, -7.300222222221922 ], [ 112.825333333332509, -7.299555555555256 ] ] ] } },
{ "type": "Feature", "properties": { "PXLVAL": 1 }, "geometry": { "type": "Polygon", "coordinates": [ [ [ 112.826666666665844, -7.299777777777478 ], [ 112.828888888888059, -7.299777777777478 ], [ 112.828888888888059, -7.2999999999997 ], [ 112.828222222221399, -7.2999999999997 ], [ 112.828222222221399, -7.300222222221922 ], [ 112.827999999999179, -7.300222222221922 ], [ 112.827999999999179, -7.2999999999997 ], [ 112.826666666665844, -7.2999999999997 ], [ 112.826666666665844, -7.299777777777478 ] ] ] } },
{ "type": "Feature", "properties": { "PXLVAL": 1 }, "geometry": { "type": "Polygon", "coordinates": [ [ [ 112.836444444443615, -7.2999999999997 ], [ 112.836666666665835, -7.2999999999997 ], [ 112.836666666665835, -7.300444444444144 ], [ 112.836444444443615, -7.300444444444144 ], [ 112.836444444443615, -7.2999999999997 ] ] ] } },
{ "type": "Feature", "properties": { "PXLVAL": 1 }, "geometry": { "type": "Polygon", "coordinates": [ [ [ 112.826444444443624, -7.2999999999997 ], [ 112.826666666665844, -7.2999999999997 ], [ 112.826666666665844, -7.300444444444144 ], [ 112.826888888888064, -7.300444444444144 ], [ 112.826888888888064, -7.300666666666366 ], [ 112.827111111110284, -7.300666666666366 ], [ 112.827111111110284, -7.300888888888588 ], [ 112.826666666665844, -7.300888888888588 ], [ 112.826666666665844, -7.300666666666366 ], [ 112.826222222221389, -7.300666666666366 ], [ 112.826222222221389, -7.300222222221922 ], [ 112.826444444443624, -7.300222222221922 ], [ 112.826444444443624, -7.2999999999997 ] ] ] } },
{ "type": "Feature", "properties": { "PXLVAL": 1 }, "geometry": { "type": "Polygon", "coordinates": [ [ [ 112.839777777776945, -7.298444444444146 ], [ 112.840222222221385, -7.298444444444146 ], [ 112.840222222221385, -7.299333333333034 ], [ 112.839999999999165, -7.299333333333034 ], [ 112.839999999999165, -7.299555555555256 ], [ 112.840444444443605, -7.299555555555256 ], [ 112.840444444443605, -7.299111111110812 ], [ 112.840888888888045, -7.299111111110812 ], [ 112.840888888888045, -7.299555555555256 ], [ 112.841333333332486, -7.299555555555256 ], [ 112.841333333332486, -7.2999999999997 ], [ 112.840666666665825, -7.2999999999997 ], [ 112.840666666665825, -7.300222222221922 ], [ 112.840444444443605, -7.300222222221922 ], [ 112.840444444443605, -7.2999999999997 ], [ 112.840222222221385, -7.2999999999997 ], [ 112.840222222221385, -7.300222222221922 ], [ 112.839777777776945, -7.300222222221922 ], [ 112.839777777776945, -7.2999999999997 ], [ 112.83933333333249, -7.2999999999997 ], [ 112.83933333333249, -7.300222222221922 ], [ 112.839555555554711, -7.300222222221922 ], [ 112.839555555554711, -7.300444444444144 ], [ 112.83933333333249, -7.300444444444144 ], [ 112.83933333333249, -7.300666666666366 ], [ 112.83844444444361, -7.300666666666366 ], [ 112.83844444444361, -7.300888888888588 ], [ 112.83822222222139, -7.300888888888588 ], [ 112.83822222222139, -7.300666666666366 ], [ 112.837777777776935, -7.300666666666366 ], [ 112.837777777776935, -7.300444444444144 ], [ 112.837999999999155, -7.300444444444144 ], [ 112.837999999999155, -7.2999999999997 ], [ 112.837777777776935, -7.2999999999997 ], [ 112.837777777776935, -7.299777777777478 ], [ 112.83888888888805, -7.299777777777478 ], [ 112.83888888888805, -7.299555555555256 ], [ 112.839777777776945, -7.299555555555256 ], [ 112.839777777776945, -7.299333333333034 ], [ 112.83866666666583, -7.299333333333034 ], [ 112.83866666666583, -7.298666666666368 ], [ 112.83911111111027, -7.298666666666368 ], [ 112.83911111111027, -7.299111111110812 ], [ 112.83933333333249, -7.299111111110812 ], [ 112.83933333333249, -7.29888888888859 ], [ 112.839555555554711, -7.29888888888859 ], [ 112.839555555554711, -7.298666666666368 ], [ 112.839777777776945, -7.298666666666368 ], [ 112.839777777776945, -7.298444444444146 ] ], [ [ 112.83911111111027, -7.299777777777478 ], [ 112.83911111111027, -7.2999999999997 ], [ 112.83933333333249, -7.2999999999997 ], [ 112.83933333333249, -7.299777777777478 ], [ 112.83911111111027, -7.299777777777478 ] ] ] } },
{ "type": "Feature", "properties": { "PXLVAL": 1 }, "geometry": { "type": "Polygon", "coordinates": [ [ [ 112.831555555554729, -7.294222222221928 ], [ 112.831777777776949, -7.294222222221928 ], [ 112.831777777776949, -7.29444444444415 ], [ 112.831999999999169, -7.29444444444415 ], [ 112.831999999999169, -7.295999999999704 ], [ 112.83244444444361, -7.295999999999704 ], [ 112.83244444444361, -7.296888888888592 ], [ 112.83266666666583, -7.296888888888592 ], [ 112.83266666666583, -7.297111111110814 ], [ 112.83222222222139, -7.297111111110814 ], [ 112.83222222222139, -7.29666666666637 ], [ 112.831999999999169, -7.29666666666637 ], [ 112.831999999999169, -7.29777777777748 ], [ 112.83222222222139, -7.29777777777748 ], [ 112.83222222222139, -7.299777777777478 ], [ 112.83244444444361, -7.299777777777478 ], [ 112.83244444444361, -7.299555555555256 ], [ 112.83266666666583, -7.299555555555256 ], [ 112.83266666666583, -7.299777777777478 ], [ 112.833111111110284, -7.299777777777478 ], [ 112.833111111110284, -7.2999999999997 ], [ 112.83288888888805, -7.2999999999997 ], [ 112.83288888888805, -7.300444444444144 ], [ 112.833111111110284, -7.300444444444144 ], [ 112.833111111110284, -7.300888888888588 ], [ 112.834222222221385, -7.300888888888588 ], [ 112.834222222221385, -7.30111111111081 ], [ 112.833777777776945, -7.30111111111081 ], [ 112.833777777776945, -7.301777777777476 ], [ 112.834222222221385, -7.301777777777476 ], [ 112.834222222221385, -7.30222222222192 ], [ 112.833999999999165, -7.30222222222192 ], [ 112.833999999999165, -7.302444444444142 ], [ 112.834222222221385, -7.302444444444142 ], [ 112.834222222221385, -7.302666666666364 ], [ 112.836666666665835, -7.302666666666364 ], [ 112.836666666665835, -7.303111111110808 ], [ 112.834444444443605, -7.303111111110808 ], [ 112.834444444443605, -7.30333333333303 ], [ 112.833999999999165, -7.30333333333303 ], [ 112.833999999999165, -7.303555555555252 ], [ 112.834222222221385, -7.303555555555252 ], [ 112.834222222221385, -7.304222222221918 ], [ 112.833999999999165, -7.304222222221918 ], [ 112.833999999999165, -7.303999999999696 ], [ 112.833777777776945, -7.303999999999696 ], [ 112.833777777776945, -7.303555555555252 ], [ 112.833555555554724, -7.303555555555252 ], [ 112.833555555554724, -7.30333333333303 ], [ 112.833333333332504, -7.30333333333303 ], [ 112.833333333332504, -7.303555555555252 ], [ 112.83266666666583, -7.303555555555252 ], [ 112.83266666666583, -7.303777777777474 ], [ 112.83222222222139, -7.303777777777474 ], [ 112.83222222222139, -7.303555555555252 ], [ 112.830888888888055, -7.303555555555252 ], [ 112.830888888888055, -7.30333333333303 ], [ 112.830666666665834, -7.30333333333303 ], [ 112.830666666665834, -7.302666666666364 ], [ 112.830888888888055, -7.302666666666364 ], [ 112.830888888888055, -7.302888888888586 ], [ 112.831333333332509, -7.302888888888586 ], [ 112.831333333332509, -7.302666666666364 ], [ 112.831555555554729, -7.302666666666364 ], [ 112.831555555554729, -7.302444444444142 ], [ 112.831333333332509, -7.302444444444142 ], [ 112.831333333332509, -7.30222222222192 ], [ 112.831111111110275, -7.30222222222192 ], [ 112.831111111110275, -7.301999999999698 ], [ 112.831555555554729, -7.301999999999698 ], [ 112.831555555554729, -7.301555555555254 ], [ 112.831333333332509, -7.301555555555254 ], [ 112.831333333332509, -7.300888888888588 ], [ 112.831111111110275, -7.300888888888588 ], [ 112.831111111110275, -7.300666666666366 ], [ 112.831333333332509, -7.300666666666366 ], [ 112.831333333332509, -7.300222222221922 ], [ 112.831555555554729, -7.300222222221922 ], [ 112.831555555554729, -7.299555555555256 ], [ 112.831333333332509, -7.299555555555256 ], [ 112.831333333332509, -7.29888888888859 ], [ 112.830666666665834, -7.29888888888859 ], [ 112.830666666665834, -7.299111111110812 ], [ 112.830444444443614, -7.299111111110812 ], [ 112.830444444443614, -7.29888888888859 ], [ 112.829999999999174, -7.29888888888859 ], [ 112.829999999999174, -7.298444444444146 ], [ 112.82955555555472, -7.298444444444146 ], [ 112.82955555555472, -7.298222222221924 ], [ 112.830666666665834, -7.298222222221924 ], [ 112.830666666665834, -7.298444444444146 ], [ 112.831111111110275, -7.298444444444146 ], [ 112.831111111110275, -7.298222222221924 ], [ 112.831333333332509, -7.298222222221924 ], [ 112.831333333332509, -7.297555555555258 ], [ 112.831111111110275, -7.297555555555258 ], [ 112.831111111110275, -7.296888888888592 ], [ 112.831333333332509, -7.296888888888592 ], [ 112.831333333332509, -7.29666666666637 ], [ 112.831111111110275, -7.29666666666637 ], [ 112.831111111110275, -7.295999999999704 ], [ 112.830444444443614, -7.295999999999704 ], [ 112.830444444443614, -7.296222222221926 ], [ 112.830222222221394, -7.296222222221926 ], [ 112.830222222221394, -7.295777777777482 ], [ 112.830888888888055, -7.295777777777482 ], [ 112.830888888888055, -7.29555555555526 ], [ 112.831111111110275, -7.29555555555526 ], [ 112.831111111110275, -7.295111111110816 ], [ 112.830222222221394, -7.295111111110816 ], [ 112.830222222221394, -7.294888888888594 ], [ 112.830666666665834, -7.294888888888594 ], [ 112.830666666665834, -7.294666666666372 ], [ 112.830888888888055, -7.294666666666372 ], [ 112.830888888888055, -7.294888888888594 ], [ 112.831333333332509, -7.294888888888594 ], [ 112.831333333332509, -7.29444444444415 ], [ 112.831555555554729, -7.29444444444415 ], [ 112.831555555554729, -7.294222222221928 ] ], [ [ 112.83244444444361, -7.300222222221922 ], [ 112.83244444444361, -7.300444444444144 ], [ 112.83266666666583, -7.300444444444144 ], [ 112.83266666666583, -7.300222222221922 ], [ 112.83244444444361, -7.300222222221922 ] ], [ [ 112.83222222222139, -7.300888888888588 ], [ 112.83222222222139, -7.302666666666364 ], [ 112.833777777776945, -7.302666666666364 ], [ 112.833777777776945, -7.30222222222192 ], [ 112.833555555554724, -7.30222222222192 ], [ 112.833555555554724, -7.301777777777476 ], [ 112.833333333332504, -7.301777777777476 ], [ 112.833333333332504, -7.301999999999698 ], [ 112.833111111110284, -7.301999999999698 ], [ 112.833111111110284, -7.301555555555254 ], [ 112.833333333332504, -7.301555555555254 ], [ 112.833333333332504, -7.301333333333032 ], [ 112.833555555554724, -7.301333333333032 ], [ 112.833555555554724, -7.30111111111081 ], [ 112.83288888888805, -7.30111111111081 ], [ 112.83288888888805, -7.300888888888588 ], [ 112.83222222222139, -7.300888888888588 ] ] ] } },
{ "type": "Feature", "properties": { "PXLVAL": 1 }, "geometry": { "type": "Polygon", "coordinates": [ [ [ 112.842888888888041, -7.277111111110834 ], [ 112.843333333332495, -7.277111111110834 ], [ 112.843333333332495, -7.2777777777775 ], [ 112.843555555554715, -7.2777777777775 ], [ 112.843555555554715, -7.278222222221944 ], [ 112.843777777776936, -7.278222222221944 ], [ 112.843777777776936, -7.278666666666388 ], [ 112.843555555554715, -7.278666666666388 ], [ 112.843555555554715, -7.279111111110832 ], [ 112.843777777776936, -7.279111111110832 ], [ 112.843777777776936, -7.279333333333054 ], [ 112.843999999999156, -7.279333333333054 ], [ 112.843999999999156, -7.279555555555276 ], [ 112.844222222221376, -7.279555555555276 ], [ 112.844222222221376, -7.280222222221942 ], [ 112.844444444443596, -7.280222222221942 ], [ 112.844444444443596, -7.280444444444164 ], [ 112.844666666665816, -7.280444444444164 ], [ 112.844666666665816, -7.280666666666386 ], [ 112.84511111111027, -7.280666666666386 ], [ 112.84511111111027, -7.28111111111083 ], [ 112.845333333332491, -7.28111111111083 ], [ 112.845333333332491, -7.281333333333052 ], [ 112.845555555554711, -7.281333333333052 ], [ 112.845555555554711, -7.281999999999718 ], [ 112.845333333332491, -7.281999999999718 ], [ 112.845333333332491, -7.28222222222194 ], [ 112.845555555554711, -7.28222222222194 ], [ 112.845555555554711, -7.282444444444162 ], [ 112.845777777776931, -7.282444444444162 ], [ 112.845777777776931, -7.28333333333305 ], [ 112.845999999999151, -7.28333333333305 ], [ 112.845999999999151, -7.284666666666382 ], [ 112.846444444443591, -7.284666666666382 ], [ 112.846444444443591, -7.284888888888604 ], [ 112.846222222221371, -7.284888888888604 ], [ 112.846222222221371, -7.28555555555527 ], [ 112.846666666665826, -7.28555555555527 ], [ 112.846666666665826, -7.28666666666638 ], [ 112.847111111110266, -7.28666666666638 ], [ 112.847111111110266, -7.28777777777749 ], [ 112.846888888888046, -7.28777777777749 ], [ 112.846888888888046, -7.288666666666378 ], [ 112.847111111110266, -7.288666666666378 ], [ 112.847111111110266, -7.2888888888886 ], [ 112.846888888888046, -7.2888888888886 ], [ 112.846888888888046, -7.289333333333044 ], [ 112.846666666665826, -7.289333333333044 ], [ 112.846666666665826, -7.28999999999971 ], [ 112.846444444443591, -7.28999999999971 ], [ 112.846444444443591, -7.290666666666376 ], [ 112.846666666665826, -7.290666666666376 ], [ 112.846666666665826, -7.29111111111082 ], [ 112.846444444443591, -7.29111111111082 ], [ 112.846444444443591, -7.291333333333042 ], [ 112.846222222221371, -7.291333333333042 ], [ 112.846222222221371, -7.291555555555264 ], [ 112.846444444443591, -7.291555555555264 ], [ 112.846444444443591, -7.291777777777486 ], [ 112.846222222221371, -7.291777777777486 ], [ 112.846222222221371, -7.292444444444152 ], [ 112.846444444443591, -7.292444444444152 ], [ 112.846444444443591, -7.292666666666374 ], [ 112.846666666665826, -7.292666666666374 ], [ 112.846666666665826, -7.294222222221928 ], [ 112.846888888888046, -7.294222222221928 ], [ 112.846888888888046, -7.294666666666372 ], [ 112.846666666665826, -7.294666666666372 ], [ 112.846666666665826, -7.294888888888594 ], [ 112.846888888888046, -7.294888888888594 ], [ 112.846888888888046, -7.295999999999704 ], [ 112.846666666665826, -7.295999999999704 ], [ 112.846666666665826, -7.29666666666637 ], [ 112.846444444443591, -7.29666666666637 ], [ 112.846444444443591, -7.297999999999702 ], [ 112.846666666665826, -7.297999999999702 ], [ 112.846666666665826, -7.298444444444146 ], [ 112.846444444443591, -7.298444444444146 ], [ 112.846444444443591, -7.298666666666368 ], [ 112.845999999999151, -7.298666666666368 ], [ 112.845999999999151, -7.299333333333034 ], [ 112.846444444443591, -7.299333333333034 ], [ 112.846444444443591, -7.299777777777478 ], [ 112.846666666665826, -7.299777777777478 ], [ 112.846666666665826, -7.300888888888588 ], [ 112.846444444443591, -7.300888888888588 ], [ 112.846444444443591, -7.301333333333032 ], [ 112.846222222221371, -7.301333333333032 ], [ 112.846222222221371, -7.301777777777476 ], [ 112.845999999999151, -7.301777777777476 ], [ 112.845999999999151, -7.30222222222192 ], [ 112.845777777776931, -7.30222222222192 ], [ 112.845777777776931, -7.30333333333303 ], [ 112.845555555554711, -7.30333333333303 ], [ 112.845555555554711, -7.303555555555252 ], [ 112.845333333332491, -7.303555555555252 ], [ 112.845333333332491, -7.303777777777474 ], [ 112.84511111111027, -7.303777777777474 ], [ 112.84511111111027, -7.303999999999696 ], [ 112.844666666665816, -7.303999999999696 ], [ 112.844666666665816, -7.304888888888584 ], [ 112.844444444443596, -7.304888888888584 ], [ 112.844444444443596, -7.305333333333028 ], [ 112.84488888888805, -7.305333333333028 ], [ 112.84488888888805, -7.305111111110806 ], [ 112.84511111111027, -7.305111111110806 ], [ 112.84511111111027, -7.305333333333028 ], [ 112.845333333332491, -7.305333333333028 ], [ 112.845333333332491, -7.305777777777472 ], [ 112.845555555554711, -7.305777777777472 ], [ 112.845555555554711, -7.306222222221916 ], [ 112.845333333332491, -7.306222222221916 ], [ 112.845333333332491, -7.306888888888582 ], [ 112.845555555554711, -7.306888888888582 ], [ 112.845555555554711, -7.307111111110804 ], [ 112.845777777776931, -7.307111111110804 ], [ 112.845777777776931, -7.307333333333026 ], [ 112.845333333332491, -7.307333333333026 ], [ 112.845333333332491, -7.307999999999692 ], [ 112.845555555554711, -7.307999999999692 ], [ 112.845555555554711, -7.308444444444136 ], [ 112.845333333332491, -7.308444444444136 ], [ 112.845333333332491, -7.30888888888858 ], [ 112.845555555554711, -7.30888888888858 ], [ 112.845555555554711, -7.309777777777468 ], [ 112.845333333332491, -7.309777777777468 ], [ 112.845333333332491, -7.30999999999969 ], [ 112.84511111111027, -7.30999999999969 ], [ 112.84511111111027, -7.310222222221912 ], [ 112.845333333332491, -7.310222222221912 ], [ 112.845333333332491, -7.310666666666356 ], [ 112.84488888888805, -7.310666666666356 ], [ 112.84488888888805, -7.310888888888578 ], [ 112.84511111111027, -7.310888888888578 ], [ 112.84511111111027, -7.311333333333022 ], [ 112.844666666665816, -7.311333333333022 ], [ 112.844666666665816, -7.312666666666354 ], [ 112.844444444443596, -7.312666666666354 ], [ 112.844444444443596, -7.31333333333302 ], [ 112.843999999999156, -7.31333333333302 ], [ 112.843999999999156, -7.31222222222191 ], [ 112.843777777776936, -7.31222222222191 ], [ 112.843777777776936, -7.311999999999688 ], [ 112.843555555554715, -7.311999999999688 ], [ 112.843555555554715, -7.311777777777466 ], [ 112.843333333332495, -7.311777777777466 ], [ 112.843333333332495, -7.311555555555244 ], [ 112.843111111110261, -7.311555555555244 ], [ 112.843111111110261, -7.310888888888578 ], [ 112.842666666665821, -7.310888888888578 ], [ 112.842666666665821, -7.310666666666356 ], [ 112.842444444443601, -7.310666666666356 ], [ 112.842444444443601, -7.3111111111108 ], [ 112.842666666665821, -7.3111111111108 ], [ 112.842666666665821, -7.311999999999688 ], [ 112.843111111110261, -7.311999999999688 ], [ 112.843111111110261, -7.31222222222191 ], [ 112.843333333332495, -7.31222222222191 ], [ 112.843333333332495, -7.312666666666354 ], [ 112.842666666665821, -7.312666666666354 ], [ 112.842666666665821, -7.31222222222191 ], [ 112.842444444443601, -7.31222222222191 ], [ 112.842444444443601, -7.311555555555244 ], [ 112.84222222222138, -7.311555555555244 ], [ 112.84222222222138, -7.310666666666356 ], [ 112.84199999999916, -7.310666666666356 ], [ 112.84199999999916, -7.310444444444134 ], [ 112.843111111110261, -7.310444444444134 ], [ 112.843111111110261, -7.310666666666356 ], [ 112.843777777776936, -7.310666666666356 ], [ 112.843777777776936, -7.310444444444134 ], [ 112.844222222221376, -7.310444444444134 ], [ 112.844222222221376, -7.30999999999969 ], [ 112.844444444443596, -7.30999999999969 ], [ 112.844444444443596, -7.309777777777468 ], [ 112.844222222221376, -7.309777777777468 ], [ 112.844222222221376, -7.309555555555246 ], [ 112.844444444443596, -7.309555555555246 ], [ 112.844444444443596, -7.309333333333024 ], [ 112.844222222221376, -7.309333333333024 ], [ 112.844222222221376, -7.308444444444136 ], [ 112.843777777776936, -7.308444444444136 ], [ 112.843777777776936, -7.308222222221914 ], [ 112.843111111110261, -7.308222222221914 ], [ 112.843111111110261, -7.308444444444136 ], [ 112.843555555554715, -7.308444444444136 ], [ 112.843555555554715, -7.30888888888858 ], [ 112.843111111110261, -7.30888888888858 ], [ 112.843111111110261, -7.309111111110802 ], [ 112.84177777777694, -7.309111111110802 ], [ 112.84177777777694, -7.308444444444136 ], [ 112.84199999999916, -7.308444444444136 ], [ 112.84199999999916, -7.308222222221914 ], [ 112.84222222222138, -7.308222222221914 ], [ 112.84222222222138, -7.307333333333026 ], [ 112.842444444443601, -7.307333333333026 ], [ 112.842444444443601, -7.306888888888582 ], [ 112.84222222222138, -7.306888888888582 ], [ 112.84222222222138, -7.307111111110804 ], [ 112.84199999999916, -7.307111111110804 ], [ 112.84199999999916, -7.306888888888582 ], [ 112.84177777777694, -7.306888888888582 ], [ 112.84177777777694, -7.306222222221916 ], [ 112.842444444443601, -7.306222222221916 ], [ 112.842444444443601, -7.305999999999694 ], [ 112.842666666665821, -7.305999999999694 ], [ 112.842666666665821, -7.305777777777472 ], [ 112.842444444443601, -7.305777777777472 ], [ 112.842444444443601, -7.30555555555525 ], [ 112.842666666665821, -7.30555555555525 ], [ 112.842666666665821, -7.305333333333028 ], [ 112.843555555554715, -7.305333333333028 ], [ 112.843555555554715, -7.304888888888584 ], [ 112.843999999999156, -7.304888888888584 ], [ 112.843999999999156, -7.30444444444414 ], [ 112.844444444443596, -7.30444444444414 ], [ 112.844444444443596, -7.30333333333303 ], [ 112.844666666665816, -7.30333333333303 ], [ 112.844666666665816, -7.302666666666364 ], [ 112.844444444443596, -7.302666666666364 ], [ 112.844444444443596, -7.302444444444142 ], [ 112.843999999999156, -7.302444444444142 ], [ 112.843999999999156, -7.30333333333303 ], [ 112.843555555554715, -7.30333333333303 ], [ 112.843555555554715, -7.303111111110808 ], [ 112.843777777776936, -7.303111111110808 ], [ 112.843777777776936, -7.301999999999698 ], [ 112.843555555554715, -7.301999999999698 ], [ 112.843555555554715, -7.301555555555254 ], [ 112.843333333332495, -7.301555555555254 ], [ 112.843333333332495, -7.300888888888588 ], [ 112.843111111110261, -7.300888888888588 ], [ 112.843111111110261, -7.300666666666366 ], [ 112.842888888888041, -7.300666666666366 ], [ 112.842888888888041, -7.300444444444144 ], [ 112.842666666665821, -7.300444444444144 ], [ 112.842666666665821, -7.30111111111081 ], [ 112.84222222222138, -7.30111111111081 ], [ 112.84222222222138, -7.301555555555254 ], [ 112.84155555555472, -7.301555555555254 ], [ 112.84155555555472, -7.301333333333032 ], [ 112.84177777777694, -7.301333333333032 ], [ 112.84177777777694, -7.30111111111081 ], [ 112.84199999999916, -7.30111111111081 ], [ 112.84199999999916, -7.300222222221922 ], [ 112.842444444443601, -7.300222222221922 ], [ 112.842444444443601, -7.2999999999997 ], [ 112.842888888888041, -7.2999999999997 ], [ 112.842888888888041, -7.299777777777478 ], [ 112.843333333332495, -7.299777777777478 ], [ 112.843333333332495, -7.299111111110812 ], [ 112.843777777776936, -7.299111111110812 ], [ 112.843777777776936, -7.299333333333034 ], [ 112.843999999999156, -7.299333333333034 ], [ 112.843999999999156, -7.299111111110812 ], [ 112.844444444443596, -7.299111111110812 ], [ 112.844444444443596, -7.29888888888859 ], [ 112.84511111111027, -7.29888888888859 ], [ 112.84511111111027, -7.298666666666368 ], [ 112.84488888888805, -7.298666666666368 ], [ 112.84488888888805, -7.298444444444146 ], [ 112.843999999999156, -7.298444444444146 ], [ 112.843999999999156, -7.298222222221924 ], [ 112.844444444443596, -7.298222222221924 ], [ 112.844444444443596, -7.29777777777748 ], [ 112.844222222221376, -7.29777777777748 ], [ 112.844222222221376, -7.297555555555258 ], [ 112.844666666665816, -7.297555555555258 ], [ 112.844666666665816, -7.297333333333036 ], [ 112.84488888888805, -7.297333333333036 ], [ 112.84488888888805, -7.29777777777748 ], [ 112.845777777776931, -7.29777777777748 ], [ 112.845777777776931, -7.297333333333036 ], [ 112.845999999999151, -7.297333333333036 ], [ 112.845999999999151, -7.296888888888592 ], [ 112.845777777776931, -7.296888888888592 ], [ 112.845777777776931, -7.296444444444148 ], [ 112.845999999999151, -7.296444444444148 ], [ 112.845999999999151, -7.295333333333038 ], [ 112.845777777776931, -7.295333333333038 ], [ 112.845777777776931, -7.294888888888594 ], [ 112.845555555554711, -7.294888888888594 ], [ 112.845555555554711, -7.294222222221928 ], [ 112.845333333332491, -7.294222222221928 ], [ 112.845333333332491, -7.29333333333304 ], [ 112.84511111111027, -7.29333333333304 ], [ 112.84511111111027, -7.293111111110818 ], [ 112.84488888888805, -7.293111111110818 ], [ 112.84488888888805, -7.291777777777486 ], [ 112.844666666665816, -7.291777777777486 ], [ 112.844666666665816, -7.291555555555264 ], [ 112.845777777776931, -7.291555555555264 ], [ 112.845777777776931, -7.291777777777486 ], [ 112.845999999999151, -7.291777777777486 ], [ 112.845999999999151, -7.28999999999971 ], [ 112.845777777776931, -7.28999999999971 ], [ 112.845777777776931, -7.289777777777488 ], [ 112.845333333332491, -7.289777777777488 ], [ 112.845333333332491, -7.289111111110822 ], [ 112.84511111111027, -7.289111111110822 ], [ 112.84511111111027, -7.2888888888886 ], [ 112.845333333332491, -7.2888888888886 ], [ 112.845333333332491, -7.288666666666378 ], [ 112.845555555554711, -7.288666666666378 ], [ 112.845555555554711, -7.286888888888602 ], [ 112.845333333332491, -7.286888888888602 ], [ 112.845333333332491, -7.28666666666638 ], [ 112.844444444443596, -7.28666666666638 ], [ 112.844444444443596, -7.286888888888602 ], [ 112.844222222221376, -7.286888888888602 ], [ 112.844222222221376, -7.287111111110824 ], [ 112.843333333332495, -7.287111111110824 ], [ 112.843333333332495, -7.28666666666638 ], [ 112.843777777776936, -7.28666666666638 ], [ 112.843777777776936, -7.286444444444158 ], [ 112.844666666665816, -7.286444444444158 ], [ 112.844666666665816, -7.285777777777492 ], [ 112.844444444443596, -7.285777777777492 ], [ 112.844444444443596, -7.28555555555527 ], [ 112.84511111111027, -7.28555555555527 ], [ 112.84511111111027, -7.285111111110826 ], [ 112.84488888888805, -7.285111111110826 ], [ 112.84488888888805, -7.284888888888604 ], [ 112.844666666665816, -7.284888888888604 ], [ 112.844666666665816, -7.284222222221938 ], [ 112.844444444443596, -7.284222222221938 ], [ 112.844444444443596, -7.283777777777494 ], [ 112.84488888888805, -7.283777777777494 ], [ 112.84488888888805, -7.283555555555272 ], [ 112.845333333332491, -7.283555555555272 ], [ 112.845333333332491, -7.282666666666384 ], [ 112.84511111111027, -7.282666666666384 ], [ 112.84511111111027, -7.281999999999718 ], [ 112.84488888888805, -7.281999999999718 ], [ 112.84488888888805, -7.28222222222194 ], [ 112.844666666665816, -7.28222222222194 ], [ 112.844666666665816, -7.282444444444162 ], [ 112.844444444443596, -7.282444444444162 ], [ 112.844444444443596, -7.282666666666384 ], [ 112.843999999999156, -7.282666666666384 ], [ 112.843999999999156, -7.282888888888606 ], [ 112.843555555554715, -7.282888888888606 ], [ 112.843555555554715, -7.283111111110828 ], [ 112.843333333332495, -7.283111111110828 ], [ 112.843333333332495, -7.283777777777494 ], [ 112.843111111110261, -7.283777777777494 ], [ 112.843111111110261, -7.28333333333305 ], [ 112.842888888888041, -7.28333333333305 ], [ 112.842888888888041, -7.282888888888606 ], [ 112.84222222222138, -7.282888888888606 ], [ 112.84222222222138, -7.283999999999716 ], [ 112.84199999999916, -7.283999999999716 ], [ 112.84199999999916, -7.284888888888604 ], [ 112.84222222222138, -7.284888888888604 ], [ 112.84222222222138, -7.285999999999714 ], [ 112.842444444443601, -7.285999999999714 ], [ 112.842444444443601, -7.286444444444158 ], [ 112.84222222222138, -7.286444444444158 ], [ 112.84222222222138, -7.28666666666638 ], [ 112.842444444443601, -7.28666666666638 ], [ 112.842444444443601, -7.286888888888602 ], [ 112.842666666665821, -7.286888888888602 ], [ 112.842666666665821, -7.287333333333046 ], [ 112.842444444443601, -7.287333333333046 ], [ 112.842444444443601, -7.287555555555268 ], [ 112.84222222222138, -7.287555555555268 ], [ 112.84222222222138, -7.28777777777749 ], [ 112.84199999999916, -7.28777777777749 ], [ 112.84199999999916, -7.288666666666378 ], [ 112.84222222222138, -7.288666666666378 ], [ 112.84222222222138, -7.289333333333044 ], [ 112.84199999999916, -7.289333333333044 ], [ 112.84199999999916, -7.289555555555266 ], [ 112.84222222222138, -7.289555555555266 ], [ 112.84222222222138, -7.28999999999971 ], [ 112.84177777777694, -7.28999999999971 ], [ 112.84177777777694, -7.29111111111082 ], [ 112.84155555555472, -7.29111111111082 ], [ 112.84155555555472, -7.291777777777486 ], [ 112.84222222222138, -7.291777777777486 ], [ 112.84222222222138, -7.29222222222193 ], [ 112.84199999999916, -7.29222222222193 ], [ 112.84199999999916, -7.292444444444152 ], [ 112.84155555555472, -7.292444444444152 ], [ 112.84155555555472, -7.29333333333304 ], [ 112.84177777777694, -7.29333333333304 ], [ 112.84177777777694, -7.293555555555262 ], [ 112.84199999999916, -7.293555555555262 ], [ 112.84199999999916, -7.293999999999706 ], [ 112.84222222222138, -7.293999999999706 ], [ 112.84222222222138, -7.294222222221928 ], [ 112.84199999999916, -7.294222222221928 ], [ 112.84199999999916, -7.29444444444415 ], [ 112.84222222222138, -7.29444444444415 ], [ 112.84222222222138, -7.294666666666372 ], [ 112.842444444443601, -7.294666666666372 ], [ 112.842444444443601, -7.29555555555526 ], [ 112.842666666665821, -7.29555555555526 ], [ 112.842666666665821, -7.295999999999704 ], [ 112.842888888888041, -7.295999999999704 ], [ 112.842888888888041, -7.296444444444148 ], [ 112.843111111110261, -7.296444444444148 ], [ 112.843111111110261, -7.29666666666637 ], [ 112.843333333332495, -7.29666666666637 ], [ 112.843333333332495, -7.296888888888592 ], [ 112.842666666665821, -7.296888888888592 ], [ 112.842666666665821, -7.297111111110814 ], [ 112.842444444443601, -7.297111111110814 ], [ 112.842444444443601, -7.298222222221924 ], [ 112.84222222222138, -7.298222222221924 ], [ 112.84222222222138, -7.299555555555256 ], [ 112.84199999999916, -7.299555555555256 ], [ 112.84199999999916, -7.2999999999997 ], [ 112.84177777777694, -7.2999999999997 ], [ 112.84177777777694, -7.299555555555256 ], [ 112.84155555555472, -7.299555555555256 ], [ 112.84155555555472, -7.299111111110812 ], [ 112.84177777777694, -7.299111111110812 ], [ 112.84177777777694, -7.298666666666368 ], [ 112.84155555555472, -7.298666666666368 ], [ 112.84155555555472, -7.298444444444146 ], [ 112.84177777777694, -7.298444444444146 ], [ 112.84177777777694, -7.297111111110814 ], [ 112.84199999999916, -7.297111111110814 ], [ 112.84199999999916, -7.296444444444148 ], [ 112.84177777777694, -7.296444444444148 ], [ 112.84177777777694, -7.29666666666637 ], [ 112.84155555555472, -7.29666666666637 ], [ 112.84155555555472, -7.296444444444148 ], [ 112.841333333332486, -7.296444444444148 ], [ 112.841333333332486, -7.295999999999704 ], [ 112.840666666665825, -7.295999999999704 ], [ 112.840666666665825, -7.295777777777482 ], [ 112.84155555555472, -7.295777777777482 ], [ 112.84155555555472, -7.295333333333038 ], [ 112.841333333332486, -7.295333333333038 ], [ 112.841333333332486, -7.294888888888594 ], [ 112.841111111110266, -7.294888888888594 ], [ 112.841111111110266, -7.294222222221928 ], [ 112.840888888888045, -7.294222222221928 ], [ 112.840888888888045, -7.293999999999706 ], [ 112.840222222221385, -7.293999999999706 ], [ 112.840222222221385, -7.293777777777484 ], [ 112.839777777776945, -7.293777777777484 ], [ 112.839777777776945, -7.293555555555262 ], [ 112.840888888888045, -7.293555555555262 ], [ 112.840888888888045, -7.293111111110818 ], [ 112.840666666665825, -7.293111111110818 ], [ 112.840666666665825, -7.292666666666374 ], [ 112.840888888888045, -7.292666666666374 ], [ 112.840888888888045, -7.291777777777486 ], [ 112.840666666665825, -7.291777777777486 ], [ 112.840666666665825, -7.291333333333042 ], [ 112.841111111110266, -7.291333333333042 ], [ 112.841111111110266, -7.290888888888598 ], [ 112.840888888888045, -7.290888888888598 ], [ 112.840888888888045, -7.290666666666376 ], [ 112.841111111110266, -7.290666666666376 ], [ 112.841111111110266, -7.28999999999971 ], [ 112.840888888888045, -7.28999999999971 ], [ 112.840888888888045, -7.289555555555266 ], [ 112.841111111110266, -7.289555555555266 ], [ 112.841111111110266, -7.2888888888886 ], [ 112.840888888888045, -7.2888888888886 ], [ 112.840888888888045, -7.289111111110822 ], [ 112.840666666665825, -7.289111111110822 ], [ 112.840666666665825, -7.2888888888886 ], [ 112.840444444443605, -7.2888888888886 ], [ 112.840444444443605, -7.288666666666378 ], [ 112.841111111110266, -7.288666666666378 ], [ 112.841111111110266, -7.288222222221934 ], [ 112.840888888888045, -7.288222222221934 ], [ 112.840888888888045, -7.28777777777749 ], [ 112.840666666665825, -7.28777777777749 ], [ 112.840666666665825, -7.287555555555268 ], [ 112.840444444443605, -7.287555555555268 ], [ 112.840444444443605, -7.287333333333046 ], [ 112.840666666665825, -7.287333333333046 ], [ 112.840666666665825, -7.287111111110824 ], [ 112.841111111110266, -7.287111111110824 ], [ 112.841111111110266, -7.28777777777749 ], [ 112.841333333332486, -7.28777777777749 ], [ 112.841333333332486, -7.28666666666638 ], [ 112.840444444443605, -7.28666666666638 ], [ 112.840444444443605, -7.286444444444158 ], [ 112.840222222221385, -7.286444444444158 ], [ 112.840222222221385, -7.286222222221936 ], [ 112.84155555555472, -7.286222222221936 ], [ 112.84155555555472, -7.285777777777492 ], [ 112.841111111110266, -7.285777777777492 ], [ 112.841111111110266, -7.285333333333048 ], [ 112.84155555555472, -7.285333333333048 ], [ 112.84155555555472, -7.28444444444416 ], [ 112.841333333332486, -7.28444444444416 ], [ 112.841333333332486, -7.284222222221938 ], [ 112.841111111110266, -7.284222222221938 ], [ 112.841111111110266, -7.28444444444416 ], [ 112.840666666665825, -7.28444444444416 ], [ 112.840666666665825, -7.284222222221938 ], [ 112.840444444443605, -7.284222222221938 ], [ 112.840444444443605, -7.283999999999716 ], [ 112.841111111110266, -7.283999999999716 ], [ 112.841111111110266, -7.283777777777494 ], [ 112.841333333332486, -7.283777777777494 ], [ 112.841333333332486, -7.283555555555272 ], [ 112.84155555555472, -7.283555555555272 ], [ 112.84155555555472, -7.281777777777496 ], [ 112.84177777777694, -7.281777777777496 ], [ 112.84177777777694, -7.281555555555274 ], [ 112.84199999999916, -7.281555555555274 ], [ 112.84199999999916, -7.281333333333052 ], [ 112.84177777777694, -7.281333333333052 ], [ 112.84177777777694, -7.279555555555276 ], [ 112.84199999999916, -7.279555555555276 ], [ 112.84199999999916, -7.277999999999722 ], [ 112.84177777777694, -7.277999999999722 ], [ 112.84177777777694, -7.2777777777775 ], [ 112.84222222222138, -7.2777777777775 ], [ 112.84222222222138, -7.277555555555278 ], [ 112.842666666665821, -7.277555555555278 ], [ 112.842666666665821, -7.277333333333056 ], [ 112.842888888888041, -7.277333333333056 ], [ 112.842888888888041, -7.277111111110834 ] ], [ [ 112.842888888888041, -7.27888888888861 ], [ 112.842888888888041, -7.279333333333054 ], [ 112.843111111110261, -7.279333333333054 ], [ 112.843111111110261, -7.27888888888861 ], [ 112.842888888888041, -7.27888888888861 ] ], [ [ 112.842666666665821, -7.279555555555276 ], [ 112.842666666665821, -7.279777777777498 ], [ 112.842888888888041, -7.279777777777498 ], [ 112.842888888888041, -7.279555555555276 ], [ 112.842666666665821, -7.279555555555276 ] ], [ [ 112.842444444443601, -7.279777777777498 ], [ 112.842444444443601, -7.280222222221942 ], [ 112.84222222222138, -7.280222222221942 ], [ 112.84222222222138, -7.280666666666386 ], [ 112.842444444443601, -7.280666666666386 ], [ 112.842444444443601, -7.28111111111083 ], [ 112.84222222222138, -7.28111111111083 ], [ 112.84222222222138, -7.281333333333052 ], [ 112.842444444443601, -7.281333333333052 ], [ 112.842444444443601, -7.281777777777496 ], [ 112.84222222222138, -7.281777777777496 ], [ 112.84222222222138, -7.28222222222194 ], [ 112.84199999999916, -7.28222222222194 ], [ 112.84199999999916, -7.282444444444162 ], [ 112.84222222222138, -7.282444444444162 ], [ 112.84222222222138, -7.282666666666384 ], [ 112.842888888888041, -7.282666666666384 ], [ 112.842888888888041, -7.282888888888606 ], [ 112.843111111110261, -7.282888888888606 ], [ 112.843111111110261, -7.281999999999718 ], [ 112.843333333332495, -7.281999999999718 ], [ 112.843333333332495, -7.280888888888608 ], [ 112.843111111110261, -7.280888888888608 ], [ 112.843111111110261, -7.280666666666386 ], [ 112.843333333332495, -7.280666666666386 ], [ 112.843333333332495, -7.27999999999972 ], [ 112.843111111110261, -7.27999999999972 ], [ 112.843111111110261, -7.280222222221942 ], [ 112.842666666665821, -7.280222222221942 ], [ 112.842666666665821, -7.279777777777498 ], [ 112.842444444443601, -7.279777777777498 ] ], [ [ 112.845777777776931, -7.285333333333048 ], [ 112.845777777776931, -7.28555555555527 ], [ 112.845555555554711, -7.28555555555527 ], [ 112.845555555554711, -7.285777777777492 ], [ 112.845333333332491, -7.285777777777492 ], [ 112.845333333332491, -7.285999999999714 ], [ 112.845999999999151, -7.285999999999714 ], [ 112.845999999999151, -7.285333333333048 ], [ 112.845777777776931, -7.285333333333048 ] ], [ [ 112.84511111111027, -7.291777777777486 ], [ 112.84511111111027, -7.291999999999708 ], [ 112.845333333332491, -7.291999999999708 ], [ 112.845333333332491, -7.291777777777486 ], [ 112.84511111111027, -7.291777777777486 ] ], [ [ 112.844666666665816, -7.300222222221922 ], [ 112.844666666665816, -7.300444444444144 ], [ 112.844444444443596, -7.300444444444144 ], [ 112.844444444443596, -7.300666666666366 ], [ 112.844666666665816, -7.300666666666366 ], [ 112.844666666665816, -7.300888888888588 ], [ 112.844444444443596, -7.300888888888588 ], [ 112.844444444443596, -7.30111111111081 ], [ 112.843555555554715, -7.30111111111081 ], [ 112.843555555554715, -7.301333333333032 ], [ 112.843777777776936, -7.301333333333032 ], [ 112.843777777776936, -7.301999999999698 ], [ 112.843999999999156, -7.301999999999698 ], [ 112.843999999999156, -7.30222222222192 ], [ 112.844444444443596, -7.30222222222192 ], [ 112.844444444443596, -7.301999999999698 ], [ 112.844666666665816, -7.301999999999698 ], [ 112.844666666665816, -7.302444444444142 ], [ 112.84511111111027, -7.302444444444142 ], [ 112.84511111111027, -7.302666666666364 ], [ 112.845333333332491, -7.302666666666364 ], [ 112.845333333332491, -7.30222222222192 ], [ 112.845555555554711, -7.30222222222192 ], [ 112.845555555554711, -7.301777777777476 ], [ 112.845777777776931, -7.301777777777476 ], [ 112.845777777776931, -7.301555555555254 ], [ 112.845555555554711, -7.301555555555254 ], [ 112.845555555554711, -7.301333333333032 ], [ 112.845333333332491, -7.301333333333032 ], [ 112.845333333332491, -7.30111111111081 ], [ 112.84511111111027, -7.30111111111081 ], [ 112.84511111111027, -7.300444444444144 ], [ 112.84488888888805, -7.300444444444144 ], [ 112.84488888888805, -7.300222222221922 ], [ 112.844666666665816, -7.300222222221922 ] ], [ [ 112.843777777776936, -7.305333333333028 ], [ 112.843777777776936, -7.30555555555525 ], [ 112.843555555554715, -7.30555555555525 ], [ 112.843555555554715, -7.305777777777472 ], [ 112.843999999999156, -7.305777777777472 ], [ 112.843999999999156, -7.30555555555525 ], [ 112.844222222221376, -7.30555555555525 ], [ 112.844222222221376, -7.305333333333028 ], [ 112.843777777776936, -7.305333333333028 ] ], [ [ 112.843333333332495, -7.305777777777472 ], [ 112.843333333332495, -7.305999999999694 ], [ 112.843111111110261, -7.305999999999694 ], [ 112.843111111110261, -7.306222222221916 ], [ 112.843555555554715, -7.306222222221916 ], [ 112.843555555554715, -7.305777777777472 ], [ 112.843333333332495, -7.305777777777472 ] ], [ [ 112.842888888888041, -7.306222222221916 ], [ 112.842888888888041, -7.306444444444138 ], [ 112.843111111110261, -7.306444444444138 ], [ 112.843111111110261, -7.306222222221916 ], [ 112.842888888888041, -7.306222222221916 ] ], [ [ 112.842666666665821, -7.306444444444138 ], [ 112.842666666665821, -7.30666666666636 ], [ 112.842888888888041, -7.30666666666636 ], [ 112.842888888888041, -7.306444444444138 ], [ 112.842666666665821, -7.306444444444138 ] ], [ [ 112.842444444443601, -7.30666666666636 ], [ 112.842444444443601, -7.306888888888582 ], [ 112.842666666665821, -7.306888888888582 ], [ 112.842666666665821, -7.30666666666636 ], [ 112.842444444443601, -7.30666666666636 ] ], [ [ 112.843777777776936, -7.30666666666636 ], [ 112.843777777776936, -7.307333333333026 ], [ 112.843999999999156, -7.307333333333026 ], [ 112.843999999999156, -7.30666666666636 ], [ 112.843777777776936, -7.30666666666636 ] ], [ [ 112.843333333332495, -7.306888888888582 ], [ 112.843333333332495, -7.307111111110804 ], [ 112.843111111110261, -7.307111111110804 ], [ 112.843111111110261, -7.307333333333026 ], [ 112.843555555554715, -7.307333333333026 ], [ 112.843555555554715, -7.306888888888582 ], [ 112.843333333332495, -7.306888888888582 ] ], [ [ 112.843999999999156, -7.307333333333026 ], [ 112.843999999999156, -7.307999999999692 ], [ 112.844222222221376, -7.307999999999692 ], [ 112.844222222221376, -7.307333333333026 ], [ 112.843999999999156, -7.307333333333026 ] ], [ [ 112.842888888888041, -7.307555555555248 ], [ 112.842888888888041, -7.307999999999692 ], [ 112.843111111110261, -7.307999999999692 ], [ 112.843111111110261, -7.30777777777747 ], [ 112.843333333332495, -7.30777777777747 ], [ 112.843333333332495, -7.307555555555248 ], [ 112.842888888888041, -7.307555555555248 ] ], [ [ 112.842444444443601, -7.307999999999692 ], [ 112.842444444443601, -7.308222222221914 ], [ 112.842666666665821, -7.308222222221914 ], [ 112.842666666665821, -7.307999999999692 ], [ 112.842444444443601, -7.307999999999692 ] ], [ [ 112.84222222222138, -7.308444444444136 ], [ 112.84222222222138, -7.308666666666358 ], [ 112.842444444443601, -7.308666666666358 ], [ 112.842444444443601, -7.308444444444136 ], [ 112.84222222222138, -7.308444444444136 ] ] ] } },
{ "type": "Feature", "properties": { "PXLVAL": 1 }, "geometry": { "type": "Polygon", "coordinates": [ [ [ 112.810666666665853, -7.298222222221924 ], [ 112.811333333332527, -7.298222222221924 ], [ 112.811333333332527, -7.298444444444146 ], [ 112.811555555554747, -7.298444444444146 ], [ 112.811555555554747, -7.298222222221924 ], [ 112.811777777776967, -7.298222222221924 ], [ 112.811777777776967, -7.298444444444146 ], [ 112.811999999999188, -7.298444444444146 ], [ 112.811999999999188, -7.29888888888859 ], [ 112.812444444443628, -7.29888888888859 ], [ 112.812444444443628, -7.299111111110812 ], [ 112.812666666665848, -7.299111111110812 ], [ 112.812666666665848, -7.299333333333034 ], [ 112.812888888888082, -7.299333333333034 ], [ 112.812888888888082, -7.299555555555256 ], [ 112.813999999999183, -7.299555555555256 ], [ 112.813999999999183, -7.299777777777478 ], [ 112.813777777776963, -7.299777777777478 ], [ 112.813777777776963, -7.2999999999997 ], [ 112.814444444443623, -7.2999999999997 ], [ 112.814444444443623, -7.300222222221922 ], [ 112.815333333332518, -7.300222222221922 ], [ 112.815333333332518, -7.300666666666366 ], [ 112.815555555554738, -7.300666666666366 ], [ 112.815555555554738, -7.300888888888588 ], [ 112.816222222221413, -7.300888888888588 ], [ 112.816222222221413, -7.30111111111081 ], [ 112.815999999999178, -7.30111111111081 ], [ 112.815999999999178, -7.301333333333032 ], [ 112.816444444443633, -7.301333333333032 ], [ 112.816444444443633, -7.30111111111081 ], [ 112.816888888888073, -7.30111111111081 ], [ 112.816888888888073, -7.301777777777476 ], [ 112.817555555554733, -7.301777777777476 ], [ 112.817555555554733, -7.301999999999698 ], [ 112.818222222221408, -7.301999999999698 ], [ 112.818222222221408, -7.302444444444142 ], [ 112.818666666665848, -7.302444444444142 ], [ 112.818666666665848, -7.302666666666364 ], [ 112.818888888888068, -7.302666666666364 ], [ 112.818888888888068, -7.302888888888586 ], [ 112.819111111110288, -7.302888888888586 ], [ 112.819111111110288, -7.303111111110808 ], [ 112.818888888888068, -7.303111111110808 ], [ 112.818888888888068, -7.303555555555252 ], [ 112.819111111110288, -7.303555555555252 ], [ 112.819111111110288, -7.303777777777474 ], [ 112.819333333332509, -7.303777777777474 ], [ 112.819333333332509, -7.304666666666362 ], [ 112.819777777776963, -7.304666666666362 ], [ 112.819777777776963, -7.304888888888584 ], [ 112.819999999999183, -7.304888888888584 ], [ 112.819999999999183, -7.305111111110806 ], [ 112.820222222221403, -7.305111111110806 ], [ 112.820222222221403, -7.304666666666362 ], [ 112.820666666665844, -7.304666666666362 ], [ 112.820666666665844, -7.30444444444414 ], [ 112.820888888888064, -7.30444444444414 ], [ 112.820888888888064, -7.304888888888584 ], [ 112.820666666665844, -7.304888888888584 ], [ 112.820666666665844, -7.305333333333028 ], [ 112.821555555554738, -7.305333333333028 ], [ 112.821555555554738, -7.30555555555525 ], [ 112.821777777776958, -7.30555555555525 ], [ 112.821777777776958, -7.305777777777472 ], [ 112.821999999999178, -7.305777777777472 ], [ 112.821999999999178, -7.306222222221916 ], [ 112.822222222221399, -7.306222222221916 ], [ 112.822222222221399, -7.305999999999694 ], [ 112.822444444443619, -7.305999999999694 ], [ 112.822444444443619, -7.306222222221916 ], [ 112.823333333332513, -7.306222222221916 ], [ 112.823333333332513, -7.306444444444138 ], [ 112.823555555554734, -7.306444444444138 ], [ 112.823555555554734, -7.306222222221916 ], [ 112.823777777776954, -7.306222222221916 ], [ 112.823777777776954, -7.306444444444138 ], [ 112.824666666665848, -7.306444444444138 ], [ 112.824666666665848, -7.30666666666636 ], [ 112.824888888888069, -7.30666666666636 ], [ 112.824888888888069, -7.306222222221916 ], [ 112.825555555554729, -7.306222222221916 ], [ 112.825555555554729, -7.306444444444138 ], [ 112.825333333332509, -7.306444444444138 ], [ 112.825333333332509, -7.30666666666636 ], [ 112.825777777776949, -7.30666666666636 ], [ 112.825777777776949, -7.306444444444138 ], [ 112.825999999999169, -7.306444444444138 ], [ 112.825999999999169, -7.306222222221916 ], [ 112.826222222221389, -7.306222222221916 ], [ 112.826222222221389, -7.305999999999694 ], [ 112.827111111110284, -7.305999999999694 ], [ 112.827111111110284, -7.30555555555525 ], [ 112.827333333332504, -7.30555555555525 ], [ 112.827333333332504, -7.306222222221916 ], [ 112.827555555554724, -7.306222222221916 ], [ 112.827555555554724, -7.306888888888582 ], [ 112.828444444443619, -7.306888888888582 ], [ 112.828444444443619, -7.307111111110804 ], [ 112.828666666665839, -7.307111111110804 ], [ 112.828666666665839, -7.30666666666636 ], [ 112.829333333332499, -7.30666666666636 ], [ 112.829333333332499, -7.307333333333026 ], [ 112.829777777776954, -7.307333333333026 ], [ 112.829777777776954, -7.307111111110804 ], [ 112.830222222221394, -7.307111111110804 ], [ 112.830222222221394, -7.307333333333026 ], [ 112.830666666665834, -7.307333333333026 ], [ 112.830666666665834, -7.30777777777747 ], [ 112.831777777776949, -7.30777777777747 ], [ 112.831777777776949, -7.307999999999692 ], [ 112.831999999999169, -7.307999999999692 ], [ 112.831999999999169, -7.307555555555248 ], [ 112.83244444444361, -7.307555555555248 ], [ 112.83244444444361, -7.30777777777747 ], [ 112.833555555554724, -7.30777777777747 ], [ 112.833555555554724, -7.307999999999692 ], [ 112.833777777776945, -7.307999999999692 ], [ 112.833777777776945, -7.308222222221914 ], [ 112.833999999999165, -7.308222222221914 ], [ 112.833999999999165, -7.307999999999692 ], [ 112.834444444443605, -7.307999999999692 ], [ 112.834444444443605, -7.308222222221914 ], [ 112.834888888888059, -7.308222222221914 ], [ 112.834888888888059, -7.308444444444136 ], [ 112.83511111111028, -7.308444444444136 ], [ 112.83511111111028, -7.308666666666358 ], [ 112.8353333333325, -7.308666666666358 ], [ 112.8353333333325, -7.307555555555248 ], [ 112.834666666665825, -7.307555555555248 ], [ 112.834666666665825, -7.30777777777747 ], [ 112.834222222221385, -7.30777777777747 ], [ 112.834222222221385, -7.307333333333026 ], [ 112.834444444443605, -7.307333333333026 ], [ 112.834444444443605, -7.307111111110804 ], [ 112.833999999999165, -7.307111111110804 ], [ 112.833999999999165, -7.306444444444138 ], [ 112.834222222221385, -7.306444444444138 ], [ 112.834222222221385, -7.306222222221916 ], [ 112.833999999999165, -7.306222222221916 ], [ 112.833999999999165, -7.305999999999694 ], [ 112.833777777776945, -7.305999999999694 ], [ 112.833777777776945, -7.30555555555525 ], [ 112.833555555554724, -7.30555555555525 ], [ 112.833555555554724, -7.305333333333028 ], [ 112.833777777776945, -7.305333333333028 ], [ 112.833777777776945, -7.305111111110806 ], [ 112.834444444443605, -7.305111111110806 ], [ 112.834444444443605, -7.30555555555525 ], [ 112.834666666665825, -7.30555555555525 ], [ 112.834666666665825, -7.304888888888584 ], [ 112.834888888888059, -7.304888888888584 ], [ 112.834888888888059, -7.305111111110806 ], [ 112.83511111111028, -7.305111111110806 ], [ 112.83511111111028, -7.305333333333028 ], [ 112.8353333333325, -7.305333333333028 ], [ 112.8353333333325, -7.306222222221916 ], [ 112.83511111111028, -7.306222222221916 ], [ 112.83511111111028, -7.30555555555525 ], [ 112.834888888888059, -7.30555555555525 ], [ 112.834888888888059, -7.305777777777472 ], [ 112.834444444443605, -7.305777777777472 ], [ 112.834444444443605, -7.306888888888582 ], [ 112.834666666665825, -7.306888888888582 ], [ 112.834666666665825, -7.306444444444138 ], [ 112.8353333333325, -7.306444444444138 ], [ 112.8353333333325, -7.30666666666636 ], [ 112.83555555555472, -7.30666666666636 ], [ 112.83555555555472, -7.307111111110804 ], [ 112.83599999999916, -7.307111111110804 ], [ 112.83599999999916, -7.306888888888582 ], [ 112.837333333332495, -7.306888888888582 ], [ 112.837333333332495, -7.307111111110804 ], [ 112.837555555554715, -7.307111111110804 ], [ 112.837555555554715, -7.307333333333026 ], [ 112.837777777776935, -7.307333333333026 ], [ 112.837777777776935, -7.307555555555248 ], [ 112.83822222222139, -7.307555555555248 ], [ 112.83822222222139, -7.30666666666636 ], [ 112.837999999999155, -7.30666666666636 ], [ 112.837999999999155, -7.306444444444138 ], [ 112.837777777776935, -7.306444444444138 ], [ 112.837777777776935, -7.30666666666636 ], [ 112.837111111110275, -7.30666666666636 ], [ 112.837111111110275, -7.306444444444138 ], [ 112.83622222222138, -7.306444444444138 ], [ 112.83622222222138, -7.305777777777472 ], [ 112.83599999999916, -7.305777777777472 ], [ 112.83599999999916, -7.30555555555525 ], [ 112.83622222222138, -7.30555555555525 ], [ 112.83622222222138, -7.305333333333028 ], [ 112.836666666665835, -7.305333333333028 ], [ 112.836666666665835, -7.305777777777472 ], [ 112.837111111110275, -7.305777777777472 ], [ 112.837111111110275, -7.305111111110806 ], [ 112.836444444443615, -7.305111111110806 ], [ 112.836444444443615, -7.304888888888584 ], [ 112.836666666665835, -7.304888888888584 ], [ 112.836666666665835, -7.304666666666362 ], [ 112.837111111110275, -7.304666666666362 ], [ 112.837111111110275, -7.304222222221918 ], [ 112.837333333332495, -7.304222222221918 ], [ 112.837333333332495, -7.303999999999696 ], [ 112.837777777776935, -7.303999999999696 ], [ 112.837777777776935, -7.304222222221918 ], [ 112.83822222222139, -7.304222222221918 ], [ 112.83822222222139, -7.30444444444414 ], [ 112.83844444444361, -7.30444444444414 ], [ 112.83844444444361, -7.304666666666362 ], [ 112.83866666666583, -7.304666666666362 ], [ 112.83866666666583, -7.303999999999696 ], [ 112.83844444444361, -7.303999999999696 ], [ 112.83844444444361, -7.303777777777474 ], [ 112.83822222222139, -7.303777777777474 ], [ 112.83822222222139, -7.30333333333303 ], [ 112.83888888888805, -7.30333333333303 ], [ 112.83888888888805, -7.303777777777474 ], [ 112.83911111111027, -7.303777777777474 ], [ 112.83911111111027, -7.303999999999696 ], [ 112.83933333333249, -7.303999999999696 ], [ 112.83933333333249, -7.305111111110806 ], [ 112.839555555554711, -7.305111111110806 ], [ 112.839555555554711, -7.304666666666362 ], [ 112.839777777776945, -7.304666666666362 ], [ 112.839777777776945, -7.304222222221918 ], [ 112.839999999999165, -7.304222222221918 ], [ 112.839999999999165, -7.304666666666362 ], [ 112.840222222221385, -7.304666666666362 ], [ 112.840222222221385, -7.30444444444414 ], [ 112.840666666665825, -7.30444444444414 ], [ 112.840666666665825, -7.303777777777474 ], [ 112.841111111110266, -7.303777777777474 ], [ 112.841111111110266, -7.30444444444414 ], [ 112.841333333332486, -7.30444444444414 ], [ 112.841333333332486, -7.304888888888584 ], [ 112.841111111110266, -7.304888888888584 ], [ 112.841111111110266, -7.304666666666362 ], [ 112.840888888888045, -7.304666666666362 ], [ 112.840888888888045, -7.304888888888584 ], [ 112.840444444443605, -7.304888888888584 ], [ 112.840444444443605, -7.305333333333028 ], [ 112.840222222221385, -7.305333333333028 ], [ 112.840222222221385, -7.30555555555525 ], [ 112.840444444443605, -7.30555555555525 ], [ 112.840444444443605, -7.305777777777472 ], [ 112.840222222221385, -7.305777777777472 ], [ 112.840222222221385, -7.305999999999694 ], [ 112.840444444443605, -7.305999999999694 ], [ 112.840444444443605, -7.306444444444138 ], [ 112.839999999999165, -7.306444444444138 ], [ 112.839999999999165, -7.307333333333026 ], [ 112.839777777776945, -7.307333333333026 ], [ 112.839777777776945, -7.306222222221916 ], [ 112.839555555554711, -7.306222222221916 ], [ 112.839555555554711, -7.306444444444138 ], [ 112.83911111111027, -7.306444444444138 ], [ 112.83911111111027, -7.307111111110804 ], [ 112.83933333333249, -7.307111111110804 ], [ 112.83933333333249, -7.307999999999692 ], [ 112.83911111111027, -7.307999999999692 ], [ 112.83911111111027, -7.308444444444136 ], [ 112.83866666666583, -7.308444444444136 ], [ 112.83866666666583, -7.308666666666358 ], [ 112.83933333333249, -7.308666666666358 ], [ 112.83933333333249, -7.308222222221914 ], [ 112.839555555554711, -7.308222222221914 ], [ 112.839555555554711, -7.308666666666358 ], [ 112.839777777776945, -7.308666666666358 ], [ 112.839777777776945, -7.30888888888858 ], [ 112.839999999999165, -7.30888888888858 ], [ 112.839999999999165, -7.309111111110802 ], [ 112.839777777776945, -7.309111111110802 ], [ 112.839777777776945, -7.309555555555246 ], [ 112.840222222221385, -7.309555555555246 ], [ 112.840222222221385, -7.309111111110802 ], [ 112.840444444443605, -7.309111111110802 ], [ 112.840444444443605, -7.308444444444136 ], [ 112.841111111110266, -7.308444444444136 ], [ 112.841111111110266, -7.308666666666358 ], [ 112.841333333332486, -7.308666666666358 ], [ 112.841333333332486, -7.309111111110802 ], [ 112.840888888888045, -7.309111111110802 ], [ 112.840888888888045, -7.309333333333024 ], [ 112.840666666665825, -7.309333333333024 ], [ 112.840666666665825, -7.309555555555246 ], [ 112.840444444443605, -7.309555555555246 ], [ 112.840444444443605, -7.309777777777468 ], [ 112.840222222221385, -7.309777777777468 ], [ 112.840222222221385, -7.310222222221912 ], [ 112.839999999999165, -7.310222222221912 ], [ 112.839999999999165, -7.310444444444134 ], [ 112.840666666665825, -7.310444444444134 ], [ 112.840666666665825, -7.310888888888578 ], [ 112.840444444443605, -7.310888888888578 ], [ 112.840444444443605, -7.311555555555244 ], [ 112.840666666665825, -7.311555555555244 ], [ 112.840666666665825, -7.311333333333022 ], [ 112.841111111110266, -7.311333333333022 ], [ 112.841111111110266, -7.311555555555244 ], [ 112.840888888888045, -7.311555555555244 ], [ 112.840888888888045, -7.311777777777466 ], [ 112.840222222221385, -7.311777777777466 ], [ 112.840222222221385, -7.311333333333022 ], [ 112.839999999999165, -7.311333333333022 ], [ 112.839999999999165, -7.3111111111108 ], [ 112.839777777776945, -7.3111111111108 ], [ 112.839777777776945, -7.311333333333022 ], [ 112.839555555554711, -7.311333333333022 ], [ 112.839555555554711, -7.3111111111108 ], [ 112.83866666666583, -7.3111111111108 ], [ 112.83866666666583, -7.311333333333022 ], [ 112.83911111111027, -7.311333333333022 ], [ 112.83911111111027, -7.311555555555244 ], [ 112.83866666666583, -7.311555555555244 ], [ 112.83866666666583, -7.311777777777466 ], [ 112.83822222222139, -7.311777777777466 ], [ 112.83822222222139, -7.3111111111108 ], [ 112.83844444444361, -7.3111111111108 ], [ 112.83844444444361, -7.310888888888578 ], [ 112.837777777776935, -7.310888888888578 ], [ 112.837777777776935, -7.310666666666356 ], [ 112.837111111110275, -7.310666666666356 ], [ 112.837111111110275, -7.310444444444134 ], [ 112.836888888888055, -7.310444444444134 ], [ 112.836888888888055, -7.310222222221912 ], [ 112.83622222222138, -7.310222222221912 ], [ 112.83622222222138, -7.310444444444134 ], [ 112.83511111111028, -7.310444444444134 ], [ 112.83511111111028, -7.309555555555246 ], [ 112.834222222221385, -7.309555555555246 ], [ 112.834222222221385, -7.309777777777468 ], [ 112.833999999999165, -7.309777777777468 ], [ 112.833999999999165, -7.30999999999969 ], [ 112.833333333332504, -7.30999999999969 ], [ 112.833333333332504, -7.310222222221912 ], [ 112.83266666666583, -7.310222222221912 ], [ 112.83266666666583, -7.310444444444134 ], [ 112.833111111110284, -7.310444444444134 ], [ 112.833111111110284, -7.310666666666356 ], [ 112.83244444444361, -7.310666666666356 ], [ 112.83244444444361, -7.309777777777468 ], [ 112.831999999999169, -7.309777777777468 ], [ 112.831999999999169, -7.309555555555246 ], [ 112.831777777776949, -7.309555555555246 ], [ 112.831777777776949, -7.309333333333024 ], [ 112.831333333332509, -7.309333333333024 ], [ 112.831333333332509, -7.309111111110802 ], [ 112.830444444443614, -7.309111111110802 ], [ 112.830444444443614, -7.30888888888858 ], [ 112.829999999999174, -7.30888888888858 ], [ 112.829999999999174, -7.308666666666358 ], [ 112.82955555555472, -7.308666666666358 ], [ 112.82955555555472, -7.309111111110802 ], [ 112.829777777776954, -7.309111111110802 ], [ 112.829777777776954, -7.309333333333024 ], [ 112.829999999999174, -7.309333333333024 ], [ 112.829999999999174, -7.309555555555246 ], [ 112.82955555555472, -7.309555555555246 ], [ 112.82955555555472, -7.30999999999969 ], [ 112.829333333332499, -7.30999999999969 ], [ 112.829333333332499, -7.310222222221912 ], [ 112.829111111110279, -7.310222222221912 ], [ 112.829111111110279, -7.3111111111108 ], [ 112.828444444443619, -7.3111111111108 ], [ 112.828444444443619, -7.310444444444134 ], [ 112.827555555554724, -7.310444444444134 ], [ 112.827555555554724, -7.310222222221912 ], [ 112.827333333332504, -7.310222222221912 ], [ 112.827333333332504, -7.30999999999969 ], [ 112.827111111110284, -7.30999999999969 ], [ 112.827111111110284, -7.309777777777468 ], [ 112.827333333332504, -7.309777777777468 ], [ 112.827333333332504, -7.309555555555246 ], [ 112.827555555554724, -7.309555555555246 ], [ 112.827555555554724, -7.309333333333024 ], [ 112.827333333332504, -7.309333333333024 ], [ 112.827333333332504, -7.308666666666358 ], [ 112.827111111110284, -7.308666666666358 ], [ 112.827111111110284, -7.308444444444136 ], [ 112.826444444443624, -7.308444444444136 ], [ 112.826444444443624, -7.308222222221914 ], [ 112.825999999999169, -7.308222222221914 ], [ 112.825999999999169, -7.308444444444136 ], [ 112.825777777776949, -7.308444444444136 ], [ 112.825777777776949, -7.308666666666358 ], [ 112.825555555554729, -7.308666666666358 ], [ 112.825555555554729, -7.30888888888858 ], [ 112.825777777776949, -7.30888888888858 ], [ 112.825777777776949, -7.309111111110802 ], [ 112.826222222221389, -7.309111111110802 ], [ 112.826222222221389, -7.309555555555246 ], [ 112.825999999999169, -7.309555555555246 ], [ 112.825999999999169, -7.309333333333024 ], [ 112.825555555554729, -7.309333333333024 ], [ 112.825555555554729, -7.309111111110802 ], [ 112.825333333332509, -7.309111111110802 ], [ 112.825333333332509, -7.308444444444136 ], [ 112.824666666665848, -7.308444444444136 ], [ 112.824666666665848, -7.307999999999692 ], [ 112.823777777776954, -7.307999999999692 ], [ 112.823777777776954, -7.30888888888858 ], [ 112.823999999999174, -7.30888888888858 ], [ 112.823999999999174, -7.309333333333024 ], [ 112.823777777776954, -7.309333333333024 ], [ 112.823777777776954, -7.309555555555246 ], [ 112.823999999999174, -7.309555555555246 ], [ 112.823999999999174, -7.309777777777468 ], [ 112.823777777776954, -7.309777777777468 ], [ 112.823777777776954, -7.30999999999969 ], [ 112.823555555554734, -7.30999999999969 ], [ 112.823555555554734, -7.310222222221912 ], [ 112.823333333332513, -7.310222222221912 ], [ 112.823333333332513, -7.310888888888578 ], [ 112.823111111110293, -7.310888888888578 ], [ 112.823111111110293, -7.311333333333022 ], [ 112.823555555554734, -7.311333333333022 ], [ 112.823555555554734, -7.3111111111108 ], [ 112.823777777776954, -7.3111111111108 ], [ 112.823777777776954, -7.310666666666356 ], [ 112.823999999999174, -7.310666666666356 ], [ 112.823999999999174, -7.310444444444134 ], [ 112.824222222221394, -7.310444444444134 ], [ 112.824222222221394, -7.309777777777468 ], [ 112.824444444443614, -7.309777777777468 ], [ 112.824444444443614, -7.309555555555246 ], [ 112.824666666665848, -7.309555555555246 ], [ 112.824666666665848, -7.310444444444134 ], [ 112.824888888888069, -7.310444444444134 ], [ 112.824888888888069, -7.310888888888578 ], [ 112.824444444443614, -7.310888888888578 ], [ 112.824444444443614, -7.311999999999688 ], [ 112.824888888888069, -7.311999999999688 ], [ 112.824888888888069, -7.31222222222191 ], [ 112.825555555554729, -7.31222222222191 ], [ 112.825555555554729, -7.312444444444132 ], [ 112.825777777776949, -7.312444444444132 ], [ 112.825777777776949, -7.312666666666354 ], [ 112.827111111110284, -7.312666666666354 ], [ 112.827111111110284, -7.312888888888576 ], [ 112.827333333332504, -7.312888888888576 ], [ 112.827333333332504, -7.313777777777464 ], [ 112.826888888888064, -7.313777777777464 ], [ 112.826888888888064, -7.31444444444413 ], [ 112.827111111110284, -7.31444444444413 ], [ 112.827111111110284, -7.314666666666352 ], [ 112.827333333332504, -7.314666666666352 ], [ 112.827333333332504, -7.314888888888574 ], [ 112.827555555554724, -7.314888888888574 ], [ 112.827555555554724, -7.315111111110796 ], [ 112.827777777776944, -7.315111111110796 ], [ 112.827777777776944, -7.315333333333018 ], [ 112.827333333332504, -7.315333333333018 ], [ 112.827333333332504, -7.315111111110796 ], [ 112.826666666665844, -7.315111111110796 ], [ 112.826666666665844, -7.314888888888574 ], [ 112.825999999999169, -7.314888888888574 ], [ 112.825999999999169, -7.315111111110796 ], [ 112.825777777776949, -7.315111111110796 ], [ 112.825777777776949, -7.315333333333018 ], [ 112.825555555554729, -7.315333333333018 ], [ 112.825555555554729, -7.315111111110796 ], [ 112.825333333332509, -7.315111111110796 ], [ 112.825333333332509, -7.314666666666352 ], [ 112.825555555554729, -7.314666666666352 ], [ 112.825555555554729, -7.313999999999686 ], [ 112.825111111110289, -7.313999999999686 ], [ 112.825111111110289, -7.313777777777464 ], [ 112.824666666665848, -7.313777777777464 ], [ 112.824666666665848, -7.313555555555242 ], [ 112.823999999999174, -7.313555555555242 ], [ 112.823999999999174, -7.313111111110798 ], [ 112.823111111110293, -7.313111111110798 ], [ 112.823111111110293, -7.31222222222191 ], [ 112.822888888888059, -7.31222222222191 ], [ 112.822888888888059, -7.311999999999688 ], [ 112.822444444443619, -7.311999999999688 ], [ 112.822444444443619, -7.311777777777466 ], [ 112.821555555554738, -7.311777777777466 ], [ 112.821555555554738, -7.312444444444132 ], [ 112.821333333332518, -7.312444444444132 ], [ 112.821333333332518, -7.311999999999688 ], [ 112.821111111110284, -7.311999999999688 ], [ 112.821111111110284, -7.31222222222191 ], [ 112.820666666665844, -7.31222222222191 ], [ 112.820666666665844, -7.311999999999688 ], [ 112.820888888888064, -7.311999999999688 ], [ 112.820888888888064, -7.311777777777466 ], [ 112.820444444443623, -7.311777777777466 ], [ 112.820444444443623, -7.311999999999688 ], [ 112.819999999999183, -7.311999999999688 ], [ 112.819999999999183, -7.311555555555244 ], [ 112.821111111110284, -7.311555555555244 ], [ 112.821111111110284, -7.310666666666356 ], [ 112.821333333332518, -7.310666666666356 ], [ 112.821333333332518, -7.310444444444134 ], [ 112.821999999999178, -7.310444444444134 ], [ 112.821999999999178, -7.310222222221912 ], [ 112.822444444443619, -7.310222222221912 ], [ 112.822444444443619, -7.30999999999969 ], [ 112.820666666665844, -7.30999999999969 ], [ 112.820666666665844, -7.310444444444134 ], [ 112.820222222221403, -7.310444444444134 ], [ 112.820222222221403, -7.30999999999969 ], [ 112.819777777776963, -7.30999999999969 ], [ 112.819777777776963, -7.309777777777468 ], [ 112.819555555554743, -7.309777777777468 ], [ 112.819555555554743, -7.30999999999969 ], [ 112.819333333332509, -7.30999999999969 ], [ 112.819333333332509, -7.310222222221912 ], [ 112.818222222221408, -7.310222222221912 ], [ 112.818222222221408, -7.311333333333022 ], [ 112.817555555554733, -7.311333333333022 ], [ 112.817555555554733, -7.311555555555244 ], [ 112.817111111110293, -7.311555555555244 ], [ 112.817111111110293, -7.31222222222191 ], [ 112.817333333332513, -7.31222222222191 ], [ 112.817333333332513, -7.311999999999688 ], [ 112.818444444443628, -7.311999999999688 ], [ 112.818444444443628, -7.311777777777466 ], [ 112.819333333332509, -7.311777777777466 ], [ 112.819333333332509, -7.311555555555244 ], [ 112.819555555554743, -7.311555555555244 ], [ 112.819555555554743, -7.31333333333302 ], [ 112.819333333332509, -7.31333333333302 ], [ 112.819333333332509, -7.314666666666352 ], [ 112.818666666665848, -7.314666666666352 ], [ 112.818666666665848, -7.31444444444413 ], [ 112.817777777776953, -7.31444444444413 ], [ 112.817777777776953, -7.314666666666352 ], [ 112.817111111110293, -7.314666666666352 ], [ 112.817111111110293, -7.31444444444413 ], [ 112.817555555554733, -7.31444444444413 ], [ 112.817555555554733, -7.314222222221908 ], [ 112.817777777776953, -7.314222222221908 ], [ 112.817777777776953, -7.313999999999686 ], [ 112.817555555554733, -7.313999999999686 ], [ 112.817555555554733, -7.313555555555242 ], [ 112.817111111110293, -7.313555555555242 ], [ 112.817111111110293, -7.313999999999686 ], [ 112.816666666665853, -7.313999999999686 ], [ 112.816666666665853, -7.314222222221908 ], [ 112.816222222221413, -7.314222222221908 ], [ 112.816222222221413, -7.31444444444413 ], [ 112.815999999999178, -7.31444444444413 ], [ 112.815999999999178, -7.314666666666352 ], [ 112.815777777776958, -7.314666666666352 ], [ 112.815777777776958, -7.315111111110796 ], [ 112.814888888888078, -7.315111111110796 ], [ 112.814888888888078, -7.315333333333018 ], [ 112.814666666665858, -7.315333333333018 ], [ 112.814666666665858, -7.31555555555524 ], [ 112.814444444443623, -7.31555555555524 ], [ 112.814444444443623, -7.315111111110796 ], [ 112.814666666665858, -7.315111111110796 ], [ 112.814666666665858, -7.31444444444413 ], [ 112.814222222221403, -7.31444444444413 ], [ 112.814222222221403, -7.314222222221908 ], [ 112.813111111110302, -7.314222222221908 ], [ 112.813111111110302, -7.313999999999686 ], [ 112.812444444443628, -7.313999999999686 ], [ 112.812444444443628, -7.314222222221908 ], [ 112.812222222221408, -7.314222222221908 ], [ 112.812222222221408, -7.31444444444413 ], [ 112.812444444443628, -7.31444444444413 ], [ 112.812444444443628, -7.314666666666352 ], [ 112.811999999999188, -7.314666666666352 ], [ 112.811999999999188, -7.314222222221908 ], [ 112.810444444443633, -7.314222222221908 ], [ 112.810444444443633, -7.31444444444413 ], [ 112.810222222221412, -7.31444444444413 ], [ 112.810222222221412, -7.313777777777464 ], [ 112.810888888888073, -7.313777777777464 ], [ 112.810888888888073, -7.31333333333302 ], [ 112.810666666665853, -7.31333333333302 ], [ 112.810666666665853, -7.313111111110798 ], [ 112.810888888888073, -7.313111111110798 ], [ 112.810888888888073, -7.312888888888576 ], [ 112.811333333332527, -7.312888888888576 ], [ 112.811333333332527, -7.31333333333302 ], [ 112.811777777776967, -7.31333333333302 ], [ 112.811777777776967, -7.313111111110798 ], [ 112.812222222221408, -7.313111111110798 ], [ 112.812222222221408, -7.31333333333302 ], [ 112.812444444443628, -7.31333333333302 ], [ 112.812444444443628, -7.313555555555242 ], [ 112.812888888888082, -7.313555555555242 ], [ 112.812888888888082, -7.31333333333302 ], [ 112.813111111110302, -7.31333333333302 ], [ 112.813111111110302, -7.313555555555242 ], [ 112.813555555554743, -7.313555555555242 ], [ 112.813555555554743, -7.31333333333302 ], [ 112.813777777776963, -7.31333333333302 ], [ 112.813777777776963, -7.313111111110798 ], [ 112.814666666665858, -7.313111111110798 ], [ 112.814666666665858, -7.313555555555242 ], [ 112.814444444443623, -7.313555555555242 ], [ 112.814444444443623, -7.31333333333302 ], [ 112.814222222221403, -7.31333333333302 ], [ 112.814222222221403, -7.313555555555242 ], [ 112.813777777776963, -7.313555555555242 ], [ 112.813777777776963, -7.313777777777464 ], [ 112.814666666665858, -7.313777777777464 ], [ 112.814666666665858, -7.313999999999686 ], [ 112.815333333332518, -7.313999999999686 ], [ 112.815333333332518, -7.313555555555242 ], [ 112.815555555554738, -7.313555555555242 ], [ 112.815555555554738, -7.31333333333302 ], [ 112.815999999999178, -7.31333333333302 ], [ 112.815999999999178, -7.313111111110798 ], [ 112.815333333332518, -7.313111111110798 ], [ 112.815333333332518, -7.312666666666354 ], [ 112.815555555554738, -7.312666666666354 ], [ 112.815555555554738, -7.312444444444132 ], [ 112.815999999999178, -7.312444444444132 ], [ 112.815999999999178, -7.311777777777466 ], [ 112.816222222221413, -7.311777777777466 ], [ 112.816222222221413, -7.311999999999688 ], [ 112.816444444443633, -7.311999999999688 ], [ 112.816444444443633, -7.311777777777466 ], [ 112.816666666665853, -7.311777777777466 ], [ 112.816666666665853, -7.311999999999688 ], [ 112.816888888888073, -7.311999999999688 ], [ 112.816888888888073, -7.311555555555244 ], [ 112.816666666665853, -7.311555555555244 ], [ 112.816666666665853, -7.3111111111108 ], [ 112.816222222221413, -7.3111111111108 ], [ 112.816222222221413, -7.310666666666356 ], [ 112.815555555554738, -7.310666666666356 ], [ 112.815555555554738, -7.310444444444134 ], [ 112.815999999999178, -7.310444444444134 ], [ 112.815999999999178, -7.309555555555246 ], [ 112.815555555554738, -7.309555555555246 ], [ 112.815555555554738, -7.309777777777468 ], [ 112.814444444443623, -7.309777777777468 ], [ 112.814444444443623, -7.309333333333024 ], [ 112.814222222221403, -7.309333333333024 ], [ 112.814222222221403, -7.309777777777468 ], [ 112.812666666665848, -7.309777777777468 ], [ 112.812666666665848, -7.309555555555246 ], [ 112.813333333332523, -7.309555555555246 ], [ 112.813333333332523, -7.309333333333024 ], [ 112.813999999999183, -7.309333333333024 ], [ 112.813999999999183, -7.308444444444136 ], [ 112.814222222221403, -7.308444444444136 ], [ 112.814222222221403, -7.307999999999692 ], [ 112.814444444443623, -7.307999999999692 ], [ 112.814444444443623, -7.308222222221914 ], [ 112.814666666665858, -7.308222222221914 ], [ 112.814666666665858, -7.307999999999692 ], [ 112.814888888888078, -7.307999999999692 ], [ 112.814888888888078, -7.30777777777747 ], [ 112.814666666665858, -7.30777777777747 ], [ 112.814666666665858, -7.307555555555248 ], [ 112.815111111110298, -7.307555555555248 ], [ 112.815111111110298, -7.307333333333026 ], [ 112.815333333332518, -7.307333333333026 ], [ 112.815333333332518, -7.307111111110804 ], [ 112.815555555554738, -7.307111111110804 ], [ 112.815555555554738, -7.306888888888582 ], [ 112.815111111110298, -7.306888888888582 ], [ 112.815111111110298, -7.30666666666636 ], [ 112.814888888888078, -7.30666666666636 ], [ 112.814888888888078, -7.306444444444138 ], [ 112.814666666665858, -7.306444444444138 ], [ 112.814666666665858, -7.306222222221916 ], [ 112.814444444443623, -7.306222222221916 ], [ 112.814444444443623, -7.305777777777472 ], [ 112.815111111110298, -7.305777777777472 ], [ 112.815111111110298, -7.305999999999694 ], [ 112.815333333332518, -7.305999999999694 ], [ 112.815333333332518, -7.305777777777472 ], [ 112.815555555554738, -7.305777777777472 ], [ 112.815555555554738, -7.30555555555525 ], [ 112.815333333332518, -7.30555555555525 ], [ 112.815333333332518, -7.305111111110806 ], [ 112.815111111110298, -7.305111111110806 ], [ 112.815111111110298, -7.304888888888584 ], [ 112.814222222221403, -7.304888888888584 ], [ 112.814222222221403, -7.303999999999696 ], [ 112.814444444443623, -7.303999999999696 ], [ 112.814444444443623, -7.303555555555252 ], [ 112.814666666665858, -7.303555555555252 ], [ 112.814666666665858, -7.30333333333303 ], [ 112.813999999999183, -7.30333333333303 ], [ 112.813999999999183, -7.302666666666364 ], [ 112.814222222221403, -7.302666666666364 ], [ 112.814222222221403, -7.30222222222192 ], [ 112.813777777776963, -7.30222222222192 ], [ 112.813777777776963, -7.301777777777476 ], [ 112.813999999999183, -7.301777777777476 ], [ 112.813999999999183, -7.301555555555254 ], [ 112.814888888888078, -7.301555555555254 ], [ 112.814888888888078, -7.301333333333032 ], [ 112.815111111110298, -7.301333333333032 ], [ 112.815111111110298, -7.300444444444144 ], [ 112.814888888888078, -7.300444444444144 ], [ 112.814888888888078, -7.300666666666366 ], [ 112.814444444443623, -7.300666666666366 ], [ 112.814444444443623, -7.300444444444144 ], [ 112.813999999999183, -7.300444444444144 ], [ 112.813999999999183, -7.300666666666366 ], [ 112.814222222221403, -7.300666666666366 ], [ 112.814222222221403, -7.300888888888588 ], [ 112.813555555554743, -7.300888888888588 ], [ 112.813555555554743, -7.300666666666366 ], [ 112.813333333332523, -7.300666666666366 ], [ 112.813333333332523, -7.300888888888588 ], [ 112.812888888888082, -7.300888888888588 ], [ 112.812888888888082, -7.301333333333032 ], [ 112.812666666665848, -7.301333333333032 ], [ 112.812666666665848, -7.30111111111081 ], [ 112.811999999999188, -7.30111111111081 ], [ 112.811999999999188, -7.300666666666366 ], [ 112.812222222221408, -7.300666666666366 ], [ 112.812222222221408, -7.300444444444144 ], [ 112.812444444443628, -7.300444444444144 ], [ 112.812444444443628, -7.300888888888588 ], [ 112.812666666665848, -7.300888888888588 ], [ 112.812666666665848, -7.300666666666366 ], [ 112.812888888888082, -7.300666666666366 ], [ 112.812888888888082, -7.300444444444144 ], [ 112.812666666665848, -7.300444444444144 ], [ 112.812666666665848, -7.300222222221922 ], [ 112.812222222221408, -7.300222222221922 ], [ 112.812222222221408, -7.2999999999997 ], [ 112.812444444443628, -7.2999999999997 ], [ 112.812444444443628, -7.299777777777478 ], [ 112.811999999999188, -7.299777777777478 ], [ 112.811999999999188, -7.299555555555256 ], [ 112.812444444443628, -7.299555555555256 ], [ 112.812444444443628, -7.299333333333034 ], [ 112.812222222221408, -7.299333333333034 ], [ 112.812222222221408, -7.299111111110812 ], [ 112.811555555554747, -7.299111111110812 ], [ 112.811555555554747, -7.29888888888859 ], [ 112.811333333332527, -7.29888888888859 ], [ 112.811333333332527, -7.298666666666368 ], [ 112.810666666665853, -7.298666666666368 ], [ 112.810666666665853, -7.298222222221924 ] ], [ [ 112.812888888888082, -7.299777777777478 ], [ 112.812888888888082, -7.2999999999997 ], [ 112.813111111110302, -7.2999999999997 ], [ 112.813111111110302, -7.300222222221922 ], [ 112.813555555554743, -7.300222222221922 ], [ 112.813555555554743, -7.2999999999997 ], [ 112.813333333332523, -7.2999999999997 ], [ 112.813333333332523, -7.299777777777478 ], [ 112.812888888888082, -7.299777777777478 ] ], [ [ 112.813555555554743, -7.300222222221922 ], [ 112.813555555554743, -7.300444444444144 ], [ 112.813999999999183, -7.300444444444144 ], [ 112.813999999999183, -7.300222222221922 ], [ 112.813555555554743, -7.300222222221922 ] ], [ [ 112.815333333332518, -7.30111111111081 ], [ 112.815333333332518, -7.301333333333032 ], [ 112.815555555554738, -7.301333333333032 ], [ 112.815555555554738, -7.301555555555254 ], [ 112.815777777776958, -7.301555555555254 ], [ 112.815777777776958, -7.30111111111081 ], [ 112.815333333332518, -7.30111111111081 ] ], [ [ 112.816444444443633, -7.301333333333032 ], [ 112.816444444443633, -7.301555555555254 ], [ 112.816666666665853, -7.301555555555254 ], [ 112.816666666665853, -7.301333333333032 ], [ 112.816444444443633, -7.301333333333032 ] ], [ [ 112.815777777776958, -7.301555555555254 ], [ 112.815777777776958, -7.301777777777476 ], [ 112.816222222221413, -7.301777777777476 ], [ 112.816222222221413, -7.301555555555254 ], [ 112.815777777776958, -7.301555555555254 ] ], [ [ 112.815111111110298, -7.301777777777476 ], [ 112.815111111110298, -7.301999999999698 ], [ 112.814888888888078, -7.301999999999698 ], [ 112.814888888888078, -7.30222222222192 ], [ 112.815111111110298, -7.30222222222192 ], [ 112.815111111110298, -7.302444444444142 ], [ 112.815333333332518, -7.302444444444142 ], [ 112.815333333332518, -7.302666666666364 ], [ 112.815111111110298, -7.302666666666364 ], [ 112.815111111110298, -7.302888888888586 ], [ 112.814888888888078, -7.302888888888586 ], [ 112.814888888888078, -7.303111111110808 ], [ 112.815111111110298, -7.303111111110808 ], [ 112.815111111110298, -7.303555555555252 ], [ 112.815555555554738, -7.303555555555252 ], [ 112.815555555554738, -7.303777777777474 ], [ 112.815777777776958, -7.303777777777474 ], [ 112.815777777776958, -7.302666666666364 ], [ 112.815999999999178, -7.302666666666364 ], [ 112.815999999999178, -7.30222222222192 ], [ 112.815555555554738, -7.30222222222192 ], [ 112.815555555554738, -7.301999999999698 ], [ 112.815333333332518, -7.301999999999698 ], [ 112.815333333332518, -7.301777777777476 ], [ 112.815111111110298, -7.301777777777476 ] ], [ [ 112.816444444443633, -7.301999999999698 ], [ 112.816444444443633, -7.302444444444142 ], [ 112.816222222221413, -7.302444444444142 ], [ 112.816222222221413, -7.302666666666364 ], [ 112.815999999999178, -7.302666666666364 ], [ 112.815999999999178, -7.303111111110808 ], [ 112.816444444443633, -7.303111111110808 ], [ 112.816444444443633, -7.30333333333303 ], [ 112.816888888888073, -7.30333333333303 ], [ 112.816888888888073, -7.302888888888586 ], [ 112.816666666665853, -7.302888888888586 ], [ 112.816666666665853, -7.301999999999698 ], [ 112.816444444443633, -7.301999999999698 ] ], [ [ 112.814444444443623, -7.30222222222192 ], [ 112.814444444443623, -7.302666666666364 ], [ 112.814666666665858, -7.302666666666364 ], [ 112.814666666665858, -7.30222222222192 ], [ 112.814444444443623, -7.30222222222192 ] ], [ [ 112.816888888888073, -7.30222222222192 ], [ 112.816888888888073, -7.302444444444142 ], [ 112.817111111110293, -7.302444444444142 ], [ 112.817111111110293, -7.30222222222192 ], [ 112.816888888888073, -7.30222222222192 ] ], [ [ 112.817111111110293, -7.302444444444142 ], [ 112.817111111110293, -7.302666666666364 ], [ 112.817555555554733, -7.302666666666364 ], [ 112.817555555554733, -7.302444444444142 ], [ 112.817111111110293, -7.302444444444142 ] ], [ [ 112.817999999999188, -7.302444444444142 ], [ 112.817999999999188, -7.302666666666364 ], [ 112.818222222221408, -7.302666666666364 ], [ 112.818222222221408, -7.302444444444142 ], [ 112.817999999999188, -7.302444444444142 ] ], [ [ 112.817555555554733, -7.302666666666364 ], [ 112.817555555554733, -7.302888888888586 ], [ 112.817777777776953, -7.302888888888586 ], [ 112.817777777776953, -7.302666666666364 ], [ 112.817555555554733, -7.302666666666364 ] ], [ [ 112.818222222221408, -7.302666666666364 ], [ 112.818222222221408, -7.302888888888586 ], [ 112.818444444443628, -7.302888888888586 ], [ 112.818444444443628, -7.302666666666364 ], [ 112.818222222221408, -7.302666666666364 ] ], [ [ 112.817333333332513, -7.303111111110808 ], [ 112.817333333332513, -7.30333333333303 ], [ 112.816888888888073, -7.30333333333303 ], [ 112.816888888888073, -7.303777777777474 ], [ 112.816666666665853, -7.303777777777474 ], [ 112.816666666665853, -7.303555555555252 ], [ 112.815999999999178, -7.303555555555252 ], [ 112.815999999999178, -7.304222222221918 ], [ 112.816222222221413, -7.304222222221918 ], [ 112.816222222221413, -7.30444444444414 ], [ 112.816444444443633, -7.30444444444414 ], [ 112.816444444443633, -7.304888888888584 ], [ 112.816666666665853, -7.304888888888584 ], [ 112.816666666665853, -7.304666666666362 ], [ 112.817333333332513, -7.304666666666362 ], [ 112.817333333332513, -7.305111111110806 ], [ 112.817777777776953, -7.305111111110806 ], [ 112.817777777776953, -7.305333333333028 ], [ 112.817999999999188, -7.305333333333028 ], [ 112.817999999999188, -7.305111111110806 ], [ 112.818444444443628, -7.305111111110806 ], [ 112.818444444443628, -7.305333333333028 ], [ 112.818666666665848, -7.305333333333028 ], [ 112.818666666665848, -7.304666666666362 ], [ 112.818888888888068, -7.304666666666362 ], [ 112.818888888888068, -7.304888888888584 ], [ 112.819111111110288, -7.304888888888584 ], [ 112.819111111110288, -7.303999999999696 ], [ 112.818888888888068, -7.303999999999696 ], [ 112.818888888888068, -7.303777777777474 ], [ 112.818666666665848, -7.303777777777474 ], [ 112.818666666665848, -7.303555555555252 ], [ 112.818222222221408, -7.303555555555252 ], [ 112.818222222221408, -7.30333333333303 ], [ 112.817999999999188, -7.30333333333303 ], [ 112.817999999999188, -7.303111111110808 ], [ 112.817333333332513, -7.303111111110808 ] ], [ [ 112.814888888888078, -7.303777777777474 ], [ 112.814888888888078, -7.303999999999696 ], [ 112.815111111110298, -7.303999999999696 ], [ 112.815111111110298, -7.303777777777474 ], [ 112.814888888888078, -7.303777777777474 ] ], [ [ 112.815333333332518, -7.303777777777474 ], [ 112.815333333332518, -7.303999999999696 ], [ 112.815555555554738, -7.303999999999696 ], [ 112.815555555554738, -7.303777777777474 ], [ 112.815333333332518, -7.303777777777474 ] ], [ [ 112.814666666665858, -7.304222222221918 ], [ 112.814666666665858, -7.30444444444414 ], [ 112.814888888888078, -7.30444444444414 ], [ 112.814888888888078, -7.304222222221918 ], [ 112.814666666665858, -7.304222222221918 ] ], [ [ 112.837999999999155, -7.30444444444414 ], [ 112.837999999999155, -7.304666666666362 ], [ 112.83822222222139, -7.304666666666362 ], [ 112.83822222222139, -7.30444444444414 ], [ 112.837999999999155, -7.30444444444414 ] ], [ [ 112.815777777776958, -7.304888888888584 ], [ 112.815777777776958, -7.30555555555525 ], [ 112.815999999999178, -7.30555555555525 ], [ 112.815999999999178, -7.304888888888584 ], [ 112.815777777776958, -7.304888888888584 ] ], [ [ 112.819333333332509, -7.304888888888584 ], [ 112.819333333332509, -7.305111111110806 ], [ 112.819555555554743, -7.305111111110806 ], [ 112.819555555554743, -7.304888888888584 ], [ 112.819333333332509, -7.304888888888584 ] ], [ [ 112.839777777776945, -7.304888888888584 ], [ 112.839777777776945, -7.305111111110806 ], [ 112.839999999999165, -7.305111111110806 ], [ 112.839999999999165, -7.304888888888584 ], [ 112.839777777776945, -7.304888888888584 ] ], [ [ 112.816444444443633, -7.305333333333028 ], [ 112.816444444443633, -7.30555555555525 ], [ 112.816666666665853, -7.30555555555525 ], [ 112.816666666665853, -7.305777777777472 ], [ 112.816888888888073, -7.305777777777472 ], [ 112.816888888888073, -7.30666666666636 ], [ 112.815999999999178, -7.30666666666636 ], [ 112.815999999999178, -7.307333333333026 ], [ 112.815555555554738, -7.307333333333026 ], [ 112.815555555554738, -7.30777777777747 ], [ 112.815999999999178, -7.30777777777747 ], [ 112.815999999999178, -7.307999999999692 ], [ 112.816222222221413, -7.307999999999692 ], [ 112.816222222221413, -7.308222222221914 ], [ 112.816444444443633, -7.308222222221914 ], [ 112.816444444443633, -7.308444444444136 ], [ 112.817111111110293, -7.308444444444136 ], [ 112.817111111110293, -7.30888888888858 ], [ 112.817555555554733, -7.30888888888858 ], [ 112.817555555554733, -7.309333333333024 ], [ 112.819111111110288, -7.309333333333024 ], [ 112.819111111110288, -7.309555555555246 ], [ 112.819777777776963, -7.309555555555246 ], [ 112.819777777776963, -7.309777777777468 ], [ 112.821333333332518, -7.309777777777468 ], [ 112.821333333332518, -7.309333333333024 ], [ 112.821555555554738, -7.309333333333024 ], [ 112.821555555554738, -7.309111111110802 ], [ 112.821777777776958, -7.309111111110802 ], [ 112.821777777776958, -7.30888888888858 ], [ 112.822222222221399, -7.30888888888858 ], [ 112.822222222221399, -7.308444444444136 ], [ 112.822444444443619, -7.308444444444136 ], [ 112.822444444443619, -7.308222222221914 ], [ 112.822222222221399, -7.308222222221914 ], [ 112.822222222221399, -7.30777777777747 ], [ 112.821999999999178, -7.30777777777747 ], [ 112.821999999999178, -7.307999999999692 ], [ 112.821333333332518, -7.307999999999692 ], [ 112.821333333332518, -7.307555555555248 ], [ 112.821111111110284, -7.307555555555248 ], [ 112.821111111110284, -7.307111111110804 ], [ 112.820888888888064, -7.307111111110804 ], [ 112.820888888888064, -7.30777777777747 ], [ 112.821111111110284, -7.30777777777747 ], [ 112.821111111110284, -7.307999999999692 ], [ 112.820888888888064, -7.307999999999692 ], [ 112.820888888888064, -7.308666666666358 ], [ 112.818888888888068, -7.308666666666358 ], [ 112.818888888888068, -7.307999999999692 ], [ 112.818444444443628, -7.307999999999692 ], [ 112.818444444443628, -7.307333333333026 ], [ 112.818666666665848, -7.307333333333026 ], [ 112.818666666665848, -7.307111111110804 ], [ 112.819555555554743, -7.307111111110804 ], [ 112.819555555554743, -7.306444444444138 ], [ 112.819333333332509, -7.306444444444138 ], [ 112.819333333332509, -7.306222222221916 ], [ 112.819111111110288, -7.306222222221916 ], [ 112.819111111110288, -7.305999999999694 ], [ 112.818888888888068, -7.305999999999694 ], [ 112.818888888888068, -7.305333333333028 ], [ 112.818666666665848, -7.305333333333028 ], [ 112.818666666665848, -7.30555555555525 ], [ 112.818444444443628, -7.30555555555525 ], [ 112.818444444443628, -7.305999999999694 ], [ 112.818222222221408, -7.305999999999694 ], [ 112.818222222221408, -7.306222222221916 ], [ 112.817999999999188, -7.306222222221916 ], [ 112.817999999999188, -7.306444444444138 ], [ 112.817777777776953, -7.306444444444138 ], [ 112.817777777776953, -7.305999999999694 ], [ 112.817111111110293, -7.305999999999694 ], [ 112.817111111110293, -7.305777777777472 ], [ 112.817333333332513, -7.305777777777472 ], [ 112.817333333332513, -7.30555555555525 ], [ 112.816888888888073, -7.30555555555525 ], [ 112.816888888888073, -7.305333333333028 ], [ 112.816444444443633, -7.305333333333028 ] ], [ [ 112.817999999999188, -7.305333333333028 ], [ 112.817999999999188, -7.30555555555525 ], [ 112.818222222221408, -7.30555555555525 ], [ 112.818222222221408, -7.305333333333028 ], [ 112.817999999999188, -7.305333333333028 ] ], [ [ 112.819111111110288, -7.305333333333028 ], [ 112.819111111110288, -7.305777777777472 ], [ 112.819333333332509, -7.305777777777472 ], [ 112.819333333332509, -7.305333333333028 ], [ 112.819111111110288, -7.305333333333028 ] ], [ [ 112.83822222222139, -7.305333333333028 ], [ 112.83822222222139, -7.30555555555525 ], [ 112.83844444444361, -7.30555555555525 ], [ 112.83844444444361, -7.305333333333028 ], [ 112.83822222222139, -7.305333333333028 ] ], [ [ 112.83933333333249, -7.305333333333028 ], [ 112.83933333333249, -7.30555555555525 ], [ 112.839555555554711, -7.30555555555525 ], [ 112.839555555554711, -7.305333333333028 ], [ 112.83933333333249, -7.305333333333028 ] ], [ [ 112.819555555554743, -7.30555555555525 ], [ 112.819555555554743, -7.305777777777472 ], [ 112.819777777776963, -7.305777777777472 ], [ 112.819777777776963, -7.30555555555525 ], [ 112.819555555554743, -7.30555555555525 ] ], [ [ 112.83911111111027, -7.30555555555525 ], [ 112.83911111111027, -7.305777777777472 ], [ 112.83933333333249, -7.305777777777472 ], [ 112.83933333333249, -7.30555555555525 ], [ 112.83911111111027, -7.30555555555525 ] ], [ [ 112.816222222221413, -7.305777777777472 ], [ 112.816222222221413, -7.305999999999694 ], [ 112.816444444443633, -7.305999999999694 ], [ 112.816444444443633, -7.305777777777472 ], [ 112.816222222221413, -7.305777777777472 ] ], [ [ 112.819333333332509, -7.305777777777472 ], [ 112.819333333332509, -7.305999999999694 ], [ 112.819555555554743, -7.305999999999694 ], [ 112.819555555554743, -7.305777777777472 ], [ 112.819333333332509, -7.305777777777472 ] ], [ [ 112.836444444443615, -7.305777777777472 ], [ 112.836444444443615, -7.305999999999694 ], [ 112.836666666665835, -7.305999999999694 ], [ 112.836666666665835, -7.305777777777472 ], [ 112.836444444443615, -7.305777777777472 ] ], [ [ 112.815777777776958, -7.305999999999694 ], [ 112.815777777776958, -7.306444444444138 ], [ 112.815999999999178, -7.306444444444138 ], [ 112.815999999999178, -7.305999999999694 ], [ 112.815777777776958, -7.305999999999694 ] ], [ [ 112.821555555554738, -7.305999999999694 ], [ 112.821555555554738, -7.306222222221916 ], [ 112.821777777776958, -7.306222222221916 ], [ 112.821777777776958, -7.305999999999694 ], [ 112.821555555554738, -7.305999999999694 ] ], [ [ 112.822888888888059, -7.30777777777747 ], [ 112.822888888888059, -7.308222222221914 ], [ 112.823333333332513, -7.308222222221914 ], [ 112.823333333332513, -7.30777777777747 ], [ 112.822888888888059, -7.30777777777747 ] ], [ [ 112.83844444444361, -7.307999999999692 ], [ 112.83844444444361, -7.308222222221914 ], [ 112.83888888888805, -7.308222222221914 ], [ 112.83888888888805, -7.307999999999692 ], [ 112.83844444444361, -7.307999999999692 ] ], [ [ 112.819333333332509, -7.308222222221914 ], [ 112.819333333332509, -7.308444444444136 ], [ 112.819555555554743, -7.308444444444136 ], [ 112.819555555554743, -7.308222222221914 ], [ 112.819333333332509, -7.308222222221914 ] ], [ [ 112.822444444443619, -7.308444444444136 ], [ 112.822444444443619, -7.308666666666358 ], [ 112.822666666665839, -7.308666666666358 ], [ 112.822666666665839, -7.308444444444136 ], [ 112.822444444443619, -7.308444444444136 ] ], [ [ 112.83822222222139, -7.308444444444136 ], [ 112.83822222222139, -7.308666666666358 ], [ 112.83844444444361, -7.308666666666358 ], [ 112.83844444444361, -7.308444444444136 ], [ 112.83822222222139, -7.308444444444136 ] ], [ [ 112.814888888888078, -7.30888888888858 ], [ 112.814888888888078, -7.309111111110802 ], [ 112.815111111110298, -7.309111111110802 ], [ 112.815111111110298, -7.30888888888858 ], [ 112.814888888888078, -7.30888888888858 ] ], [ [ 112.815999999999178, -7.30888888888858 ], [ 112.815999999999178, -7.309111111110802 ], [ 112.816222222221413, -7.309111111110802 ], [ 112.816222222221413, -7.30888888888858 ], [ 112.815999999999178, -7.30888888888858 ] ], [ [ 112.827555555554724, -7.30888888888858 ], [ 112.827555555554724, -7.309111111110802 ], [ 112.827777777776944, -7.309111111110802 ], [ 112.827777777776944, -7.30888888888858 ], [ 112.827555555554724, -7.30888888888858 ] ], [ [ 112.828666666665839, -7.30888888888858 ], [ 112.828666666665839, -7.309111111110802 ], [ 112.828888888888059, -7.309111111110802 ], [ 112.828888888888059, -7.309333333333024 ], [ 112.829333333332499, -7.309333333333024 ], [ 112.829333333332499, -7.30888888888858 ], [ 112.828666666665839, -7.30888888888858 ] ], [ [ 112.816666666665853, -7.309111111110802 ], [ 112.816666666665853, -7.309333333333024 ], [ 112.816888888888073, -7.309333333333024 ], [ 112.816888888888073, -7.309111111110802 ], [ 112.816666666665853, -7.309111111110802 ] ], [ [ 112.823111111110293, -7.309111111110802 ], [ 112.823111111110293, -7.309333333333024 ], [ 112.823333333332513, -7.309333333333024 ], [ 112.823333333332513, -7.309111111110802 ], [ 112.823111111110293, -7.309111111110802 ] ], [ [ 112.83822222222139, -7.309111111110802 ], [ 112.83822222222139, -7.309333333333024 ], [ 112.83844444444361, -7.309333333333024 ], [ 112.83844444444361, -7.309111111110802 ], [ 112.83822222222139, -7.309111111110802 ] ], [ [ 112.83911111111027, -7.309111111110802 ], [ 112.83911111111027, -7.309333333333024 ], [ 112.839555555554711, -7.309333333333024 ], [ 112.839555555554711, -7.309111111110802 ], [ 112.83911111111027, -7.309111111110802 ] ], [ [ 112.83288888888805, -7.309333333333024 ], [ 112.83288888888805, -7.309555555555246 ], [ 112.833111111110284, -7.309555555555246 ], [ 112.833111111110284, -7.309777777777468 ], [ 112.833333333332504, -7.309777777777468 ], [ 112.833333333332504, -7.309333333333024 ], [ 112.83288888888805, -7.309333333333024 ] ], [ [ 112.83844444444361, -7.309333333333024 ], [ 112.83844444444361, -7.309555555555246 ], [ 112.83911111111027, -7.309555555555246 ], [ 112.83911111111027, -7.309333333333024 ], [ 112.83844444444361, -7.309333333333024 ] ], [ [ 112.816666666665853, -7.310666666666356 ], [ 112.816666666665853, -7.310888888888578 ], [ 112.816888888888073, -7.310888888888578 ], [ 112.816888888888073, -7.310666666666356 ], [ 112.816666666665853, -7.310666666666356 ] ], [ [ 112.823999999999174, -7.310666666666356 ], [ 112.823999999999174, -7.3111111111108 ], [ 112.824222222221394, -7.3111111111108 ], [ 112.824222222221394, -7.310666666666356 ], [ 112.823999999999174, -7.310666666666356 ] ], [ [ 112.817111111110293, -7.3111111111108 ], [ 112.817111111110293, -7.311333333333022 ], [ 112.817333333332513, -7.311333333333022 ], [ 112.817333333332513, -7.3111111111108 ], [ 112.817111111110293, -7.3111111111108 ] ], [ [ 112.821333333332518, -7.311333333333022 ], [ 112.821333333332518, -7.311555555555244 ], [ 112.821777777776958, -7.311555555555244 ], [ 112.821777777776958, -7.311333333333022 ], [ 112.821333333332518, -7.311333333333022 ] ], [ [ 112.817555555554733, -7.312888888888576 ], [ 112.817555555554733, -7.313111111110798 ], [ 112.817333333332513, -7.313111111110798 ], [ 112.817333333332513, -7.31333333333302 ], [ 112.817555555554733, -7.31333333333302 ], [ 112.817555555554733, -7.313555555555242 ], [ 112.817777777776953, -7.313555555555242 ], [ 112.817777777776953, -7.31333333333302 ], [ 112.817999999999188, -7.31333333333302 ], [ 112.817999999999188, -7.313111111110798 ], [ 112.818666666665848, -7.313111111110798 ], [ 112.818666666665848, -7.312888888888576 ], [ 112.817555555554733, -7.312888888888576 ] ], [ [ 112.826666666665844, -7.312888888888576 ], [ 112.826666666665844, -7.313111111110798 ], [ 112.826888888888064, -7.313111111110798 ], [ 112.826888888888064, -7.312888888888576 ], [ 112.826666666665844, -7.312888888888576 ] ], [ [ 112.826666666665844, -7.313555555555242 ], [ 112.826666666665844, -7.313777777777464 ], [ 112.826888888888064, -7.313777777777464 ], [ 112.826888888888064, -7.313555555555242 ], [ 112.826666666665844, -7.313555555555242 ] ] ] } }
]
}
